ISO-10303-21;
HEADER;
/* Generated by software containing ST-Developer
 * from STEP Tools, Inc. (www.steptools.com) 
 */

FILE_DESCRIPTION(
/* description */ (''),
/* implementation_level */ '2;1');

FILE_NAME(
/* name */ 'Reaction_wheels_assembly.step',
/* time_stamp */ '2026-07-31T20:23:11+05:30',
/* author */ (''),
/* organization */ (''),
/* preprocessor_version */ 'ST-DEVELOPER v20.1',
/* originating_system */ 'Autodesk Translation Framework v15.8.0.0',
/* authorisation */ '');

FILE_SCHEMA (('AUTOMOTIVE_DESIGN { 1 0 10303 214 3 1 1 }'));
ENDSEC;

DATA;
#10=MECHANICAL_DESIGN_GEOMETRIC_PRESENTATION_REPRESENTATION('',(#87,#88,
#89,#90,#91),#8555);
#11=ITEM_DEFINED_TRANSFORMATION($,$,#4650,#4930);
#12=ITEM_DEFINED_TRANSFORMATION($,$,#4717,#4931);
#13=ITEM_DEFINED_TRANSFORMATION($,$,#4672,#4932);
#14=ITEM_DEFINED_TRANSFORMATION($,$,#4358,#4933);
#15=ITEM_DEFINED_TRANSFORMATION($,$,#4672,#4934);
#16=ITEM_DEFINED_TRANSFORMATION($,$,#4717,#4935);
#17=ITEM_DEFINED_TRANSFORMATION($,$,#4650,#4936);
#18=ITEM_DEFINED_TRANSFORMATION($,$,#4650,#4937);
#19=ITEM_DEFINED_TRANSFORMATION($,$,#4672,#4938);
#20=ITEM_DEFINED_TRANSFORMATION($,$,#4717,#4939);
#21=ITEM_DEFINED_TRANSFORMATION($,$,#4750,#4940);
#22=(
REPRESENTATION_RELATIONSHIP($,$,#8585,#8583)
REPRESENTATION_RELATIONSHIP_WITH_TRANSFORMATION(#11)
SHAPE_REPRESENTATION_RELATIONSHIP()
);
#23=(
REPRESENTATION_RELATIONSHIP($,$,#8587,#8583)
REPRESENTATION_RELATIONSHIP_WITH_TRANSFORMATION(#12)
SHAPE_REPRESENTATION_RELATIONSHIP()
);
#24=(
REPRESENTATION_RELATIONSHIP($,$,#8586,#8583)
REPRESENTATION_RELATIONSHIP_WITH_TRANSFORMATION(#13)
SHAPE_REPRESENTATION_RELATIONSHIP()
);
#25=(
REPRESENTATION_RELATIONSHIP($,$,#8584,#8583)
REPRESENTATION_RELATIONSHIP_WITH_TRANSFORMATION(#14)
SHAPE_REPRESENTATION_RELATIONSHIP()
);
#26=(
REPRESENTATION_RELATIONSHIP($,$,#8586,#8583)
REPRESENTATION_RELATIONSHIP_WITH_TRANSFORMATION(#15)
SHAPE_REPRESENTATION_RELATIONSHIP()
);
#27=(
REPRESENTATION_RELATIONSHIP($,$,#8587,#8583)
REPRESENTATION_RELATIONSHIP_WITH_TRANSFORMATION(#16)
SHAPE_REPRESENTATION_RELATIONSHIP()
);
#28=(
REPRESENTATION_RELATIONSHIP($,$,#8585,#8583)
REPRESENTATION_RELATIONSHIP_WITH_TRANSFORMATION(#17)
SHAPE_REPRESENTATION_RELATIONSHIP()
);
#29=(
REPRESENTATION_RELATIONSHIP($,$,#8585,#8583)
REPRESENTATION_RELATIONSHIP_WITH_TRANSFORMATION(#18)
SHAPE_REPRESENTATION_RELATIONSHIP()
);
#30=(
REPRESENTATION_RELATIONSHIP($,$,#8586,#8583)
REPRESENTATION_RELATIONSHIP_WITH_TRANSFORMATION(#19)
SHAPE_REPRESENTATION_RELATIONSHIP()
);
#31=(
REPRESENTATION_RELATIONSHIP($,$,#8587,#8583)
REPRESENTATION_RELATIONSHIP_WITH_TRANSFORMATION(#20)
SHAPE_REPRESENTATION_RELATIONSHIP()
);
#32=(
REPRESENTATION_RELATIONSHIP($,$,#8588,#8583)
REPRESENTATION_RELATIONSHIP_WITH_TRANSFORMATION(#21)
SHAPE_REPRESENTATION_RELATIONSHIP()
);
#33=CONTEXT_DEPENDENT_SHAPE_REPRESENTATION(#22,#8572);
#34=CONTEXT_DEPENDENT_SHAPE_REPRESENTATION(#23,#8573);
#35=CONTEXT_DEPENDENT_SHAPE_REPRESENTATION(#24,#8574);
#36=CONTEXT_DEPENDENT_SHAPE_REPRESENTATION(#25,#8575);
#37=CONTEXT_DEPENDENT_SHAPE_REPRESENTATION(#26,#8576);
#38=CONTEXT_DEPENDENT_SHAPE_REPRESENTATION(#27,#8577);
#39=CONTEXT_DEPENDENT_SHAPE_REPRESENTATION(#28,#8578);
#40=CONTEXT_DEPENDENT_SHAPE_REPRESENTATION(#29,#8579);
#41=CONTEXT_DEPENDENT_SHAPE_REPRESENTATION(#30,#8580);
#42=CONTEXT_DEPENDENT_SHAPE_REPRESENTATION(#31,#8581);
#43=CONTEXT_DEPENDENT_SHAPE_REPRESENTATION(#32,#8582);
#44=NEXT_ASSEMBLY_USAGE_OCCURRENCE('motor:1','motor:1','motor:1',#8590,
#8592,'motor:1');
#45=NEXT_ASSEMBLY_USAGE_OCCURRENCE('flywheel:2','flywheel:2',
'flywheel:2',#8590,#8594,'flywheel:2');
#46=NEXT_ASSEMBLY_USAGE_OCCURRENCE('motor housing:2','motor housing:2',
'motor housing:2',#8590,#8593,'motor housing:2');
#47=NEXT_ASSEMBLY_USAGE_OCCURRENCE('Three_axis_housing:1',
'Three_axis_housing:1','Three_axis_housing:1',#8590,#8591,
'Three_axis_housing:1');
#48=NEXT_ASSEMBLY_USAGE_OCCURRENCE('motor housing:3','motor housing:3',
'motor housing:3',#8590,#8593,'motor housing:3');
#49=NEXT_ASSEMBLY_USAGE_OCCURRENCE('flywheel:3','flywheel:3',
'flywheel:3',#8590,#8594,'flywheel:3');
#50=NEXT_ASSEMBLY_USAGE_OCCURRENCE('motor:2','motor:2','motor:2',#8590,
#8592,'motor:2');
#51=NEXT_ASSEMBLY_USAGE_OCCURRENCE('motor:3','motor:3','motor:3',#8590,
#8592,'motor:3');
#52=NEXT_ASSEMBLY_USAGE_OCCURRENCE('motor housing:4','motor housing:4',
'motor housing:4',#8590,#8593,'motor housing:4');
#53=NEXT_ASSEMBLY_USAGE_OCCURRENCE('flywheel:4','flywheel:4',
'flywheel:4',#8590,#8594,'flywheel:4');
#54=NEXT_ASSEMBLY_USAGE_OCCURRENCE('PLATE:1','PLATE:1','PLATE:1',#8590,
#8595,'PLATE:1');
#55=CONICAL_SURFACE('',#4689,6.375,0.785398163397448);
#56=CONICAL_SURFACE('',#4693,6.375,0.785398163397451);
#57=CONICAL_SURFACE('',#4718,0.536499775280937,0.785398295585132);
#58=CONICAL_SURFACE('',#4877,0.85,0.785398163397448);
#59=CONICAL_SURFACE('',#4881,0.835355339059327,0.392699081698713);
#60=CONICAL_SURFACE('',#4886,0.85,0.785398163397438);
#61=CONICAL_SURFACE('',#4887,0.85,0.785398163397437);
#62=CONICAL_SURFACE('',#4888,1.25,0.785398163397448);
#63=CONICAL_SURFACE('',#4892,1.25,0.785398163397448);
#64=CONICAL_SURFACE('',#4896,1.25,0.785398163397437);
#65=CONICAL_SURFACE('',#4900,1.25,0.785398163397437);
#66=CONICAL_SURFACE('',#4904,1.25,0.785398163397437);
#67=CONICAL_SURFACE('',#4908,1.25,0.785398163397437);
#68=CONICAL_SURFACE('',#4912,1.25,0.785398163397449);
#69=CONICAL_SURFACE('',#4916,1.25,0.785398163397448);
#70=CONICAL_SURFACE('',#4917,1.25,0.785398163397438);
#71=CONICAL_SURFACE('',#4918,1.25,0.785398163397438);
#72=CONICAL_SURFACE('',#4919,0.85,0.785398163397449);
#73=CONICAL_SURFACE('',#4920,1.25,0.785398163397449);
#74=CONICAL_SURFACE('',#4921,1.25,0.785398163397438);
#75=CONICAL_SURFACE('',#4922,1.25,0.785398163397438);
#76=CONICAL_SURFACE('',#4923,1.25,0.785398163397449);
#77=SHAPE_REPRESENTATION_RELATIONSHIP('SRR','None',#8584,#82);
#78=SHAPE_REPRESENTATION_RELATIONSHIP('SRR','None',#8585,#83);
#79=SHAPE_REPRESENTATION_RELATIONSHIP('SRR','None',#8586,#84);
#80=SHAPE_REPRESENTATION_RELATIONSHIP('SRR','None',#8587,#85);
#81=SHAPE_REPRESENTATION_RELATIONSHIP('SRR','None',#8588,#86);
#82=ADVANCED_BREP_SHAPE_REPRESENTATION('',(#92),#8550);
#83=ADVANCED_BREP_SHAPE_REPRESENTATION('',(#93),#8551);
#84=ADVANCED_BREP_SHAPE_REPRESENTATION('',(#94),#8552);
#85=ADVANCED_BREP_SHAPE_REPRESENTATION('',(#95),#8553);
#86=ADVANCED_BREP_SHAPE_REPRESENTATION('',(#96),#8554);
#87=STYLED_ITEM('',(#8618),#92);
#88=STYLED_ITEM('',(#8617),#93);
#89=STYLED_ITEM('',(#8619),#94);
#90=STYLED_ITEM('',(#8620),#95);
#91=STYLED_ITEM('',(#8621),#96);
#92=MANIFOLD_SOLID_BREP('Body3',#4296);
#93=MANIFOLD_SOLID_BREP('Body1',#4297);
#94=MANIFOLD_SOLID_BREP('Body1',#4298);
#95=MANIFOLD_SOLID_BREP('Body3',#4299);
#96=MANIFOLD_SOLID_BREP('Body1',#4300);
#97=B_SPLINE_SURFACE_WITH_KNOTS('',3,3,((#6795,#6796,#6797,#6798,#6799),
(#6800,#6801,#6802,#6803,#6804),(#6805,#6806,#6807,#6808,#6809),(#6810,
#6811,#6812,#6813,#6814),(#6815,#6816,#6817,#6818,#6819)),.UNSPECIFIED.,
 .F.,.F.,.F.,(4,1,4),(4,1,4),(0.,0.5,1.),(-1.5707963267949,-0.673198425769242,
0.),.UNSPECIFIED.);
#98=B_SPLINE_SURFACE_WITH_KNOTS('',3,3,((#7247,#7248,#7249,#7250,#7251),
(#7252,#7253,#7254,#7255,#7256),(#7257,#7258,#7259,#7260,#7261),(#7262,
#7263,#7264,#7265,#7266),(#7267,#7268,#7269,#7270,#7271)),.UNSPECIFIED.,
 .F.,.F.,.F.,(4,1,4),(4,1,4),(0.,0.571428571428571,1.),(0.,0.162329174591087,
0.378768074045871),.UNSPECIFIED.);
#99=B_SPLINE_SURFACE_WITH_KNOTS('',3,3,((#7283,#7284,#7285,#7286),(#7287,
#7288,#7289,#7290),(#7291,#7292,#7293,#7294),(#7295,#7296,#7297,#7298),
(#7299,#7300,#7301,#7302)),.UNSPECIFIED.,.F.,.F.,.F.,(4,1,4),(4,4),(0.,
0.571428571428571,1.),(0.,0.17318876972681),.UNSPECIFIED.);
#100=B_SPLINE_SURFACE_WITH_KNOTS('',3,3,((#7340,#7341,#7342,#7343,#7344,
#7345,#7346,#7347,#7348,#7349,#7350,#7351,#7352),(#7353,#7354,#7355,#7356,
#7357,#7358,#7359,#7360,#7361,#7362,#7363,#7364,#7365),(#7366,#7367,#7368,
#7369,#7370,#7371,#7372,#7373,#7374,#7375,#7376,#7377,#7378),(#7379,#7380,
#7381,#7382,#7383,#7384,#7385,#7386,#7387,#7388,#7389,#7390,#7391),(#7392,
#7393,#7394,#7395,#7396,#7397,#7398,#7399,#7400,#7401,#7402,#7403,#7404)),
 .UNSPECIFIED.,.F.,.F.,.F.,(4,1,4),(4,1,1,1,1,1,1,1,1,1,4),(0.,0.571428571428571,
1.),(6.47197379266701,6.88285364917299,7.29373350567897,7.70461336218495,
8.11549321869093,8.32093314694393,8.52637307519691,8.7318130034499,8.9372529317029,
9.14269285995589,9.34813278820888),.UNSPECIFIED.);
#101=B_SPLINE_SURFACE_WITH_KNOTS('',3,3,((#7538,#7539,#7540,#7541,#7542),
(#7543,#7544,#7545,#7546,#7547),(#7548,#7549,#7550,#7551,#7552),(#7553,
#7554,#7555,#7556,#7557),(#7558,#7559,#7560,#7561,#7562)),.UNSPECIFIED.,
 .F.,.F.,.F.,(4,1,4),(4,1,4),(0.,0.571428571428571,1.),(0.,0.162329174039375,
0.378768072758541),.UNSPECIFIED.);
#102=B_SPLINE_SURFACE_WITH_KNOTS('',3,3,((#7570,#7571,#7572,#7573),(#7574,
#7575,#7576,#7577),(#7578,#7579,#7580,#7581),(#7582,#7583,#7584,#7585),
(#7586,#7587,#7588,#7589)),.UNSPECIFIED.,.F.,.F.,.F.,(4,1,4),(4,4),(0.,
0.571428571428571,1.),(-3.85946433114108E-16,0.173189355850756),
 .UNSPECIFIED.);
#103=B_SPLINE_SURFACE_WITH_KNOTS('',3,3,((#7726,#7727,#7728,#7729,#7730,
#7731,#7732,#7733,#7734,#7735,#7736,#7737,#7738),(#7739,#7740,#7741,#7742,
#7743,#7744,#7745,#7746,#7747,#7748,#7749,#7750,#7751),(#7752,#7753,#7754,
#7755,#7756,#7757,#7758,#7759,#7760,#7761,#7762,#7763,#7764),(#7765,#7766,
#7767,#7768,#7769,#7770,#7771,#7772,#7773,#7774,#7775,#7776,#7777),(#7778,
#7779,#7780,#7781,#7782,#7783,#7784,#7785,#7786,#7787,#7788,#7789,#7790)),
 .UNSPECIFIED.,.F.,.F.,.F.,(4,1,4),(4,1,1,1,1,1,1,1,1,1,4),(0.,0.571428571428571,
1.),(3.59581478934554,3.80125471815911,4.00669464697267,4.21213457578625,
4.41757450459982,4.62301443341338,4.82845436222695,5.23933421985409,5.65021407748123,
6.06109393510837,6.47197379273551),.UNSPECIFIED.);
#104=B_SPLINE_SURFACE_WITH_KNOTS('',3,3,((#7792,#7793,#7794,#7795),(#7796,
#7797,#7798,#7799),(#7800,#7801,#7802,#7803),(#7804,#7805,#7806,#7807),
(#7808,#7809,#7810,#7811)),.UNSPECIFIED.,.F.,.F.,.F.,(4,1,4),(4,4),(0.,
0.5,1.),(0.,0.0802861842796237),.UNSPECIFIED.);
#105=B_SPLINE_SURFACE_WITH_KNOTS('',3,3,((#7816,#7817,#7818,#7819,#7820,
#7821),(#7822,#7823,#7824,#7825,#7826,#7827),(#7828,#7829,#7830,#7831,#7832,
#7833),(#7834,#7835,#7836,#7837,#7838,#7839),(#7840,#7841,#7842,#7843,#7844,
#7845)),.UNSPECIFIED.,.F.,.F.,.F.,(4,1,4),(4,1,1,4),(0.,0.571428571428571,
1.),(-1.22944734053746E-16,0.424497624385624,0.707496040642707,0.99049445689979),
 .UNSPECIFIED.);
#106=SPHERICAL_SURFACE('',#4404,0.5);
#107=SPHERICAL_SURFACE('',#4406,0.5);
#108=SPHERICAL_SURFACE('',#4451,0.5);
#109=SPHERICAL_SURFACE('',#4460,0.5);
#110=SPHERICAL_SURFACE('',#4495,1.);
#111=SPHERICAL_SURFACE('',#4513,1.);
#112=SPHERICAL_SURFACE('',#4526,1.);
#113=SPHERICAL_SURFACE('',#4538,1.);
#114=SPHERICAL_SURFACE('',#4552,0.5);
#115=FACE_BOUND('',#540,.T.);
#116=FACE_BOUND('',#556,.T.);
#117=FACE_BOUND('',#558,.T.);
#118=FACE_BOUND('',#559,.T.);
#119=FACE_BOUND('',#560,.T.);
#120=FACE_BOUND('',#561,.T.);
#121=FACE_BOUND('',#562,.T.);
#122=FACE_BOUND('',#564,.T.);
#123=FACE_BOUND('',#585,.T.);
#124=FACE_BOUND('',#696,.T.);
#125=FACE_BOUND('',#699,.T.);
#126=FACE_BOUND('',#702,.T.);
#127=FACE_BOUND('',#705,.T.);
#128=FACE_BOUND('',#708,.T.);
#129=FACE_BOUND('',#710,.T.);
#130=FACE_BOUND('',#711,.T.);
#131=FACE_BOUND('',#716,.T.);
#132=FACE_BOUND('',#719,.T.);
#133=FACE_BOUND('',#720,.T.);
#134=FACE_BOUND('',#722,.T.);
#135=FACE_BOUND('',#725,.T.);
#136=FACE_BOUND('',#731,.T.);
#137=FACE_BOUND('',#735,.T.);
#138=FACE_BOUND('',#739,.T.);
#139=FACE_BOUND('',#746,.T.);
#140=FACE_BOUND('',#748,.T.);
#141=FACE_BOUND('',#751,.T.);
#142=FACE_BOUND('',#777,.T.);
#143=FACE_BOUND('',#778,.T.);
#144=FACE_BOUND('',#779,.T.);
#145=FACE_BOUND('',#780,.T.);
#146=FACE_BOUND('',#781,.T.);
#147=FACE_BOUND('',#782,.T.);
#148=FACE_BOUND('',#783,.T.);
#149=FACE_BOUND('',#784,.T.);
#150=FACE_BOUND('',#785,.T.);
#151=FACE_BOUND('',#805,.T.);
#152=FACE_BOUND('',#806,.T.);
#153=FACE_BOUND('',#807,.T.);
#154=FACE_BOUND('',#808,.T.);
#155=FACE_BOUND('',#809,.T.);
#156=FACE_BOUND('',#810,.T.);
#157=FACE_BOUND('',#811,.T.);
#158=FACE_BOUND('',#812,.T.);
#159=FACE_BOUND('',#813,.T.);
#160=PLANE('',#4369);
#161=PLANE('',#4410);
#162=PLANE('',#4418);
#163=PLANE('',#4432);
#164=PLANE('',#4462);
#165=PLANE('',#4465);
#166=PLANE('',#4467);
#167=PLANE('',#4471);
#168=PLANE('',#4474);
#169=PLANE('',#4479);
#170=PLANE('',#4484);
#171=PLANE('',#4488);
#172=PLANE('',#4497);
#173=PLANE('',#4507);
#174=PLANE('',#4519);
#175=PLANE('',#4528);
#176=PLANE('',#4531);
#177=PLANE('',#4539);
#178=PLANE('',#4561);
#179=PLANE('',#4564);
#180=PLANE('',#4565);
#181=PLANE('',#4566);
#182=PLANE('',#4567);
#183=PLANE('',#4568);
#184=PLANE('',#4569);
#185=PLANE('',#4570);
#186=PLANE('',#4571);
#187=PLANE('',#4572);
#188=PLANE('',#4576);
#189=PLANE('',#4579);
#190=PLANE('',#4580);
#191=PLANE('',#4584);
#192=PLANE('',#4593);
#193=PLANE('',#4596);
#194=PLANE('',#4608);
#195=PLANE('',#4611);
#196=PLANE('',#4614);
#197=PLANE('',#4615);
#198=PLANE('',#4616);
#199=PLANE('',#4617);
#200=PLANE('',#4620);
#201=PLANE('',#4623);
#202=PLANE('',#4626);
#203=PLANE('',#4646);
#204=PLANE('',#4647);
#205=PLANE('',#4648);
#206=PLANE('',#4649);
#207=PLANE('',#4654);
#208=PLANE('',#4655);
#209=PLANE('',#4659);
#210=PLANE('',#4663);
#211=PLANE('',#4667);
#212=PLANE('',#4671);
#213=PLANE('',#4678);
#214=PLANE('',#4691);
#215=PLANE('',#4700);
#216=PLANE('',#4705);
#217=PLANE('',#4715);
#218=PLANE('',#4722);
#219=PLANE('',#4730);
#220=PLANE('',#4745);
#221=PLANE('',#4746);
#222=PLANE('',#4749);
#223=PLANE('',#4801);
#224=PLANE('',#4804);
#225=PLANE('',#4807);
#226=PLANE('',#4810);
#227=PLANE('',#4811);
#228=PLANE('',#4865);
#229=PLANE('',#4867);
#230=PLANE('',#4925);
#231=PLANE('',#4927);
#232=PLANE('',#4928);
#233=TOROIDAL_SURFACE('',#4366,6.3,0.1);
#234=TOROIDAL_SURFACE('',#4376,2.5,0.5);
#235=TOROIDAL_SURFACE('',#4380,8.2,0.5);
#236=TOROIDAL_SURFACE('',#4383,2.5,0.5);
#237=TOROIDAL_SURFACE('',#4386,2.5,0.5);
#238=TOROIDAL_SURFACE('',#4395,10.5,0.5);
#239=TOROIDAL_SURFACE('',#4434,2.5,0.5);
#240=TOROIDAL_SURFACE('',#4439,2.5,0.5);
#241=TOROIDAL_SURFACE('',#4443,2.5,0.5);
#242=TOROIDAL_SURFACE('',#4456,2.5,0.5);
#243=TOROIDAL_SURFACE('',#4480,10.5,0.5);
#244=TOROIDAL_SURFACE('',#4547,7.2,1.);
#245=TOROIDAL_SURFACE('',#4555,7757.53392341635,1.);
#246=TOROIDAL_SURFACE('',#4627,8.,3.);
#247=TOROIDAL_SURFACE('',#4635,8.,3.);
#248=TOROIDAL_SURFACE('',#4673,5.3,0.25);
#249=TOROIDAL_SURFACE('',#4682,6.,0.25);
#250=TOROIDAL_SURFACE('',#4702,6.,0.25);
#251=TOROIDAL_SURFACE('',#4707,4.,0.25);
#252=TOROIDAL_SURFACE('',#4726,10.3999998678123,0.1);
#253=TOROIDAL_SURFACE('',#4734,8.5999997488434,0.1);
#254=TOROIDAL_SURFACE('',#4739,2.0999997488434,0.1);
#255=TOROIDAL_SURFACE('',#4754,1.10000000000001,0.1);
#256=TOROIDAL_SURFACE('',#4760,0.4,0.1);
#257=TOROIDAL_SURFACE('',#4766,0.4,0.1);
#258=TOROIDAL_SURFACE('',#4772,0.4,0.1);
#259=TOROIDAL_SURFACE('',#4778,2.09999999999999,0.1);
#260=TOROIDAL_SURFACE('',#4784,0.4,0.1);
#261=TOROIDAL_SURFACE('',#4790,0.4,0.1);
#262=TOROIDAL_SURFACE('',#4796,0.4,0.1);
#263=TOROIDAL_SURFACE('',#4821,0.4,0.1);
#264=TOROIDAL_SURFACE('',#4828,0.4,0.1);
#265=TOROIDAL_SURFACE('',#4834,0.4,0.1);
#266=TOROIDAL_SURFACE('',#4840,1.10000000000001,0.1);
#267=TOROIDAL_SURFACE('',#4846,0.4,0.1);
#268=TOROIDAL_SURFACE('',#4851,0.4,0.1);
#269=TOROIDAL_SURFACE('',#4856,0.4,0.1);
#270=TOROIDAL_SURFACE('',#4861,2.09999999999999,0.1);
#271=FACE_OUTER_BOUND('',#537,.T.);
#272=FACE_OUTER_BOUND('',#538,.T.);
#273=FACE_OUTER_BOUND('',#539,.T.);
#274=FACE_OUTER_BOUND('',#541,.T.);
#275=FACE_OUTER_BOUND('',#542,.T.);
#276=FACE_OUTER_BOUND('',#543,.T.);
#277=FACE_OUTER_BOUND('',#544,.T.);
#278=FACE_OUTER_BOUND('',#545,.T.);
#279=FACE_OUTER_BOUND('',#546,.T.);
#280=FACE_OUTER_BOUND('',#547,.T.);
#281=FACE_OUTER_BOUND('',#548,.T.);
#282=FACE_OUTER_BOUND('',#549,.T.);
#283=FACE_OUTER_BOUND('',#550,.T.);
#284=FACE_OUTER_BOUND('',#551,.T.);
#285=FACE_OUTER_BOUND('',#552,.T.);
#286=FACE_OUTER_BOUND('',#553,.T.);
#287=FACE_OUTER_BOUND('',#554,.T.);
#288=FACE_OUTER_BOUND('',#555,.T.);
#289=FACE_OUTER_BOUND('',#557,.T.);
#290=FACE_OUTER_BOUND('',#563,.T.);
#291=FACE_OUTER_BOUND('',#565,.T.);
#292=FACE_OUTER_BOUND('',#566,.T.);
#293=FACE_OUTER_BOUND('',#567,.T.);
#294=FACE_OUTER_BOUND('',#568,.T.);
#295=FACE_OUTER_BOUND('',#569,.T.);
#296=FACE_OUTER_BOUND('',#570,.T.);
#297=FACE_OUTER_BOUND('',#571,.T.);
#298=FACE_OUTER_BOUND('',#572,.T.);
#299=FACE_OUTER_BOUND('',#573,.T.);
#300=FACE_OUTER_BOUND('',#574,.T.);
#301=FACE_OUTER_BOUND('',#575,.T.);
#302=FACE_OUTER_BOUND('',#576,.T.);
#303=FACE_OUTER_BOUND('',#577,.T.);
#304=FACE_OUTER_BOUND('',#578,.T.);
#305=FACE_OUTER_BOUND('',#579,.T.);
#306=FACE_OUTER_BOUND('',#580,.T.);
#307=FACE_OUTER_BOUND('',#581,.T.);
#308=FACE_OUTER_BOUND('',#582,.T.);
#309=FACE_OUTER_BOUND('',#583,.T.);
#310=FACE_OUTER_BOUND('',#584,.T.);
#311=FACE_OUTER_BOUND('',#586,.T.);
#312=FACE_OUTER_BOUND('',#587,.T.);
#313=FACE_OUTER_BOUND('',#588,.T.);
#314=FACE_OUTER_BOUND('',#589,.T.);
#315=FACE_OUTER_BOUND('',#590,.T.);
#316=FACE_OUTER_BOUND('',#591,.T.);
#317=FACE_OUTER_BOUND('',#592,.T.);
#318=FACE_OUTER_BOUND('',#593,.T.);
#319=FACE_OUTER_BOUND('',#594,.T.);
#320=FACE_OUTER_BOUND('',#595,.T.);
#321=FACE_OUTER_BOUND('',#596,.T.);
#322=FACE_OUTER_BOUND('',#597,.T.);
#323=FACE_OUTER_BOUND('',#598,.T.);
#324=FACE_OUTER_BOUND('',#599,.T.);
#325=FACE_OUTER_BOUND('',#600,.T.);
#326=FACE_OUTER_BOUND('',#601,.T.);
#327=FACE_OUTER_BOUND('',#602,.T.);
#328=FACE_OUTER_BOUND('',#603,.T.);
#329=FACE_OUTER_BOUND('',#604,.T.);
#330=FACE_OUTER_BOUND('',#605,.T.);
#331=FACE_OUTER_BOUND('',#606,.T.);
#332=FACE_OUTER_BOUND('',#607,.T.);
#333=FACE_OUTER_BOUND('',#608,.T.);
#334=FACE_OUTER_BOUND('',#609,.T.);
#335=FACE_OUTER_BOUND('',#610,.T.);
#336=FACE_OUTER_BOUND('',#611,.T.);
#337=FACE_OUTER_BOUND('',#612,.T.);
#338=FACE_OUTER_BOUND('',#613,.T.);
#339=FACE_OUTER_BOUND('',#614,.T.);
#340=FACE_OUTER_BOUND('',#615,.T.);
#341=FACE_OUTER_BOUND('',#616,.T.);
#342=FACE_OUTER_BOUND('',#617,.T.);
#343=FACE_OUTER_BOUND('',#618,.T.);
#344=FACE_OUTER_BOUND('',#619,.T.);
#345=FACE_OUTER_BOUND('',#620,.T.);
#346=FACE_OUTER_BOUND('',#621,.T.);
#347=FACE_OUTER_BOUND('',#622,.T.);
#348=FACE_OUTER_BOUND('',#623,.T.);
#349=FACE_OUTER_BOUND('',#624,.T.);
#350=FACE_OUTER_BOUND('',#625,.T.);
#351=FACE_OUTER_BOUND('',#626,.T.);
#352=FACE_OUTER_BOUND('',#627,.T.);
#353=FACE_OUTER_BOUND('',#628,.T.);
#354=FACE_OUTER_BOUND('',#629,.T.);
#355=FACE_OUTER_BOUND('',#630,.T.);
#356=FACE_OUTER_BOUND('',#631,.T.);
#357=FACE_OUTER_BOUND('',#632,.T.);
#358=FACE_OUTER_BOUND('',#633,.T.);
#359=FACE_OUTER_BOUND('',#634,.T.);
#360=FACE_OUTER_BOUND('',#635,.T.);
#361=FACE_OUTER_BOUND('',#636,.T.);
#362=FACE_OUTER_BOUND('',#637,.T.);
#363=FACE_OUTER_BOUND('',#638,.T.);
#364=FACE_OUTER_BOUND('',#639,.T.);
#365=FACE_OUTER_BOUND('',#640,.T.);
#366=FACE_OUTER_BOUND('',#641,.T.);
#367=FACE_OUTER_BOUND('',#642,.T.);
#368=FACE_OUTER_BOUND('',#643,.T.);
#369=FACE_OUTER_BOUND('',#644,.T.);
#370=FACE_OUTER_BOUND('',#645,.T.);
#371=FACE_OUTER_BOUND('',#646,.T.);
#372=FACE_OUTER_BOUND('',#647,.T.);
#373=FACE_OUTER_BOUND('',#648,.T.);
#374=FACE_OUTER_BOUND('',#649,.T.);
#375=FACE_OUTER_BOUND('',#650,.T.);
#376=FACE_OUTER_BOUND('',#651,.T.);
#377=FACE_OUTER_BOUND('',#652,.T.);
#378=FACE_OUTER_BOUND('',#653,.T.);
#379=FACE_OUTER_BOUND('',#654,.T.);
#380=FACE_OUTER_BOUND('',#655,.T.);
#381=FACE_OUTER_BOUND('',#656,.T.);
#382=FACE_OUTER_BOUND('',#657,.T.);
#383=FACE_OUTER_BOUND('',#658,.T.);
#384=FACE_OUTER_BOUND('',#659,.T.);
#385=FACE_OUTER_BOUND('',#660,.T.);
#386=FACE_OUTER_BOUND('',#661,.T.);
#387=FACE_OUTER_BOUND('',#662,.T.);
#388=FACE_OUTER_BOUND('',#663,.T.);
#389=FACE_OUTER_BOUND('',#664,.T.);
#390=FACE_OUTER_BOUND('',#665,.T.);
#391=FACE_OUTER_BOUND('',#666,.T.);
#392=FACE_OUTER_BOUND('',#667,.T.);
#393=FACE_OUTER_BOUND('',#668,.T.);
#394=FACE_OUTER_BOUND('',#669,.T.);
#395=FACE_OUTER_BOUND('',#670,.T.);
#396=FACE_OUTER_BOUND('',#671,.T.);
#397=FACE_OUTER_BOUND('',#672,.T.);
#398=FACE_OUTER_BOUND('',#673,.T.);
#399=FACE_OUTER_BOUND('',#674,.T.);
#400=FACE_OUTER_BOUND('',#675,.T.);
#401=FACE_OUTER_BOUND('',#676,.T.);
#402=FACE_OUTER_BOUND('',#677,.T.);
#403=FACE_OUTER_BOUND('',#678,.T.);
#404=FACE_OUTER_BOUND('',#679,.T.);
#405=FACE_OUTER_BOUND('',#680,.T.);
#406=FACE_OUTER_BOUND('',#681,.T.);
#407=FACE_OUTER_BOUND('',#682,.T.);
#408=FACE_OUTER_BOUND('',#683,.T.);
#409=FACE_OUTER_BOUND('',#684,.T.);
#410=FACE_OUTER_BOUND('',#685,.T.);
#411=FACE_OUTER_BOUND('',#686,.T.);
#412=FACE_OUTER_BOUND('',#687,.T.);
#413=FACE_OUTER_BOUND('',#688,.T.);
#414=FACE_OUTER_BOUND('',#689,.T.);
#415=FACE_OUTER_BOUND('',#690,.T.);
#416=FACE_OUTER_BOUND('',#691,.T.);
#417=FACE_OUTER_BOUND('',#692,.T.);
#418=FACE_OUTER_BOUND('',#693,.T.);
#419=FACE_OUTER_BOUND('',#694,.T.);
#420=FACE_OUTER_BOUND('',#695,.T.);
#421=FACE_OUTER_BOUND('',#697,.T.);
#422=FACE_OUTER_BOUND('',#698,.T.);
#423=FACE_OUTER_BOUND('',#700,.T.);
#424=FACE_OUTER_BOUND('',#701,.T.);
#425=FACE_OUTER_BOUND('',#703,.T.);
#426=FACE_OUTER_BOUND('',#704,.T.);
#427=FACE_OUTER_BOUND('',#706,.T.);
#428=FACE_OUTER_BOUND('',#707,.T.);
#429=FACE_OUTER_BOUND('',#709,.T.);
#430=FACE_OUTER_BOUND('',#712,.T.);
#431=FACE_OUTER_BOUND('',#713,.T.);
#432=FACE_OUTER_BOUND('',#714,.T.);
#433=FACE_OUTER_BOUND('',#715,.T.);
#434=FACE_OUTER_BOUND('',#717,.T.);
#435=FACE_OUTER_BOUND('',#718,.T.);
#436=FACE_OUTER_BOUND('',#721,.T.);
#437=FACE_OUTER_BOUND('',#723,.T.);
#438=FACE_OUTER_BOUND('',#724,.T.);
#439=FACE_OUTER_BOUND('',#726,.T.);
#440=FACE_OUTER_BOUND('',#727,.T.);
#441=FACE_OUTER_BOUND('',#728,.T.);
#442=FACE_OUTER_BOUND('',#729,.T.);
#443=FACE_OUTER_BOUND('',#730,.T.);
#444=FACE_OUTER_BOUND('',#732,.T.);
#445=FACE_OUTER_BOUND('',#733,.T.);
#446=FACE_OUTER_BOUND('',#734,.T.);
#447=FACE_OUTER_BOUND('',#736,.T.);
#448=FACE_OUTER_BOUND('',#737,.T.);
#449=FACE_OUTER_BOUND('',#738,.T.);
#450=FACE_OUTER_BOUND('',#740,.T.);
#451=FACE_OUTER_BOUND('',#741,.T.);
#452=FACE_OUTER_BOUND('',#742,.T.);
#453=FACE_OUTER_BOUND('',#743,.T.);
#454=FACE_OUTER_BOUND('',#744,.T.);
#455=FACE_OUTER_BOUND('',#745,.T.);
#456=FACE_OUTER_BOUND('',#747,.T.);
#457=FACE_OUTER_BOUND('',#749,.T.);
#458=FACE_OUTER_BOUND('',#750,.T.);
#459=FACE_OUTER_BOUND('',#752,.T.);
#460=FACE_OUTER_BOUND('',#753,.T.);
#461=FACE_OUTER_BOUND('',#754,.T.);
#462=FACE_OUTER_BOUND('',#755,.T.);
#463=FACE_OUTER_BOUND('',#756,.T.);
#464=FACE_OUTER_BOUND('',#757,.T.);
#465=FACE_OUTER_BOUND('',#758,.T.);
#466=FACE_OUTER_BOUND('',#759,.T.);
#467=FACE_OUTER_BOUND('',#760,.T.);
#468=FACE_OUTER_BOUND('',#761,.T.);
#469=FACE_OUTER_BOUND('',#762,.T.);
#470=FACE_OUTER_BOUND('',#763,.T.);
#471=FACE_OUTER_BOUND('',#764,.T.);
#472=FACE_OUTER_BOUND('',#765,.T.);
#473=FACE_OUTER_BOUND('',#766,.T.);
#474=FACE_OUTER_BOUND('',#767,.T.);
#475=FACE_OUTER_BOUND('',#768,.T.);
#476=FACE_OUTER_BOUND('',#769,.T.);
#477=FACE_OUTER_BOUND('',#770,.T.);
#478=FACE_OUTER_BOUND('',#771,.T.);
#479=FACE_OUTER_BOUND('',#772,.T.);
#480=FACE_OUTER_BOUND('',#773,.T.);
#481=FACE_OUTER_BOUND('',#774,.T.);
#482=FACE_OUTER_BOUND('',#775,.T.);
#483=FACE_OUTER_BOUND('',#776,.T.);
#484=FACE_OUTER_BOUND('',#786,.T.);
#485=FACE_OUTER_BOUND('',#787,.T.);
#486=FACE_OUTER_BOUND('',#788,.T.);
#487=FACE_OUTER_BOUND('',#789,.T.);
#488=FACE_OUTER_BOUND('',#790,.T.);
#489=FACE_OUTER_BOUND('',#791,.T.);
#490=FACE_OUTER_BOUND('',#792,.T.);
#491=FACE_OUTER_BOUND('',#793,.T.);
#492=FACE_OUTER_BOUND('',#794,.T.);
#493=FACE_OUTER_BOUND('',#795,.T.);
#494=FACE_OUTER_BOUND('',#796,.T.);
#495=FACE_OUTER_BOUND('',#797,.T.);
#496=FACE_OUTER_BOUND('',#798,.T.);
#497=FACE_OUTER_BOUND('',#799,.T.);
#498=FACE_OUTER_BOUND('',#800,.T.);
#499=FACE_OUTER_BOUND('',#801,.T.);
#500=FACE_OUTER_BOUND('',#802,.T.);
#501=FACE_OUTER_BOUND('',#803,.T.);
#502=FACE_OUTER_BOUND('',#804,.T.);
#503=FACE_OUTER_BOUND('',#814,.T.);
#504=FACE_OUTER_BOUND('',#815,.T.);
#505=FACE_OUTER_BOUND('',#816,.T.);
#506=FACE_OUTER_BOUND('',#817,.T.);
#507=FACE_OUTER_BOUND('',#818,.T.);
#508=FACE_OUTER_BOUND('',#819,.T.);
#509=FACE_OUTER_BOUND('',#820,.T.);
#510=FACE_OUTER_BOUND('',#821,.T.);
#511=FACE_OUTER_BOUND('',#822,.T.);
#512=FACE_OUTER_BOUND('',#823,.T.);
#513=FACE_OUTER_BOUND('',#824,.T.);
#514=FACE_OUTER_BOUND('',#825,.T.);
#515=FACE_OUTER_BOUND('',#826,.T.);
#516=FACE_OUTER_BOUND('',#827,.T.);
#517=FACE_OUTER_BOUND('',#828,.T.);
#518=FACE_OUTER_BOUND('',#829,.T.);
#519=FACE_OUTER_BOUND('',#830,.T.);
#520=FACE_OUTER_BOUND('',#831,.T.);
#521=FACE_OUTER_BOUND('',#832,.T.);
#522=FACE_OUTER_BOUND('',#833,.T.);
#523=FACE_OUTER_BOUND('',#834,.T.);
#524=FACE_OUTER_BOUND('',#835,.T.);
#525=FACE_OUTER_BOUND('',#836,.T.);
#526=FACE_OUTER_BOUND('',#837,.T.);
#527=FACE_OUTER_BOUND('',#838,.T.);
#528=FACE_OUTER_BOUND('',#839,.T.);
#529=FACE_OUTER_BOUND('',#840,.T.);
#530=FACE_OUTER_BOUND('',#841,.T.);
#531=FACE_OUTER_BOUND('',#842,.T.);
#532=FACE_OUTER_BOUND('',#843,.T.);
#533=FACE_OUTER_BOUND('',#844,.T.);
#534=FACE_OUTER_BOUND('',#845,.T.);
#535=FACE_OUTER_BOUND('',#846,.T.);
#536=FACE_OUTER_BOUND('',#847,.T.);
#537=EDGE_LOOP('',(#2695,#2696,#2697,#2698,#2699,#2700,#2701,#2702,#2703,
#2704,#2705,#2706,#2707));
#538=EDGE_LOOP('',(#2708,#2709,#2710,#2711,#2712));
#539=EDGE_LOOP('',(#2713,#2714,#2715,#2716));
#540=EDGE_LOOP('',(#2717));
#541=EDGE_LOOP('',(#2718,#2719,#2720));
#542=EDGE_LOOP('',(#2721,#2722,#2723,#2724));
#543=EDGE_LOOP('',(#2725,#2726,#2727,#2728));
#544=EDGE_LOOP('',(#2729,#2730,#2731,#2732));
#545=EDGE_LOOP('',(#2733,#2734,#2735,#2736));
#546=EDGE_LOOP('',(#2737,#2738,#2739,#2740,#2741,#2742,#2743,#2744,#2745,
#2746));
#547=EDGE_LOOP('',(#2747,#2748,#2749,#2750));
#548=EDGE_LOOP('',(#2751,#2752,#2753,#2754));
#549=EDGE_LOOP('',(#2755,#2756,#2757,#2758));
#550=EDGE_LOOP('',(#2759,#2760,#2761,#2762));
#551=EDGE_LOOP('',(#2763,#2764,#2765,#2766,#2767,#2768));
#552=EDGE_LOOP('',(#2769,#2770,#2771));
#553=EDGE_LOOP('',(#2772,#2773,#2774));
#554=EDGE_LOOP('',(#2775,#2776,#2777,#2778));
#555=EDGE_LOOP('',(#2779,#2780,#2781,#2782,#2783,#2784,#2785,#2786,#2787,
#2788,#2789,#2790,#2791,#2792,#2793,#2794,#2795,#2796,#2797,#2798,#2799,
#2800));
#556=EDGE_LOOP('',(#2801));
#557=EDGE_LOOP('',(#2802,#2803,#2804,#2805,#2806,#2807,#2808,#2809,#2810,
#2811,#2812,#2813,#2814,#2815,#2816,#2817,#2818,#2819,#2820,#2821,#2822,
#2823,#2824,#2825,#2826));
#558=EDGE_LOOP('',(#2827));
#559=EDGE_LOOP('',(#2828));
#560=EDGE_LOOP('',(#2829));
#561=EDGE_LOOP('',(#2830));
#562=EDGE_LOOP('',(#2831));
#563=EDGE_LOOP('',(#2832,#2833,#2834,#2835));
#564=EDGE_LOOP('',(#2836));
#565=EDGE_LOOP('',(#2837,#2838,#2839,#2840));
#566=EDGE_LOOP('',(#2841,#2842,#2843,#2844));
#567=EDGE_LOOP('',(#2845,#2846,#2847,#2848));
#568=EDGE_LOOP('',(#2849,#2850,#2851,#2852));
#569=EDGE_LOOP('',(#2853,#2854,#2855,#2856));
#570=EDGE_LOOP('',(#2857,#2858,#2859,#2860));
#571=EDGE_LOOP('',(#2861,#2862,#2863,#2864,#2865,#2866));
#572=EDGE_LOOP('',(#2867,#2868,#2869));
#573=EDGE_LOOP('',(#2870,#2871,#2872,#2873));
#574=EDGE_LOOP('',(#2874,#2875,#2876,#2877));
#575=EDGE_LOOP('',(#2878,#2879,#2880,#2881));
#576=EDGE_LOOP('',(#2882,#2883,#2884));
#577=EDGE_LOOP('',(#2885,#2886,#2887,#2888));
#578=EDGE_LOOP('',(#2889,#2890,#2891,#2892));
#579=EDGE_LOOP('',(#2893,#2894,#2895,#2896));
#580=EDGE_LOOP('',(#2897,#2898,#2899,#2900));
#581=EDGE_LOOP('',(#2901,#2902,#2903,#2904));
#582=EDGE_LOOP('',(#2905,#2906,#2907,#2908));
#583=EDGE_LOOP('',(#2909,#2910,#2911,#2912));
#584=EDGE_LOOP('',(#2913,#2914,#2915,#2916));
#585=EDGE_LOOP('',(#2917));
#586=EDGE_LOOP('',(#2918,#2919,#2920,#2921));
#587=EDGE_LOOP('',(#2922,#2923,#2924,#2925));
#588=EDGE_LOOP('',(#2926,#2927,#2928,#2929));
#589=EDGE_LOOP('',(#2930,#2931,#2932,#2933));
#590=EDGE_LOOP('',(#2934,#2935,#2936,#2937,#2938));
#591=EDGE_LOOP('',(#2939,#2940,#2941,#2942));
#592=EDGE_LOOP('',(#2943,#2944,#2945,#2946));
#593=EDGE_LOOP('',(#2947,#2948,#2949,#2950));
#594=EDGE_LOOP('',(#2951,#2952,#2953,#2954,#2955));
#595=EDGE_LOOP('',(#2956,#2957,#2958));
#596=EDGE_LOOP('',(#2959,#2960,#2961,#2962,#2963,#2964,#2965,#2966));
#597=EDGE_LOOP('',(#2967,#2968,#2969,#2970));
#598=EDGE_LOOP('',(#2971,#2972,#2973,#2974));
#599=EDGE_LOOP('',(#2975,#2976,#2977,#2978));
#600=EDGE_LOOP('',(#2979,#2980,#2981,#2982));
#601=EDGE_LOOP('',(#2983,#2984,#2985,#2986,#2987,#2988));
#602=EDGE_LOOP('',(#2989,#2990,#2991,#2992,#2993,#2994));
#603=EDGE_LOOP('',(#2995,#2996,#2997,#2998));
#604=EDGE_LOOP('',(#2999,#3000,#3001));
#605=EDGE_LOOP('',(#3002,#3003,#3004,#3005,#3006,#3007));
#606=EDGE_LOOP('',(#3008,#3009,#3010,#3011));
#607=EDGE_LOOP('',(#3012,#3013,#3014,#3015));
#608=EDGE_LOOP('',(#3016,#3017,#3018,#3019));
#609=EDGE_LOOP('',(#3020,#3021,#3022,#3023,#3024));
#610=EDGE_LOOP('',(#3025,#3026,#3027));
#611=EDGE_LOOP('',(#3028,#3029,#3030,#3031));
#612=EDGE_LOOP('',(#3032,#3033,#3034,#3035));
#613=EDGE_LOOP('',(#3036,#3037,#3038,#3039));
#614=EDGE_LOOP('',(#3040,#3041,#3042,#3043));
#615=EDGE_LOOP('',(#3044,#3045,#3046,#3047));
#616=EDGE_LOOP('',(#3048,#3049,#3050));
#617=EDGE_LOOP('',(#3051,#3052,#3053,#3054,#3055,#3056,#3057,#3058,#3059,
#3060));
#618=EDGE_LOOP('',(#3061,#3062,#3063,#3064));
#619=EDGE_LOOP('',(#3065,#3066,#3067,#3068));
#620=EDGE_LOOP('',(#3069,#3070,#3071,#3072));
#621=EDGE_LOOP('',(#3073,#3074,#3075,#3076,#3077,#3078,#3079));
#622=EDGE_LOOP('',(#3080,#3081,#3082,#3083,#3084));
#623=EDGE_LOOP('',(#3085,#3086,#3087));
#624=EDGE_LOOP('',(#3088,#3089,#3090,#3091,#3092));
#625=EDGE_LOOP('',(#3093,#3094,#3095,#3096,#3097));
#626=EDGE_LOOP('',(#3098,#3099,#3100,#3101));
#627=EDGE_LOOP('',(#3102,#3103,#3104,#3105));
#628=EDGE_LOOP('',(#3106,#3107,#3108,#3109));
#629=EDGE_LOOP('',(#3110,#3111,#3112,#3113));
#630=EDGE_LOOP('',(#3114,#3115,#3116,#3117));
#631=EDGE_LOOP('',(#3118,#3119,#3120,#3121,#3122,#3123));
#632=EDGE_LOOP('',(#3124,#3125,#3126,#3127));
#633=EDGE_LOOP('',(#3128,#3129,#3130,#3131));
#634=EDGE_LOOP('',(#3132,#3133,#3134,#3135,#3136,#3137));
#635=EDGE_LOOP('',(#3138,#3139,#3140,#3141,#3142));
#636=EDGE_LOOP('',(#3143,#3144,#3145,#3146,#3147,#3148));
#637=EDGE_LOOP('',(#3149,#3150,#3151,#3152));
#638=EDGE_LOOP('',(#3153,#3154,#3155,#3156));
#639=EDGE_LOOP('',(#3157,#3158,#3159,#3160,#3161,#3162,#3163,#3164,#3165,
#3166));
#640=EDGE_LOOP('',(#3167,#3168,#3169,#3170,#3171));
#641=EDGE_LOOP('',(#3172,#3173,#3174,#3175,#3176));
#642=EDGE_LOOP('',(#3177,#3178,#3179,#3180));
#643=EDGE_LOOP('',(#3181,#3182,#3183,#3184,#3185,#3186));
#644=EDGE_LOOP('',(#3187,#3188,#3189,#3190,#3191,#3192,#3193,#3194,#3195));
#645=EDGE_LOOP('',(#3196,#3197,#3198,#3199));
#646=EDGE_LOOP('',(#3200,#3201,#3202,#3203));
#647=EDGE_LOOP('',(#3204,#3205,#3206,#3207,#3208,#3209,#3210,#3211,#3212,
#3213,#3214,#3215,#3216,#3217));
#648=EDGE_LOOP('',(#3218,#3219,#3220,#3221,#3222));
#649=EDGE_LOOP('',(#3223,#3224,#3225));
#650=EDGE_LOOP('',(#3226,#3227,#3228,#3229));
#651=EDGE_LOOP('',(#3230,#3231,#3232,#3233,#3234,#3235,#3236,#3237,#3238));
#652=EDGE_LOOP('',(#3239,#3240,#3241,#3242,#3243,#3244,#3245,#3246,#3247,
#3248,#3249));
#653=EDGE_LOOP('',(#3250,#3251,#3252,#3253,#3254,#3255,#3256));
#654=EDGE_LOOP('',(#3257,#3258,#3259,#3260));
#655=EDGE_LOOP('',(#3261,#3262,#3263,#3264,#3265,#3266));
#656=EDGE_LOOP('',(#3267,#3268,#3269,#3270));
#657=EDGE_LOOP('',(#3271,#3272,#3273,#3274));
#658=EDGE_LOOP('',(#3275));
#659=EDGE_LOOP('',(#3276,#3277,#3278,#3279));
#660=EDGE_LOOP('',(#3280));
#661=EDGE_LOOP('',(#3281,#3282,#3283,#3284,#3285));
#662=EDGE_LOOP('',(#3286));
#663=EDGE_LOOP('',(#3287));
#664=EDGE_LOOP('',(#3288));
#665=EDGE_LOOP('',(#3289));
#666=EDGE_LOOP('',(#3290,#3291,#3292,#3293));
#667=EDGE_LOOP('',(#3294));
#668=EDGE_LOOP('',(#3295,#3296,#3297,#3298,#3299));
#669=EDGE_LOOP('',(#3300));
#670=EDGE_LOOP('',(#3301,#3302,#3303,#3304));
#671=EDGE_LOOP('',(#3305));
#672=EDGE_LOOP('',(#3306,#3307,#3308,#3309));
#673=EDGE_LOOP('',(#3310,#3311,#3312,#3313));
#674=EDGE_LOOP('',(#3314,#3315,#3316,#3317));
#675=EDGE_LOOP('',(#3318,#3319,#3320,#3321));
#676=EDGE_LOOP('',(#3322,#3323,#3324,#3325,#3326,#3327));
#677=EDGE_LOOP('',(#3328,#3329,#3330,#3331));
#678=EDGE_LOOP('',(#3332,#3333,#3334,#3335));
#679=EDGE_LOOP('',(#3336,#3337,#3338,#3339));
#680=EDGE_LOOP('',(#3340,#3341,#3342,#3343));
#681=EDGE_LOOP('',(#3344,#3345,#3346,#3347,#3348,#3349,#3350));
#682=EDGE_LOOP('',(#3351,#3352,#3353,#3354));
#683=EDGE_LOOP('',(#3355,#3356,#3357,#3358));
#684=EDGE_LOOP('',(#3359,#3360,#3361,#3362));
#685=EDGE_LOOP('',(#3363,#3364,#3365,#3366));
#686=EDGE_LOOP('',(#3367,#3368,#3369,#3370,#3371,#3372,#3373));
#687=EDGE_LOOP('',(#3374,#3375,#3376,#3377));
#688=EDGE_LOOP('',(#3378,#3379,#3380,#3381,#3382,#3383,#3384));
#689=EDGE_LOOP('',(#3385,#3386,#3387,#3388,#3389,#3390,#3391,#3392));
#690=EDGE_LOOP('',(#3393,#3394,#3395,#3396));
#691=EDGE_LOOP('',(#3397,#3398,#3399,#3400));
#692=EDGE_LOOP('',(#3401));
#693=EDGE_LOOP('',(#3402));
#694=EDGE_LOOP('',(#3403,#3404,#3405,#3406));
#695=EDGE_LOOP('',(#3407));
#696=EDGE_LOOP('',(#3408));
#697=EDGE_LOOP('',(#3409,#3410,#3411,#3412));
#698=EDGE_LOOP('',(#3413));
#699=EDGE_LOOP('',(#3414));
#700=EDGE_LOOP('',(#3415,#3416,#3417,#3418));
#701=EDGE_LOOP('',(#3419));
#702=EDGE_LOOP('',(#3420));
#703=EDGE_LOOP('',(#3421,#3422,#3423,#3424));
#704=EDGE_LOOP('',(#3425));
#705=EDGE_LOOP('',(#3426));
#706=EDGE_LOOP('',(#3427,#3428,#3429,#3430,#3431));
#707=EDGE_LOOP('',(#3432));
#708=EDGE_LOOP('',(#3433));
#709=EDGE_LOOP('',(#3434,#3435,#3436,#3437,#3438));
#710=EDGE_LOOP('',(#3439,#3440));
#711=EDGE_LOOP('',(#3441,#3442));
#712=EDGE_LOOP('',(#3443,#3444,#3445,#3446,#3447));
#713=EDGE_LOOP('',(#3448,#3449,#3450,#3451,#3452,#3453));
#714=EDGE_LOOP('',(#3454,#3455,#3456,#3457,#3458));
#715=EDGE_LOOP('',(#3459));
#716=EDGE_LOOP('',(#3460));
#717=EDGE_LOOP('',(#3461,#3462,#3463,#3464,#3465));
#718=EDGE_LOOP('',(#3466,#3467,#3468,#3469,#3470,#3471));
#719=EDGE_LOOP('',(#3472,#3473));
#720=EDGE_LOOP('',(#3474,#3475));
#721=EDGE_LOOP('',(#3476));
#722=EDGE_LOOP('',(#3477));
#723=EDGE_LOOP('',(#3478,#3479,#3480,#3481,#3482));
#724=EDGE_LOOP('',(#3483));
#725=EDGE_LOOP('',(#3484));
#726=EDGE_LOOP('',(#3485,#3486,#3487,#3488,#3489));
#727=EDGE_LOOP('',(#3490,#3491,#3492,#3493,#3494));
#728=EDGE_LOOP('',(#3495,#3496,#3497,#3498,#3499,#3500));
#729=EDGE_LOOP('',(#3501,#3502,#3503,#3504,#3505,#3506));
#730=EDGE_LOOP('',(#3507));
#731=EDGE_LOOP('',(#3508));
#732=EDGE_LOOP('',(#3509,#3510,#3511,#3512));
#733=EDGE_LOOP('',(#3513,#3514,#3515,#3516,#3517));
#734=EDGE_LOOP('',(#3518));
#735=EDGE_LOOP('',(#3519));
#736=EDGE_LOOP('',(#3520,#3521,#3522,#3523,#3524));
#737=EDGE_LOOP('',(#3525,#3526,#3527,#3528));
#738=EDGE_LOOP('',(#3529));
#739=EDGE_LOOP('',(#3530));
#740=EDGE_LOOP('',(#3531,#3532,#3533,#3534));
#741=EDGE_LOOP('',(#3535,#3536,#3537,#3538));
#742=EDGE_LOOP('',(#3539,#3540,#3541,#3542));
#743=EDGE_LOOP('',(#3543,#3544,#3545,#3546));
#744=EDGE_LOOP('',(#3547,#3548,#3549,#3550));
#745=EDGE_LOOP('',(#3551));
#746=EDGE_LOOP('',(#3552));
#747=EDGE_LOOP('',(#3553));
#748=EDGE_LOOP('',(#3554));
#749=EDGE_LOOP('',(#3555,#3556,#3557,#3558));
#750=EDGE_LOOP('',(#3559));
#751=EDGE_LOOP('',(#3560));
#752=EDGE_LOOP('',(#3561,#3562,#3563,#3564));
#753=EDGE_LOOP('',(#3565,#3566,#3567,#3568));
#754=EDGE_LOOP('',(#3569,#3570,#3571,#3572));
#755=EDGE_LOOP('',(#3573,#3574,#3575,#3576));
#756=EDGE_LOOP('',(#3577,#3578,#3579,#3580));
#757=EDGE_LOOP('',(#3581,#3582,#3583,#3584));
#758=EDGE_LOOP('',(#3585,#3586,#3587,#3588));
#759=EDGE_LOOP('',(#3589,#3590,#3591,#3592));
#760=EDGE_LOOP('',(#3593,#3594,#3595,#3596));
#761=EDGE_LOOP('',(#3597,#3598,#3599,#3600));
#762=EDGE_LOOP('',(#3601,#3602,#3603,#3604));
#763=EDGE_LOOP('',(#3605,#3606,#3607,#3608));
#764=EDGE_LOOP('',(#3609,#3610,#3611,#3612));
#765=EDGE_LOOP('',(#3613,#3614,#3615,#3616));
#766=EDGE_LOOP('',(#3617,#3618,#3619,#3620));
#767=EDGE_LOOP('',(#3621,#3622,#3623,#3624));
#768=EDGE_LOOP('',(#3625,#3626,#3627,#3628));
#769=EDGE_LOOP('',(#3629,#3630,#3631,#3632));
#770=EDGE_LOOP('',(#3633,#3634,#3635,#3636));
#771=EDGE_LOOP('',(#3637,#3638,#3639,#3640));
#772=EDGE_LOOP('',(#3641,#3642,#3643,#3644));
#773=EDGE_LOOP('',(#3645,#3646,#3647,#3648));
#774=EDGE_LOOP('',(#3649,#3650,#3651,#3652));
#775=EDGE_LOOP('',(#3653,#3654,#3655,#3656));
#776=EDGE_LOOP('',(#3657,#3658,#3659,#3660,#3661,#3662,#3663,#3664,#3665,
#3666,#3667,#3668,#3669,#3670,#3671,#3672));
#777=EDGE_LOOP('',(#3673));
#778=EDGE_LOOP('',(#3674));
#779=EDGE_LOOP('',(#3675));
#780=EDGE_LOOP('',(#3676));
#781=EDGE_LOOP('',(#3677));
#782=EDGE_LOOP('',(#3678));
#783=EDGE_LOOP('',(#3679));
#784=EDGE_LOOP('',(#3680));
#785=EDGE_LOOP('',(#3681));
#786=EDGE_LOOP('',(#3682,#3683,#3684,#3685));
#787=EDGE_LOOP('',(#3686,#3687,#3688,#3689));
#788=EDGE_LOOP('',(#3690,#3691,#3692,#3693));
#789=EDGE_LOOP('',(#3694,#3695,#3696,#3697));
#790=EDGE_LOOP('',(#3698,#3699,#3700,#3701));
#791=EDGE_LOOP('',(#3702,#3703,#3704,#3705));
#792=EDGE_LOOP('',(#3706,#3707,#3708,#3709));
#793=EDGE_LOOP('',(#3710,#3711,#3712,#3713));
#794=EDGE_LOOP('',(#3714,#3715,#3716,#3717));
#795=EDGE_LOOP('',(#3718,#3719,#3720,#3721));
#796=EDGE_LOOP('',(#3722,#3723,#3724,#3725));
#797=EDGE_LOOP('',(#3726,#3727,#3728,#3729));
#798=EDGE_LOOP('',(#3730,#3731,#3732,#3733));
#799=EDGE_LOOP('',(#3734,#3735,#3736,#3737));
#800=EDGE_LOOP('',(#3738,#3739,#3740,#3741));
#801=EDGE_LOOP('',(#3742,#3743,#3744,#3745));
#802=EDGE_LOOP('',(#3746,#3747,#3748,#3749));
#803=EDGE_LOOP('',(#3750,#3751,#3752,#3753));
#804=EDGE_LOOP('',(#3754,#3755,#3756,#3757,#3758,#3759,#3760,#3761,#3762,
#3763,#3764,#3765,#3766,#3767,#3768,#3769));
#805=EDGE_LOOP('',(#3770));
#806=EDGE_LOOP('',(#3771));
#807=EDGE_LOOP('',(#3772));
#808=EDGE_LOOP('',(#3773));
#809=EDGE_LOOP('',(#3774));
#810=EDGE_LOOP('',(#3775));
#811=EDGE_LOOP('',(#3776));
#812=EDGE_LOOP('',(#3777));
#813=EDGE_LOOP('',(#3778));
#814=EDGE_LOOP('',(#3779,#3780,#3781,#3782));
#815=EDGE_LOOP('',(#3783,#3784,#3785,#3786));
#816=EDGE_LOOP('',(#3787,#3788,#3789,#3790));
#817=EDGE_LOOP('',(#3791,#3792,#3793,#3794));
#818=EDGE_LOOP('',(#3795,#3796,#3797,#3798));
#819=EDGE_LOOP('',(#3799,#3800,#3801,#3802));
#820=EDGE_LOOP('',(#3803,#3804,#3805,#3806));
#821=EDGE_LOOP('',(#3807,#3808,#3809,#3810));
#822=EDGE_LOOP('',(#3811,#3812,#3813,#3814));
#823=EDGE_LOOP('',(#3815,#3816,#3817,#3818));
#824=EDGE_LOOP('',(#3819,#3820,#3821,#3822));
#825=EDGE_LOOP('',(#3823,#3824,#3825,#3826));
#826=EDGE_LOOP('',(#3827,#3828,#3829,#3830));
#827=EDGE_LOOP('',(#3831,#3832,#3833,#3834));
#828=EDGE_LOOP('',(#3835,#3836,#3837,#3838));
#829=EDGE_LOOP('',(#3839,#3840,#3841,#3842));
#830=EDGE_LOOP('',(#3843,#3844,#3845,#3846));
#831=EDGE_LOOP('',(#3847,#3848,#3849,#3850));
#832=EDGE_LOOP('',(#3851,#3852,#3853,#3854));
#833=EDGE_LOOP('',(#3855,#3856,#3857,#3858));
#834=EDGE_LOOP('',(#3859,#3860,#3861,#3862));
#835=EDGE_LOOP('',(#3863,#3864,#3865,#3866));
#836=EDGE_LOOP('',(#3867,#3868,#3869,#3870));
#837=EDGE_LOOP('',(#3871,#3872,#3873,#3874));
#838=EDGE_LOOP('',(#3875,#3876,#3877,#3878));
#839=EDGE_LOOP('',(#3879,#3880,#3881,#3882));
#840=EDGE_LOOP('',(#3883,#3884,#3885,#3886));
#841=EDGE_LOOP('',(#3887,#3888,#3889,#3890));
#842=EDGE_LOOP('',(#3891,#3892,#3893,#3894));
#843=EDGE_LOOP('',(#3895,#3896,#3897,#3898));
#844=EDGE_LOOP('',(#3899,#3900,#3901,#3902));
#845=EDGE_LOOP('',(#3903,#3904,#3905,#3906));
#846=EDGE_LOOP('',(#3907,#3908,#3909,#3910));
#847=EDGE_LOOP('',(#3911,#3912,#3913,#3914));
#848=B_SPLINE_CURVE_WITH_KNOTS('',3,(#6387,#6388,#6389,#6390,#6391,#6392,
#6393,#6394,#6395,#6396,#6397,#6398,#6399,#6400,#6401,#6402,#6403,#6404),
 .UNSPECIFIED.,.F.,.F.,(4,2,2,2,2,2,2,2,4),(0.0726194617178446,0.0789479020870366,
0.0821121222716325,0.0852763424562285,0.0880253348017685,0.0907743271473086,
0.0935233194928497,0.0962723118383908,0.0988742240695096),.UNSPECIFIED.);
#849=B_SPLINE_CURVE_WITH_KNOTS('',3,(#6427,#6428,#6429,#6430,#6431,#6432,
#6433,#6434,#6435,#6436,#6437,#6438,#6439,#6440,#6441,#6442,#6443,#6444),
 .UNSPECIFIED.,.F.,.F.,(4,2,2,2,2,2,2,2,4),(0.746316010179749,0.78769080513495,
0.832133286842593,0.876575768550237,0.921018250257881,0.965460731965524,
1.01628747182422,1.06711421168292,1.16876769140032),.UNSPECIFIED.);
#850=B_SPLINE_CURVE_WITH_KNOTS('',3,(#6466,#6467,#6468,#6469,#6470),
 .UNSPECIFIED.,.F.,.F.,(4,1,4),(-0.378768072758541,-0.162329174039375,0.),
 .UNSPECIFIED.);
#851=B_SPLINE_CURVE_WITH_KNOTS('',3,(#6472,#6473,#6474,#6475),
 .UNSPECIFIED.,.F.,.F.,(4,4),(-3.85946433114108E-16,0.173189355850756),
 .UNSPECIFIED.);
#852=B_SPLINE_CURVE_WITH_KNOTS('',3,(#6483,#6484,#6485,#6486),
 .UNSPECIFIED.,.F.,.F.,(4,4),(-0.17318876972681,0.),.UNSPECIFIED.);
#853=B_SPLINE_CURVE_WITH_KNOTS('',3,(#6488,#6489,#6490,#6491,#6492),
 .UNSPECIFIED.,.F.,.F.,(4,1,4),(0.,0.162329174591087,0.378768074045871),
 .UNSPECIFIED.);
#854=B_SPLINE_CURVE_WITH_KNOTS('',3,(#6780,#6781,#6782,#6783,#6784,#6785,
#6786,#6787,#6788,#6789,#6790,#6791,#6792,#6793),.UNSPECIFIED.,.F.,.F.,
(4,2,2,2,2,2,4),(-0.12263629790196,-0.114060923536767,-0.0997594559187926,
-0.0674661357644596,-0.0321227404745251,0.,0.00039462892252811),
 .UNSPECIFIED.);
#855=B_SPLINE_CURVE_WITH_KNOTS('',3,(#6833,#6834,#6835,#6836,#6837,#6838),
 .UNSPECIFIED.,.F.,.F.,(4,2,4),(0.246674682072902,0.259172711572471,0.296196461437481),
 .UNSPECIFIED.);
#856=B_SPLINE_CURVE_WITH_KNOTS('',3,(#6843,#6844,#6845,#6846,#6847,#6848,
#6849),.UNSPECIFIED.,.F.,.F.,(4,3,4),(0.766644019326768,0.78613333833575,
0.805622657344731),.UNSPECIFIED.);
#857=B_SPLINE_CURVE_WITH_KNOTS('',3,(#6861,#6862,#6863,#6864,#6865,#6866,
#6867,#6868,#6869,#6870,#6871,#6872,#6873,#6874,#6875,#6876,#6877,#6878),
 .UNSPECIFIED.,.F.,.F.,(4,2,2,2,2,2,2,2,4),(0.,0.00101266314598759,0.00202532629197519,
0.00405065258395038,0.00810130516790075,0.0342241258608339,0.128968643435359,
0.220668950401168,0.312369257366977),.UNSPECIFIED.);
#858=B_SPLINE_CURVE_WITH_KNOTS('',3,(#6930,#6931,#6932,#6933,#6934,#6935,
#6936,#6937,#6938,#6939,#6940,#6941,#6942,#6943),.UNSPECIFIED.,.F.,.F.,
(4,2,2,2,2,2,4),(0.285975770762939,0.315542195179774,0.34510861959661,0.375607970329629,
0.406107321062648,0.435059789259515,0.441211467352397),.UNSPECIFIED.);
#859=B_SPLINE_CURVE_WITH_KNOTS('',3,(#6974,#6975,#6976,#6977),
 .UNSPECIFIED.,.F.,.F.,(4,4),(0.320130304424284,0.379130655861645),
 .UNSPECIFIED.);
#860=B_SPLINE_CURVE_WITH_KNOTS('',3,(#6983,#6984,#6985,#6986,#6987,#6988),
 .UNSPECIFIED.,.F.,.F.,(4,2,4),(0.,0.0332644138875408,0.0589680074817473),
 .UNSPECIFIED.);
#861=B_SPLINE_CURVE_WITH_KNOTS('',3,(#6989,#6990,#6991,#6992,#6993,#6994,
#6995,#6996,#6997,#6998,#6999,#7000,#7001,#7002),.UNSPECIFIED.,.F.,.F.,
(4,2,2,2,2,2,4),(0.174198592030227,0.175300442218263,0.187672820491353,
0.200045198764443,0.212417577037533,0.224789955310623,0.225891797720968),
 .UNSPECIFIED.);
#862=B_SPLINE_CURVE_WITH_KNOTS('',3,(#7008,#7009,#7010,#7011,#7012,#7013,
#7014,#7015,#7016,#7017),.UNSPECIFIED.,.F.,.F.,(4,2,2,2,4),(0.,0.0332644074051893,
0.0665288148103786,0.0891991513795391,0.1118694879487),.UNSPECIFIED.);
#863=B_SPLINE_CURVE_WITH_KNOTS('',3,(#7024,#7025,#7026,#7027,#7028,#7029,
#7030,#7031,#7032,#7033,#7034,#7035,#7036,#7037,#7038,#7039,#7040,#7041,
#7042,#7043),.UNSPECIFIED.,.F.,.F.,(4,2,2,2,2,2,2,2,2,4),(0.323218162484182,
0.32372866415034,0.324239165816498,0.326608187718689,0.33354438916654,0.34048059061439,
0.370029474839516,0.399578359064642,0.465915126371662,0.532251893678682),
 .UNSPECIFIED.);
#864=B_SPLINE_CURVE_WITH_KNOTS('',3,(#7107,#7108,#7109,#7110,#7111,#7112,
#7113,#7114,#7115,#7116),.UNSPECIFIED.,.F.,.F.,(4,2,2,2,4),(-0.3369190614899,
-0.298836655546655,-0.26075424960341,-0.2116330761592,-0.186248408102848),
 .UNSPECIFIED.);
#865=B_SPLINE_CURVE_WITH_KNOTS('',3,(#7123,#7124,#7125,#7126,#7127,#7128,
#7129,#7130),.UNSPECIFIED.,.F.,.F.,(4,2,2,4),(0.477312172786031,0.493361719910346,
0.552568622714081,0.611775525517816),.UNSPECIFIED.);
#866=B_SPLINE_CURVE_WITH_KNOTS('',3,(#7136,#7137,#7138,#7139,#7140,#7141,
#7142,#7143),.UNSPECIFIED.,.F.,.F.,(4,2,2,4),(1.32311314530595,1.34630916806429,
1.49043380602795,1.55831436357363),.UNSPECIFIED.);
#867=B_SPLINE_CURVE_WITH_KNOTS('',3,(#7156,#7157,#7158,#7159),
 .UNSPECIFIED.,.F.,.F.,(4,4),(-0.109073836790192,-0.0770039331063098),
 .UNSPECIFIED.);
#868=B_SPLINE_CURVE_WITH_KNOTS('',3,(#7166,#7167,#7168,#7169,#7170,#7171,
#7172,#7173),.UNSPECIFIED.,.F.,.F.,(4,2,2,4),(2.03897111671771,2.20915906432343,
2.45635094500798,2.47422224950677),.UNSPECIFIED.);
#869=B_SPLINE_CURVE_WITH_KNOTS('',3,(#7178,#7179,#7180,#7181,#7182,#7183,
#7184,#7185,#7186,#7187,#7188,#7189),.UNSPECIFIED.,.F.,.F.,(4,2,2,2,2,4),
(2.51172157426664,2.67079084070007,2.82986010713349,2.99008539317724,3.15031067922098,
3.16984890988176),.UNSPECIFIED.);
#870=B_SPLINE_CURVE_WITH_KNOTS('',3,(#7275,#7276,#7277,#7278,#7279),
 .UNSPECIFIED.,.F.,.F.,(4,1,4),(-0.378768074045871,-0.162329174591087,0.),
 .UNSPECIFIED.);
#871=B_SPLINE_CURVE_WITH_KNOTS('',3,(#7303,#7304,#7305,#7306),
 .UNSPECIFIED.,.F.,.F.,(4,4),(0.,0.17318876972681),.UNSPECIFIED.);
#872=B_SPLINE_CURVE_WITH_KNOTS('',3,(#7309,#7310,#7311,#7312,#7313,#7314,
#7315,#7316,#7317,#7318,#7319,#7320,#7321),.UNSPECIFIED.,.F.,.F.,(4,1,1,
1,1,1,1,1,1,1,4),(6.47197379266701,6.88285364917299,7.29373350567897,7.70461336218495,
8.11549321869093,8.32093314694393,8.52637307519691,8.7318130034499,8.9372529317029,
9.14269285995589,9.34813278820888),.UNSPECIFIED.);
#873=B_SPLINE_CURVE_WITH_KNOTS('',3,(#7323,#7324,#7325,#7326),
 .UNSPECIFIED.,.F.,.F.,(4,4),(-0.0802861842796237,0.),.UNSPECIFIED.);
#874=B_SPLINE_CURVE_WITH_KNOTS('',3,(#7327,#7328,#7329,#7330,#7331,#7332,
#7333,#7334,#7335,#7336,#7337,#7338,#7339),.UNSPECIFIED.,.F.,.F.,(4,1,1,
1,1,1,1,1,1,1,4),(3.59581478934554,3.80125471815911,4.00669464697267,4.21213457578625,
4.41757450459982,4.62301443341338,4.82845436222695,5.23933421985409,5.65021407748123,
6.06109393510837,6.47197379273551),.UNSPECIFIED.);
#875=B_SPLINE_CURVE_WITH_KNOTS('',3,(#7406,#7407,#7408,#7409,#7410,#7411,
#7412,#7413,#7414,#7415,#7416,#7417,#7418,#7419,#7420,#7421,#7422,#7423,
#7424,#7425,#7426,#7427,#7428,#7429,#7430,#7431,#7432,#7433,#7434,#7435,
#7436,#7437,#7438,#7439,#7440,#7441,#7442,#7443,#7444,#7445,#7446,#7447,
#7448,#7449,#7450,#7451,#7452,#7453,#7454,#7455,#7456,#7457,#7458,#7459,
#7460,#7461,#7462,#7463,#7464,#7465,#7466,#7467,#7468,#7469,#7470,#7471,
#7472,#7473,#7474,#7475,#7476,#7477,#7478,#7479,#7480,#7481,#7482,#7483,
#7484,#7485,#7486,#7487,#7488,#7489,#7490,#7491,#7492,#7493,#7494,#7495,
#7496,#7497,#7498,#7499,#7500,#7501,#7502,#7503,#7504,#7505,#7506,#7507,
#7508,#7509,#7510,#7511,#7512,#7513,#7514,#7515,#7516,#7517,#7518,#7519,
#7520,#7521,#7522,#7523,#7524,#7525,#7526,#7527,#7528,#7529,#7530,#7531,
#7532),.UNSPECIFIED.,.F.,.F.,(4,3,3,3,3,3,3,3,3,3,3,3,3,3,3,3,3,3,3,3,3,
3,3,3,3,3,3,3,3,3,3,3,3,3,3,3,3,3,3,3,3,3,4),(-9.08022433615741,-9.02686096895062,
-8.97477677413225,-8.9395121256587,-8.93726601591947,-8.89425374478025,
-8.85193840715639,-8.79565560708725,-8.76714774504444,-8.7318004747614,
-8.67513720999965,-8.63399455873623,-8.52644291218602,-8.39848609659275,
-8.32093669827282,-8.26033980806588,-8.14969518370224,-8.11546281036863,
-8.0030235743337,-7.89861303917158,-7.86703866402271,-7.75503492482173,
-7.70459231980917,-7.60431119278695,-7.58609158184842,-7.48899264898761,
-7.40060060279843,-7.36537492871576,-7.30129619816853,-7.29372804290797,
-7.23063334712613,-7.22126407631639,-7.15318090936811,-7.08665970226324,
-7.07427352087837,-7.00387175520243,-6.9335359731134,-6.88275948133841,
-6.8448090526751,-6.75878602020123,-6.66083352530354,-6.55931996837836,
-6.47197379266702),.UNSPECIFIED.);
#876=B_SPLINE_CURVE_WITH_KNOTS('',3,(#7565,#7566,#7567,#7568,#7569),
 .UNSPECIFIED.,.F.,.F.,(4,1,4),(0.,0.162329174039375,0.378768072758541),
 .UNSPECIFIED.);
#877=B_SPLINE_CURVE_WITH_KNOTS('',3,(#7590,#7591,#7592,#7593),
 .UNSPECIFIED.,.F.,.F.,(4,4),(-0.173189355850756,3.85946433114108E-16),
 .UNSPECIFIED.);
#878=B_SPLINE_CURVE_WITH_KNOTS('',3,(#7596,#7597,#7598,#7599,#7600,#7601,
#7602,#7603,#7604,#7605,#7606,#7607,#7608,#7609,#7610,#7611,#7612,#7613,
#7614,#7615,#7616,#7617,#7618,#7619,#7620,#7621,#7622,#7623,#7624,#7625,
#7626,#7627,#7628,#7629,#7630,#7631,#7632,#7633,#7634,#7635,#7636,#7637,
#7638,#7639,#7640,#7641,#7642,#7643,#7644,#7645,#7646,#7647,#7648,#7649,
#7650,#7651,#7652,#7653,#7654,#7655,#7656,#7657,#7658,#7659,#7660,#7661,
#7662,#7663,#7664,#7665,#7666,#7667,#7668,#7669,#7670,#7671,#7672,#7673,
#7674,#7675,#7676,#7677,#7678,#7679,#7680,#7681,#7682,#7683,#7684,#7685,
#7686,#7687,#7688,#7689,#7690,#7691,#7692,#7693,#7694,#7695,#7696,#7697,
#7698,#7699,#7700,#7701,#7702,#7703,#7704,#7705,#7706,#7707,#7708,#7709,
#7710,#7711,#7712,#7713,#7714,#7715,#7716,#7717,#7718,#7719,#7720,#7721,
#7722),.UNSPECIFIED.,.F.,.F.,(4,3,3,3,3,3,3,3,3,3,3,3,3,3,3,3,3,3,3,3,3,
3,3,3,3,3,3,3,3,3,3,3,3,3,3,3,3,3,3,3,3,3,4),(-6.47197379273376,-6.36738967446454,
-6.26480976649184,-6.17373005720419,-6.09913853143225,-6.06124210847397,
-5.98799056874067,-5.91480004410962,-5.86967406269767,-5.80016902321321,
-5.72926360772475,-5.722683507185,-5.66024347635758,-5.65036765931815,-5.58607821139839,
-5.57857265484476,-5.50332326561781,-5.42699368022824,-5.35785600215036,
-5.26701502600294,-5.23915257010049,-5.1369622756682,-5.07690892107167,
-4.96614695790384,-4.83763791671639,-4.82848470628003,-4.70219280519878,
-4.68360777835102,-4.62301986207388,-4.475428138092,-4.41751896642554,-4.30995302687538,
-4.2531727101124,-4.21215665575522,-4.17679983693947,-4.12097373581931,
-4.09200917505284,-4.04934926073476,-4.00668934641668,-4.00443545874411,
-3.95256831217086,-3.89932764617086,-3.86372324150634),.UNSPECIFIED.);
#879=B_SPLINE_CURVE_WITH_KNOTS('',3,(#7812,#7813,#7814,#7815),
 .UNSPECIFIED.,.F.,.F.,(4,4),(0.,0.0802861842796237),.UNSPECIFIED.);
#880=B_SPLINE_CURVE_WITH_KNOTS('',3,(#7910,#7911,#7912,#7913,#7914,#7915,
#7916,#7917,#7918,#7919),.UNSPECIFIED.,.F.,.F.,(4,2,2,2,4),(0.,0.0301899684568533,
0.0603799369137065,0.0905692489076847,0.120758560901663),.UNSPECIFIED.);
#881=B_SPLINE_CURVE_WITH_KNOTS('',3,(#7920,#7921,#7922,#7923,#7924,#7925,
#7926,#7927,#7928,#7929,#7930,#7931,#7932,#7933,#7934,#7935,#7936,#7937,
#7938,#7939,#7940,#7941,#7942,#7943,#7944,#7945),.UNSPECIFIED.,.F.,.F.,
(4,2,2,2,2,2,2,2,2,2,2,2,4),(0.120758560901663,0.150947872895641,0.181137184889619,
0.211327153346473,0.241517121803326,0.271707090260179,0.301897058717032,
0.332086370711011,0.362275682704989,0.392464994698967,0.422654306692946,
0.452844275149799,0.483034243606652),.UNSPECIFIED.);
#882=B_SPLINE_CURVE_WITH_KNOTS('',3,(#7948,#7949,#7950,#7951,#7952,#7953,
#7954,#7955,#7956,#7957,#7958,#7959,#7960,#7961,#7962,#7963,#7964,#7965,
#7966,#7967,#7968,#7969,#7970,#7971,#7972,#7973),.UNSPECIFIED.,.F.,.F.,
(4,2,2,2,2,2,2,2,2,2,2,2,4),(0.,0.0301899684568532,0.0603799369137065,0.0905692489076847,
0.120758560901663,0.150947872895641,0.181137184889619,0.211327153346473,
0.241517121803326,0.271707090260179,0.301897058717032,0.332086370711011,
0.362275682704989),.UNSPECIFIED.);
#883=B_SPLINE_CURVE_WITH_KNOTS('',3,(#7974,#7975,#7976,#7977,#7978,#7979,
#7980,#7981,#7982,#7983),.UNSPECIFIED.,.F.,.F.,(4,2,2,2,4),(0.362275682704989,
0.392464994698967,0.422654306692945,0.452844275149799,0.483034243606652),
 .UNSPECIFIED.);
#884=B_SPLINE_CURVE_WITH_KNOTS('',3,(#8019,#8020,#8021,#8022,#8023,#8024,
#8025,#8026,#8027,#8028),.UNSPECIFIED.,.F.,.F.,(4,2,2,2,4),(0.,0.0301706372739587,
0.0603412745479174,0.0905116344934764,0.120681994439035),.UNSPECIFIED.);
#885=B_SPLINE_CURVE_WITH_KNOTS('',3,(#8029,#8030,#8031,#8032,#8033,#8034,
#8035,#8036,#8037,#8038,#8039,#8040,#8041,#8042,#8043,#8044,#8045,#8046,
#8047,#8048,#8049,#8050,#8051,#8052,#8053,#8054),.UNSPECIFIED.,.F.,.F.,
(4,2,2,2,2,2,2,2,2,2,2,2,4),(0.120681994439035,0.150852354384594,0.181022714330153,
0.211193351604112,0.241363988878071,0.271534626152029,0.301705263425988,
0.331875623371547,0.362045983317106,0.392216343262665,0.422386703208224,
0.452557340482183,0.482727977756142),.UNSPECIFIED.);
#886=B_SPLINE_CURVE_WITH_KNOTS('',3,(#8057,#8058,#8059,#8060,#8061,#8062,
#8063,#8064,#8065,#8066,#8067,#8068,#8069,#8070,#8071,#8072,#8073,#8074,
#8075,#8076,#8077,#8078,#8079,#8080,#8081,#8082),.UNSPECIFIED.,.F.,.F.,
(4,2,2,2,2,2,2,2,2,2,2,2,4),(0.,0.0301706372739587,0.0603412745479174,0.0905116344934764,
0.120681994439035,0.150852354384594,0.181022714330153,0.211193351604112,
0.241363988878071,0.271534626152029,0.301705263425988,0.331875623371547,
0.362045983317106),.UNSPECIFIED.);
#887=B_SPLINE_CURVE_WITH_KNOTS('',3,(#8083,#8084,#8085,#8086,#8087,#8088,
#8089,#8090,#8091,#8092),.UNSPECIFIED.,.F.,.F.,(4,2,2,2,4),(0.362045983317106,
0.392216343262665,0.422386703208224,0.452557340482183,0.482727977756142),
 .UNSPECIFIED.);
#888=ELLIPSE('',#4362,8.76812408671319,6.2);
#889=ELLIPSE('',#4363,8.76812408671319,6.2);
#890=ELLIPSE('',#4364,8.76812408671319,6.2);
#891=ELLIPSE('',#4375,8.76812408671319,6.2);
#892=ELLIPSE('',#4494,1.4142135623731,1.);
#893=ELLIPSE('',#4503,1.00000402629627,1.);
#894=ELLIPSE('',#4509,1.4142135623731,1.);
#895=ELLIPSE('',#4525,1.4142135623731,1.);
#896=ELLIPSE('',#4588,8.76812408671319,6.2);
#897=ELLIPSE('',#4590,8.76812408671319,6.2);
#898=ELLIPSE('',#4591,8.76812408671319,6.2);
#899=ELLIPSE('',#4640,17.0293863659264,11.);
#900=ELLIPSE('',#4642,17.0293863659264,11.);
#901=CIRCLE('',#4360,6.2);
#902=CIRCLE('',#4361,6.2);
#903=CIRCLE('',#4365,6.2);
#904=CIRCLE('',#4367,6.3);
#905=CIRCLE('',#4368,0.1);
#906=CIRCLE('',#4370,2.5);
#907=CIRCLE('',#4371,2.5);
#908=CIRCLE('',#4372,2.5);
#909=CIRCLE('',#4373,8.2);
#910=CIRCLE('',#4377,0.499999999999998);
#911=CIRCLE('',#4378,0.499999999999998);
#912=CIRCLE('',#4379,3.);
#913=CIRCLE('',#4381,0.499999999999998);
#914=CIRCLE('',#4382,8.7);
#915=CIRCLE('',#4384,0.499999999999998);
#916=CIRCLE('',#4385,3.);
#917=CIRCLE('',#4387,2.);
#918=CIRCLE('',#4389,2.);
#919=CIRCLE('',#4391,3.);
#920=CIRCLE('',#4393,0.500000000000003);
#921=CIRCLE('',#4394,0.499999999999998);
#922=CIRCLE('',#4396,0.499999999999998);
#923=CIRCLE('',#4397,11.);
#924=CIRCLE('',#4398,10.5);
#925=CIRCLE('',#4400,0.499999999999998);
#926=CIRCLE('',#4402,0.499999999999998);
#927=CIRCLE('',#4403,0.5);
#928=CIRCLE('',#4405,0.5);
#929=CIRCLE('',#4407,0.5);
#930=CIRCLE('',#4409,0.5);
#931=CIRCLE('',#4411,2.5);
#932=CIRCLE('',#4412,0.8115);
#933=CIRCLE('',#4413,0.8115);
#934=CIRCLE('',#4414,0.8115);
#935=CIRCLE('',#4415,0.8115);
#936=CIRCLE('',#4416,1.);
#937=CIRCLE('',#4417,0.8115);
#938=CIRCLE('',#4419,1.);
#939=CIRCLE('',#4420,7757.53392341635);
#940=CIRCLE('',#4421,7.2);
#941=CIRCLE('',#4422,0.8115);
#942=CIRCLE('',#4423,0.8115);
#943=CIRCLE('',#4424,2.5);
#944=CIRCLE('',#4425,2.5);
#945=CIRCLE('',#4426,2.5);
#946=CIRCLE('',#4427,0.8);
#947=CIRCLE('',#4428,0.8);
#948=CIRCLE('',#4429,0.8115);
#949=CIRCLE('',#4430,0.811500000000001);
#950=CIRCLE('',#4431,0.8115);
#951=CIRCLE('',#4433,6.2);
#952=CIRCLE('',#4435,0.5);
#953=CIRCLE('',#4436,3.);
#954=CIRCLE('',#4438,0.5);
#955=CIRCLE('',#4440,0.5);
#956=CIRCLE('',#4442,0.5);
#957=CIRCLE('',#4444,0.5);
#958=CIRCLE('',#4445,3.);
#959=CIRCLE('',#4447,0.5);
#960=CIRCLE('',#4449,0.499999999999998);
#961=CIRCLE('',#4450,0.5);
#962=CIRCLE('',#4452,0.5);
#963=CIRCLE('',#4454,0.499999999999998);
#964=CIRCLE('',#4455,0.5);
#965=CIRCLE('',#4457,0.5);
#966=CIRCLE('',#4458,2.);
#967=CIRCLE('',#4461,0.499999999999999);
#968=CIRCLE('',#4464,3.);
#969=CIRCLE('',#4466,8.);
#970=CIRCLE('',#4468,8.);
#971=CIRCLE('',#4470,3.);
#972=CIRCLE('',#4473,0.5);
#973=CIRCLE('',#4475,10.5);
#974=CIRCLE('',#4476,6.2);
#975=CIRCLE('',#4478,0.499999999999998);
#976=CIRCLE('',#4481,11.);
#977=CIRCLE('',#4483,1.);
#978=CIRCLE('',#4485,1.);
#979=CIRCLE('',#4487,1.);
#980=CIRCLE('',#4490,1.);
#981=CIRCLE('',#4491,1.);
#982=CIRCLE('',#4493,1.);
#983=CIRCLE('',#4496,1.);
#984=CIRCLE('',#4499,1.);
#985=CIRCLE('',#4501,0.500000000000002);
#986=CIRCLE('',#4502,0.500000000000002);
#987=CIRCLE('',#4504,0.500008052543904);
#988=CIRCLE('',#4506,0.5);
#989=CIRCLE('',#4510,1.);
#990=CIRCLE('',#4512,1.);
#991=CIRCLE('',#4514,1.);
#992=CIRCLE('',#4516,0.8115);
#993=CIRCLE('',#4518,1.);
#994=CIRCLE('',#4521,1.);
#995=CIRCLE('',#4522,1.);
#996=CIRCLE('',#4524,1.);
#997=CIRCLE('',#4527,1.);
#998=CIRCLE('',#4530,1.);
#999=CIRCLE('',#4532,5.);
#1000=CIRCLE('',#4534,1.);
#1001=CIRCLE('',#4535,1.);
#1002=CIRCLE('',#4537,1.);
#1003=CIRCLE('',#4540,4.);
#1004=CIRCLE('',#4541,6.2);
#1005=CIRCLE('',#4542,1.);
#1006=CIRCLE('',#4544,1.);
#1007=CIRCLE('',#4546,0.999999999999981);
#1008=CIRCLE('',#4548,1.);
#1009=CIRCLE('',#4551,0.5);
#1010=CIRCLE('',#4553,0.499999999999994);
#1011=CIRCLE('',#4556,1.);
#1012=CIRCLE('',#4557,7756.53392341635);
#1013=CIRCLE('',#4559,7756.53392341635);
#1014=CIRCLE('',#4563,1.);
#1015=CIRCLE('',#4574,5.);
#1016=CIRCLE('',#4575,5.);
#1017=CIRCLE('',#4577,1.);
#1018=CIRCLE('',#4582,1.);
#1019=CIRCLE('',#4583,1.);
#1020=CIRCLE('',#4586,5.);
#1021=CIRCLE('',#4589,6.2);
#1022=CIRCLE('',#4594,8.7);
#1023=CIRCLE('',#4598,6.2);
#1024=CIRCLE('',#4600,5.);
#1025=CIRCLE('',#4602,0.8115);
#1026=CIRCLE('',#4605,0.8115);
#1027=CIRCLE('',#4607,0.8);
#1028=CIRCLE('',#4610,0.8);
#1029=CIRCLE('',#4613,0.8115);
#1030=CIRCLE('',#4619,0.8115);
#1031=CIRCLE('',#4622,0.8115);
#1032=CIRCLE('',#4625,0.8115);
#1033=CIRCLE('',#4628,3.);
#1034=CIRCLE('',#4629,11.);
#1035=CIRCLE('',#4630,3.);
#1036=CIRCLE('',#4631,3.);
#1037=CIRCLE('',#4634,1.);
#1038=CIRCLE('',#4636,3.);
#1039=CIRCLE('',#4637,11.);
#1040=CIRCLE('',#4638,3.);
#1041=CIRCLE('',#4641,1.);
#1042=CIRCLE('',#4643,2.);
#1043=CIRCLE('',#4652,0.5);
#1044=CIRCLE('',#4653,0.5);
#1045=CIRCLE('',#4656,0.5);
#1046=CIRCLE('',#4658,0.5);
#1047=CIRCLE('',#4660,3.);
#1048=CIRCLE('',#4662,3.);
#1049=CIRCLE('',#4664,5.);
#1050=CIRCLE('',#4666,5.);
#1051=CIRCLE('',#4668,3.5);
#1052=CIRCLE('',#4670,3.5);
#1053=CIRCLE('',#4674,5.3);
#1054=CIRCLE('',#4675,0.25);
#1055=CIRCLE('',#4676,5.05);
#1056=CIRCLE('',#4677,5.05);
#1057=CIRCLE('',#4679,6.);
#1058=CIRCLE('',#4681,5.05);
#1059=CIRCLE('',#4683,0.25);
#1060=CIRCLE('',#4684,6.25);
#1061=CIRCLE('',#4685,6.25);
#1062=CIRCLE('',#4687,6.25);
#1063=CIRCLE('',#4688,6.25);
#1064=CIRCLE('',#4690,6.5);
#1065=CIRCLE('',#4692,7.5);
#1066=CIRCLE('',#4694,6.25);
#1067=CIRCLE('',#4695,6.25);
#1068=CIRCLE('',#4696,6.5);
#1069=CIRCLE('',#4698,6.25);
#1070=CIRCLE('',#4699,6.25);
#1071=CIRCLE('',#4701,7.5);
#1072=CIRCLE('',#4703,6.);
#1073=CIRCLE('',#4704,0.25);
#1074=CIRCLE('',#4706,4.);
#1075=CIRCLE('',#4708,3.75);
#1076=CIRCLE('',#4709,3.75);
#1077=CIRCLE('',#4710,0.25);
#1078=CIRCLE('',#4712,3.75);
#1079=CIRCLE('',#4719,0.486499762062169);
#1080=CIRCLE('',#4720,0.486499762062169);
#1081=CIRCLE('',#4721,0.586499788499706);
#1082=CIRCLE('',#4723,8.49999976206217);
#1083=CIRCLE('',#4725,0.486499735624632);
#1084=CIRCLE('',#4727,10.4999998678123);
#1085=CIRCLE('',#4728,0.1);
#1086=CIRCLE('',#4729,10.3999998678123);
#1087=CIRCLE('',#4731,8.5999997488434);
#1088=CIRCLE('',#4733,10.5);
#1089=CIRCLE('',#4735,0.1);
#1090=CIRCLE('',#4736,8.4999997488434);
#1091=CIRCLE('',#4738,8.49999976206217);
#1092=CIRCLE('',#4740,1.9999997488434);
#1093=CIRCLE('',#4741,0.1);
#1094=CIRCLE('',#4742,2.0999997488434);
#1095=CIRCLE('',#4744,1.99999973562463);
#1096=CIRCLE('',#4747,8.49999997356246);
#1097=CIRCLE('',#4752,0.100000000000002);
#1098=CIRCLE('',#4753,0.1);
#1099=CIRCLE('',#4755,0.1);
#1100=CIRCLE('',#4756,1.00000000000001);
#1101=CIRCLE('',#4757,1.10000000000001);
#1102=CIRCLE('',#4759,0.1);
#1103=CIRCLE('',#4761,0.1);
#1104=CIRCLE('',#4762,0.5);
#1105=CIRCLE('',#4763,0.4);
#1106=CIRCLE('',#4765,0.1);
#1107=CIRCLE('',#4767,0.1);
#1108=CIRCLE('',#4768,0.5);
#1109=CIRCLE('',#4769,0.4);
#1110=CIRCLE('',#4771,0.1);
#1111=CIRCLE('',#4773,0.1);
#1112=CIRCLE('',#4774,0.5);
#1113=CIRCLE('',#4775,0.4);
#1114=CIRCLE('',#4777,0.1);
#1115=CIRCLE('',#4779,0.1);
#1116=CIRCLE('',#4780,1.99999999999999);
#1117=CIRCLE('',#4781,2.09999999999999);
#1118=CIRCLE('',#4783,0.1);
#1119=CIRCLE('',#4785,0.1);
#1120=CIRCLE('',#4786,0.5);
#1121=CIRCLE('',#4787,0.4);
#1122=CIRCLE('',#4789,0.1);
#1123=CIRCLE('',#4791,0.1);
#1124=CIRCLE('',#4792,0.5);
#1125=CIRCLE('',#4793,0.4);
#1126=CIRCLE('',#4795,0.1);
#1127=CIRCLE('',#4797,0.5);
#1128=CIRCLE('',#4798,0.4);
#1129=CIRCLE('',#4800,1.99999999999999);
#1130=CIRCLE('',#4803,0.5);
#1131=CIRCLE('',#4806,0.5);
#1132=CIRCLE('',#4809,0.5);
#1133=CIRCLE('',#4812,1.3);
#1134=CIRCLE('',#4813,1.3);
#1135=CIRCLE('',#4814,1.3);
#1136=CIRCLE('',#4815,1.3);
#1137=CIRCLE('',#4816,1.3);
#1138=CIRCLE('',#4817,0.899999999999999);
#1139=CIRCLE('',#4818,1.3);
#1140=CIRCLE('',#4819,0.9);
#1141=CIRCLE('',#4820,1.3);
#1142=CIRCLE('',#4822,0.099999999999999);
#1143=CIRCLE('',#4823,0.4);
#1144=CIRCLE('',#4824,0.1);
#1145=CIRCLE('',#4825,0.5);
#1146=CIRCLE('',#4827,0.1);
#1147=CIRCLE('',#4829,0.1);
#1148=CIRCLE('',#4830,0.5);
#1149=CIRCLE('',#4831,0.4);
#1150=CIRCLE('',#4833,0.1);
#1151=CIRCLE('',#4835,0.1);
#1152=CIRCLE('',#4836,0.5);
#1153=CIRCLE('',#4837,0.4);
#1154=CIRCLE('',#4839,0.1);
#1155=CIRCLE('',#4841,0.1);
#1156=CIRCLE('',#4842,1.00000000000001);
#1157=CIRCLE('',#4843,1.10000000000001);
#1158=CIRCLE('',#4845,0.1);
#1159=CIRCLE('',#4847,0.1);
#1160=CIRCLE('',#4848,0.4);
#1161=CIRCLE('',#4850,0.1);
#1162=CIRCLE('',#4852,0.1);
#1163=CIRCLE('',#4853,0.4);
#1164=CIRCLE('',#4855,0.1);
#1165=CIRCLE('',#4857,0.1);
#1166=CIRCLE('',#4858,0.4);
#1167=CIRCLE('',#4860,0.1);
#1168=CIRCLE('',#4862,0.1);
#1169=CIRCLE('',#4863,2.09999999999999);
#1170=CIRCLE('',#4868,0.9);
#1171=CIRCLE('',#4869,1.3);
#1172=CIRCLE('',#4870,1.3);
#1173=CIRCLE('',#4871,1.3);
#1174=CIRCLE('',#4872,1.3);
#1175=CIRCLE('',#4873,1.3);
#1176=CIRCLE('',#4874,1.3);
#1177=CIRCLE('',#4875,1.3);
#1178=CIRCLE('',#4876,0.899999999999999);
#1179=CIRCLE('',#4878,0.8);
#1180=CIRCLE('',#4880,0.8);
#1181=CIRCLE('',#4882,0.870710678118654);
#1182=CIRCLE('',#4883,0.800000000000001);
#1183=CIRCLE('',#4885,0.800000000000001);
#1184=CIRCLE('',#4889,1.2);
#1185=CIRCLE('',#4891,1.2);
#1186=CIRCLE('',#4893,1.2);
#1187=CIRCLE('',#4895,1.2);
#1188=CIRCLE('',#4897,1.2);
#1189=CIRCLE('',#4899,1.2);
#1190=CIRCLE('',#4901,1.2);
#1191=CIRCLE('',#4903,1.2);
#1192=CIRCLE('',#4905,1.2);
#1193=CIRCLE('',#4907,1.2);
#1194=CIRCLE('',#4909,1.2);
#1195=CIRCLE('',#4911,1.2);
#1196=CIRCLE('',#4913,1.2);
#1197=CIRCLE('',#4915,1.2);
#1198=LINE('',#6374,#1458);
#1199=LINE('',#6376,#1459);
#1200=LINE('',#6406,#1460);
#1201=LINE('',#6408,#1461);
#1202=LINE('',#6411,#1462);
#1203=LINE('',#6464,#1463);
#1204=LINE('',#6477,#1464);
#1205=LINE('',#6481,#1465);
#1206=LINE('',#6493,#1466);
#1207=LINE('',#6496,#1467);
#1208=LINE('',#6503,#1468);
#1209=LINE('',#6506,#1469);
#1210=LINE('',#6517,#1470);
#1211=LINE('',#6518,#1471);
#1212=LINE('',#6523,#1472);
#1213=LINE('',#6525,#1473);
#1214=LINE('',#6527,#1474);
#1215=LINE('',#6529,#1475);
#1216=LINE('',#6536,#1476);
#1217=LINE('',#6539,#1477);
#1218=LINE('',#6542,#1478);
#1219=LINE('',#6546,#1479);
#1220=LINE('',#6548,#1480);
#1221=LINE('',#6550,#1481);
#1222=LINE('',#6552,#1482);
#1223=LINE('',#6557,#1483);
#1224=LINE('',#6559,#1484);
#1225=LINE('',#6561,#1485);
#1226=LINE('',#6563,#1486);
#1227=LINE('',#6565,#1487);
#1228=LINE('',#6567,#1488);
#1229=LINE('',#6572,#1489);
#1230=LINE('',#6574,#1490);
#1231=LINE('',#6576,#1491);
#1232=LINE('',#6579,#1492);
#1233=LINE('',#6584,#1493);
#1234=LINE('',#6588,#1494);
#1235=LINE('',#6592,#1495);
#1236=LINE('',#6594,#1496);
#1237=LINE('',#6596,#1497);
#1238=LINE('',#6600,#1498);
#1239=LINE('',#6602,#1499);
#1240=LINE('',#6604,#1500);
#1241=LINE('',#6606,#1501);
#1242=LINE('',#6612,#1502);
#1243=LINE('',#6614,#1503);
#1244=LINE('',#6616,#1504);
#1245=LINE('',#6618,#1505);
#1246=LINE('',#6622,#1506);
#1247=LINE('',#6626,#1507);
#1248=LINE('',#6647,#1508);
#1249=LINE('',#6653,#1509);
#1250=LINE('',#6661,#1510);
#1251=LINE('',#6665,#1511);
#1252=LINE('',#6668,#1512);
#1253=LINE('',#6676,#1513);
#1254=LINE('',#6682,#1514);
#1255=LINE('',#6687,#1515);
#1256=LINE('',#6688,#1516);
#1257=LINE('',#6691,#1517);
#1258=LINE('',#6697,#1518);
#1259=LINE('',#6701,#1519);
#1260=LINE('',#6705,#1520);
#1261=LINE('',#6706,#1521);
#1262=LINE('',#6709,#1522);
#1263=LINE('',#6713,#1523);
#1264=LINE('',#6719,#1524);
#1265=LINE('',#6723,#1525);
#1266=LINE('',#6724,#1526);
#1267=LINE('',#6729,#1527);
#1268=LINE('',#6732,#1528);
#1269=LINE('',#6737,#1529);
#1270=LINE('',#6738,#1530);
#1271=LINE('',#6741,#1531);
#1272=LINE('',#6744,#1532);
#1273=LINE('',#6747,#1533);
#1274=LINE('',#6748,#1534);
#1275=LINE('',#6754,#1535);
#1276=LINE('',#6757,#1536);
#1277=LINE('',#6761,#1537);
#1278=LINE('',#6766,#1538);
#1279=LINE('',#6768,#1539);
#1280=LINE('',#6770,#1540);
#1281=LINE('',#6772,#1541);
#1282=LINE('',#6773,#1542);
#1283=LINE('',#6794,#1543);
#1284=LINE('',#6829,#1544);
#1285=LINE('',#6830,#1545);
#1286=LINE('',#6840,#1546);
#1287=LINE('',#6841,#1547);
#1288=LINE('',#6853,#1548);
#1289=LINE('',#6859,#1549);
#1290=LINE('',#6879,#1550);
#1291=LINE('',#6884,#1551);
#1292=LINE('',#6888,#1552);
#1293=LINE('',#6892,#1553);
#1294=LINE('',#6893,#1554);
#1295=LINE('',#6899,#1555);
#1296=LINE('',#6902,#1556);
#1297=LINE('',#6906,#1557);
#1298=LINE('',#6912,#1558);
#1299=LINE('',#6914,#1559);
#1300=LINE('',#6915,#1560);
#1301=LINE('',#6920,#1561);
#1302=LINE('',#6926,#1562);
#1303=LINE('',#6945,#1563);
#1304=LINE('',#6949,#1564);
#1305=LINE('',#6951,#1565);
#1306=LINE('',#6957,#1566);
#1307=LINE('',#6959,#1567);
#1308=LINE('',#6961,#1568);
#1309=LINE('',#6965,#1569);
#1310=LINE('',#6968,#1570);
#1311=LINE('',#6979,#1571);
#1312=LINE('',#6981,#1572);
#1313=LINE('',#7007,#1573);
#1314=LINE('',#7022,#1574);
#1315=LINE('',#7044,#1575);
#1316=LINE('',#7051,#1576);
#1317=LINE('',#7054,#1577);
#1318=LINE('',#7057,#1578);
#1319=LINE('',#7058,#1579);
#1320=LINE('',#7061,#1580);
#1321=LINE('',#7065,#1581);
#1322=LINE('',#7067,#1582);
#1323=LINE('',#7068,#1583);
#1324=LINE('',#7070,#1584);
#1325=LINE('',#7072,#1585);
#1326=LINE('',#7074,#1586);
#1327=LINE('',#7077,#1587);
#1328=LINE('',#7079,#1588);
#1329=LINE('',#7082,#1589);
#1330=LINE('',#7083,#1590);
#1331=LINE('',#7086,#1591);
#1332=LINE('',#7087,#1592);
#1333=LINE('',#7091,#1593);
#1334=LINE('',#7093,#1594);
#1335=LINE('',#7095,#1595);
#1336=LINE('',#7098,#1596);
#1337=LINE('',#7101,#1597);
#1338=LINE('',#7118,#1598);
#1339=LINE('',#7131,#1599);
#1340=LINE('',#7133,#1600);
#1341=LINE('',#7145,#1601);
#1342=LINE('',#7149,#1602);
#1343=LINE('',#7152,#1603);
#1344=LINE('',#7161,#1604);
#1345=LINE('',#7165,#1605);
#1346=LINE('',#7190,#1606);
#1347=LINE('',#7193,#1607);
#1348=LINE('',#7194,#1608);
#1349=LINE('',#7196,#1609);
#1350=LINE('',#7200,#1610);
#1351=LINE('',#7203,#1611);
#1352=LINE('',#7208,#1612);
#1353=LINE('',#7212,#1613);
#1354=LINE('',#7217,#1614);
#1355=LINE('',#7222,#1615);
#1356=LINE('',#7230,#1616);
#1357=LINE('',#7235,#1617);
#1358=LINE('',#7240,#1618);
#1359=LINE('',#7282,#1619);
#1360=LINE('',#7725,#1620);
#1361=LINE('',#7849,#1621);
#1362=LINE('',#7860,#1622);
#1363=LINE('',#7869,#1623);
#1364=LINE('',#7876,#1624);
#1365=LINE('',#7883,#1625);
#1366=LINE('',#7890,#1626);
#1367=LINE('',#7907,#1627);
#1368=LINE('',#7995,#1628);
#1369=LINE('',#7999,#1629);
#1370=LINE('',#8009,#1630);
#1371=LINE('',#8015,#1631);
#1372=LINE('',#8111,#1632);
#1373=LINE('',#8114,#1633);
#1374=LINE('',#8116,#1634);
#1375=LINE('',#8119,#1635);
#1376=LINE('',#8127,#1636);
#1377=LINE('',#8134,#1637);
#1378=LINE('',#8148,#1638);
#1379=LINE('',#8156,#1639);
#1380=LINE('',#8165,#1640);
#1381=LINE('',#8172,#1641);
#1382=LINE('',#8180,#1642);
#1383=LINE('',#8183,#1643);
#1384=LINE('',#8194,#1644);
#1385=LINE('',#8195,#1645);
#1386=LINE('',#8206,#1646);
#1387=LINE('',#8207,#1647);
#1388=LINE('',#8218,#1648);
#1389=LINE('',#8219,#1649);
#1390=LINE('',#8230,#1650);
#1391=LINE('',#8231,#1651);
#1392=LINE('',#8242,#1652);
#1393=LINE('',#8243,#1653);
#1394=LINE('',#8254,#1654);
#1395=LINE('',#8255,#1655);
#1396=LINE('',#8266,#1656);
#1397=LINE('',#8267,#1657);
#1398=LINE('',#8273,#1658);
#1399=LINE('',#8276,#1659);
#1400=LINE('',#8279,#1660);
#1401=LINE('',#8280,#1661);
#1402=LINE('',#8283,#1662);
#1403=LINE('',#8287,#1663);
#1404=LINE('',#8288,#1664);
#1405=LINE('',#8291,#1665);
#1406=LINE('',#8295,#1666);
#1407=LINE('',#8296,#1667);
#1408=LINE('',#8299,#1668);
#1409=LINE('',#8303,#1669);
#1410=LINE('',#8304,#1670);
#1411=LINE('',#8337,#1671);
#1412=LINE('',#8338,#1672);
#1413=LINE('',#8349,#1673);
#1414=LINE('',#8350,#1674);
#1415=LINE('',#8361,#1675);
#1416=LINE('',#8362,#1676);
#1417=LINE('',#8371,#1677);
#1418=LINE('',#8379,#1678);
#1419=LINE('',#8387,#1679);
#1420=LINE('',#8395,#1680);
#1421=LINE('',#8401,#1681);
#1422=LINE('',#8402,#1682);
#1423=LINE('',#8404,#1683);
#1424=LINE('',#8406,#1684);
#1425=LINE('',#8428,#1685);
#1426=LINE('',#8432,#1686);
#1427=LINE('',#8438,#1687);
#1428=LINE('',#8443,#1688);
#1429=LINE('',#8445,#1689);
#1430=LINE('',#8447,#1690);
#1431=LINE('',#8450,#1691);
#1432=LINE('',#8454,#1692);
#1433=LINE('',#8458,#1693);
#1434=LINE('',#8462,#1694);
#1435=LINE('',#8466,#1695);
#1436=LINE('',#8470,#1696);
#1437=LINE('',#8474,#1697);
#1438=LINE('',#8478,#1698);
#1439=LINE('',#8482,#1699);
#1440=LINE('',#8486,#1700);
#1441=LINE('',#8490,#1701);
#1442=LINE('',#8494,#1702);
#1443=LINE('',#8499,#1703);
#1444=LINE('',#8503,#1704);
#1445=LINE('',#8505,#1705);
#1446=LINE('',#8507,#1706);
#1447=LINE('',#8509,#1707);
#1448=LINE('',#8511,#1708);
#1449=LINE('',#8513,#1709);
#1450=LINE('',#8515,#1710);
#1451=LINE('',#8517,#1711);
#1452=LINE('',#8519,#1712);
#1453=LINE('',#8521,#1713);
#1454=LINE('',#8522,#1714);
#1455=LINE('',#8524,#1715);
#1456=LINE('',#8526,#1716);
#1457=LINE('',#8529,#1717);
#1458=VECTOR('',#4947,6.2);
#1459=VECTOR('',#4948,6.2);
#1460=VECTOR('',#4959,10.);
#1461=VECTOR('',#4960,10.);
#1462=VECTOR('',#4963,10.);
#1463=VECTOR('',#5010,10.);
#1464=VECTOR('',#5011,10.);
#1465=VECTOR('',#5014,10.);
#1466=VECTOR('',#5015,10.);
#1467=VECTOR('',#5018,10.);
#1468=VECTOR('',#5025,10.);
#1469=VECTOR('',#5028,10.);
#1470=VECTOR('',#5041,10.);
#1471=VECTOR('',#5042,10.);
#1472=VECTOR('',#5047,10.);
#1473=VECTOR('',#5048,10.);
#1474=VECTOR('',#5049,10.);
#1475=VECTOR('',#5052,10.);
#1476=VECTOR('',#5063,10.);
#1477=VECTOR('',#5066,10.);
#1478=VECTOR('',#5069,10.);
#1479=VECTOR('',#5072,10.);
#1480=VECTOR('',#5073,10.);
#1481=VECTOR('',#5074,10.);
#1482=VECTOR('',#5075,10.);
#1483=VECTOR('',#5080,10.);
#1484=VECTOR('',#5081,10.);
#1485=VECTOR('',#5082,10.);
#1486=VECTOR('',#5083,10.);
#1487=VECTOR('',#5084,10.);
#1488=VECTOR('',#5085,10.);
#1489=VECTOR('',#5090,10.);
#1490=VECTOR('',#5091,10.);
#1491=VECTOR('',#5092,10.);
#1492=VECTOR('',#5095,10.);
#1493=VECTOR('',#5100,10.);
#1494=VECTOR('',#5103,10.);
#1495=VECTOR('',#5106,10.);
#1496=VECTOR('',#5107,10.);
#1497=VECTOR('',#5108,10.);
#1498=VECTOR('',#5111,10.);
#1499=VECTOR('',#5112,10.);
#1500=VECTOR('',#5113,10.);
#1501=VECTOR('',#5114,10.);
#1502=VECTOR('',#5119,10.);
#1503=VECTOR('',#5120,10.);
#1504=VECTOR('',#5121,10.);
#1505=VECTOR('',#5122,10.);
#1506=VECTOR('',#5125,10.);
#1507=VECTOR('',#5128,10.);
#1508=VECTOR('',#5155,10.);
#1509=VECTOR('',#5164,10.);
#1510=VECTOR('',#5175,10.);
#1511=VECTOR('',#5180,10.);
#1512=VECTOR('',#5183,10.);
#1513=VECTOR('',#5194,10.);
#1514=VECTOR('',#5203,10.);
#1515=VECTOR('',#5210,10.);
#1516=VECTOR('',#5211,10.);
#1517=VECTOR('',#5214,10.);
#1518=VECTOR('',#5223,10.);
#1519=VECTOR('',#5228,10.);
#1520=VECTOR('',#5233,10.);
#1521=VECTOR('',#5234,10.);
#1522=VECTOR('',#5237,10.);
#1523=VECTOR('',#5242,10.);
#1524=VECTOR('',#5249,10.);
#1525=VECTOR('',#5254,10.);
#1526=VECTOR('',#5255,10.);
#1527=VECTOR('',#5262,10.);
#1528=VECTOR('',#5265,10.);
#1529=VECTOR('',#5270,10.);
#1530=VECTOR('',#5271,10.);
#1531=VECTOR('',#5274,10.);
#1532=VECTOR('',#5277,10.);
#1533=VECTOR('',#5280,10.);
#1534=VECTOR('',#5281,10.);
#1535=VECTOR('',#5286,10.);
#1536=VECTOR('',#5289,10.);
#1537=VECTOR('',#5294,10.);
#1538=VECTOR('',#5303,10.);
#1539=VECTOR('',#5304,10.);
#1540=VECTOR('',#5305,10.);
#1541=VECTOR('',#5306,10.);
#1542=VECTOR('',#5307,10.);
#1543=VECTOR('',#5316,10.);
#1544=VECTOR('',#5327,10.);
#1545=VECTOR('',#5328,10.);
#1546=VECTOR('',#5331,10.);
#1547=VECTOR('',#5332,10.);
#1548=VECTOR('',#5337,10.);
#1549=VECTOR('',#5344,10.);
#1550=VECTOR('',#5345,10.);
#1551=VECTOR('',#5352,0.8115);
#1552=VECTOR('',#5357,10.);
#1553=VECTOR('',#5362,10.);
#1554=VECTOR('',#5363,10.);
#1555=VECTOR('',#5368,10.);
#1556=VECTOR('',#5371,10.);
#1557=VECTOR('',#5376,10.);
#1558=VECTOR('',#5385,10.);
#1559=VECTOR('',#5386,10.);
#1560=VECTOR('',#5387,10.);
#1561=VECTOR('',#5394,10.);
#1562=VECTOR('',#5401,10.);
#1563=VECTOR('',#5408,10.);
#1564=VECTOR('',#5413,10.);
#1565=VECTOR('',#5414,10.);
#1566=VECTOR('',#5419,10.);
#1567=VECTOR('',#5420,10.);
#1568=VECTOR('',#5421,10.);
#1569=VECTOR('',#5426,10.);
#1570=VECTOR('',#5431,10.);
#1571=VECTOR('',#5440,10.);
#1572=VECTOR('',#5441,10.);
#1573=VECTOR('',#5446,10.);
#1574=VECTOR('',#5453,10.);
#1575=VECTOR('',#5454,10.);
#1576=VECTOR('',#5463,10.);
#1577=VECTOR('',#5468,10.);
#1578=VECTOR('',#5471,10.);
#1579=VECTOR('',#5472,10.);
#1580=VECTOR('',#5475,10.);
#1581=VECTOR('',#5480,10.);
#1582=VECTOR('',#5481,10.);
#1583=VECTOR('',#5482,10.);
#1584=VECTOR('',#5485,10.);
#1585=VECTOR('',#5488,10.);
#1586=VECTOR('',#5491,10.);
#1587=VECTOR('',#5496,10.);
#1588=VECTOR('',#5499,10.);
#1589=VECTOR('',#5502,10.);
#1590=VECTOR('',#5503,10.);
#1591=VECTOR('',#5506,10.);
#1592=VECTOR('',#5507,10.);
#1593=VECTOR('',#5512,10.);
#1594=VECTOR('',#5513,5.);
#1595=VECTOR('',#5516,10.);
#1596=VECTOR('',#5519,10.);
#1597=VECTOR('',#5524,10.);
#1598=VECTOR('',#5531,10.);
#1599=VECTOR('',#5536,10.);
#1600=VECTOR('',#5539,10.);
#1601=VECTOR('',#5542,5.);
#1602=VECTOR('',#5547,6.2);
#1603=VECTOR('',#5550,5.);
#1604=VECTOR('',#5555,10.);
#1605=VECTOR('',#5560,10.);
#1606=VECTOR('',#5567,10.);
#1607=VECTOR('',#5570,10.);
#1608=VECTOR('',#5571,10.);
#1609=VECTOR('',#5574,6.2);
#1610=VECTOR('',#5581,10.);
#1611=VECTOR('',#5584,0.8115);
#1612=VECTOR('',#5591,0.8115);
#1613=VECTOR('',#5596,0.8);
#1614=VECTOR('',#5603,0.8);
#1615=VECTOR('',#5610,0.8115);
#1616=VECTOR('',#5623,0.8115);
#1617=VECTOR('',#5630,0.8115);
#1618=VECTOR('',#5637,0.8115);
#1619=VECTOR('',#5654,10.);
#1620=VECTOR('',#5671,10.);
#1621=VECTOR('',#5680,10.);
#1622=VECTOR('',#5697,0.5);
#1623=VECTOR('',#5710,0.5);
#1624=VECTOR('',#5719,3.);
#1625=VECTOR('',#5728,5.);
#1626=VECTOR('',#5737,3.5);
#1627=VECTOR('',#5760,5.05);
#1628=VECTOR('',#5775,6.25);
#1629=VECTOR('',#5780,6.375);
#1630=VECTOR('',#5791,6.375);
#1631=VECTOR('',#5798,6.25);
#1632=VECTOR('',#5825,3.75);
#1633=VECTOR('',#5830,0.8);
#1634=VECTOR('',#5833,0.8);
#1635=VECTOR('',#5838,7.5);
#1636=VECTOR('',#5847,0.536499775280937);
#1637=VECTOR('',#5856,0.486499762062169);
#1638=VECTOR('',#5875,10.4999998678123);
#1639=VECTOR('',#5886,8.4999997488434);
#1640=VECTOR('',#5897,1.9999997488434);
#1641=VECTOR('',#5908,8.49999986781231);
#1642=VECTOR('',#5917,10.);
#1643=VECTOR('',#5920,10.);
#1644=VECTOR('',#5933,10.);
#1645=VECTOR('',#5934,10.);
#1646=VECTOR('',#5947,10.);
#1647=VECTOR('',#5948,10.);
#1648=VECTOR('',#5961,10.);
#1649=VECTOR('',#5962,10.);
#1650=VECTOR('',#5975,10.);
#1651=VECTOR('',#5976,10.);
#1652=VECTOR('',#5989,10.);
#1653=VECTOR('',#5990,10.);
#1654=VECTOR('',#6003,10.);
#1655=VECTOR('',#6004,10.);
#1656=VECTOR('',#6017,10.);
#1657=VECTOR('',#6018,10.);
#1658=VECTOR('',#6027,10.);
#1659=VECTOR('',#6030,10.);
#1660=VECTOR('',#6033,10.);
#1661=VECTOR('',#6034,10.);
#1662=VECTOR('',#6037,10.);
#1663=VECTOR('',#6042,10.);
#1664=VECTOR('',#6043,10.);
#1665=VECTOR('',#6046,10.);
#1666=VECTOR('',#6051,10.);
#1667=VECTOR('',#6052,10.);
#1668=VECTOR('',#6055,10.);
#1669=VECTOR('',#6060,10.);
#1670=VECTOR('',#6061,10.);
#1671=VECTOR('',#6096,10.);
#1672=VECTOR('',#6097,10.);
#1673=VECTOR('',#6110,10.);
#1674=VECTOR('',#6111,10.);
#1675=VECTOR('',#6124,10.);
#1676=VECTOR('',#6125,10.);
#1677=VECTOR('',#6138,10.);
#1678=VECTOR('',#6149,10.);
#1679=VECTOR('',#6160,10.);
#1680=VECTOR('',#6171,10.);
#1681=VECTOR('',#6180,10.);
#1682=VECTOR('',#6181,10.);
#1683=VECTOR('',#6184,10.);
#1684=VECTOR('',#6187,10.);
#1685=VECTOR('',#6210,0.85);
#1686=VECTOR('',#6215,0.8);
#1687=VECTOR('',#6222,0.835355339059327);
#1688=VECTOR('',#6229,0.800000000000001);
#1689=VECTOR('',#6232,0.85);
#1690=VECTOR('',#6235,0.85);
#1691=VECTOR('',#6238,1.25);
#1692=VECTOR('',#6243,1.2);
#1693=VECTOR('',#6248,1.25);
#1694=VECTOR('',#6253,1.2);
#1695=VECTOR('',#6258,1.25);
#1696=VECTOR('',#6263,1.2);
#1697=VECTOR('',#6268,1.25);
#1698=VECTOR('',#6273,1.2);
#1699=VECTOR('',#6278,1.25);
#1700=VECTOR('',#6283,1.2);
#1701=VECTOR('',#6288,1.25);
#1702=VECTOR('',#6293,1.2);
#1703=VECTOR('',#6300,1.25);
#1704=VECTOR('',#6305,1.2);
#1705=VECTOR('',#6308,1.25);
#1706=VECTOR('',#6311,1.25);
#1707=VECTOR('',#6314,1.25);
#1708=VECTOR('',#6317,0.85);
#1709=VECTOR('',#6320,1.25);
#1710=VECTOR('',#6323,1.25);
#1711=VECTOR('',#6326,1.25);
#1712=VECTOR('',#6329,1.25);
#1713=VECTOR('',#6332,10.);
#1714=VECTOR('',#6333,10.);
#1715=VECTOR('',#6336,10.);
#1716=VECTOR('',#6339,10.);
#1717=VECTOR('',#6344,10.);
#1718=VERTEX_POINT('',#6372);
#1719=VERTEX_POINT('',#6373);
#1720=VERTEX_POINT('',#6375);
#1721=VERTEX_POINT('',#6377);
#1722=VERTEX_POINT('',#6380);
#1723=VERTEX_POINT('',#6382);
#1724=VERTEX_POINT('',#6384);
#1725=VERTEX_POINT('',#6386);
#1726=VERTEX_POINT('',#6405);
#1727=VERTEX_POINT('',#6407);
#1728=VERTEX_POINT('',#6409);
#1729=VERTEX_POINT('',#6413);
#1730=VERTEX_POINT('',#6417);
#1731=VERTEX_POINT('',#6418);
#1732=VERTEX_POINT('',#6420);
#1733=VERTEX_POINT('',#6422);
#1734=VERTEX_POINT('',#6426);
#1735=VERTEX_POINT('',#6447);
#1736=VERTEX_POINT('',#6449);
#1737=VERTEX_POINT('',#6453);
#1738=VERTEX_POINT('',#6457);
#1739=VERTEX_POINT('',#6463);
#1740=VERTEX_POINT('',#6465);
#1741=VERTEX_POINT('',#6471);
#1742=VERTEX_POINT('',#6476);
#1743=VERTEX_POINT('',#6478);
#1744=VERTEX_POINT('',#6480);
#1745=VERTEX_POINT('',#6482);
#1746=VERTEX_POINT('',#6487);
#1747=VERTEX_POINT('',#6495);
#1748=VERTEX_POINT('',#6499);
#1749=VERTEX_POINT('',#6500);
#1750=VERTEX_POINT('',#6502);
#1751=VERTEX_POINT('',#6504);
#1752=VERTEX_POINT('',#6508);
#1753=VERTEX_POINT('',#6509);
#1754=VERTEX_POINT('',#6514);
#1755=VERTEX_POINT('',#6515);
#1756=VERTEX_POINT('',#6520);
#1757=VERTEX_POINT('',#6522);
#1758=VERTEX_POINT('',#6524);
#1759=VERTEX_POINT('',#6526);
#1760=VERTEX_POINT('',#6535);
#1761=VERTEX_POINT('',#6537);
#1762=VERTEX_POINT('',#6541);
#1763=VERTEX_POINT('',#6543);
#1764=VERTEX_POINT('',#6545);
#1765=VERTEX_POINT('',#6547);
#1766=VERTEX_POINT('',#6549);
#1767=VERTEX_POINT('',#6551);
#1768=VERTEX_POINT('',#6553);
#1769=VERTEX_POINT('',#6556);
#1770=VERTEX_POINT('',#6558);
#1771=VERTEX_POINT('',#6560);
#1772=VERTEX_POINT('',#6562);
#1773=VERTEX_POINT('',#6564);
#1774=VERTEX_POINT('',#6566);
#1775=VERTEX_POINT('',#6568);
#1776=VERTEX_POINT('',#6571);
#1777=VERTEX_POINT('',#6573);
#1778=VERTEX_POINT('',#6575);
#1779=VERTEX_POINT('',#6577);
#1780=VERTEX_POINT('',#6580);
#1781=VERTEX_POINT('',#6583);
#1782=VERTEX_POINT('',#6585);
#1783=VERTEX_POINT('',#6587);
#1784=VERTEX_POINT('',#6589);
#1785=VERTEX_POINT('',#6591);
#1786=VERTEX_POINT('',#6593);
#1787=VERTEX_POINT('',#6595);
#1788=VERTEX_POINT('',#6597);
#1789=VERTEX_POINT('',#6599);
#1790=VERTEX_POINT('',#6601);
#1791=VERTEX_POINT('',#6603);
#1792=VERTEX_POINT('',#6605);
#1793=VERTEX_POINT('',#6607);
#1794=VERTEX_POINT('',#6609);
#1795=VERTEX_POINT('',#6611);
#1796=VERTEX_POINT('',#6613);
#1797=VERTEX_POINT('',#6615);
#1798=VERTEX_POINT('',#6617);
#1799=VERTEX_POINT('',#6619);
#1800=VERTEX_POINT('',#6621);
#1801=VERTEX_POINT('',#6623);
#1802=VERTEX_POINT('',#6625);
#1803=VERTEX_POINT('',#6628);
#1804=VERTEX_POINT('',#6630);
#1805=VERTEX_POINT('',#6632);
#1806=VERTEX_POINT('',#6634);
#1807=VERTEX_POINT('',#6636);
#1808=VERTEX_POINT('',#6639);
#1809=VERTEX_POINT('',#6642);
#1810=VERTEX_POINT('',#6651);
#1811=VERTEX_POINT('',#6655);
#1812=VERTEX_POINT('',#6659);
#1813=VERTEX_POINT('',#6663);
#1814=VERTEX_POINT('',#6666);
#1815=VERTEX_POINT('',#6672);
#1816=VERTEX_POINT('',#6674);
#1817=VERTEX_POINT('',#6678);
#1818=VERTEX_POINT('',#6686);
#1819=VERTEX_POINT('',#6690);
#1820=VERTEX_POINT('',#6696);
#1821=VERTEX_POINT('',#6700);
#1822=VERTEX_POINT('',#6704);
#1823=VERTEX_POINT('',#6708);
#1824=VERTEX_POINT('',#6712);
#1825=VERTEX_POINT('',#6715);
#1826=VERTEX_POINT('',#6718);
#1827=VERTEX_POINT('',#6722);
#1828=VERTEX_POINT('',#6728);
#1829=VERTEX_POINT('',#6730);
#1830=VERTEX_POINT('',#6734);
#1831=VERTEX_POINT('',#6736);
#1832=VERTEX_POINT('',#6740);
#1833=VERTEX_POINT('',#6742);
#1834=VERTEX_POINT('',#6746);
#1835=VERTEX_POINT('',#6750);
#1836=VERTEX_POINT('',#6751);
#1837=VERTEX_POINT('',#6753);
#1838=VERTEX_POINT('',#6755);
#1839=VERTEX_POINT('',#6760);
#1840=VERTEX_POINT('',#6767);
#1841=VERTEX_POINT('',#6769);
#1842=VERTEX_POINT('',#6771);
#1843=VERTEX_POINT('',#6777);
#1844=VERTEX_POINT('',#6779);
#1845=VERTEX_POINT('',#6820);
#1846=VERTEX_POINT('',#6821);
#1847=VERTEX_POINT('',#6826);
#1848=VERTEX_POINT('',#6827);
#1849=VERTEX_POINT('',#6832);
#1850=VERTEX_POINT('',#6839);
#1851=VERTEX_POINT('',#6850);
#1852=VERTEX_POINT('',#6852);
#1853=VERTEX_POINT('',#6856);
#1854=VERTEX_POINT('',#6858);
#1855=VERTEX_POINT('',#6860);
#1856=VERTEX_POINT('',#6883);
#1857=VERTEX_POINT('',#6887);
#1858=VERTEX_POINT('',#6891);
#1859=VERTEX_POINT('',#6895);
#1860=VERTEX_POINT('',#6896);
#1861=VERTEX_POINT('',#6898);
#1862=VERTEX_POINT('',#6900);
#1863=VERTEX_POINT('',#6905);
#1864=VERTEX_POINT('',#6911);
#1865=VERTEX_POINT('',#6913);
#1866=VERTEX_POINT('',#6919);
#1867=VERTEX_POINT('',#6923);
#1868=VERTEX_POINT('',#6925);
#1869=VERTEX_POINT('',#6929);
#1870=VERTEX_POINT('',#6948);
#1871=VERTEX_POINT('',#6950);
#1872=VERTEX_POINT('',#6952);
#1873=VERTEX_POINT('',#6954);
#1874=VERTEX_POINT('',#6956);
#1875=VERTEX_POINT('',#6958);
#1876=VERTEX_POINT('',#6960);
#1877=VERTEX_POINT('',#6964);
#1878=VERTEX_POINT('',#6973);
#1879=VERTEX_POINT('',#6978);
#1880=VERTEX_POINT('',#6980);
#1881=VERTEX_POINT('',#6982);
#1882=VERTEX_POINT('',#7004);
#1883=VERTEX_POINT('',#7006);
#1884=VERTEX_POINT('',#7021);
#1885=VERTEX_POINT('',#7023);
#1886=VERTEX_POINT('',#7046);
#1887=VERTEX_POINT('',#7050);
#1888=VERTEX_POINT('',#7056);
#1889=VERTEX_POINT('',#7060);
#1890=VERTEX_POINT('',#7064);
#1891=VERTEX_POINT('',#7066);
#1892=VERTEX_POINT('',#7081);
#1893=VERTEX_POINT('',#7085);
#1894=VERTEX_POINT('',#7089);
#1895=VERTEX_POINT('',#7092);
#1896=VERTEX_POINT('',#7097);
#1897=VERTEX_POINT('',#7105);
#1898=VERTEX_POINT('',#7106);
#1899=VERTEX_POINT('',#7117);
#1900=VERTEX_POINT('',#7120);
#1901=VERTEX_POINT('',#7122);
#1902=VERTEX_POINT('',#7135);
#1903=VERTEX_POINT('',#7144);
#1904=VERTEX_POINT('',#7148);
#1905=VERTEX_POINT('',#7151);
#1906=VERTEX_POINT('',#7154);
#1907=VERTEX_POINT('',#7160);
#1908=VERTEX_POINT('',#7164);
#1909=VERTEX_POINT('',#7177);
#1910=VERTEX_POINT('',#7192);
#1911=VERTEX_POINT('',#7202);
#1912=VERTEX_POINT('',#7207);
#1913=VERTEX_POINT('',#7211);
#1914=VERTEX_POINT('',#7216);
#1915=VERTEX_POINT('',#7221);
#1916=VERTEX_POINT('',#7229);
#1917=VERTEX_POINT('',#7234);
#1918=VERTEX_POINT('',#7239);
#1919=VERTEX_POINT('',#7244);
#1920=VERTEX_POINT('',#7272);
#1921=VERTEX_POINT('',#7274);
#1922=VERTEX_POINT('',#7308);
#1923=VERTEX_POINT('',#7322);
#1924=VERTEX_POINT('',#7405);
#1925=VERTEX_POINT('',#7535);
#1926=VERTEX_POINT('',#7563);
#1927=VERTEX_POINT('',#7595);
#1928=VERTEX_POINT('',#7723);
#1929=VERTEX_POINT('',#7857);
#1930=VERTEX_POINT('',#7859);
#1931=VERTEX_POINT('',#7864);
#1932=VERTEX_POINT('',#7867);
#1933=VERTEX_POINT('',#7871);
#1934=VERTEX_POINT('',#7874);
#1935=VERTEX_POINT('',#7878);
#1936=VERTEX_POINT('',#7881);
#1937=VERTEX_POINT('',#7885);
#1938=VERTEX_POINT('',#7888);
#1939=VERTEX_POINT('',#7894);
#1940=VERTEX_POINT('',#7896);
#1941=VERTEX_POINT('',#7898);
#1942=VERTEX_POINT('',#7902);
#1943=VERTEX_POINT('',#7905);
#1944=VERTEX_POINT('',#7908);
#1945=VERTEX_POINT('',#7909);
#1946=VERTEX_POINT('',#7946);
#1947=VERTEX_POINT('',#7947);
#1948=VERTEX_POINT('',#7985);
#1949=VERTEX_POINT('',#7987);
#1950=VERTEX_POINT('',#7991);
#1951=VERTEX_POINT('',#7992);
#1952=VERTEX_POINT('',#7997);
#1953=VERTEX_POINT('',#8001);
#1954=VERTEX_POINT('',#8004);
#1955=VERTEX_POINT('',#8005);
#1956=VERTEX_POINT('',#8008);
#1957=VERTEX_POINT('',#8012);
#1958=VERTEX_POINT('',#8013);
#1959=VERTEX_POINT('',#8017);
#1960=VERTEX_POINT('',#8018);
#1961=VERTEX_POINT('',#8055);
#1962=VERTEX_POINT('',#8056);
#1963=VERTEX_POINT('',#8094);
#1964=VERTEX_POINT('',#8097);
#1965=VERTEX_POINT('',#8101);
#1966=VERTEX_POINT('',#8104);
#1967=VERTEX_POINT('',#8105);
#1968=VERTEX_POINT('',#8110);
#1969=VERTEX_POINT('',#8122);
#1970=VERTEX_POINT('',#8123);
#1971=VERTEX_POINT('',#8126);
#1972=VERTEX_POINT('',#8130);
#1973=VERTEX_POINT('',#8133);
#1974=VERTEX_POINT('',#8137);
#1975=VERTEX_POINT('',#8139);
#1976=VERTEX_POINT('',#8143);
#1977=VERTEX_POINT('',#8146);
#1978=VERTEX_POINT('',#8150);
#1979=VERTEX_POINT('',#8154);
#1980=VERTEX_POINT('',#8158);
#1981=VERTEX_POINT('',#8160);
#1982=VERTEX_POINT('',#8164);
#1983=VERTEX_POINT('',#8169);
#1984=VERTEX_POINT('',#8176);
#1985=VERTEX_POINT('',#8177);
#1986=VERTEX_POINT('',#8179);
#1987=VERTEX_POINT('',#8181);
#1988=VERTEX_POINT('',#8185);
#1989=VERTEX_POINT('',#8186);
#1990=VERTEX_POINT('',#8191);
#1991=VERTEX_POINT('',#8192);
#1992=VERTEX_POINT('',#8197);
#1993=VERTEX_POINT('',#8198);
#1994=VERTEX_POINT('',#8203);
#1995=VERTEX_POINT('',#8204);
#1996=VERTEX_POINT('',#8209);
#1997=VERTEX_POINT('',#8210);
#1998=VERTEX_POINT('',#8215);
#1999=VERTEX_POINT('',#8216);
#2000=VERTEX_POINT('',#8221);
#2001=VERTEX_POINT('',#8222);
#2002=VERTEX_POINT('',#8227);
#2003=VERTEX_POINT('',#8228);
#2004=VERTEX_POINT('',#8233);
#2005=VERTEX_POINT('',#8234);
#2006=VERTEX_POINT('',#8239);
#2007=VERTEX_POINT('',#8240);
#2008=VERTEX_POINT('',#8245);
#2009=VERTEX_POINT('',#8246);
#2010=VERTEX_POINT('',#8251);
#2011=VERTEX_POINT('',#8252);
#2012=VERTEX_POINT('',#8257);
#2013=VERTEX_POINT('',#8258);
#2014=VERTEX_POINT('',#8263);
#2015=VERTEX_POINT('',#8264);
#2016=VERTEX_POINT('',#8272);
#2017=VERTEX_POINT('',#8274);
#2018=VERTEX_POINT('',#8278);
#2019=VERTEX_POINT('',#8282);
#2020=VERTEX_POINT('',#8286);
#2021=VERTEX_POINT('',#8290);
#2022=VERTEX_POINT('',#8294);
#2023=VERTEX_POINT('',#8298);
#2024=VERTEX_POINT('',#8302);
#2025=VERTEX_POINT('',#8306);
#2026=VERTEX_POINT('',#8308);
#2027=VERTEX_POINT('',#8310);
#2028=VERTEX_POINT('',#8312);
#2029=VERTEX_POINT('',#8314);
#2030=VERTEX_POINT('',#8316);
#2031=VERTEX_POINT('',#8318);
#2032=VERTEX_POINT('',#8320);
#2033=VERTEX_POINT('',#8322);
#2034=VERTEX_POINT('',#8325);
#2035=VERTEX_POINT('',#8326);
#2036=VERTEX_POINT('',#8328);
#2037=VERTEX_POINT('',#8330);
#2038=VERTEX_POINT('',#8334);
#2039=VERTEX_POINT('',#8335);
#2040=VERTEX_POINT('',#8340);
#2041=VERTEX_POINT('',#8341);
#2042=VERTEX_POINT('',#8346);
#2043=VERTEX_POINT('',#8347);
#2044=VERTEX_POINT('',#8352);
#2045=VERTEX_POINT('',#8353);
#2046=VERTEX_POINT('',#8358);
#2047=VERTEX_POINT('',#8359);
#2048=VERTEX_POINT('',#8364);
#2049=VERTEX_POINT('',#8369);
#2050=VERTEX_POINT('',#8373);
#2051=VERTEX_POINT('',#8377);
#2052=VERTEX_POINT('',#8381);
#2053=VERTEX_POINT('',#8385);
#2054=VERTEX_POINT('',#8389);
#2055=VERTEX_POINT('',#8393);
#2056=VERTEX_POINT('',#8397);
#2057=VERTEX_POINT('',#8408);
#2058=VERTEX_POINT('',#8410);
#2059=VERTEX_POINT('',#8412);
#2060=VERTEX_POINT('',#8414);
#2061=VERTEX_POINT('',#8416);
#2062=VERTEX_POINT('',#8418);
#2063=VERTEX_POINT('',#8420);
#2064=VERTEX_POINT('',#8422);
#2065=VERTEX_POINT('',#8424);
#2066=VERTEX_POINT('',#8427);
#2067=VERTEX_POINT('',#8431);
#2068=VERTEX_POINT('',#8435);
#2069=VERTEX_POINT('',#8437);
#2070=VERTEX_POINT('',#8441);
#2071=VERTEX_POINT('',#8449);
#2072=VERTEX_POINT('',#8453);
#2073=VERTEX_POINT('',#8457);
#2074=VERTEX_POINT('',#8461);
#2075=VERTEX_POINT('',#8465);
#2076=VERTEX_POINT('',#8469);
#2077=VERTEX_POINT('',#8473);
#2078=VERTEX_POINT('',#8477);
#2079=VERTEX_POINT('',#8481);
#2080=VERTEX_POINT('',#8485);
#2081=VERTEX_POINT('',#8489);
#2082=VERTEX_POINT('',#8493);
#2083=VERTEX_POINT('',#8497);
#2084=VERTEX_POINT('',#8501);
#2085=EDGE_CURVE('',#1718,#1719,#1198,.T.);
#2086=EDGE_CURVE('',#1720,#1718,#1199,.T.);
#2087=EDGE_CURVE('',#1721,#1720,#901,.T.);
#2088=EDGE_CURVE('',#1720,#1721,#902,.T.);
#2089=EDGE_CURVE('',#1718,#1722,#888,.T.);
#2090=EDGE_CURVE('',#1722,#1723,#889,.T.);
#2091=EDGE_CURVE('',#1723,#1724,#890,.T.);
#2092=EDGE_CURVE('',#1725,#1724,#848,.T.);
#2093=EDGE_CURVE('',#1725,#1726,#1200,.T.);
#2094=EDGE_CURVE('',#1726,#1727,#1201,.T.);
#2095=EDGE_CURVE('',#1728,#1727,#903,.T.);
#2096=EDGE_CURVE('',#1719,#1728,#1202,.T.);
#2097=EDGE_CURVE('',#1729,#1729,#904,.T.);
#2098=EDGE_CURVE('',#1729,#1721,#905,.T.);
#2099=EDGE_CURVE('',#1730,#1731,#906,.T.);
#2100=EDGE_CURVE('',#1732,#1730,#907,.T.);
#2101=EDGE_CURVE('',#1733,#1732,#908,.T.);
#2102=EDGE_CURVE('',#1731,#1733,#909,.T.);
#2103=EDGE_CURVE('',#1734,#1719,#849,.T.);
#2104=EDGE_CURVE('',#1734,#1718,#891,.T.);
#2105=EDGE_CURVE('',#1735,#1730,#910,.T.);
#2106=EDGE_CURVE('',#1731,#1736,#911,.T.);
#2107=EDGE_CURVE('',#1736,#1735,#912,.T.);
#2108=EDGE_CURVE('',#1733,#1737,#913,.T.);
#2109=EDGE_CURVE('',#1737,#1736,#914,.T.);
#2110=EDGE_CURVE('',#1732,#1738,#915,.T.);
#2111=EDGE_CURVE('',#1738,#1737,#916,.T.);
#2112=EDGE_CURVE('',#1735,#1738,#917,.T.);
#2113=EDGE_CURVE('',#1739,#1735,#1203,.T.);
#2114=EDGE_CURVE('',#1740,#1739,#850,.T.);
#2115=EDGE_CURVE('',#1741,#1740,#851,.T.);
#2116=EDGE_CURVE('',#1741,#1742,#1204,.T.);
#2117=EDGE_CURVE('',#1743,#1742,#918,.T.);
#2118=EDGE_CURVE('',#1743,#1744,#1205,.T.);
#2119=EDGE_CURVE('',#1745,#1744,#852,.T.);
#2120=EDGE_CURVE('',#1746,#1745,#853,.T.);
#2121=EDGE_CURVE('',#1738,#1746,#1206,.T.);
#2122=EDGE_CURVE('',#1736,#1747,#1207,.T.);
#2123=EDGE_CURVE('',#1739,#1747,#919,.T.);
#2124=EDGE_CURVE('',#1748,#1749,#920,.T.);
#2125=EDGE_CURVE('',#1749,#1750,#1208,.T.);
#2126=EDGE_CURVE('',#1750,#1751,#921,.T.);
#2127=EDGE_CURVE('',#1751,#1748,#1209,.T.);
#2128=EDGE_CURVE('',#1752,#1753,#922,.T.);
#2129=EDGE_CURVE('',#1753,#1751,#923,.T.);
#2130=EDGE_CURVE('',#1750,#1752,#924,.T.);
#2131=EDGE_CURVE('',#1754,#1755,#925,.T.);
#2132=EDGE_CURVE('',#1755,#1753,#1210,.T.);
#2133=EDGE_CURVE('',#1752,#1754,#1211,.T.);
#2134=EDGE_CURVE('',#1749,#1756,#926,.T.);
#2135=EDGE_CURVE('',#1756,#1757,#1212,.T.);
#2136=EDGE_CURVE('',#1757,#1758,#1213,.T.);
#2137=EDGE_CURVE('',#1758,#1759,#1214,.T.);
#2138=EDGE_CURVE('',#1759,#1754,#927,.T.);
#2139=EDGE_CURVE('',#1754,#1749,#1215,.T.);
#2140=EDGE_CURVE('',#1759,#1755,#928,.T.);
#2141=EDGE_CURVE('',#1748,#1756,#929,.T.);
#2142=EDGE_CURVE('',#1759,#1760,#1216,.T.);
#2143=EDGE_CURVE('',#1760,#1761,#930,.T.);
#2144=EDGE_CURVE('',#1761,#1755,#1217,.T.);
#2145=EDGE_CURVE('',#1762,#1756,#1218,.T.);
#2146=EDGE_CURVE('',#1763,#1762,#931,.T.);
#2147=EDGE_CURVE('',#1764,#1763,#1219,.T.);
#2148=EDGE_CURVE('',#1765,#1764,#1220,.T.);
#2149=EDGE_CURVE('',#1766,#1765,#1221,.T.);
#2150=EDGE_CURVE('',#1767,#1766,#1222,.T.);
#2151=EDGE_CURVE('',#1767,#1768,#932,.T.);
#2152=EDGE_CURVE('',#1768,#1767,#933,.T.);
#2153=EDGE_CURVE('',#1769,#1767,#1223,.T.);
#2154=EDGE_CURVE('',#1770,#1769,#1224,.T.);
#2155=EDGE_CURVE('',#1770,#1771,#1225,.T.);
#2156=EDGE_CURVE('',#1772,#1771,#1226,.T.);
#2157=EDGE_CURVE('',#1773,#1772,#1227,.T.);
#2158=EDGE_CURVE('',#1774,#1773,#1228,.T.);
#2159=EDGE_CURVE('',#1774,#1775,#934,.T.);
#2160=EDGE_CURVE('',#1775,#1774,#935,.T.);
#2161=EDGE_CURVE('',#1776,#1774,#1229,.T.);
#2162=EDGE_CURVE('',#1777,#1776,#1230,.T.);
#2163=EDGE_CURVE('',#1777,#1778,#1231,.T.);
#2164=EDGE_CURVE('',#1779,#1778,#936,.T.);
#2165=EDGE_CURVE('',#1779,#1757,#1232,.T.);
#2166=EDGE_CURVE('',#1780,#1780,#937,.T.);
#2167=EDGE_CURVE('',#1758,#1781,#1233,.T.);
#2168=EDGE_CURVE('',#1782,#1781,#938,.T.);
#2169=EDGE_CURVE('',#1782,#1783,#1234,.T.);
#2170=EDGE_CURVE('',#1784,#1783,#939,.T.);
#2171=EDGE_CURVE('',#1785,#1784,#1235,.T.);
#2172=EDGE_CURVE('',#1786,#1785,#1236,.T.);
#2173=EDGE_CURVE('',#1787,#1786,#1237,.T.);
#2174=EDGE_CURVE('',#1788,#1787,#940,.T.);
#2175=EDGE_CURVE('',#1789,#1788,#1238,.T.);
#2176=EDGE_CURVE('',#1790,#1789,#1239,.T.);
#2177=EDGE_CURVE('',#1791,#1790,#1240,.T.);
#2178=EDGE_CURVE('',#1792,#1791,#1241,.T.);
#2179=EDGE_CURVE('',#1792,#1793,#941,.T.);
#2180=EDGE_CURVE('',#1793,#1794,#942,.T.);
#2181=EDGE_CURVE('',#1795,#1794,#1242,.T.);
#2182=EDGE_CURVE('',#1796,#1795,#1243,.T.);
#2183=EDGE_CURVE('',#1797,#1796,#1244,.T.);
#2184=EDGE_CURVE('',#1798,#1797,#1245,.T.);
#2185=EDGE_CURVE('',#1799,#1798,#943,.T.);
#2186=EDGE_CURVE('',#1800,#1799,#1246,.T.);
#2187=EDGE_CURVE('',#1801,#1800,#944,.T.);
#2188=EDGE_CURVE('',#1802,#1801,#1247,.T.);
#2189=EDGE_CURVE('',#1760,#1802,#945,.T.);
#2190=EDGE_CURVE('',#1803,#1803,#946,.T.);
#2191=EDGE_CURVE('',#1804,#1804,#947,.T.);
#2192=EDGE_CURVE('',#1805,#1805,#948,.T.);
#2193=EDGE_CURVE('',#1806,#1806,#949,.T.);
#2194=EDGE_CURVE('',#1807,#1807,#950,.T.);
#2195=EDGE_CURVE('',#1808,#1808,#951,.T.);
#2196=EDGE_CURVE('',#1802,#1809,#952,.T.);
#2197=EDGE_CURVE('',#1809,#1761,#953,.T.);
#2198=EDGE_CURVE('',#1801,#1742,#954,.T.);
#2199=EDGE_CURVE('',#1742,#1809,#1248,.T.);
#2200=EDGE_CURVE('',#1800,#1743,#955,.T.);
#2201=EDGE_CURVE('',#1799,#1810,#956,.T.);
#2202=EDGE_CURVE('',#1810,#1743,#1249,.T.);
#2203=EDGE_CURVE('',#1798,#1811,#957,.T.);
#2204=EDGE_CURVE('',#1811,#1810,#958,.T.);
#2205=EDGE_CURVE('',#1797,#1812,#959,.T.);
#2206=EDGE_CURVE('',#1812,#1811,#1250,.T.);
#2207=EDGE_CURVE('',#1813,#1797,#960,.T.);
#2208=EDGE_CURVE('',#1796,#1765,#1251,.T.);
#2209=EDGE_CURVE('',#1764,#1814,#961,.T.);
#2210=EDGE_CURVE('',#1814,#1813,#1252,.T.);
#2211=EDGE_CURVE('',#1813,#1812,#962,.T.);
#2212=EDGE_CURVE('',#1815,#1764,#963,.T.);
#2213=EDGE_CURVE('',#1763,#1816,#964,.T.);
#2214=EDGE_CURVE('',#1816,#1815,#1253,.T.);
#2215=EDGE_CURVE('',#1762,#1817,#965,.T.);
#2216=EDGE_CURVE('',#1817,#1816,#966,.T.);
#2217=EDGE_CURVE('',#1748,#1817,#1254,.T.);
#2218=EDGE_CURVE('',#1815,#1814,#967,.T.);
#2219=EDGE_CURVE('',#1818,#1761,#1255,.T.);
#2220=EDGE_CURVE('',#1818,#1753,#1256,.T.);
#2221=EDGE_CURVE('',#1809,#1819,#1257,.T.);
#2222=EDGE_CURVE('',#1819,#1818,#968,.T.);
#2223=EDGE_CURVE('',#1819,#1741,#969,.T.);
#2224=EDGE_CURVE('',#1820,#1810,#1258,.T.);
#2225=EDGE_CURVE('',#1744,#1820,#970,.T.);
#2226=EDGE_CURVE('',#1811,#1821,#1259,.T.);
#2227=EDGE_CURVE('',#1821,#1820,#971,.T.);
#2228=EDGE_CURVE('',#1822,#1812,#1260,.T.);
#2229=EDGE_CURVE('',#1821,#1822,#1261,.T.);
#2230=EDGE_CURVE('',#1813,#1823,#1262,.T.);
#2231=EDGE_CURVE('',#1822,#1823,#972,.T.);
#2232=EDGE_CURVE('',#1824,#1814,#1263,.T.);
#2233=EDGE_CURVE('',#1823,#1824,#973,.T.);
#2234=EDGE_CURVE('',#1825,#1825,#974,.T.);
#2235=EDGE_CURVE('',#1815,#1826,#1264,.T.);
#2236=EDGE_CURVE('',#1826,#1824,#975,.T.);
#2237=EDGE_CURVE('',#1827,#1816,#1265,.T.);
#2238=EDGE_CURVE('',#1826,#1827,#1266,.T.);
#2239=EDGE_CURVE('',#1826,#1822,#976,.T.);
#2240=EDGE_CURVE('',#1778,#1828,#1267,.T.);
#2241=EDGE_CURVE('',#1828,#1829,#977,.F.);
#2242=EDGE_CURVE('',#1829,#1779,#1268,.T.);
#2243=EDGE_CURVE('',#1830,#1777,#978,.F.);
#2244=EDGE_CURVE('',#1830,#1831,#1269,.T.);
#2245=EDGE_CURVE('',#1831,#1828,#1270,.T.);
#2246=EDGE_CURVE('',#1781,#1832,#1271,.T.);
#2247=EDGE_CURVE('',#1833,#1832,#979,.T.);
#2248=EDGE_CURVE('',#1833,#1782,#1272,.T.);
#2249=EDGE_CURVE('',#1758,#1834,#1273,.T.);
#2250=EDGE_CURVE('',#1834,#1832,#1274,.T.);
#2251=EDGE_CURVE('',#1835,#1836,#980,.T.);
#2252=EDGE_CURVE('',#1836,#1837,#1275,.T.);
#2253=EDGE_CURVE('',#1837,#1838,#981,.F.);
#2254=EDGE_CURVE('',#1838,#1835,#1276,.T.);
#2255=EDGE_CURVE('',#1773,#1835,#982,.T.);
#2256=EDGE_CURVE('',#1835,#1839,#1277,.T.);
#2257=EDGE_CURVE('',#1839,#1776,#892,.F.);
#2258=EDGE_CURVE('',#1773,#1836,#983,.T.);
#2259=EDGE_CURVE('',#1829,#1837,#1278,.T.);
#2260=EDGE_CURVE('',#1840,#1836,#1279,.T.);
#2261=EDGE_CURVE('',#1841,#1840,#1280,.T.);
#2262=EDGE_CURVE('',#1842,#1841,#1281,.F.);
#2263=EDGE_CURVE('',#1757,#1842,#1282,.T.);
#2264=EDGE_CURVE('',#1840,#1772,#984,.T.);
#2265=EDGE_CURVE('',#1843,#1785,#985,.T.);
#2266=EDGE_CURVE('',#1784,#1844,#854,.F.);
#2267=EDGE_CURVE('',#1844,#1843,#1283,.T.);
#2268=EDGE_CURVE('',#1845,#1846,#986,.T.);
#2269=EDGE_CURVE('',#1846,#1785,#893,.T.);
#2270=EDGE_CURVE('',#1843,#1845,#987,.T.);
#2271=EDGE_CURVE('',#1847,#1848,#988,.F.);
#2272=EDGE_CURVE('',#1848,#1846,#1284,.T.);
#2273=EDGE_CURVE('',#1845,#1847,#1285,.T.);
#2274=EDGE_CURVE('',#1849,#1844,#855,.F.);
#2275=EDGE_CURVE('',#1849,#1850,#1286,.T.);
#2276=EDGE_CURVE('',#1850,#1847,#1287,.T.);
#2277=EDGE_CURVE('',#1794,#1792,#856,.T.);
#2278=EDGE_CURVE('',#1791,#1851,#894,.F.);
#2279=EDGE_CURVE('',#1851,#1852,#1288,.T.);
#2280=EDGE_CURVE('',#1852,#1795,#989,.T.);
#2281=EDGE_CURVE('',#1853,#1852,#990,.T.);
#2282=EDGE_CURVE('',#1852,#1854,#1289,.T.);
#2283=EDGE_CURVE('',#1854,#1855,#857,.F.);
#2284=EDGE_CURVE('',#1855,#1853,#1290,.T.);
#2285=EDGE_CURVE('',#1853,#1795,#991,.T.);
#2286=EDGE_CURVE('',#1793,#1856,#1291,.T.);
#2287=EDGE_CURVE('',#1856,#1856,#992,.T.);
#2288=EDGE_CURVE('',#1853,#1857,#1292,.T.);
#2289=EDGE_CURVE('',#1857,#1796,#993,.F.);
#2290=EDGE_CURVE('',#1855,#1858,#1293,.T.);
#2291=EDGE_CURVE('',#1857,#1858,#1294,.T.);
#2292=EDGE_CURVE('',#1859,#1860,#994,.T.);
#2293=EDGE_CURVE('',#1860,#1861,#1295,.T.);
#2294=EDGE_CURVE('',#1861,#1862,#995,.F.);
#2295=EDGE_CURVE('',#1862,#1859,#1296,.T.);
#2296=EDGE_CURVE('',#1766,#1859,#996,.T.);
#2297=EDGE_CURVE('',#1859,#1863,#1297,.T.);
#2298=EDGE_CURVE('',#1863,#1769,#895,.F.);
#2299=EDGE_CURVE('',#1766,#1860,#997,.T.);
#2300=EDGE_CURVE('',#1864,#1860,#1298,.T.);
#2301=EDGE_CURVE('',#1864,#1865,#1299,.T.);
#2302=EDGE_CURVE('',#1865,#1861,#1300,.T.);
#2303=EDGE_CURVE('',#1765,#1864,#998,.F.);
#2304=EDGE_CURVE('',#1851,#1866,#1301,.T.);
#2305=EDGE_CURVE('',#1854,#1866,#999,.F.);
#2306=EDGE_CURVE('',#1771,#1867,#1000,.T.);
#2307=EDGE_CURVE('',#1867,#1868,#1302,.T.);
#2308=EDGE_CURVE('',#1868,#1772,#1001,.T.);
#2309=EDGE_CURVE('',#1869,#1841,#858,.F.);
#2310=EDGE_CURVE('',#1840,#1868,#1002,.T.);
#2311=EDGE_CURVE('',#1868,#1869,#1303,.T.);
#2312=EDGE_CURVE('',#1867,#1870,#1304,.T.);
#2313=EDGE_CURVE('',#1870,#1871,#1305,.T.);
#2314=EDGE_CURVE('',#1872,#1871,#1003,.F.);
#2315=EDGE_CURVE('',#1872,#1873,#1004,.T.);
#2316=EDGE_CURVE('',#1873,#1874,#1306,.F.);
#2317=EDGE_CURVE('',#1875,#1874,#1307,.T.);
#2318=EDGE_CURVE('',#1876,#1875,#1308,.T.);
#2319=EDGE_CURVE('',#1869,#1876,#1005,.T.);
#2320=EDGE_CURVE('',#1846,#1877,#1309,.T.);
#2321=EDGE_CURVE('',#1877,#1786,#1006,.T.);
#2322=EDGE_CURVE('',#1877,#1728,#1310,.T.);
#2323=EDGE_CURVE('',#1728,#1787,#1007,.T.);
#2324=EDGE_CURVE('',#1727,#1788,#1008,.T.);
#2325=EDGE_CURVE('',#1878,#1789,#859,.T.);
#2326=EDGE_CURVE('',#1727,#1879,#1311,.T.);
#2327=EDGE_CURVE('',#1879,#1880,#1312,.T.);
#2328=EDGE_CURVE('',#1880,#1881,#860,.T.);
#2329=EDGE_CURVE('',#1881,#1878,#861,.T.);
#2330=EDGE_CURVE('',#1882,#1878,#1009,.T.);
#2331=EDGE_CURVE('',#1882,#1883,#1313,.T.);
#2332=EDGE_CURVE('',#1883,#1790,#862,.F.);
#2333=EDGE_CURVE('',#1882,#1881,#1010,.T.);
#2334=EDGE_CURVE('',#1880,#1884,#1314,.F.);
#2335=EDGE_CURVE('',#1885,#1884,#863,.F.);
#2336=EDGE_CURVE('',#1882,#1885,#1315,.F.);
#2337=EDGE_CURVE('',#1783,#1886,#1011,.F.);
#2338=EDGE_CURVE('',#1886,#1849,#1012,.T.);
#2339=EDGE_CURVE('',#1886,#1887,#1316,.T.);
#2340=EDGE_CURVE('',#1887,#1850,#1013,.T.);
#2341=EDGE_CURVE('',#1839,#1830,#1317,.T.);
#2342=EDGE_CURVE('',#1839,#1888,#1318,.T.);
#2343=EDGE_CURVE('',#1888,#1831,#1319,.T.);
#2344=EDGE_CURVE('',#1863,#1889,#1320,.T.);
#2345=EDGE_CURVE('',#1889,#1770,#1014,.F.);
#2346=EDGE_CURVE('',#1863,#1890,#1321,.T.);
#2347=EDGE_CURVE('',#1890,#1891,#1322,.T.);
#2348=EDGE_CURVE('',#1889,#1891,#1323,.T.);
#2349=EDGE_CURVE('',#1891,#1870,#1324,.T.);
#2350=EDGE_CURVE('',#1862,#1890,#1325,.T.);
#2351=EDGE_CURVE('',#1838,#1888,#1326,.T.);
#2352=EDGE_CURVE('',#1833,#1887,#1327,.T.);
#2353=EDGE_CURVE('',#1832,#1848,#1328,.T.);
#2354=EDGE_CURVE('',#1892,#1726,#1329,.T.);
#2355=EDGE_CURVE('',#1879,#1892,#1330,.T.);
#2356=EDGE_CURVE('',#1877,#1893,#1331,.T.);
#2357=EDGE_CURVE('',#1719,#1893,#1332,.T.);
#2358=EDGE_CURVE('',#1885,#1894,#1015,.T.);
#2359=EDGE_CURVE('',#1884,#1725,#1333,.F.);
#2360=EDGE_CURVE('',#1724,#1895,#1334,.T.);
#2361=EDGE_CURVE('',#1895,#1858,#1016,.F.);
#2362=EDGE_CURVE('',#1894,#1866,#1335,.T.);
#2363=EDGE_CURVE('',#1896,#1894,#1336,.T.);
#2364=EDGE_CURVE('',#1883,#1896,#1017,.F.);
#2365=EDGE_CURVE('',#1896,#1851,#1337,.T.);
#2366=EDGE_CURVE('',#1897,#1898,#864,.T.);
#2367=EDGE_CURVE('',#1898,#1899,#1338,.T.);
#2368=EDGE_CURVE('',#1899,#1842,#1018,.F.);
#2369=EDGE_CURVE('',#1876,#1900,#1019,.T.);
#2370=EDGE_CURVE('',#1900,#1901,#865,.T.);
#2371=EDGE_CURVE('',#1901,#1897,#1339,.T.);
#2372=EDGE_CURVE('',#1900,#1874,#1340,.T.);
#2373=EDGE_CURVE('',#1898,#1902,#866,.T.);
#2374=EDGE_CURVE('',#1902,#1903,#1341,.T.);
#2375=EDGE_CURVE('',#1903,#1899,#1020,.F.);
#2376=EDGE_CURVE('',#1808,#1904,#1342,.T.);
#2377=EDGE_CURVE('',#1904,#1722,#896,.T.);
#2378=EDGE_CURVE('',#1905,#1734,#1343,.T.);
#2379=EDGE_CURVE('',#1903,#1905,#1021,.T.);
#2380=EDGE_CURVE('',#1902,#1906,#897,.T.);
#2381=EDGE_CURVE('',#1873,#1906,#867,.T.);
#2382=EDGE_CURVE('',#1907,#1872,#1344,.T.);
#2383=EDGE_CURVE('',#1907,#1904,#898,.T.);
#2384=EDGE_CURVE('',#1908,#1897,#1345,.T.);
#2385=EDGE_CURVE('',#1906,#1908,#868,.T.);
#2386=EDGE_CURVE('',#1908,#1901,#1022,.T.);
#2387=EDGE_CURVE('',#1909,#1907,#869,.T.);
#2388=EDGE_CURVE('',#1871,#1909,#1346,.T.);
#2389=EDGE_CURVE('',#1910,#1865,#1347,.T.);
#2390=EDGE_CURVE('',#1910,#1909,#1348,.T.);
#2391=EDGE_CURVE('',#1825,#1723,#1349,.T.);
#2392=EDGE_CURVE('',#1895,#1910,#1023,.T.);
#2393=EDGE_CURVE('',#1905,#1834,#1024,.T.);
#2394=EDGE_CURVE('',#1848,#1893,#1350,.T.);
#2395=EDGE_CURVE('',#1806,#1911,#1351,.T.);
#2396=EDGE_CURVE('',#1911,#1911,#1025,.T.);
#2397=EDGE_CURVE('',#1807,#1912,#1352,.T.);
#2398=EDGE_CURVE('',#1912,#1912,#1026,.T.);
#2399=EDGE_CURVE('',#1803,#1913,#1353,.T.);
#2400=EDGE_CURVE('',#1913,#1913,#1027,.T.);
#2401=EDGE_CURVE('',#1804,#1914,#1354,.T.);
#2402=EDGE_CURVE('',#1914,#1914,#1028,.T.);
#2403=EDGE_CURVE('',#1775,#1915,#1355,.T.);
#2404=EDGE_CURVE('',#1915,#1915,#1029,.T.);
#2405=EDGE_CURVE('',#1805,#1916,#1356,.T.);
#2406=EDGE_CURVE('',#1916,#1916,#1030,.T.);
#2407=EDGE_CURVE('',#1768,#1917,#1357,.T.);
#2408=EDGE_CURVE('',#1917,#1917,#1031,.T.);
#2409=EDGE_CURVE('',#1780,#1918,#1358,.T.);
#2410=EDGE_CURVE('',#1918,#1918,#1032,.T.);
#2411=EDGE_CURVE('',#1919,#1744,#1033,.T.);
#2412=EDGE_CURVE('',#1821,#1919,#1034,.T.);
#2413=EDGE_CURVE('',#1745,#1920,#1035,.T.);
#2414=EDGE_CURVE('',#1920,#1921,#870,.T.);
#2415=EDGE_CURVE('',#1921,#1746,#1036,.T.);
#2416=EDGE_CURVE('',#1921,#1737,#1359,.T.);
#2417=EDGE_CURVE('',#1919,#1920,#871,.T.);
#2418=EDGE_CURVE('',#1922,#1921,#872,.T.);
#2419=EDGE_CURVE('',#1923,#1922,#873,.T.);
#2420=EDGE_CURVE('',#1747,#1923,#874,.T.);
#2421=EDGE_CURVE('',#1920,#1924,#875,.T.);
#2422=EDGE_CURVE('',#1922,#1924,#1037,.T.);
#2423=EDGE_CURVE('',#1741,#1925,#1038,.T.);
#2424=EDGE_CURVE('',#1925,#1818,#1039,.T.);
#2425=EDGE_CURVE('',#1926,#1740,#1040,.T.);
#2426=EDGE_CURVE('',#1747,#1926,#876,.T.);
#2427=EDGE_CURVE('',#1926,#1925,#877,.T.);
#2428=EDGE_CURVE('',#1927,#1926,#878,.T.);
#2429=EDGE_CURVE('',#1928,#1927,#899,.T.);
#2430=EDGE_CURVE('',#1751,#1928,#1360,.T.);
#2431=EDGE_CURVE('',#1923,#1927,#1041,.T.);
#2432=EDGE_CURVE('',#1924,#1927,#879,.T.);
#2433=EDGE_CURVE('',#1924,#1827,#900,.T.);
#2434=EDGE_CURVE('',#1827,#1928,#1042,.T.);
#2435=EDGE_CURVE('',#1817,#1928,#1361,.T.);
#2436=EDGE_CURVE('',#1929,#1929,#1043,.T.);
#2437=EDGE_CURVE('',#1929,#1930,#1362,.T.);
#2438=EDGE_CURVE('',#1930,#1930,#1044,.T.);
#2439=EDGE_CURVE('',#1931,#1931,#1045,.T.);
#2440=EDGE_CURVE('',#1932,#1932,#1046,.T.);
#2441=EDGE_CURVE('',#1932,#1931,#1363,.T.);
#2442=EDGE_CURVE('',#1933,#1933,#1047,.T.);
#2443=EDGE_CURVE('',#1934,#1934,#1048,.T.);
#2444=EDGE_CURVE('',#1934,#1933,#1364,.T.);
#2445=EDGE_CURVE('',#1935,#1935,#1049,.T.);
#2446=EDGE_CURVE('',#1936,#1936,#1050,.T.);
#2447=EDGE_CURVE('',#1936,#1935,#1365,.T.);
#2448=EDGE_CURVE('',#1937,#1937,#1051,.T.);
#2449=EDGE_CURVE('',#1938,#1938,#1052,.T.);
#2450=EDGE_CURVE('',#1938,#1937,#1366,.T.);
#2451=EDGE_CURVE('',#1939,#1939,#1053,.T.);
#2452=EDGE_CURVE('',#1939,#1940,#1054,.T.);
#2453=EDGE_CURVE('',#1940,#1941,#1055,.T.);
#2454=EDGE_CURVE('',#1941,#1940,#1056,.T.);
#2455=EDGE_CURVE('',#1942,#1942,#1057,.T.);
#2456=EDGE_CURVE('',#1943,#1943,#1058,.T.);
#2457=EDGE_CURVE('',#1943,#1941,#1367,.T.);
#2458=EDGE_CURVE('',#1944,#1945,#880,.T.);
#2459=EDGE_CURVE('',#1945,#1944,#881,.T.);
#2460=EDGE_CURVE('',#1946,#1947,#882,.T.);
#2461=EDGE_CURVE('',#1947,#1946,#883,.T.);
#2462=EDGE_CURVE('',#1942,#1948,#1059,.T.);
#2463=EDGE_CURVE('',#1948,#1949,#1060,.T.);
#2464=EDGE_CURVE('',#1949,#1948,#1061,.T.);
#2465=EDGE_CURVE('',#1950,#1951,#1062,.T.);
#2466=EDGE_CURVE('',#1951,#1950,#1063,.T.);
#2467=EDGE_CURVE('',#1951,#1949,#1368,.T.);
#2468=EDGE_CURVE('',#1952,#1952,#1064,.T.);
#2469=EDGE_CURVE('',#1952,#1950,#1369,.T.);
#2470=EDGE_CURVE('',#1953,#1953,#1065,.T.);
#2471=EDGE_CURVE('',#1954,#1955,#1066,.T.);
#2472=EDGE_CURVE('',#1955,#1954,#1067,.T.);
#2473=EDGE_CURVE('',#1954,#1956,#1370,.T.);
#2474=EDGE_CURVE('',#1956,#1956,#1068,.T.);
#2475=EDGE_CURVE('',#1957,#1958,#1069,.T.);
#2476=EDGE_CURVE('',#1957,#1955,#1371,.T.);
#2477=EDGE_CURVE('',#1958,#1957,#1070,.T.);
#2478=EDGE_CURVE('',#1959,#1960,#884,.T.);
#2479=EDGE_CURVE('',#1960,#1959,#885,.T.);
#2480=EDGE_CURVE('',#1961,#1962,#886,.T.);
#2481=EDGE_CURVE('',#1962,#1961,#887,.T.);
#2482=EDGE_CURVE('',#1963,#1963,#1071,.T.);
#2483=EDGE_CURVE('',#1964,#1964,#1072,.T.);
#2484=EDGE_CURVE('',#1964,#1958,#1073,.T.);
#2485=EDGE_CURVE('',#1965,#1965,#1074,.T.);
#2486=EDGE_CURVE('',#1966,#1967,#1075,.T.);
#2487=EDGE_CURVE('',#1967,#1966,#1076,.T.);
#2488=EDGE_CURVE('',#1966,#1965,#1077,.T.);
#2489=EDGE_CURVE('',#1967,#1968,#1372,.T.);
#2490=EDGE_CURVE('',#1968,#1968,#1078,.T.);
#2491=EDGE_CURVE('',#1947,#1960,#1373,.T.);
#2492=EDGE_CURVE('',#1945,#1962,#1374,.T.);
#2493=EDGE_CURVE('',#1963,#1953,#1375,.T.);
#2494=EDGE_CURVE('',#1969,#1970,#1079,.T.);
#2495=EDGE_CURVE('',#1970,#1969,#1080,.T.);
#2496=EDGE_CURVE('',#1969,#1971,#1376,.T.);
#2497=EDGE_CURVE('',#1971,#1971,#1081,.T.);
#2498=EDGE_CURVE('',#1972,#1972,#1082,.T.);
#2499=EDGE_CURVE('',#1970,#1973,#1377,.T.);
#2500=EDGE_CURVE('',#1973,#1973,#1083,.T.);
#2501=EDGE_CURVE('',#1974,#1974,#1084,.T.);
#2502=EDGE_CURVE('',#1974,#1975,#1085,.T.);
#2503=EDGE_CURVE('',#1975,#1975,#1086,.T.);
#2504=EDGE_CURVE('',#1976,#1976,#1087,.T.);
#2505=EDGE_CURVE('',#1977,#1977,#1088,.T.);
#2506=EDGE_CURVE('',#1977,#1974,#1378,.T.);
#2507=EDGE_CURVE('',#1976,#1978,#1089,.T.);
#2508=EDGE_CURVE('',#1978,#1978,#1090,.T.);
#2509=EDGE_CURVE('',#1979,#1979,#1091,.T.);
#2510=EDGE_CURVE('',#1979,#1978,#1379,.T.);
#2511=EDGE_CURVE('',#1980,#1980,#1092,.T.);
#2512=EDGE_CURVE('',#1980,#1981,#1093,.T.);
#2513=EDGE_CURVE('',#1981,#1981,#1094,.T.);
#2514=EDGE_CURVE('',#1980,#1982,#1380,.T.);
#2515=EDGE_CURVE('',#1982,#1982,#1095,.T.);
#2516=EDGE_CURVE('',#1983,#1983,#1096,.T.);
#2517=EDGE_CURVE('',#1983,#1972,#1381,.T.);
#2518=EDGE_CURVE('',#1984,#1985,#1097,.T.);
#2519=EDGE_CURVE('',#1985,#1986,#1382,.T.);
#2520=EDGE_CURVE('',#1986,#1987,#1098,.T.);
#2521=EDGE_CURVE('',#1987,#1984,#1383,.T.);
#2522=EDGE_CURVE('',#1988,#1989,#1099,.T.);
#2523=EDGE_CURVE('',#1989,#1987,#1100,.T.);
#2524=EDGE_CURVE('',#1986,#1988,#1101,.T.);
#2525=EDGE_CURVE('',#1990,#1991,#1102,.T.);
#2526=EDGE_CURVE('',#1991,#1989,#1384,.T.);
#2527=EDGE_CURVE('',#1988,#1990,#1385,.T.);
#2528=EDGE_CURVE('',#1992,#1993,#1103,.T.);
#2529=EDGE_CURVE('',#1993,#1991,#1104,.T.);
#2530=EDGE_CURVE('',#1990,#1992,#1105,.T.);
#2531=EDGE_CURVE('',#1994,#1995,#1106,.T.);
#2532=EDGE_CURVE('',#1995,#1993,#1386,.T.);
#2533=EDGE_CURVE('',#1992,#1994,#1387,.T.);
#2534=EDGE_CURVE('',#1996,#1997,#1107,.T.);
#2535=EDGE_CURVE('',#1997,#1995,#1108,.T.);
#2536=EDGE_CURVE('',#1994,#1996,#1109,.T.);
#2537=EDGE_CURVE('',#1998,#1999,#1110,.T.);
#2538=EDGE_CURVE('',#1999,#1997,#1388,.T.);
#2539=EDGE_CURVE('',#1996,#1998,#1389,.T.);
#2540=EDGE_CURVE('',#2000,#2001,#1111,.T.);
#2541=EDGE_CURVE('',#2001,#1999,#1112,.T.);
#2542=EDGE_CURVE('',#1998,#2000,#1113,.T.);
#2543=EDGE_CURVE('',#2002,#2003,#1114,.T.);
#2544=EDGE_CURVE('',#2003,#2001,#1390,.T.);
#2545=EDGE_CURVE('',#2000,#2002,#1391,.T.);
#2546=EDGE_CURVE('',#2004,#2005,#1115,.T.);
#2547=EDGE_CURVE('',#2005,#2003,#1116,.T.);
#2548=EDGE_CURVE('',#2002,#2004,#1117,.T.);
#2549=EDGE_CURVE('',#2006,#2007,#1118,.T.);
#2550=EDGE_CURVE('',#2007,#2005,#1392,.T.);
#2551=EDGE_CURVE('',#2004,#2006,#1393,.T.);
#2552=EDGE_CURVE('',#2008,#2009,#1119,.T.);
#2553=EDGE_CURVE('',#2009,#2007,#1120,.T.);
#2554=EDGE_CURVE('',#2006,#2008,#1121,.T.);
#2555=EDGE_CURVE('',#2010,#2011,#1122,.T.);
#2556=EDGE_CURVE('',#2011,#2009,#1394,.T.);
#2557=EDGE_CURVE('',#2008,#2010,#1395,.T.);
#2558=EDGE_CURVE('',#2012,#2013,#1123,.T.);
#2559=EDGE_CURVE('',#2013,#2011,#1124,.T.);
#2560=EDGE_CURVE('',#2010,#2012,#1125,.T.);
#2561=EDGE_CURVE('',#2014,#2015,#1126,.T.);
#2562=EDGE_CURVE('',#2015,#2013,#1396,.T.);
#2563=EDGE_CURVE('',#2012,#2014,#1397,.T.);
#2564=EDGE_CURVE('',#1984,#2015,#1127,.T.);
#2565=EDGE_CURVE('',#2014,#1985,#1128,.T.);
#2566=EDGE_CURVE('',#2005,#2016,#1398,.T.);
#2567=EDGE_CURVE('',#2017,#2016,#1129,.T.);
#2568=EDGE_CURVE('',#2003,#2017,#1399,.T.);
#2569=EDGE_CURVE('',#2018,#2007,#1400,.T.);
#2570=EDGE_CURVE('',#2016,#2018,#1401,.T.);
#2571=EDGE_CURVE('',#2009,#2019,#1402,.T.);
#2572=EDGE_CURVE('',#2018,#2019,#1130,.T.);
#2573=EDGE_CURVE('',#2020,#2011,#1403,.T.);
#2574=EDGE_CURVE('',#2019,#2020,#1404,.T.);
#2575=EDGE_CURVE('',#2013,#2021,#1405,.T.);
#2576=EDGE_CURVE('',#2020,#2021,#1131,.T.);
#2577=EDGE_CURVE('',#2022,#2015,#1406,.T.);
#2578=EDGE_CURVE('',#2021,#2022,#1407,.T.);
#2579=EDGE_CURVE('',#1984,#2023,#1408,.T.);
#2580=EDGE_CURVE('',#2022,#2023,#1132,.T.);
#2581=EDGE_CURVE('',#1987,#2024,#1409,.T.);
#2582=EDGE_CURVE('',#2023,#2024,#1410,.T.);
#2583=EDGE_CURVE('',#2025,#2025,#1133,.T.);
#2584=EDGE_CURVE('',#2026,#2026,#1134,.T.);
#2585=EDGE_CURVE('',#2027,#2027,#1135,.T.);
#2586=EDGE_CURVE('',#2028,#2028,#1136,.T.);
#2587=EDGE_CURVE('',#2029,#2029,#1137,.T.);
#2588=EDGE_CURVE('',#2030,#2030,#1138,.T.);
#2589=EDGE_CURVE('',#2031,#2031,#1139,.T.);
#2590=EDGE_CURVE('',#2032,#2032,#1140,.T.);
#2591=EDGE_CURVE('',#2033,#2033,#1141,.T.);
#2592=EDGE_CURVE('',#2034,#2035,#1142,.T.);
#2593=EDGE_CURVE('',#2035,#2036,#1143,.T.);
#2594=EDGE_CURVE('',#2036,#2037,#1144,.T.);
#2595=EDGE_CURVE('',#2037,#2034,#1145,.T.);
#2596=EDGE_CURVE('',#2038,#2039,#1146,.T.);
#2597=EDGE_CURVE('',#2039,#2037,#1411,.T.);
#2598=EDGE_CURVE('',#2036,#2038,#1412,.T.);
#2599=EDGE_CURVE('',#2040,#2041,#1147,.T.);
#2600=EDGE_CURVE('',#2041,#2039,#1148,.T.);
#2601=EDGE_CURVE('',#2038,#2040,#1149,.T.);
#2602=EDGE_CURVE('',#2042,#2043,#1150,.T.);
#2603=EDGE_CURVE('',#2043,#2041,#1413,.T.);
#2604=EDGE_CURVE('',#2040,#2042,#1414,.T.);
#2605=EDGE_CURVE('',#2044,#2045,#1151,.T.);
#2606=EDGE_CURVE('',#2045,#2043,#1152,.T.);
#2607=EDGE_CURVE('',#2042,#2044,#1153,.T.);
#2608=EDGE_CURVE('',#2046,#2047,#1154,.T.);
#2609=EDGE_CURVE('',#2047,#2045,#1415,.T.);
#2610=EDGE_CURVE('',#2044,#2046,#1416,.T.);
#2611=EDGE_CURVE('',#2048,#2024,#1155,.T.);
#2612=EDGE_CURVE('',#2024,#2047,#1156,.T.);
#2613=EDGE_CURVE('',#2046,#2048,#1157,.T.);
#2614=EDGE_CURVE('',#2049,#2023,#1158,.T.);
#2615=EDGE_CURVE('',#2048,#2049,#1417,.T.);
#2616=EDGE_CURVE('',#2050,#2022,#1159,.T.);
#2617=EDGE_CURVE('',#2049,#2050,#1160,.T.);
#2618=EDGE_CURVE('',#2051,#2021,#1161,.T.);
#2619=EDGE_CURVE('',#2050,#2051,#1418,.T.);
#2620=EDGE_CURVE('',#2052,#2020,#1162,.T.);
#2621=EDGE_CURVE('',#2051,#2052,#1163,.T.);
#2622=EDGE_CURVE('',#2053,#2019,#1164,.T.);
#2623=EDGE_CURVE('',#2052,#2053,#1419,.T.);
#2624=EDGE_CURVE('',#2054,#2018,#1165,.T.);
#2625=EDGE_CURVE('',#2053,#2054,#1166,.T.);
#2626=EDGE_CURVE('',#2055,#2016,#1167,.T.);
#2627=EDGE_CURVE('',#2054,#2055,#1420,.T.);
#2628=EDGE_CURVE('',#2056,#2017,#1168,.T.);
#2629=EDGE_CURVE('',#2055,#2056,#1169,.T.);
#2630=EDGE_CURVE('',#2056,#2035,#1421,.T.);
#2631=EDGE_CURVE('',#2034,#2017,#1422,.T.);
#2632=EDGE_CURVE('',#2001,#2034,#1423,.T.);
#2633=EDGE_CURVE('',#2037,#1999,#1424,.T.);
#2634=EDGE_CURVE('',#2057,#2057,#1170,.T.);
#2635=EDGE_CURVE('',#2058,#2058,#1171,.T.);
#2636=EDGE_CURVE('',#2059,#2059,#1172,.T.);
#2637=EDGE_CURVE('',#2060,#2060,#1173,.T.);
#2638=EDGE_CURVE('',#2061,#2061,#1174,.T.);
#2639=EDGE_CURVE('',#2062,#2062,#1175,.T.);
#2640=EDGE_CURVE('',#2063,#2063,#1176,.T.);
#2641=EDGE_CURVE('',#2064,#2064,#1177,.T.);
#2642=EDGE_CURVE('',#2065,#2065,#1178,.T.);
#2643=EDGE_CURVE('',#2057,#2066,#1425,.T.);
#2644=EDGE_CURVE('',#2066,#2066,#1179,.T.);
#2645=EDGE_CURVE('',#2066,#2067,#1426,.T.);
#2646=EDGE_CURVE('',#2067,#2067,#1180,.T.);
#2647=EDGE_CURVE('',#2068,#2068,#1181,.T.);
#2648=EDGE_CURVE('',#2068,#2069,#1427,.T.);
#2649=EDGE_CURVE('',#2069,#2069,#1182,.T.);
#2650=EDGE_CURVE('',#2070,#2070,#1183,.T.);
#2651=EDGE_CURVE('',#2070,#2069,#1428,.T.);
#2652=EDGE_CURVE('',#2068,#2030,#1429,.T.);
#2653=EDGE_CURVE('',#2065,#2070,#1430,.T.);
#2654=EDGE_CURVE('',#2058,#2071,#1431,.T.);
#2655=EDGE_CURVE('',#2071,#2071,#1184,.T.);
#2656=EDGE_CURVE('',#2071,#2072,#1432,.T.);
#2657=EDGE_CURVE('',#2072,#2072,#1185,.T.);
#2658=EDGE_CURVE('',#2064,#2073,#1433,.T.);
#2659=EDGE_CURVE('',#2073,#2073,#1186,.T.);
#2660=EDGE_CURVE('',#2073,#2074,#1434,.T.);
#2661=EDGE_CURVE('',#2074,#2074,#1187,.T.);
#2662=EDGE_CURVE('',#2059,#2075,#1435,.T.);
#2663=EDGE_CURVE('',#2075,#2075,#1188,.T.);
#2664=EDGE_CURVE('',#2075,#2076,#1436,.T.);
#2665=EDGE_CURVE('',#2076,#2076,#1189,.T.);
#2666=EDGE_CURVE('',#2063,#2077,#1437,.T.);
#2667=EDGE_CURVE('',#2077,#2077,#1190,.T.);
#2668=EDGE_CURVE('',#2077,#2078,#1438,.T.);
#2669=EDGE_CURVE('',#2078,#2078,#1191,.T.);
#2670=EDGE_CURVE('',#2060,#2079,#1439,.T.);
#2671=EDGE_CURVE('',#2079,#2079,#1192,.T.);
#2672=EDGE_CURVE('',#2079,#2080,#1440,.T.);
#2673=EDGE_CURVE('',#2080,#2080,#1193,.T.);
#2674=EDGE_CURVE('',#2062,#2081,#1441,.T.);
#2675=EDGE_CURVE('',#2081,#2081,#1194,.T.);
#2676=EDGE_CURVE('',#2081,#2082,#1442,.T.);
#2677=EDGE_CURVE('',#2082,#2082,#1195,.T.);
#2678=EDGE_CURVE('',#2083,#2083,#1196,.T.);
#2679=EDGE_CURVE('',#2083,#2025,#1443,.T.);
#2680=EDGE_CURVE('',#2084,#2084,#1197,.T.);
#2681=EDGE_CURVE('',#2084,#2083,#1444,.T.);
#2682=EDGE_CURVE('',#2061,#2084,#1445,.T.);
#2683=EDGE_CURVE('',#2076,#2033,#1446,.T.);
#2684=EDGE_CURVE('',#2078,#2026,#1447,.T.);
#2685=EDGE_CURVE('',#2067,#2032,#1448,.T.);
#2686=EDGE_CURVE('',#2072,#2027,#1449,.T.);
#2687=EDGE_CURVE('',#2082,#2031,#1450,.T.);
#2688=EDGE_CURVE('',#2080,#2028,#1451,.T.);
#2689=EDGE_CURVE('',#2074,#2029,#1452,.T.);
#2690=EDGE_CURVE('',#1993,#2043,#1453,.T.);
#2691=EDGE_CURVE('',#2045,#1991,#1454,.T.);
#2692=EDGE_CURVE('',#2041,#1995,#1455,.T.);
#2693=EDGE_CURVE('',#1997,#2039,#1456,.T.);
#2694=EDGE_CURVE('',#1989,#2047,#1457,.T.);
#2695=ORIENTED_EDGE('',*,*,#2085,.F.);
#2696=ORIENTED_EDGE('',*,*,#2086,.F.);
#2697=ORIENTED_EDGE('',*,*,#2087,.F.);
#2698=ORIENTED_EDGE('',*,*,#2088,.F.);
#2699=ORIENTED_EDGE('',*,*,#2086,.T.);
#2700=ORIENTED_EDGE('',*,*,#2089,.T.);
#2701=ORIENTED_EDGE('',*,*,#2090,.T.);
#2702=ORIENTED_EDGE('',*,*,#2091,.T.);
#2703=ORIENTED_EDGE('',*,*,#2092,.F.);
#2704=ORIENTED_EDGE('',*,*,#2093,.T.);
#2705=ORIENTED_EDGE('',*,*,#2094,.T.);
#2706=ORIENTED_EDGE('',*,*,#2095,.F.);
#2707=ORIENTED_EDGE('',*,*,#2096,.F.);
#2708=ORIENTED_EDGE('',*,*,#2097,.T.);
#2709=ORIENTED_EDGE('',*,*,#2098,.T.);
#2710=ORIENTED_EDGE('',*,*,#2087,.T.);
#2711=ORIENTED_EDGE('',*,*,#2088,.T.);
#2712=ORIENTED_EDGE('',*,*,#2098,.F.);
#2713=ORIENTED_EDGE('',*,*,#2099,.F.);
#2714=ORIENTED_EDGE('',*,*,#2100,.F.);
#2715=ORIENTED_EDGE('',*,*,#2101,.F.);
#2716=ORIENTED_EDGE('',*,*,#2102,.F.);
#2717=ORIENTED_EDGE('',*,*,#2097,.F.);
#2718=ORIENTED_EDGE('',*,*,#2085,.T.);
#2719=ORIENTED_EDGE('',*,*,#2103,.F.);
#2720=ORIENTED_EDGE('',*,*,#2104,.T.);
#2721=ORIENTED_EDGE('',*,*,#2105,.T.);
#2722=ORIENTED_EDGE('',*,*,#2099,.T.);
#2723=ORIENTED_EDGE('',*,*,#2106,.T.);
#2724=ORIENTED_EDGE('',*,*,#2107,.T.);
#2725=ORIENTED_EDGE('',*,*,#2108,.T.);
#2726=ORIENTED_EDGE('',*,*,#2109,.T.);
#2727=ORIENTED_EDGE('',*,*,#2106,.F.);
#2728=ORIENTED_EDGE('',*,*,#2102,.T.);
#2729=ORIENTED_EDGE('',*,*,#2110,.T.);
#2730=ORIENTED_EDGE('',*,*,#2111,.T.);
#2731=ORIENTED_EDGE('',*,*,#2108,.F.);
#2732=ORIENTED_EDGE('',*,*,#2101,.T.);
#2733=ORIENTED_EDGE('',*,*,#2110,.F.);
#2734=ORIENTED_EDGE('',*,*,#2100,.T.);
#2735=ORIENTED_EDGE('',*,*,#2105,.F.);
#2736=ORIENTED_EDGE('',*,*,#2112,.T.);
#2737=ORIENTED_EDGE('',*,*,#2112,.F.);
#2738=ORIENTED_EDGE('',*,*,#2113,.F.);
#2739=ORIENTED_EDGE('',*,*,#2114,.F.);
#2740=ORIENTED_EDGE('',*,*,#2115,.F.);
#2741=ORIENTED_EDGE('',*,*,#2116,.T.);
#2742=ORIENTED_EDGE('',*,*,#2117,.F.);
#2743=ORIENTED_EDGE('',*,*,#2118,.T.);
#2744=ORIENTED_EDGE('',*,*,#2119,.F.);
#2745=ORIENTED_EDGE('',*,*,#2120,.F.);
#2746=ORIENTED_EDGE('',*,*,#2121,.F.);
#2747=ORIENTED_EDGE('',*,*,#2107,.F.);
#2748=ORIENTED_EDGE('',*,*,#2122,.T.);
#2749=ORIENTED_EDGE('',*,*,#2123,.F.);
#2750=ORIENTED_EDGE('',*,*,#2113,.T.);
#2751=ORIENTED_EDGE('',*,*,#2124,.T.);
#2752=ORIENTED_EDGE('',*,*,#2125,.T.);
#2753=ORIENTED_EDGE('',*,*,#2126,.T.);
#2754=ORIENTED_EDGE('',*,*,#2127,.T.);
#2755=ORIENTED_EDGE('',*,*,#2128,.T.);
#2756=ORIENTED_EDGE('',*,*,#2129,.T.);
#2757=ORIENTED_EDGE('',*,*,#2126,.F.);
#2758=ORIENTED_EDGE('',*,*,#2130,.T.);
#2759=ORIENTED_EDGE('',*,*,#2131,.T.);
#2760=ORIENTED_EDGE('',*,*,#2132,.T.);
#2761=ORIENTED_EDGE('',*,*,#2128,.F.);
#2762=ORIENTED_EDGE('',*,*,#2133,.T.);
#2763=ORIENTED_EDGE('',*,*,#2134,.T.);
#2764=ORIENTED_EDGE('',*,*,#2135,.T.);
#2765=ORIENTED_EDGE('',*,*,#2136,.T.);
#2766=ORIENTED_EDGE('',*,*,#2137,.T.);
#2767=ORIENTED_EDGE('',*,*,#2138,.T.);
#2768=ORIENTED_EDGE('',*,*,#2139,.T.);
#2769=ORIENTED_EDGE('',*,*,#2138,.F.);
#2770=ORIENTED_EDGE('',*,*,#2140,.T.);
#2771=ORIENTED_EDGE('',*,*,#2131,.F.);
#2772=ORIENTED_EDGE('',*,*,#2124,.F.);
#2773=ORIENTED_EDGE('',*,*,#2141,.T.);
#2774=ORIENTED_EDGE('',*,*,#2134,.F.);
#2775=ORIENTED_EDGE('',*,*,#2140,.F.);
#2776=ORIENTED_EDGE('',*,*,#2142,.T.);
#2777=ORIENTED_EDGE('',*,*,#2143,.T.);
#2778=ORIENTED_EDGE('',*,*,#2144,.T.);
#2779=ORIENTED_EDGE('',*,*,#2135,.F.);
#2780=ORIENTED_EDGE('',*,*,#2145,.F.);
#2781=ORIENTED_EDGE('',*,*,#2146,.F.);
#2782=ORIENTED_EDGE('',*,*,#2147,.F.);
#2783=ORIENTED_EDGE('',*,*,#2148,.F.);
#2784=ORIENTED_EDGE('',*,*,#2149,.F.);
#2785=ORIENTED_EDGE('',*,*,#2150,.F.);
#2786=ORIENTED_EDGE('',*,*,#2151,.T.);
#2787=ORIENTED_EDGE('',*,*,#2152,.T.);
#2788=ORIENTED_EDGE('',*,*,#2153,.F.);
#2789=ORIENTED_EDGE('',*,*,#2154,.F.);
#2790=ORIENTED_EDGE('',*,*,#2155,.T.);
#2791=ORIENTED_EDGE('',*,*,#2156,.F.);
#2792=ORIENTED_EDGE('',*,*,#2157,.F.);
#2793=ORIENTED_EDGE('',*,*,#2158,.F.);
#2794=ORIENTED_EDGE('',*,*,#2159,.T.);
#2795=ORIENTED_EDGE('',*,*,#2160,.T.);
#2796=ORIENTED_EDGE('',*,*,#2161,.F.);
#2797=ORIENTED_EDGE('',*,*,#2162,.F.);
#2798=ORIENTED_EDGE('',*,*,#2163,.T.);
#2799=ORIENTED_EDGE('',*,*,#2164,.F.);
#2800=ORIENTED_EDGE('',*,*,#2165,.T.);
#2801=ORIENTED_EDGE('',*,*,#2166,.T.);
#2802=ORIENTED_EDGE('',*,*,#2137,.F.);
#2803=ORIENTED_EDGE('',*,*,#2167,.T.);
#2804=ORIENTED_EDGE('',*,*,#2168,.F.);
#2805=ORIENTED_EDGE('',*,*,#2169,.T.);
#2806=ORIENTED_EDGE('',*,*,#2170,.F.);
#2807=ORIENTED_EDGE('',*,*,#2171,.F.);
#2808=ORIENTED_EDGE('',*,*,#2172,.F.);
#2809=ORIENTED_EDGE('',*,*,#2173,.F.);
#2810=ORIENTED_EDGE('',*,*,#2174,.F.);
#2811=ORIENTED_EDGE('',*,*,#2175,.F.);
#2812=ORIENTED_EDGE('',*,*,#2176,.F.);
#2813=ORIENTED_EDGE('',*,*,#2177,.F.);
#2814=ORIENTED_EDGE('',*,*,#2178,.F.);
#2815=ORIENTED_EDGE('',*,*,#2179,.T.);
#2816=ORIENTED_EDGE('',*,*,#2180,.T.);
#2817=ORIENTED_EDGE('',*,*,#2181,.F.);
#2818=ORIENTED_EDGE('',*,*,#2182,.F.);
#2819=ORIENTED_EDGE('',*,*,#2183,.F.);
#2820=ORIENTED_EDGE('',*,*,#2184,.F.);
#2821=ORIENTED_EDGE('',*,*,#2185,.F.);
#2822=ORIENTED_EDGE('',*,*,#2186,.F.);
#2823=ORIENTED_EDGE('',*,*,#2187,.F.);
#2824=ORIENTED_EDGE('',*,*,#2188,.F.);
#2825=ORIENTED_EDGE('',*,*,#2189,.F.);
#2826=ORIENTED_EDGE('',*,*,#2142,.F.);
#2827=ORIENTED_EDGE('',*,*,#2190,.T.);
#2828=ORIENTED_EDGE('',*,*,#2191,.T.);
#2829=ORIENTED_EDGE('',*,*,#2192,.T.);
#2830=ORIENTED_EDGE('',*,*,#2193,.T.);
#2831=ORIENTED_EDGE('',*,*,#2194,.T.);
#2832=ORIENTED_EDGE('',*,*,#2125,.F.);
#2833=ORIENTED_EDGE('',*,*,#2139,.F.);
#2834=ORIENTED_EDGE('',*,*,#2133,.F.);
#2835=ORIENTED_EDGE('',*,*,#2130,.F.);
#2836=ORIENTED_EDGE('',*,*,#2195,.T.);
#2837=ORIENTED_EDGE('',*,*,#2196,.T.);
#2838=ORIENTED_EDGE('',*,*,#2197,.T.);
#2839=ORIENTED_EDGE('',*,*,#2143,.F.);
#2840=ORIENTED_EDGE('',*,*,#2189,.T.);
#2841=ORIENTED_EDGE('',*,*,#2198,.T.);
#2842=ORIENTED_EDGE('',*,*,#2199,.T.);
#2843=ORIENTED_EDGE('',*,*,#2196,.F.);
#2844=ORIENTED_EDGE('',*,*,#2188,.T.);
#2845=ORIENTED_EDGE('',*,*,#2200,.T.);
#2846=ORIENTED_EDGE('',*,*,#2117,.T.);
#2847=ORIENTED_EDGE('',*,*,#2198,.F.);
#2848=ORIENTED_EDGE('',*,*,#2187,.T.);
#2849=ORIENTED_EDGE('',*,*,#2201,.T.);
#2850=ORIENTED_EDGE('',*,*,#2202,.T.);
#2851=ORIENTED_EDGE('',*,*,#2200,.F.);
#2852=ORIENTED_EDGE('',*,*,#2186,.T.);
#2853=ORIENTED_EDGE('',*,*,#2203,.T.);
#2854=ORIENTED_EDGE('',*,*,#2204,.T.);
#2855=ORIENTED_EDGE('',*,*,#2201,.F.);
#2856=ORIENTED_EDGE('',*,*,#2185,.T.);
#2857=ORIENTED_EDGE('',*,*,#2205,.T.);
#2858=ORIENTED_EDGE('',*,*,#2206,.T.);
#2859=ORIENTED_EDGE('',*,*,#2203,.F.);
#2860=ORIENTED_EDGE('',*,*,#2184,.T.);
#2861=ORIENTED_EDGE('',*,*,#2207,.T.);
#2862=ORIENTED_EDGE('',*,*,#2183,.T.);
#2863=ORIENTED_EDGE('',*,*,#2208,.T.);
#2864=ORIENTED_EDGE('',*,*,#2148,.T.);
#2865=ORIENTED_EDGE('',*,*,#2209,.T.);
#2866=ORIENTED_EDGE('',*,*,#2210,.T.);
#2867=ORIENTED_EDGE('',*,*,#2207,.F.);
#2868=ORIENTED_EDGE('',*,*,#2211,.T.);
#2869=ORIENTED_EDGE('',*,*,#2205,.F.);
#2870=ORIENTED_EDGE('',*,*,#2212,.T.);
#2871=ORIENTED_EDGE('',*,*,#2147,.T.);
#2872=ORIENTED_EDGE('',*,*,#2213,.T.);
#2873=ORIENTED_EDGE('',*,*,#2214,.T.);
#2874=ORIENTED_EDGE('',*,*,#2215,.T.);
#2875=ORIENTED_EDGE('',*,*,#2216,.T.);
#2876=ORIENTED_EDGE('',*,*,#2213,.F.);
#2877=ORIENTED_EDGE('',*,*,#2146,.T.);
#2878=ORIENTED_EDGE('',*,*,#2141,.F.);
#2879=ORIENTED_EDGE('',*,*,#2217,.T.);
#2880=ORIENTED_EDGE('',*,*,#2215,.F.);
#2881=ORIENTED_EDGE('',*,*,#2145,.T.);
#2882=ORIENTED_EDGE('',*,*,#2212,.F.);
#2883=ORIENTED_EDGE('',*,*,#2218,.T.);
#2884=ORIENTED_EDGE('',*,*,#2209,.F.);
#2885=ORIENTED_EDGE('',*,*,#2132,.F.);
#2886=ORIENTED_EDGE('',*,*,#2144,.F.);
#2887=ORIENTED_EDGE('',*,*,#2219,.F.);
#2888=ORIENTED_EDGE('',*,*,#2220,.T.);
#2889=ORIENTED_EDGE('',*,*,#2197,.F.);
#2890=ORIENTED_EDGE('',*,*,#2221,.T.);
#2891=ORIENTED_EDGE('',*,*,#2222,.T.);
#2892=ORIENTED_EDGE('',*,*,#2219,.T.);
#2893=ORIENTED_EDGE('',*,*,#2199,.F.);
#2894=ORIENTED_EDGE('',*,*,#2116,.F.);
#2895=ORIENTED_EDGE('',*,*,#2223,.F.);
#2896=ORIENTED_EDGE('',*,*,#2221,.F.);
#2897=ORIENTED_EDGE('',*,*,#2202,.F.);
#2898=ORIENTED_EDGE('',*,*,#2224,.F.);
#2899=ORIENTED_EDGE('',*,*,#2225,.F.);
#2900=ORIENTED_EDGE('',*,*,#2118,.F.);
#2901=ORIENTED_EDGE('',*,*,#2204,.F.);
#2902=ORIENTED_EDGE('',*,*,#2226,.T.);
#2903=ORIENTED_EDGE('',*,*,#2227,.T.);
#2904=ORIENTED_EDGE('',*,*,#2224,.T.);
#2905=ORIENTED_EDGE('',*,*,#2206,.F.);
#2906=ORIENTED_EDGE('',*,*,#2228,.F.);
#2907=ORIENTED_EDGE('',*,*,#2229,.F.);
#2908=ORIENTED_EDGE('',*,*,#2226,.F.);
#2909=ORIENTED_EDGE('',*,*,#2211,.F.);
#2910=ORIENTED_EDGE('',*,*,#2230,.T.);
#2911=ORIENTED_EDGE('',*,*,#2231,.F.);
#2912=ORIENTED_EDGE('',*,*,#2228,.T.);
#2913=ORIENTED_EDGE('',*,*,#2210,.F.);
#2914=ORIENTED_EDGE('',*,*,#2232,.F.);
#2915=ORIENTED_EDGE('',*,*,#2233,.F.);
#2916=ORIENTED_EDGE('',*,*,#2230,.F.);
#2917=ORIENTED_EDGE('',*,*,#2234,.T.);
#2918=ORIENTED_EDGE('',*,*,#2218,.F.);
#2919=ORIENTED_EDGE('',*,*,#2235,.T.);
#2920=ORIENTED_EDGE('',*,*,#2236,.T.);
#2921=ORIENTED_EDGE('',*,*,#2232,.T.);
#2922=ORIENTED_EDGE('',*,*,#2214,.F.);
#2923=ORIENTED_EDGE('',*,*,#2237,.F.);
#2924=ORIENTED_EDGE('',*,*,#2238,.F.);
#2925=ORIENTED_EDGE('',*,*,#2235,.F.);
#2926=ORIENTED_EDGE('',*,*,#2231,.T.);
#2927=ORIENTED_EDGE('',*,*,#2233,.T.);
#2928=ORIENTED_EDGE('',*,*,#2236,.F.);
#2929=ORIENTED_EDGE('',*,*,#2239,.T.);
#2930=ORIENTED_EDGE('',*,*,#2164,.T.);
#2931=ORIENTED_EDGE('',*,*,#2240,.T.);
#2932=ORIENTED_EDGE('',*,*,#2241,.T.);
#2933=ORIENTED_EDGE('',*,*,#2242,.T.);
#2934=ORIENTED_EDGE('',*,*,#2240,.F.);
#2935=ORIENTED_EDGE('',*,*,#2163,.F.);
#2936=ORIENTED_EDGE('',*,*,#2243,.F.);
#2937=ORIENTED_EDGE('',*,*,#2244,.T.);
#2938=ORIENTED_EDGE('',*,*,#2245,.T.);
#2939=ORIENTED_EDGE('',*,*,#2168,.T.);
#2940=ORIENTED_EDGE('',*,*,#2246,.T.);
#2941=ORIENTED_EDGE('',*,*,#2247,.F.);
#2942=ORIENTED_EDGE('',*,*,#2248,.T.);
#2943=ORIENTED_EDGE('',*,*,#2246,.F.);
#2944=ORIENTED_EDGE('',*,*,#2167,.F.);
#2945=ORIENTED_EDGE('',*,*,#2249,.T.);
#2946=ORIENTED_EDGE('',*,*,#2250,.T.);
#2947=ORIENTED_EDGE('',*,*,#2251,.T.);
#2948=ORIENTED_EDGE('',*,*,#2252,.T.);
#2949=ORIENTED_EDGE('',*,*,#2253,.T.);
#2950=ORIENTED_EDGE('',*,*,#2254,.T.);
#2951=ORIENTED_EDGE('',*,*,#2255,.T.);
#2952=ORIENTED_EDGE('',*,*,#2256,.T.);
#2953=ORIENTED_EDGE('',*,*,#2257,.T.);
#2954=ORIENTED_EDGE('',*,*,#2161,.T.);
#2955=ORIENTED_EDGE('',*,*,#2158,.T.);
#2956=ORIENTED_EDGE('',*,*,#2255,.F.);
#2957=ORIENTED_EDGE('',*,*,#2258,.T.);
#2958=ORIENTED_EDGE('',*,*,#2251,.F.);
#2959=ORIENTED_EDGE('',*,*,#2259,.T.);
#2960=ORIENTED_EDGE('',*,*,#2252,.F.);
#2961=ORIENTED_EDGE('',*,*,#2260,.F.);
#2962=ORIENTED_EDGE('',*,*,#2261,.F.);
#2963=ORIENTED_EDGE('',*,*,#2262,.F.);
#2964=ORIENTED_EDGE('',*,*,#2263,.F.);
#2965=ORIENTED_EDGE('',*,*,#2165,.F.);
#2966=ORIENTED_EDGE('',*,*,#2242,.F.);
#2967=ORIENTED_EDGE('',*,*,#2258,.F.);
#2968=ORIENTED_EDGE('',*,*,#2157,.T.);
#2969=ORIENTED_EDGE('',*,*,#2264,.F.);
#2970=ORIENTED_EDGE('',*,*,#2260,.T.);
#2971=ORIENTED_EDGE('',*,*,#2265,.T.);
#2972=ORIENTED_EDGE('',*,*,#2171,.T.);
#2973=ORIENTED_EDGE('',*,*,#2266,.T.);
#2974=ORIENTED_EDGE('',*,*,#2267,.T.);
#2975=ORIENTED_EDGE('',*,*,#2268,.T.);
#2976=ORIENTED_EDGE('',*,*,#2269,.T.);
#2977=ORIENTED_EDGE('',*,*,#2265,.F.);
#2978=ORIENTED_EDGE('',*,*,#2270,.T.);
#2979=ORIENTED_EDGE('',*,*,#2271,.T.);
#2980=ORIENTED_EDGE('',*,*,#2272,.T.);
#2981=ORIENTED_EDGE('',*,*,#2268,.F.);
#2982=ORIENTED_EDGE('',*,*,#2273,.T.);
#2983=ORIENTED_EDGE('',*,*,#2273,.F.);
#2984=ORIENTED_EDGE('',*,*,#2270,.F.);
#2985=ORIENTED_EDGE('',*,*,#2267,.F.);
#2986=ORIENTED_EDGE('',*,*,#2274,.F.);
#2987=ORIENTED_EDGE('',*,*,#2275,.T.);
#2988=ORIENTED_EDGE('',*,*,#2276,.T.);
#2989=ORIENTED_EDGE('',*,*,#2277,.T.);
#2990=ORIENTED_EDGE('',*,*,#2178,.T.);
#2991=ORIENTED_EDGE('',*,*,#2278,.T.);
#2992=ORIENTED_EDGE('',*,*,#2279,.T.);
#2993=ORIENTED_EDGE('',*,*,#2280,.T.);
#2994=ORIENTED_EDGE('',*,*,#2181,.T.);
#2995=ORIENTED_EDGE('',*,*,#2281,.T.);
#2996=ORIENTED_EDGE('',*,*,#2282,.T.);
#2997=ORIENTED_EDGE('',*,*,#2283,.T.);
#2998=ORIENTED_EDGE('',*,*,#2284,.T.);
#2999=ORIENTED_EDGE('',*,*,#2281,.F.);
#3000=ORIENTED_EDGE('',*,*,#2285,.T.);
#3001=ORIENTED_EDGE('',*,*,#2280,.F.);
#3002=ORIENTED_EDGE('',*,*,#2277,.F.);
#3003=ORIENTED_EDGE('',*,*,#2180,.F.);
#3004=ORIENTED_EDGE('',*,*,#2286,.T.);
#3005=ORIENTED_EDGE('',*,*,#2287,.T.);
#3006=ORIENTED_EDGE('',*,*,#2286,.F.);
#3007=ORIENTED_EDGE('',*,*,#2179,.F.);
#3008=ORIENTED_EDGE('',*,*,#2285,.F.);
#3009=ORIENTED_EDGE('',*,*,#2288,.T.);
#3010=ORIENTED_EDGE('',*,*,#2289,.T.);
#3011=ORIENTED_EDGE('',*,*,#2182,.T.);
#3012=ORIENTED_EDGE('',*,*,#2284,.F.);
#3013=ORIENTED_EDGE('',*,*,#2290,.T.);
#3014=ORIENTED_EDGE('',*,*,#2291,.F.);
#3015=ORIENTED_EDGE('',*,*,#2288,.F.);
#3016=ORIENTED_EDGE('',*,*,#2292,.T.);
#3017=ORIENTED_EDGE('',*,*,#2293,.T.);
#3018=ORIENTED_EDGE('',*,*,#2294,.T.);
#3019=ORIENTED_EDGE('',*,*,#2295,.T.);
#3020=ORIENTED_EDGE('',*,*,#2296,.T.);
#3021=ORIENTED_EDGE('',*,*,#2297,.T.);
#3022=ORIENTED_EDGE('',*,*,#2298,.T.);
#3023=ORIENTED_EDGE('',*,*,#2153,.T.);
#3024=ORIENTED_EDGE('',*,*,#2150,.T.);
#3025=ORIENTED_EDGE('',*,*,#2296,.F.);
#3026=ORIENTED_EDGE('',*,*,#2299,.T.);
#3027=ORIENTED_EDGE('',*,*,#2292,.F.);
#3028=ORIENTED_EDGE('',*,*,#2293,.F.);
#3029=ORIENTED_EDGE('',*,*,#2300,.F.);
#3030=ORIENTED_EDGE('',*,*,#2301,.T.);
#3031=ORIENTED_EDGE('',*,*,#2302,.T.);
#3032=ORIENTED_EDGE('',*,*,#2299,.F.);
#3033=ORIENTED_EDGE('',*,*,#2149,.T.);
#3034=ORIENTED_EDGE('',*,*,#2303,.T.);
#3035=ORIENTED_EDGE('',*,*,#2300,.T.);
#3036=ORIENTED_EDGE('',*,*,#2279,.F.);
#3037=ORIENTED_EDGE('',*,*,#2304,.T.);
#3038=ORIENTED_EDGE('',*,*,#2305,.F.);
#3039=ORIENTED_EDGE('',*,*,#2282,.F.);
#3040=ORIENTED_EDGE('',*,*,#2306,.T.);
#3041=ORIENTED_EDGE('',*,*,#2307,.T.);
#3042=ORIENTED_EDGE('',*,*,#2308,.T.);
#3043=ORIENTED_EDGE('',*,*,#2156,.T.);
#3044=ORIENTED_EDGE('',*,*,#2309,.T.);
#3045=ORIENTED_EDGE('',*,*,#2261,.T.);
#3046=ORIENTED_EDGE('',*,*,#2310,.T.);
#3047=ORIENTED_EDGE('',*,*,#2311,.T.);
#3048=ORIENTED_EDGE('',*,*,#2310,.F.);
#3049=ORIENTED_EDGE('',*,*,#2264,.T.);
#3050=ORIENTED_EDGE('',*,*,#2308,.F.);
#3051=ORIENTED_EDGE('',*,*,#2307,.F.);
#3052=ORIENTED_EDGE('',*,*,#2312,.T.);
#3053=ORIENTED_EDGE('',*,*,#2313,.T.);
#3054=ORIENTED_EDGE('',*,*,#2314,.F.);
#3055=ORIENTED_EDGE('',*,*,#2315,.T.);
#3056=ORIENTED_EDGE('',*,*,#2316,.T.);
#3057=ORIENTED_EDGE('',*,*,#2317,.F.);
#3058=ORIENTED_EDGE('',*,*,#2318,.F.);
#3059=ORIENTED_EDGE('',*,*,#2319,.F.);
#3060=ORIENTED_EDGE('',*,*,#2311,.F.);
#3061=ORIENTED_EDGE('',*,*,#2269,.F.);
#3062=ORIENTED_EDGE('',*,*,#2320,.T.);
#3063=ORIENTED_EDGE('',*,*,#2321,.T.);
#3064=ORIENTED_EDGE('',*,*,#2172,.T.);
#3065=ORIENTED_EDGE('',*,*,#2321,.F.);
#3066=ORIENTED_EDGE('',*,*,#2322,.T.);
#3067=ORIENTED_EDGE('',*,*,#2323,.T.);
#3068=ORIENTED_EDGE('',*,*,#2173,.T.);
#3069=ORIENTED_EDGE('',*,*,#2324,.T.);
#3070=ORIENTED_EDGE('',*,*,#2174,.T.);
#3071=ORIENTED_EDGE('',*,*,#2323,.F.);
#3072=ORIENTED_EDGE('',*,*,#2095,.T.);
#3073=ORIENTED_EDGE('',*,*,#2325,.T.);
#3074=ORIENTED_EDGE('',*,*,#2175,.T.);
#3075=ORIENTED_EDGE('',*,*,#2324,.F.);
#3076=ORIENTED_EDGE('',*,*,#2326,.T.);
#3077=ORIENTED_EDGE('',*,*,#2327,.T.);
#3078=ORIENTED_EDGE('',*,*,#2328,.T.);
#3079=ORIENTED_EDGE('',*,*,#2329,.T.);
#3080=ORIENTED_EDGE('',*,*,#2325,.F.);
#3081=ORIENTED_EDGE('',*,*,#2330,.F.);
#3082=ORIENTED_EDGE('',*,*,#2331,.T.);
#3083=ORIENTED_EDGE('',*,*,#2332,.T.);
#3084=ORIENTED_EDGE('',*,*,#2176,.T.);
#3085=ORIENTED_EDGE('',*,*,#2329,.F.);
#3086=ORIENTED_EDGE('',*,*,#2333,.F.);
#3087=ORIENTED_EDGE('',*,*,#2330,.T.);
#3088=ORIENTED_EDGE('',*,*,#2328,.F.);
#3089=ORIENTED_EDGE('',*,*,#2334,.T.);
#3090=ORIENTED_EDGE('',*,*,#2335,.F.);
#3091=ORIENTED_EDGE('',*,*,#2336,.F.);
#3092=ORIENTED_EDGE('',*,*,#2333,.T.);
#3093=ORIENTED_EDGE('',*,*,#2337,.T.);
#3094=ORIENTED_EDGE('',*,*,#2338,.T.);
#3095=ORIENTED_EDGE('',*,*,#2274,.T.);
#3096=ORIENTED_EDGE('',*,*,#2266,.F.);
#3097=ORIENTED_EDGE('',*,*,#2170,.T.);
#3098=ORIENTED_EDGE('',*,*,#2338,.F.);
#3099=ORIENTED_EDGE('',*,*,#2339,.T.);
#3100=ORIENTED_EDGE('',*,*,#2340,.T.);
#3101=ORIENTED_EDGE('',*,*,#2275,.F.);
#3102=ORIENTED_EDGE('',*,*,#2341,.T.);
#3103=ORIENTED_EDGE('',*,*,#2243,.T.);
#3104=ORIENTED_EDGE('',*,*,#2162,.T.);
#3105=ORIENTED_EDGE('',*,*,#2257,.F.);
#3106=ORIENTED_EDGE('',*,*,#2341,.F.);
#3107=ORIENTED_EDGE('',*,*,#2342,.T.);
#3108=ORIENTED_EDGE('',*,*,#2343,.T.);
#3109=ORIENTED_EDGE('',*,*,#2244,.F.);
#3110=ORIENTED_EDGE('',*,*,#2344,.T.);
#3111=ORIENTED_EDGE('',*,*,#2345,.T.);
#3112=ORIENTED_EDGE('',*,*,#2154,.T.);
#3113=ORIENTED_EDGE('',*,*,#2298,.F.);
#3114=ORIENTED_EDGE('',*,*,#2344,.F.);
#3115=ORIENTED_EDGE('',*,*,#2346,.T.);
#3116=ORIENTED_EDGE('',*,*,#2347,.T.);
#3117=ORIENTED_EDGE('',*,*,#2348,.F.);
#3118=ORIENTED_EDGE('',*,*,#2306,.F.);
#3119=ORIENTED_EDGE('',*,*,#2155,.F.);
#3120=ORIENTED_EDGE('',*,*,#2345,.F.);
#3121=ORIENTED_EDGE('',*,*,#2348,.T.);
#3122=ORIENTED_EDGE('',*,*,#2349,.T.);
#3123=ORIENTED_EDGE('',*,*,#2312,.F.);
#3124=ORIENTED_EDGE('',*,*,#2295,.F.);
#3125=ORIENTED_EDGE('',*,*,#2350,.T.);
#3126=ORIENTED_EDGE('',*,*,#2346,.F.);
#3127=ORIENTED_EDGE('',*,*,#2297,.F.);
#3128=ORIENTED_EDGE('',*,*,#2254,.F.);
#3129=ORIENTED_EDGE('',*,*,#2351,.T.);
#3130=ORIENTED_EDGE('',*,*,#2342,.F.);
#3131=ORIENTED_EDGE('',*,*,#2256,.F.);
#3132=ORIENTED_EDGE('',*,*,#2259,.F.);
#3133=ORIENTED_EDGE('',*,*,#2241,.F.);
#3134=ORIENTED_EDGE('',*,*,#2245,.F.);
#3135=ORIENTED_EDGE('',*,*,#2343,.F.);
#3136=ORIENTED_EDGE('',*,*,#2351,.F.);
#3137=ORIENTED_EDGE('',*,*,#2253,.F.);
#3138=ORIENTED_EDGE('',*,*,#2248,.F.);
#3139=ORIENTED_EDGE('',*,*,#2352,.T.);
#3140=ORIENTED_EDGE('',*,*,#2339,.F.);
#3141=ORIENTED_EDGE('',*,*,#2337,.F.);
#3142=ORIENTED_EDGE('',*,*,#2169,.F.);
#3143=ORIENTED_EDGE('',*,*,#2340,.F.);
#3144=ORIENTED_EDGE('',*,*,#2352,.F.);
#3145=ORIENTED_EDGE('',*,*,#2247,.T.);
#3146=ORIENTED_EDGE('',*,*,#2353,.T.);
#3147=ORIENTED_EDGE('',*,*,#2271,.F.);
#3148=ORIENTED_EDGE('',*,*,#2276,.F.);
#3149=ORIENTED_EDGE('',*,*,#2326,.F.);
#3150=ORIENTED_EDGE('',*,*,#2094,.F.);
#3151=ORIENTED_EDGE('',*,*,#2354,.F.);
#3152=ORIENTED_EDGE('',*,*,#2355,.F.);
#3153=ORIENTED_EDGE('',*,*,#2322,.F.);
#3154=ORIENTED_EDGE('',*,*,#2356,.T.);
#3155=ORIENTED_EDGE('',*,*,#2357,.F.);
#3156=ORIENTED_EDGE('',*,*,#2096,.T.);
#3157=ORIENTED_EDGE('',*,*,#2358,.F.);
#3158=ORIENTED_EDGE('',*,*,#2335,.T.);
#3159=ORIENTED_EDGE('',*,*,#2359,.T.);
#3160=ORIENTED_EDGE('',*,*,#2092,.T.);
#3161=ORIENTED_EDGE('',*,*,#2360,.T.);
#3162=ORIENTED_EDGE('',*,*,#2361,.T.);
#3163=ORIENTED_EDGE('',*,*,#2290,.F.);
#3164=ORIENTED_EDGE('',*,*,#2283,.F.);
#3165=ORIENTED_EDGE('',*,*,#2305,.T.);
#3166=ORIENTED_EDGE('',*,*,#2362,.F.);
#3167=ORIENTED_EDGE('',*,*,#2336,.T.);
#3168=ORIENTED_EDGE('',*,*,#2358,.T.);
#3169=ORIENTED_EDGE('',*,*,#2363,.F.);
#3170=ORIENTED_EDGE('',*,*,#2364,.F.);
#3171=ORIENTED_EDGE('',*,*,#2331,.F.);
#3172=ORIENTED_EDGE('',*,*,#2364,.T.);
#3173=ORIENTED_EDGE('',*,*,#2365,.T.);
#3174=ORIENTED_EDGE('',*,*,#2278,.F.);
#3175=ORIENTED_EDGE('',*,*,#2177,.T.);
#3176=ORIENTED_EDGE('',*,*,#2332,.F.);
#3177=ORIENTED_EDGE('',*,*,#2365,.F.);
#3178=ORIENTED_EDGE('',*,*,#2363,.T.);
#3179=ORIENTED_EDGE('',*,*,#2362,.T.);
#3180=ORIENTED_EDGE('',*,*,#2304,.F.);
#3181=ORIENTED_EDGE('',*,*,#2327,.F.);
#3182=ORIENTED_EDGE('',*,*,#2355,.T.);
#3183=ORIENTED_EDGE('',*,*,#2354,.T.);
#3184=ORIENTED_EDGE('',*,*,#2093,.F.);
#3185=ORIENTED_EDGE('',*,*,#2359,.F.);
#3186=ORIENTED_EDGE('',*,*,#2334,.F.);
#3187=ORIENTED_EDGE('',*,*,#2366,.T.);
#3188=ORIENTED_EDGE('',*,*,#2367,.T.);
#3189=ORIENTED_EDGE('',*,*,#2368,.T.);
#3190=ORIENTED_EDGE('',*,*,#2262,.T.);
#3191=ORIENTED_EDGE('',*,*,#2309,.F.);
#3192=ORIENTED_EDGE('',*,*,#2319,.T.);
#3193=ORIENTED_EDGE('',*,*,#2369,.T.);
#3194=ORIENTED_EDGE('',*,*,#2370,.T.);
#3195=ORIENTED_EDGE('',*,*,#2371,.T.);
#3196=ORIENTED_EDGE('',*,*,#2369,.F.);
#3197=ORIENTED_EDGE('',*,*,#2318,.T.);
#3198=ORIENTED_EDGE('',*,*,#2317,.T.);
#3199=ORIENTED_EDGE('',*,*,#2372,.F.);
#3200=ORIENTED_EDGE('',*,*,#2367,.F.);
#3201=ORIENTED_EDGE('',*,*,#2373,.T.);
#3202=ORIENTED_EDGE('',*,*,#2374,.T.);
#3203=ORIENTED_EDGE('',*,*,#2375,.T.);
#3204=ORIENTED_EDGE('',*,*,#2195,.F.);
#3205=ORIENTED_EDGE('',*,*,#2376,.T.);
#3206=ORIENTED_EDGE('',*,*,#2377,.T.);
#3207=ORIENTED_EDGE('',*,*,#2089,.F.);
#3208=ORIENTED_EDGE('',*,*,#2104,.F.);
#3209=ORIENTED_EDGE('',*,*,#2378,.F.);
#3210=ORIENTED_EDGE('',*,*,#2379,.F.);
#3211=ORIENTED_EDGE('',*,*,#2374,.F.);
#3212=ORIENTED_EDGE('',*,*,#2380,.T.);
#3213=ORIENTED_EDGE('',*,*,#2381,.F.);
#3214=ORIENTED_EDGE('',*,*,#2315,.F.);
#3215=ORIENTED_EDGE('',*,*,#2382,.F.);
#3216=ORIENTED_EDGE('',*,*,#2383,.T.);
#3217=ORIENTED_EDGE('',*,*,#2376,.F.);
#3218=ORIENTED_EDGE('',*,*,#2366,.F.);
#3219=ORIENTED_EDGE('',*,*,#2384,.F.);
#3220=ORIENTED_EDGE('',*,*,#2385,.F.);
#3221=ORIENTED_EDGE('',*,*,#2380,.F.);
#3222=ORIENTED_EDGE('',*,*,#2373,.F.);
#3223=ORIENTED_EDGE('',*,*,#2371,.F.);
#3224=ORIENTED_EDGE('',*,*,#2386,.F.);
#3225=ORIENTED_EDGE('',*,*,#2384,.T.);
#3226=ORIENTED_EDGE('',*,*,#2387,.T.);
#3227=ORIENTED_EDGE('',*,*,#2382,.T.);
#3228=ORIENTED_EDGE('',*,*,#2314,.T.);
#3229=ORIENTED_EDGE('',*,*,#2388,.T.);
#3230=ORIENTED_EDGE('',*,*,#2388,.F.);
#3231=ORIENTED_EDGE('',*,*,#2313,.F.);
#3232=ORIENTED_EDGE('',*,*,#2349,.F.);
#3233=ORIENTED_EDGE('',*,*,#2347,.F.);
#3234=ORIENTED_EDGE('',*,*,#2350,.F.);
#3235=ORIENTED_EDGE('',*,*,#2294,.F.);
#3236=ORIENTED_EDGE('',*,*,#2302,.F.);
#3237=ORIENTED_EDGE('',*,*,#2389,.F.);
#3238=ORIENTED_EDGE('',*,*,#2390,.T.);
#3239=ORIENTED_EDGE('',*,*,#2234,.F.);
#3240=ORIENTED_EDGE('',*,*,#2391,.T.);
#3241=ORIENTED_EDGE('',*,*,#2090,.F.);
#3242=ORIENTED_EDGE('',*,*,#2377,.F.);
#3243=ORIENTED_EDGE('',*,*,#2383,.F.);
#3244=ORIENTED_EDGE('',*,*,#2387,.F.);
#3245=ORIENTED_EDGE('',*,*,#2390,.F.);
#3246=ORIENTED_EDGE('',*,*,#2392,.F.);
#3247=ORIENTED_EDGE('',*,*,#2360,.F.);
#3248=ORIENTED_EDGE('',*,*,#2091,.F.);
#3249=ORIENTED_EDGE('',*,*,#2391,.F.);
#3250=ORIENTED_EDGE('',*,*,#2393,.F.);
#3251=ORIENTED_EDGE('',*,*,#2378,.T.);
#3252=ORIENTED_EDGE('',*,*,#2103,.T.);
#3253=ORIENTED_EDGE('',*,*,#2357,.T.);
#3254=ORIENTED_EDGE('',*,*,#2394,.F.);
#3255=ORIENTED_EDGE('',*,*,#2353,.F.);
#3256=ORIENTED_EDGE('',*,*,#2250,.F.);
#3257=ORIENTED_EDGE('',*,*,#2193,.F.);
#3258=ORIENTED_EDGE('',*,*,#2395,.T.);
#3259=ORIENTED_EDGE('',*,*,#2396,.T.);
#3260=ORIENTED_EDGE('',*,*,#2395,.F.);
#3261=ORIENTED_EDGE('',*,*,#2370,.F.);
#3262=ORIENTED_EDGE('',*,*,#2372,.T.);
#3263=ORIENTED_EDGE('',*,*,#2316,.F.);
#3264=ORIENTED_EDGE('',*,*,#2381,.T.);
#3265=ORIENTED_EDGE('',*,*,#2385,.T.);
#3266=ORIENTED_EDGE('',*,*,#2386,.T.);
#3267=ORIENTED_EDGE('',*,*,#2194,.F.);
#3268=ORIENTED_EDGE('',*,*,#2397,.T.);
#3269=ORIENTED_EDGE('',*,*,#2398,.T.);
#3270=ORIENTED_EDGE('',*,*,#2397,.F.);
#3271=ORIENTED_EDGE('',*,*,#2190,.F.);
#3272=ORIENTED_EDGE('',*,*,#2399,.T.);
#3273=ORIENTED_EDGE('',*,*,#2400,.T.);
#3274=ORIENTED_EDGE('',*,*,#2399,.F.);
#3275=ORIENTED_EDGE('',*,*,#2400,.F.);
#3276=ORIENTED_EDGE('',*,*,#2191,.F.);
#3277=ORIENTED_EDGE('',*,*,#2401,.T.);
#3278=ORIENTED_EDGE('',*,*,#2402,.T.);
#3279=ORIENTED_EDGE('',*,*,#2401,.F.);
#3280=ORIENTED_EDGE('',*,*,#2402,.F.);
#3281=ORIENTED_EDGE('',*,*,#2159,.F.);
#3282=ORIENTED_EDGE('',*,*,#2160,.F.);
#3283=ORIENTED_EDGE('',*,*,#2403,.T.);
#3284=ORIENTED_EDGE('',*,*,#2404,.T.);
#3285=ORIENTED_EDGE('',*,*,#2403,.F.);
#3286=ORIENTED_EDGE('',*,*,#2404,.F.);
#3287=ORIENTED_EDGE('',*,*,#2287,.F.);
#3288=ORIENTED_EDGE('',*,*,#2396,.F.);
#3289=ORIENTED_EDGE('',*,*,#2398,.F.);
#3290=ORIENTED_EDGE('',*,*,#2192,.F.);
#3291=ORIENTED_EDGE('',*,*,#2405,.T.);
#3292=ORIENTED_EDGE('',*,*,#2406,.T.);
#3293=ORIENTED_EDGE('',*,*,#2405,.F.);
#3294=ORIENTED_EDGE('',*,*,#2406,.F.);
#3295=ORIENTED_EDGE('',*,*,#2151,.F.);
#3296=ORIENTED_EDGE('',*,*,#2152,.F.);
#3297=ORIENTED_EDGE('',*,*,#2407,.T.);
#3298=ORIENTED_EDGE('',*,*,#2408,.T.);
#3299=ORIENTED_EDGE('',*,*,#2407,.F.);
#3300=ORIENTED_EDGE('',*,*,#2408,.F.);
#3301=ORIENTED_EDGE('',*,*,#2166,.F.);
#3302=ORIENTED_EDGE('',*,*,#2409,.T.);
#3303=ORIENTED_EDGE('',*,*,#2410,.T.);
#3304=ORIENTED_EDGE('',*,*,#2409,.F.);
#3305=ORIENTED_EDGE('',*,*,#2410,.F.);
#3306=ORIENTED_EDGE('',*,*,#2411,.T.);
#3307=ORIENTED_EDGE('',*,*,#2225,.T.);
#3308=ORIENTED_EDGE('',*,*,#2227,.F.);
#3309=ORIENTED_EDGE('',*,*,#2412,.T.);
#3310=ORIENTED_EDGE('',*,*,#2413,.T.);
#3311=ORIENTED_EDGE('',*,*,#2414,.T.);
#3312=ORIENTED_EDGE('',*,*,#2415,.T.);
#3313=ORIENTED_EDGE('',*,*,#2120,.T.);
#3314=ORIENTED_EDGE('',*,*,#2111,.F.);
#3315=ORIENTED_EDGE('',*,*,#2121,.T.);
#3316=ORIENTED_EDGE('',*,*,#2415,.F.);
#3317=ORIENTED_EDGE('',*,*,#2416,.T.);
#3318=ORIENTED_EDGE('',*,*,#2413,.F.);
#3319=ORIENTED_EDGE('',*,*,#2119,.T.);
#3320=ORIENTED_EDGE('',*,*,#2411,.F.);
#3321=ORIENTED_EDGE('',*,*,#2417,.T.);
#3322=ORIENTED_EDGE('',*,*,#2109,.F.);
#3323=ORIENTED_EDGE('',*,*,#2416,.F.);
#3324=ORIENTED_EDGE('',*,*,#2418,.F.);
#3325=ORIENTED_EDGE('',*,*,#2419,.F.);
#3326=ORIENTED_EDGE('',*,*,#2420,.F.);
#3327=ORIENTED_EDGE('',*,*,#2122,.F.);
#3328=ORIENTED_EDGE('',*,*,#2414,.F.);
#3329=ORIENTED_EDGE('',*,*,#2421,.T.);
#3330=ORIENTED_EDGE('',*,*,#2422,.F.);
#3331=ORIENTED_EDGE('',*,*,#2418,.T.);
#3332=ORIENTED_EDGE('',*,*,#2423,.T.);
#3333=ORIENTED_EDGE('',*,*,#2424,.T.);
#3334=ORIENTED_EDGE('',*,*,#2222,.F.);
#3335=ORIENTED_EDGE('',*,*,#2223,.T.);
#3336=ORIENTED_EDGE('',*,*,#2425,.T.);
#3337=ORIENTED_EDGE('',*,*,#2114,.T.);
#3338=ORIENTED_EDGE('',*,*,#2123,.T.);
#3339=ORIENTED_EDGE('',*,*,#2426,.T.);
#3340=ORIENTED_EDGE('',*,*,#2425,.F.);
#3341=ORIENTED_EDGE('',*,*,#2427,.T.);
#3342=ORIENTED_EDGE('',*,*,#2423,.F.);
#3343=ORIENTED_EDGE('',*,*,#2115,.T.);
#3344=ORIENTED_EDGE('',*,*,#2129,.F.);
#3345=ORIENTED_EDGE('',*,*,#2220,.F.);
#3346=ORIENTED_EDGE('',*,*,#2424,.F.);
#3347=ORIENTED_EDGE('',*,*,#2427,.F.);
#3348=ORIENTED_EDGE('',*,*,#2428,.F.);
#3349=ORIENTED_EDGE('',*,*,#2429,.F.);
#3350=ORIENTED_EDGE('',*,*,#2430,.F.);
#3351=ORIENTED_EDGE('',*,*,#2426,.F.);
#3352=ORIENTED_EDGE('',*,*,#2420,.T.);
#3353=ORIENTED_EDGE('',*,*,#2431,.T.);
#3354=ORIENTED_EDGE('',*,*,#2428,.T.);
#3355=ORIENTED_EDGE('',*,*,#2431,.F.);
#3356=ORIENTED_EDGE('',*,*,#2419,.T.);
#3357=ORIENTED_EDGE('',*,*,#2422,.T.);
#3358=ORIENTED_EDGE('',*,*,#2432,.T.);
#3359=ORIENTED_EDGE('',*,*,#2432,.F.);
#3360=ORIENTED_EDGE('',*,*,#2433,.T.);
#3361=ORIENTED_EDGE('',*,*,#2434,.T.);
#3362=ORIENTED_EDGE('',*,*,#2429,.T.);
#3363=ORIENTED_EDGE('',*,*,#2216,.F.);
#3364=ORIENTED_EDGE('',*,*,#2435,.T.);
#3365=ORIENTED_EDGE('',*,*,#2434,.F.);
#3366=ORIENTED_EDGE('',*,*,#2237,.T.);
#3367=ORIENTED_EDGE('',*,*,#2239,.F.);
#3368=ORIENTED_EDGE('',*,*,#2238,.T.);
#3369=ORIENTED_EDGE('',*,*,#2433,.F.);
#3370=ORIENTED_EDGE('',*,*,#2421,.F.);
#3371=ORIENTED_EDGE('',*,*,#2417,.F.);
#3372=ORIENTED_EDGE('',*,*,#2412,.F.);
#3373=ORIENTED_EDGE('',*,*,#2229,.T.);
#3374=ORIENTED_EDGE('',*,*,#2272,.F.);
#3375=ORIENTED_EDGE('',*,*,#2394,.T.);
#3376=ORIENTED_EDGE('',*,*,#2356,.F.);
#3377=ORIENTED_EDGE('',*,*,#2320,.F.);
#3378=ORIENTED_EDGE('',*,*,#2379,.T.);
#3379=ORIENTED_EDGE('',*,*,#2393,.T.);
#3380=ORIENTED_EDGE('',*,*,#2249,.F.);
#3381=ORIENTED_EDGE('',*,*,#2136,.F.);
#3382=ORIENTED_EDGE('',*,*,#2263,.T.);
#3383=ORIENTED_EDGE('',*,*,#2368,.F.);
#3384=ORIENTED_EDGE('',*,*,#2375,.F.);
#3385=ORIENTED_EDGE('',*,*,#2392,.T.);
#3386=ORIENTED_EDGE('',*,*,#2389,.T.);
#3387=ORIENTED_EDGE('',*,*,#2301,.F.);
#3388=ORIENTED_EDGE('',*,*,#2303,.F.);
#3389=ORIENTED_EDGE('',*,*,#2208,.F.);
#3390=ORIENTED_EDGE('',*,*,#2289,.F.);
#3391=ORIENTED_EDGE('',*,*,#2291,.T.);
#3392=ORIENTED_EDGE('',*,*,#2361,.F.);
#3393=ORIENTED_EDGE('',*,*,#2127,.F.);
#3394=ORIENTED_EDGE('',*,*,#2430,.T.);
#3395=ORIENTED_EDGE('',*,*,#2435,.F.);
#3396=ORIENTED_EDGE('',*,*,#2217,.F.);
#3397=ORIENTED_EDGE('',*,*,#2436,.F.);
#3398=ORIENTED_EDGE('',*,*,#2437,.T.);
#3399=ORIENTED_EDGE('',*,*,#2438,.T.);
#3400=ORIENTED_EDGE('',*,*,#2437,.F.);
#3401=ORIENTED_EDGE('',*,*,#2436,.T.);
#3402=ORIENTED_EDGE('',*,*,#2439,.F.);
#3403=ORIENTED_EDGE('',*,*,#2440,.F.);
#3404=ORIENTED_EDGE('',*,*,#2441,.T.);
#3405=ORIENTED_EDGE('',*,*,#2439,.T.);
#3406=ORIENTED_EDGE('',*,*,#2441,.F.);
#3407=ORIENTED_EDGE('',*,*,#2442,.F.);
#3408=ORIENTED_EDGE('',*,*,#2440,.T.);
#3409=ORIENTED_EDGE('',*,*,#2443,.F.);
#3410=ORIENTED_EDGE('',*,*,#2444,.T.);
#3411=ORIENTED_EDGE('',*,*,#2442,.T.);
#3412=ORIENTED_EDGE('',*,*,#2444,.F.);
#3413=ORIENTED_EDGE('',*,*,#2445,.F.);
#3414=ORIENTED_EDGE('',*,*,#2443,.T.);
#3415=ORIENTED_EDGE('',*,*,#2446,.F.);
#3416=ORIENTED_EDGE('',*,*,#2447,.T.);
#3417=ORIENTED_EDGE('',*,*,#2445,.T.);
#3418=ORIENTED_EDGE('',*,*,#2447,.F.);
#3419=ORIENTED_EDGE('',*,*,#2446,.T.);
#3420=ORIENTED_EDGE('',*,*,#2448,.F.);
#3421=ORIENTED_EDGE('',*,*,#2449,.F.);
#3422=ORIENTED_EDGE('',*,*,#2450,.T.);
#3423=ORIENTED_EDGE('',*,*,#2448,.T.);
#3424=ORIENTED_EDGE('',*,*,#2450,.F.);
#3425=ORIENTED_EDGE('',*,*,#2449,.T.);
#3426=ORIENTED_EDGE('',*,*,#2438,.F.);
#3427=ORIENTED_EDGE('',*,*,#2451,.T.);
#3428=ORIENTED_EDGE('',*,*,#2452,.T.);
#3429=ORIENTED_EDGE('',*,*,#2453,.T.);
#3430=ORIENTED_EDGE('',*,*,#2454,.T.);
#3431=ORIENTED_EDGE('',*,*,#2452,.F.);
#3432=ORIENTED_EDGE('',*,*,#2455,.F.);
#3433=ORIENTED_EDGE('',*,*,#2451,.F.);
#3434=ORIENTED_EDGE('',*,*,#2456,.T.);
#3435=ORIENTED_EDGE('',*,*,#2457,.T.);
#3436=ORIENTED_EDGE('',*,*,#2453,.F.);
#3437=ORIENTED_EDGE('',*,*,#2454,.F.);
#3438=ORIENTED_EDGE('',*,*,#2457,.F.);
#3439=ORIENTED_EDGE('',*,*,#2458,.T.);
#3440=ORIENTED_EDGE('',*,*,#2459,.T.);
#3441=ORIENTED_EDGE('',*,*,#2460,.T.);
#3442=ORIENTED_EDGE('',*,*,#2461,.T.);
#3443=ORIENTED_EDGE('',*,*,#2455,.T.);
#3444=ORIENTED_EDGE('',*,*,#2462,.T.);
#3445=ORIENTED_EDGE('',*,*,#2463,.T.);
#3446=ORIENTED_EDGE('',*,*,#2464,.T.);
#3447=ORIENTED_EDGE('',*,*,#2462,.F.);
#3448=ORIENTED_EDGE('',*,*,#2465,.F.);
#3449=ORIENTED_EDGE('',*,*,#2466,.F.);
#3450=ORIENTED_EDGE('',*,*,#2467,.T.);
#3451=ORIENTED_EDGE('',*,*,#2463,.F.);
#3452=ORIENTED_EDGE('',*,*,#2464,.F.);
#3453=ORIENTED_EDGE('',*,*,#2467,.F.);
#3454=ORIENTED_EDGE('',*,*,#2468,.T.);
#3455=ORIENTED_EDGE('',*,*,#2469,.T.);
#3456=ORIENTED_EDGE('',*,*,#2465,.T.);
#3457=ORIENTED_EDGE('',*,*,#2466,.T.);
#3458=ORIENTED_EDGE('',*,*,#2469,.F.);
#3459=ORIENTED_EDGE('',*,*,#2470,.F.);
#3460=ORIENTED_EDGE('',*,*,#2468,.F.);
#3461=ORIENTED_EDGE('',*,*,#2471,.T.);
#3462=ORIENTED_EDGE('',*,*,#2472,.T.);
#3463=ORIENTED_EDGE('',*,*,#2473,.T.);
#3464=ORIENTED_EDGE('',*,*,#2474,.T.);
#3465=ORIENTED_EDGE('',*,*,#2473,.F.);
#3466=ORIENTED_EDGE('',*,*,#2475,.F.);
#3467=ORIENTED_EDGE('',*,*,#2476,.T.);
#3468=ORIENTED_EDGE('',*,*,#2471,.F.);
#3469=ORIENTED_EDGE('',*,*,#2472,.F.);
#3470=ORIENTED_EDGE('',*,*,#2476,.F.);
#3471=ORIENTED_EDGE('',*,*,#2477,.F.);
#3472=ORIENTED_EDGE('',*,*,#2478,.T.);
#3473=ORIENTED_EDGE('',*,*,#2479,.T.);
#3474=ORIENTED_EDGE('',*,*,#2480,.T.);
#3475=ORIENTED_EDGE('',*,*,#2481,.T.);
#3476=ORIENTED_EDGE('',*,*,#2482,.T.);
#3477=ORIENTED_EDGE('',*,*,#2474,.F.);
#3478=ORIENTED_EDGE('',*,*,#2483,.T.);
#3479=ORIENTED_EDGE('',*,*,#2484,.T.);
#3480=ORIENTED_EDGE('',*,*,#2477,.T.);
#3481=ORIENTED_EDGE('',*,*,#2475,.T.);
#3482=ORIENTED_EDGE('',*,*,#2484,.F.);
#3483=ORIENTED_EDGE('',*,*,#2483,.F.);
#3484=ORIENTED_EDGE('',*,*,#2485,.F.);
#3485=ORIENTED_EDGE('',*,*,#2486,.T.);
#3486=ORIENTED_EDGE('',*,*,#2487,.T.);
#3487=ORIENTED_EDGE('',*,*,#2488,.T.);
#3488=ORIENTED_EDGE('',*,*,#2485,.T.);
#3489=ORIENTED_EDGE('',*,*,#2488,.F.);
#3490=ORIENTED_EDGE('',*,*,#2486,.F.);
#3491=ORIENTED_EDGE('',*,*,#2487,.F.);
#3492=ORIENTED_EDGE('',*,*,#2489,.T.);
#3493=ORIENTED_EDGE('',*,*,#2490,.F.);
#3494=ORIENTED_EDGE('',*,*,#2489,.F.);
#3495=ORIENTED_EDGE('',*,*,#2460,.F.);
#3496=ORIENTED_EDGE('',*,*,#2461,.F.);
#3497=ORIENTED_EDGE('',*,*,#2491,.T.);
#3498=ORIENTED_EDGE('',*,*,#2478,.F.);
#3499=ORIENTED_EDGE('',*,*,#2479,.F.);
#3500=ORIENTED_EDGE('',*,*,#2491,.F.);
#3501=ORIENTED_EDGE('',*,*,#2458,.F.);
#3502=ORIENTED_EDGE('',*,*,#2459,.F.);
#3503=ORIENTED_EDGE('',*,*,#2492,.T.);
#3504=ORIENTED_EDGE('',*,*,#2480,.F.);
#3505=ORIENTED_EDGE('',*,*,#2481,.F.);
#3506=ORIENTED_EDGE('',*,*,#2492,.F.);
#3507=ORIENTED_EDGE('',*,*,#2456,.F.);
#3508=ORIENTED_EDGE('',*,*,#2490,.T.);
#3509=ORIENTED_EDGE('',*,*,#2482,.F.);
#3510=ORIENTED_EDGE('',*,*,#2493,.T.);
#3511=ORIENTED_EDGE('',*,*,#2470,.T.);
#3512=ORIENTED_EDGE('',*,*,#2493,.F.);
#3513=ORIENTED_EDGE('',*,*,#2494,.T.);
#3514=ORIENTED_EDGE('',*,*,#2495,.T.);
#3515=ORIENTED_EDGE('',*,*,#2496,.T.);
#3516=ORIENTED_EDGE('',*,*,#2497,.T.);
#3517=ORIENTED_EDGE('',*,*,#2496,.F.);
#3518=ORIENTED_EDGE('',*,*,#2498,.T.);
#3519=ORIENTED_EDGE('',*,*,#2497,.F.);
#3520=ORIENTED_EDGE('',*,*,#2494,.F.);
#3521=ORIENTED_EDGE('',*,*,#2495,.F.);
#3522=ORIENTED_EDGE('',*,*,#2499,.T.);
#3523=ORIENTED_EDGE('',*,*,#2500,.F.);
#3524=ORIENTED_EDGE('',*,*,#2499,.F.);
#3525=ORIENTED_EDGE('',*,*,#2501,.T.);
#3526=ORIENTED_EDGE('',*,*,#2502,.T.);
#3527=ORIENTED_EDGE('',*,*,#2503,.T.);
#3528=ORIENTED_EDGE('',*,*,#2502,.F.);
#3529=ORIENTED_EDGE('',*,*,#2503,.F.);
#3530=ORIENTED_EDGE('',*,*,#2504,.F.);
#3531=ORIENTED_EDGE('',*,*,#2505,.F.);
#3532=ORIENTED_EDGE('',*,*,#2506,.T.);
#3533=ORIENTED_EDGE('',*,*,#2501,.F.);
#3534=ORIENTED_EDGE('',*,*,#2506,.F.);
#3535=ORIENTED_EDGE('',*,*,#2504,.T.);
#3536=ORIENTED_EDGE('',*,*,#2507,.T.);
#3537=ORIENTED_EDGE('',*,*,#2508,.T.);
#3538=ORIENTED_EDGE('',*,*,#2507,.F.);
#3539=ORIENTED_EDGE('',*,*,#2509,.T.);
#3540=ORIENTED_EDGE('',*,*,#2510,.T.);
#3541=ORIENTED_EDGE('',*,*,#2508,.F.);
#3542=ORIENTED_EDGE('',*,*,#2510,.F.);
#3543=ORIENTED_EDGE('',*,*,#2511,.T.);
#3544=ORIENTED_EDGE('',*,*,#2512,.T.);
#3545=ORIENTED_EDGE('',*,*,#2513,.T.);
#3546=ORIENTED_EDGE('',*,*,#2512,.F.);
#3547=ORIENTED_EDGE('',*,*,#2511,.F.);
#3548=ORIENTED_EDGE('',*,*,#2514,.T.);
#3549=ORIENTED_EDGE('',*,*,#2515,.T.);
#3550=ORIENTED_EDGE('',*,*,#2514,.F.);
#3551=ORIENTED_EDGE('',*,*,#2509,.F.);
#3552=ORIENTED_EDGE('',*,*,#2513,.F.);
#3553=ORIENTED_EDGE('',*,*,#2505,.T.);
#3554=ORIENTED_EDGE('',*,*,#2516,.F.);
#3555=ORIENTED_EDGE('',*,*,#2516,.T.);
#3556=ORIENTED_EDGE('',*,*,#2517,.T.);
#3557=ORIENTED_EDGE('',*,*,#2498,.F.);
#3558=ORIENTED_EDGE('',*,*,#2517,.F.);
#3559=ORIENTED_EDGE('',*,*,#2515,.F.);
#3560=ORIENTED_EDGE('',*,*,#2500,.T.);
#3561=ORIENTED_EDGE('',*,*,#2518,.T.);
#3562=ORIENTED_EDGE('',*,*,#2519,.T.);
#3563=ORIENTED_EDGE('',*,*,#2520,.T.);
#3564=ORIENTED_EDGE('',*,*,#2521,.T.);
#3565=ORIENTED_EDGE('',*,*,#2522,.T.);
#3566=ORIENTED_EDGE('',*,*,#2523,.T.);
#3567=ORIENTED_EDGE('',*,*,#2520,.F.);
#3568=ORIENTED_EDGE('',*,*,#2524,.T.);
#3569=ORIENTED_EDGE('',*,*,#2525,.T.);
#3570=ORIENTED_EDGE('',*,*,#2526,.T.);
#3571=ORIENTED_EDGE('',*,*,#2522,.F.);
#3572=ORIENTED_EDGE('',*,*,#2527,.T.);
#3573=ORIENTED_EDGE('',*,*,#2528,.T.);
#3574=ORIENTED_EDGE('',*,*,#2529,.T.);
#3575=ORIENTED_EDGE('',*,*,#2525,.F.);
#3576=ORIENTED_EDGE('',*,*,#2530,.T.);
#3577=ORIENTED_EDGE('',*,*,#2531,.T.);
#3578=ORIENTED_EDGE('',*,*,#2532,.T.);
#3579=ORIENTED_EDGE('',*,*,#2528,.F.);
#3580=ORIENTED_EDGE('',*,*,#2533,.T.);
#3581=ORIENTED_EDGE('',*,*,#2534,.T.);
#3582=ORIENTED_EDGE('',*,*,#2535,.T.);
#3583=ORIENTED_EDGE('',*,*,#2531,.F.);
#3584=ORIENTED_EDGE('',*,*,#2536,.T.);
#3585=ORIENTED_EDGE('',*,*,#2537,.T.);
#3586=ORIENTED_EDGE('',*,*,#2538,.T.);
#3587=ORIENTED_EDGE('',*,*,#2534,.F.);
#3588=ORIENTED_EDGE('',*,*,#2539,.T.);
#3589=ORIENTED_EDGE('',*,*,#2540,.T.);
#3590=ORIENTED_EDGE('',*,*,#2541,.T.);
#3591=ORIENTED_EDGE('',*,*,#2537,.F.);
#3592=ORIENTED_EDGE('',*,*,#2542,.T.);
#3593=ORIENTED_EDGE('',*,*,#2543,.T.);
#3594=ORIENTED_EDGE('',*,*,#2544,.T.);
#3595=ORIENTED_EDGE('',*,*,#2540,.F.);
#3596=ORIENTED_EDGE('',*,*,#2545,.T.);
#3597=ORIENTED_EDGE('',*,*,#2546,.T.);
#3598=ORIENTED_EDGE('',*,*,#2547,.T.);
#3599=ORIENTED_EDGE('',*,*,#2543,.F.);
#3600=ORIENTED_EDGE('',*,*,#2548,.T.);
#3601=ORIENTED_EDGE('',*,*,#2549,.T.);
#3602=ORIENTED_EDGE('',*,*,#2550,.T.);
#3603=ORIENTED_EDGE('',*,*,#2546,.F.);
#3604=ORIENTED_EDGE('',*,*,#2551,.T.);
#3605=ORIENTED_EDGE('',*,*,#2552,.T.);
#3606=ORIENTED_EDGE('',*,*,#2553,.T.);
#3607=ORIENTED_EDGE('',*,*,#2549,.F.);
#3608=ORIENTED_EDGE('',*,*,#2554,.T.);
#3609=ORIENTED_EDGE('',*,*,#2555,.T.);
#3610=ORIENTED_EDGE('',*,*,#2556,.T.);
#3611=ORIENTED_EDGE('',*,*,#2552,.F.);
#3612=ORIENTED_EDGE('',*,*,#2557,.T.);
#3613=ORIENTED_EDGE('',*,*,#2558,.T.);
#3614=ORIENTED_EDGE('',*,*,#2559,.T.);
#3615=ORIENTED_EDGE('',*,*,#2555,.F.);
#3616=ORIENTED_EDGE('',*,*,#2560,.T.);
#3617=ORIENTED_EDGE('',*,*,#2561,.T.);
#3618=ORIENTED_EDGE('',*,*,#2562,.T.);
#3619=ORIENTED_EDGE('',*,*,#2558,.F.);
#3620=ORIENTED_EDGE('',*,*,#2563,.T.);
#3621=ORIENTED_EDGE('',*,*,#2518,.F.);
#3622=ORIENTED_EDGE('',*,*,#2564,.T.);
#3623=ORIENTED_EDGE('',*,*,#2561,.F.);
#3624=ORIENTED_EDGE('',*,*,#2565,.T.);
#3625=ORIENTED_EDGE('',*,*,#2547,.F.);
#3626=ORIENTED_EDGE('',*,*,#2566,.T.);
#3627=ORIENTED_EDGE('',*,*,#2567,.F.);
#3628=ORIENTED_EDGE('',*,*,#2568,.F.);
#3629=ORIENTED_EDGE('',*,*,#2550,.F.);
#3630=ORIENTED_EDGE('',*,*,#2569,.F.);
#3631=ORIENTED_EDGE('',*,*,#2570,.F.);
#3632=ORIENTED_EDGE('',*,*,#2566,.F.);
#3633=ORIENTED_EDGE('',*,*,#2553,.F.);
#3634=ORIENTED_EDGE('',*,*,#2571,.T.);
#3635=ORIENTED_EDGE('',*,*,#2572,.F.);
#3636=ORIENTED_EDGE('',*,*,#2569,.T.);
#3637=ORIENTED_EDGE('',*,*,#2556,.F.);
#3638=ORIENTED_EDGE('',*,*,#2573,.F.);
#3639=ORIENTED_EDGE('',*,*,#2574,.F.);
#3640=ORIENTED_EDGE('',*,*,#2571,.F.);
#3641=ORIENTED_EDGE('',*,*,#2559,.F.);
#3642=ORIENTED_EDGE('',*,*,#2575,.T.);
#3643=ORIENTED_EDGE('',*,*,#2576,.F.);
#3644=ORIENTED_EDGE('',*,*,#2573,.T.);
#3645=ORIENTED_EDGE('',*,*,#2562,.F.);
#3646=ORIENTED_EDGE('',*,*,#2577,.F.);
#3647=ORIENTED_EDGE('',*,*,#2578,.F.);
#3648=ORIENTED_EDGE('',*,*,#2575,.F.);
#3649=ORIENTED_EDGE('',*,*,#2564,.F.);
#3650=ORIENTED_EDGE('',*,*,#2579,.T.);
#3651=ORIENTED_EDGE('',*,*,#2580,.F.);
#3652=ORIENTED_EDGE('',*,*,#2577,.T.);
#3653=ORIENTED_EDGE('',*,*,#2521,.F.);
#3654=ORIENTED_EDGE('',*,*,#2581,.T.);
#3655=ORIENTED_EDGE('',*,*,#2582,.F.);
#3656=ORIENTED_EDGE('',*,*,#2579,.F.);
#3657=ORIENTED_EDGE('',*,*,#2519,.F.);
#3658=ORIENTED_EDGE('',*,*,#2565,.F.);
#3659=ORIENTED_EDGE('',*,*,#2563,.F.);
#3660=ORIENTED_EDGE('',*,*,#2560,.F.);
#3661=ORIENTED_EDGE('',*,*,#2557,.F.);
#3662=ORIENTED_EDGE('',*,*,#2554,.F.);
#3663=ORIENTED_EDGE('',*,*,#2551,.F.);
#3664=ORIENTED_EDGE('',*,*,#2548,.F.);
#3665=ORIENTED_EDGE('',*,*,#2545,.F.);
#3666=ORIENTED_EDGE('',*,*,#2542,.F.);
#3667=ORIENTED_EDGE('',*,*,#2539,.F.);
#3668=ORIENTED_EDGE('',*,*,#2536,.F.);
#3669=ORIENTED_EDGE('',*,*,#2533,.F.);
#3670=ORIENTED_EDGE('',*,*,#2530,.F.);
#3671=ORIENTED_EDGE('',*,*,#2527,.F.);
#3672=ORIENTED_EDGE('',*,*,#2524,.F.);
#3673=ORIENTED_EDGE('',*,*,#2583,.F.);
#3674=ORIENTED_EDGE('',*,*,#2584,.F.);
#3675=ORIENTED_EDGE('',*,*,#2585,.F.);
#3676=ORIENTED_EDGE('',*,*,#2586,.F.);
#3677=ORIENTED_EDGE('',*,*,#2587,.F.);
#3678=ORIENTED_EDGE('',*,*,#2588,.F.);
#3679=ORIENTED_EDGE('',*,*,#2589,.F.);
#3680=ORIENTED_EDGE('',*,*,#2590,.F.);
#3681=ORIENTED_EDGE('',*,*,#2591,.F.);
#3682=ORIENTED_EDGE('',*,*,#2592,.T.);
#3683=ORIENTED_EDGE('',*,*,#2593,.T.);
#3684=ORIENTED_EDGE('',*,*,#2594,.T.);
#3685=ORIENTED_EDGE('',*,*,#2595,.T.);
#3686=ORIENTED_EDGE('',*,*,#2596,.T.);
#3687=ORIENTED_EDGE('',*,*,#2597,.T.);
#3688=ORIENTED_EDGE('',*,*,#2594,.F.);
#3689=ORIENTED_EDGE('',*,*,#2598,.T.);
#3690=ORIENTED_EDGE('',*,*,#2599,.T.);
#3691=ORIENTED_EDGE('',*,*,#2600,.T.);
#3692=ORIENTED_EDGE('',*,*,#2596,.F.);
#3693=ORIENTED_EDGE('',*,*,#2601,.T.);
#3694=ORIENTED_EDGE('',*,*,#2602,.T.);
#3695=ORIENTED_EDGE('',*,*,#2603,.T.);
#3696=ORIENTED_EDGE('',*,*,#2599,.F.);
#3697=ORIENTED_EDGE('',*,*,#2604,.T.);
#3698=ORIENTED_EDGE('',*,*,#2605,.T.);
#3699=ORIENTED_EDGE('',*,*,#2606,.T.);
#3700=ORIENTED_EDGE('',*,*,#2602,.F.);
#3701=ORIENTED_EDGE('',*,*,#2607,.T.);
#3702=ORIENTED_EDGE('',*,*,#2608,.T.);
#3703=ORIENTED_EDGE('',*,*,#2609,.T.);
#3704=ORIENTED_EDGE('',*,*,#2605,.F.);
#3705=ORIENTED_EDGE('',*,*,#2610,.T.);
#3706=ORIENTED_EDGE('',*,*,#2611,.T.);
#3707=ORIENTED_EDGE('',*,*,#2612,.T.);
#3708=ORIENTED_EDGE('',*,*,#2608,.F.);
#3709=ORIENTED_EDGE('',*,*,#2613,.T.);
#3710=ORIENTED_EDGE('',*,*,#2614,.T.);
#3711=ORIENTED_EDGE('',*,*,#2582,.T.);
#3712=ORIENTED_EDGE('',*,*,#2611,.F.);
#3713=ORIENTED_EDGE('',*,*,#2615,.T.);
#3714=ORIENTED_EDGE('',*,*,#2616,.T.);
#3715=ORIENTED_EDGE('',*,*,#2580,.T.);
#3716=ORIENTED_EDGE('',*,*,#2614,.F.);
#3717=ORIENTED_EDGE('',*,*,#2617,.T.);
#3718=ORIENTED_EDGE('',*,*,#2618,.T.);
#3719=ORIENTED_EDGE('',*,*,#2578,.T.);
#3720=ORIENTED_EDGE('',*,*,#2616,.F.);
#3721=ORIENTED_EDGE('',*,*,#2619,.T.);
#3722=ORIENTED_EDGE('',*,*,#2620,.T.);
#3723=ORIENTED_EDGE('',*,*,#2576,.T.);
#3724=ORIENTED_EDGE('',*,*,#2618,.F.);
#3725=ORIENTED_EDGE('',*,*,#2621,.T.);
#3726=ORIENTED_EDGE('',*,*,#2622,.T.);
#3727=ORIENTED_EDGE('',*,*,#2574,.T.);
#3728=ORIENTED_EDGE('',*,*,#2620,.F.);
#3729=ORIENTED_EDGE('',*,*,#2623,.T.);
#3730=ORIENTED_EDGE('',*,*,#2624,.T.);
#3731=ORIENTED_EDGE('',*,*,#2572,.T.);
#3732=ORIENTED_EDGE('',*,*,#2622,.F.);
#3733=ORIENTED_EDGE('',*,*,#2625,.T.);
#3734=ORIENTED_EDGE('',*,*,#2626,.T.);
#3735=ORIENTED_EDGE('',*,*,#2570,.T.);
#3736=ORIENTED_EDGE('',*,*,#2624,.F.);
#3737=ORIENTED_EDGE('',*,*,#2627,.T.);
#3738=ORIENTED_EDGE('',*,*,#2628,.T.);
#3739=ORIENTED_EDGE('',*,*,#2567,.T.);
#3740=ORIENTED_EDGE('',*,*,#2626,.F.);
#3741=ORIENTED_EDGE('',*,*,#2629,.T.);
#3742=ORIENTED_EDGE('',*,*,#2628,.F.);
#3743=ORIENTED_EDGE('',*,*,#2630,.T.);
#3744=ORIENTED_EDGE('',*,*,#2592,.F.);
#3745=ORIENTED_EDGE('',*,*,#2631,.T.);
#3746=ORIENTED_EDGE('',*,*,#2544,.F.);
#3747=ORIENTED_EDGE('',*,*,#2568,.T.);
#3748=ORIENTED_EDGE('',*,*,#2631,.F.);
#3749=ORIENTED_EDGE('',*,*,#2632,.F.);
#3750=ORIENTED_EDGE('',*,*,#2541,.F.);
#3751=ORIENTED_EDGE('',*,*,#2632,.T.);
#3752=ORIENTED_EDGE('',*,*,#2595,.F.);
#3753=ORIENTED_EDGE('',*,*,#2633,.T.);
#3754=ORIENTED_EDGE('',*,*,#2593,.F.);
#3755=ORIENTED_EDGE('',*,*,#2630,.F.);
#3756=ORIENTED_EDGE('',*,*,#2629,.F.);
#3757=ORIENTED_EDGE('',*,*,#2627,.F.);
#3758=ORIENTED_EDGE('',*,*,#2625,.F.);
#3759=ORIENTED_EDGE('',*,*,#2623,.F.);
#3760=ORIENTED_EDGE('',*,*,#2621,.F.);
#3761=ORIENTED_EDGE('',*,*,#2619,.F.);
#3762=ORIENTED_EDGE('',*,*,#2617,.F.);
#3763=ORIENTED_EDGE('',*,*,#2615,.F.);
#3764=ORIENTED_EDGE('',*,*,#2613,.F.);
#3765=ORIENTED_EDGE('',*,*,#2610,.F.);
#3766=ORIENTED_EDGE('',*,*,#2607,.F.);
#3767=ORIENTED_EDGE('',*,*,#2604,.F.);
#3768=ORIENTED_EDGE('',*,*,#2601,.F.);
#3769=ORIENTED_EDGE('',*,*,#2598,.F.);
#3770=ORIENTED_EDGE('',*,*,#2634,.F.);
#3771=ORIENTED_EDGE('',*,*,#2635,.F.);
#3772=ORIENTED_EDGE('',*,*,#2636,.F.);
#3773=ORIENTED_EDGE('',*,*,#2637,.F.);
#3774=ORIENTED_EDGE('',*,*,#2638,.F.);
#3775=ORIENTED_EDGE('',*,*,#2639,.F.);
#3776=ORIENTED_EDGE('',*,*,#2640,.F.);
#3777=ORIENTED_EDGE('',*,*,#2641,.F.);
#3778=ORIENTED_EDGE('',*,*,#2642,.F.);
#3779=ORIENTED_EDGE('',*,*,#2634,.T.);
#3780=ORIENTED_EDGE('',*,*,#2643,.T.);
#3781=ORIENTED_EDGE('',*,*,#2644,.T.);
#3782=ORIENTED_EDGE('',*,*,#2643,.F.);
#3783=ORIENTED_EDGE('',*,*,#2644,.F.);
#3784=ORIENTED_EDGE('',*,*,#2645,.T.);
#3785=ORIENTED_EDGE('',*,*,#2646,.F.);
#3786=ORIENTED_EDGE('',*,*,#2645,.F.);
#3787=ORIENTED_EDGE('',*,*,#2647,.T.);
#3788=ORIENTED_EDGE('',*,*,#2648,.T.);
#3789=ORIENTED_EDGE('',*,*,#2649,.T.);
#3790=ORIENTED_EDGE('',*,*,#2648,.F.);
#3791=ORIENTED_EDGE('',*,*,#2650,.F.);
#3792=ORIENTED_EDGE('',*,*,#2651,.T.);
#3793=ORIENTED_EDGE('',*,*,#2649,.F.);
#3794=ORIENTED_EDGE('',*,*,#2651,.F.);
#3795=ORIENTED_EDGE('',*,*,#2647,.F.);
#3796=ORIENTED_EDGE('',*,*,#2652,.T.);
#3797=ORIENTED_EDGE('',*,*,#2588,.T.);
#3798=ORIENTED_EDGE('',*,*,#2652,.F.);
#3799=ORIENTED_EDGE('',*,*,#2642,.T.);
#3800=ORIENTED_EDGE('',*,*,#2653,.T.);
#3801=ORIENTED_EDGE('',*,*,#2650,.T.);
#3802=ORIENTED_EDGE('',*,*,#2653,.F.);
#3803=ORIENTED_EDGE('',*,*,#2635,.T.);
#3804=ORIENTED_EDGE('',*,*,#2654,.T.);
#3805=ORIENTED_EDGE('',*,*,#2655,.T.);
#3806=ORIENTED_EDGE('',*,*,#2654,.F.);
#3807=ORIENTED_EDGE('',*,*,#2655,.F.);
#3808=ORIENTED_EDGE('',*,*,#2656,.T.);
#3809=ORIENTED_EDGE('',*,*,#2657,.F.);
#3810=ORIENTED_EDGE('',*,*,#2656,.F.);
#3811=ORIENTED_EDGE('',*,*,#2641,.T.);
#3812=ORIENTED_EDGE('',*,*,#2658,.T.);
#3813=ORIENTED_EDGE('',*,*,#2659,.T.);
#3814=ORIENTED_EDGE('',*,*,#2658,.F.);
#3815=ORIENTED_EDGE('',*,*,#2659,.F.);
#3816=ORIENTED_EDGE('',*,*,#2660,.T.);
#3817=ORIENTED_EDGE('',*,*,#2661,.F.);
#3818=ORIENTED_EDGE('',*,*,#2660,.F.);
#3819=ORIENTED_EDGE('',*,*,#2636,.T.);
#3820=ORIENTED_EDGE('',*,*,#2662,.T.);
#3821=ORIENTED_EDGE('',*,*,#2663,.T.);
#3822=ORIENTED_EDGE('',*,*,#2662,.F.);
#3823=ORIENTED_EDGE('',*,*,#2663,.F.);
#3824=ORIENTED_EDGE('',*,*,#2664,.T.);
#3825=ORIENTED_EDGE('',*,*,#2665,.F.);
#3826=ORIENTED_EDGE('',*,*,#2664,.F.);
#3827=ORIENTED_EDGE('',*,*,#2640,.T.);
#3828=ORIENTED_EDGE('',*,*,#2666,.T.);
#3829=ORIENTED_EDGE('',*,*,#2667,.T.);
#3830=ORIENTED_EDGE('',*,*,#2666,.F.);
#3831=ORIENTED_EDGE('',*,*,#2667,.F.);
#3832=ORIENTED_EDGE('',*,*,#2668,.T.);
#3833=ORIENTED_EDGE('',*,*,#2669,.F.);
#3834=ORIENTED_EDGE('',*,*,#2668,.F.);
#3835=ORIENTED_EDGE('',*,*,#2637,.T.);
#3836=ORIENTED_EDGE('',*,*,#2670,.T.);
#3837=ORIENTED_EDGE('',*,*,#2671,.T.);
#3838=ORIENTED_EDGE('',*,*,#2670,.F.);
#3839=ORIENTED_EDGE('',*,*,#2671,.F.);
#3840=ORIENTED_EDGE('',*,*,#2672,.T.);
#3841=ORIENTED_EDGE('',*,*,#2673,.F.);
#3842=ORIENTED_EDGE('',*,*,#2672,.F.);
#3843=ORIENTED_EDGE('',*,*,#2639,.T.);
#3844=ORIENTED_EDGE('',*,*,#2674,.T.);
#3845=ORIENTED_EDGE('',*,*,#2675,.T.);
#3846=ORIENTED_EDGE('',*,*,#2674,.F.);
#3847=ORIENTED_EDGE('',*,*,#2675,.F.);
#3848=ORIENTED_EDGE('',*,*,#2676,.T.);
#3849=ORIENTED_EDGE('',*,*,#2677,.F.);
#3850=ORIENTED_EDGE('',*,*,#2676,.F.);
#3851=ORIENTED_EDGE('',*,*,#2678,.T.);
#3852=ORIENTED_EDGE('',*,*,#2679,.T.);
#3853=ORIENTED_EDGE('',*,*,#2583,.T.);
#3854=ORIENTED_EDGE('',*,*,#2679,.F.);
#3855=ORIENTED_EDGE('',*,*,#2680,.F.);
#3856=ORIENTED_EDGE('',*,*,#2681,.T.);
#3857=ORIENTED_EDGE('',*,*,#2678,.F.);
#3858=ORIENTED_EDGE('',*,*,#2681,.F.);
#3859=ORIENTED_EDGE('',*,*,#2638,.T.);
#3860=ORIENTED_EDGE('',*,*,#2682,.T.);
#3861=ORIENTED_EDGE('',*,*,#2680,.T.);
#3862=ORIENTED_EDGE('',*,*,#2682,.F.);
#3863=ORIENTED_EDGE('',*,*,#2665,.T.);
#3864=ORIENTED_EDGE('',*,*,#2683,.T.);
#3865=ORIENTED_EDGE('',*,*,#2591,.T.);
#3866=ORIENTED_EDGE('',*,*,#2683,.F.);
#3867=ORIENTED_EDGE('',*,*,#2669,.T.);
#3868=ORIENTED_EDGE('',*,*,#2684,.T.);
#3869=ORIENTED_EDGE('',*,*,#2584,.T.);
#3870=ORIENTED_EDGE('',*,*,#2684,.F.);
#3871=ORIENTED_EDGE('',*,*,#2646,.T.);
#3872=ORIENTED_EDGE('',*,*,#2685,.T.);
#3873=ORIENTED_EDGE('',*,*,#2590,.T.);
#3874=ORIENTED_EDGE('',*,*,#2685,.F.);
#3875=ORIENTED_EDGE('',*,*,#2657,.T.);
#3876=ORIENTED_EDGE('',*,*,#2686,.T.);
#3877=ORIENTED_EDGE('',*,*,#2585,.T.);
#3878=ORIENTED_EDGE('',*,*,#2686,.F.);
#3879=ORIENTED_EDGE('',*,*,#2677,.T.);
#3880=ORIENTED_EDGE('',*,*,#2687,.T.);
#3881=ORIENTED_EDGE('',*,*,#2589,.T.);
#3882=ORIENTED_EDGE('',*,*,#2687,.F.);
#3883=ORIENTED_EDGE('',*,*,#2673,.T.);
#3884=ORIENTED_EDGE('',*,*,#2688,.T.);
#3885=ORIENTED_EDGE('',*,*,#2586,.T.);
#3886=ORIENTED_EDGE('',*,*,#2688,.F.);
#3887=ORIENTED_EDGE('',*,*,#2661,.T.);
#3888=ORIENTED_EDGE('',*,*,#2689,.T.);
#3889=ORIENTED_EDGE('',*,*,#2587,.T.);
#3890=ORIENTED_EDGE('',*,*,#2689,.F.);
#3891=ORIENTED_EDGE('',*,*,#2529,.F.);
#3892=ORIENTED_EDGE('',*,*,#2690,.T.);
#3893=ORIENTED_EDGE('',*,*,#2606,.F.);
#3894=ORIENTED_EDGE('',*,*,#2691,.T.);
#3895=ORIENTED_EDGE('',*,*,#2532,.F.);
#3896=ORIENTED_EDGE('',*,*,#2692,.F.);
#3897=ORIENTED_EDGE('',*,*,#2603,.F.);
#3898=ORIENTED_EDGE('',*,*,#2690,.F.);
#3899=ORIENTED_EDGE('',*,*,#2535,.F.);
#3900=ORIENTED_EDGE('',*,*,#2693,.T.);
#3901=ORIENTED_EDGE('',*,*,#2600,.F.);
#3902=ORIENTED_EDGE('',*,*,#2692,.T.);
#3903=ORIENTED_EDGE('',*,*,#2538,.F.);
#3904=ORIENTED_EDGE('',*,*,#2633,.F.);
#3905=ORIENTED_EDGE('',*,*,#2597,.F.);
#3906=ORIENTED_EDGE('',*,*,#2693,.F.);
#3907=ORIENTED_EDGE('',*,*,#2526,.F.);
#3908=ORIENTED_EDGE('',*,*,#2691,.F.);
#3909=ORIENTED_EDGE('',*,*,#2609,.F.);
#3910=ORIENTED_EDGE('',*,*,#2694,.F.);
#3911=ORIENTED_EDGE('',*,*,#2523,.F.);
#3912=ORIENTED_EDGE('',*,*,#2694,.T.);
#3913=ORIENTED_EDGE('',*,*,#2612,.F.);
#3914=ORIENTED_EDGE('',*,*,#2581,.F.);
#3915=CYLINDRICAL_SURFACE('',#4359,6.2);
#3916=CYLINDRICAL_SURFACE('',#4374,6.2);
#3917=CYLINDRICAL_SURFACE('',#4388,2.);
#3918=CYLINDRICAL_SURFACE('',#4390,3.);
#3919=CYLINDRICAL_SURFACE('',#4392,0.5);
#3920=CYLINDRICAL_SURFACE('',#4399,0.5);
#3921=CYLINDRICAL_SURFACE('',#4401,0.5);
#3922=CYLINDRICAL_SURFACE('',#4408,0.5);
#3923=CYLINDRICAL_SURFACE('',#4437,0.5);
#3924=CYLINDRICAL_SURFACE('',#4441,0.5);
#3925=CYLINDRICAL_SURFACE('',#4446,0.5);
#3926=CYLINDRICAL_SURFACE('',#4448,0.5);
#3927=CYLINDRICAL_SURFACE('',#4453,0.5);
#3928=CYLINDRICAL_SURFACE('',#4459,0.5);
#3929=CYLINDRICAL_SURFACE('',#4463,3.);
#3930=CYLINDRICAL_SURFACE('',#4469,3.);
#3931=CYLINDRICAL_SURFACE('',#4472,0.5);
#3932=CYLINDRICAL_SURFACE('',#4477,0.5);
#3933=CYLINDRICAL_SURFACE('',#4482,1.);
#3934=CYLINDRICAL_SURFACE('',#4486,1.);
#3935=CYLINDRICAL_SURFACE('',#4489,1.);
#3936=CYLINDRICAL_SURFACE('',#4492,1.);
#3937=CYLINDRICAL_SURFACE('',#4498,1.);
#3938=CYLINDRICAL_SURFACE('',#4500,0.5);
#3939=CYLINDRICAL_SURFACE('',#4505,0.5);
#3940=CYLINDRICAL_SURFACE('',#4508,1.);
#3941=CYLINDRICAL_SURFACE('',#4511,1.);
#3942=CYLINDRICAL_SURFACE('',#4515,0.8115);
#3943=CYLINDRICAL_SURFACE('',#4517,1.);
#3944=CYLINDRICAL_SURFACE('',#4520,1.);
#3945=CYLINDRICAL_SURFACE('',#4523,1.);
#3946=CYLINDRICAL_SURFACE('',#4529,1.);
#3947=CYLINDRICAL_SURFACE('',#4533,1.);
#3948=CYLINDRICAL_SURFACE('',#4536,1.);
#3949=CYLINDRICAL_SURFACE('',#4543,1.);
#3950=CYLINDRICAL_SURFACE('',#4545,1.);
#3951=CYLINDRICAL_SURFACE('',#4549,1.);
#3952=CYLINDRICAL_SURFACE('',#4550,0.5);
#3953=CYLINDRICAL_SURFACE('',#4554,0.5);
#3954=CYLINDRICAL_SURFACE('',#4558,7756.53392341635);
#3955=CYLINDRICAL_SURFACE('',#4560,1.);
#3956=CYLINDRICAL_SURFACE('',#4562,1.);
#3957=CYLINDRICAL_SURFACE('',#4573,5.);
#3958=CYLINDRICAL_SURFACE('',#4578,1.);
#3959=CYLINDRICAL_SURFACE('',#4581,1.);
#3960=CYLINDRICAL_SURFACE('',#4585,5.);
#3961=CYLINDRICAL_SURFACE('',#4587,6.2);
#3962=CYLINDRICAL_SURFACE('',#4592,6.2);
#3963=CYLINDRICAL_SURFACE('',#4595,4.);
#3964=CYLINDRICAL_SURFACE('',#4597,6.2);
#3965=CYLINDRICAL_SURFACE('',#4599,5.);
#3966=CYLINDRICAL_SURFACE('',#4601,0.8115);
#3967=CYLINDRICAL_SURFACE('',#4603,8.7);
#3968=CYLINDRICAL_SURFACE('',#4604,0.8115);
#3969=CYLINDRICAL_SURFACE('',#4606,0.8);
#3970=CYLINDRICAL_SURFACE('',#4609,0.8);
#3971=CYLINDRICAL_SURFACE('',#4612,0.8115);
#3972=CYLINDRICAL_SURFACE('',#4618,0.8115);
#3973=CYLINDRICAL_SURFACE('',#4621,0.8115);
#3974=CYLINDRICAL_SURFACE('',#4624,0.8115);
#3975=CYLINDRICAL_SURFACE('',#4632,3.);
#3976=CYLINDRICAL_SURFACE('',#4633,8.7);
#3977=CYLINDRICAL_SURFACE('',#4639,11.);
#3978=CYLINDRICAL_SURFACE('',#4644,2.);
#3979=CYLINDRICAL_SURFACE('',#4645,11.);
#3980=CYLINDRICAL_SURFACE('',#4651,0.5);
#3981=CYLINDRICAL_SURFACE('',#4657,0.5);
#3982=CYLINDRICAL_SURFACE('',#4661,3.);
#3983=CYLINDRICAL_SURFACE('',#4665,5.);
#3984=CYLINDRICAL_SURFACE('',#4669,3.5);
#3985=CYLINDRICAL_SURFACE('',#4680,5.05);
#3986=CYLINDRICAL_SURFACE('',#4686,6.25);
#3987=CYLINDRICAL_SURFACE('',#4697,6.25);
#3988=CYLINDRICAL_SURFACE('',#4711,3.75);
#3989=CYLINDRICAL_SURFACE('',#4713,0.8);
#3990=CYLINDRICAL_SURFACE('',#4714,0.8);
#3991=CYLINDRICAL_SURFACE('',#4716,7.5);
#3992=CYLINDRICAL_SURFACE('',#4724,0.486499762062169);
#3993=CYLINDRICAL_SURFACE('',#4732,10.4999998678123);
#3994=CYLINDRICAL_SURFACE('',#4737,8.4999997488434);
#3995=CYLINDRICAL_SURFACE('',#4743,1.9999997488434);
#3996=CYLINDRICAL_SURFACE('',#4748,8.49999986781231);
#3997=CYLINDRICAL_SURFACE('',#4751,0.1);
#3998=CYLINDRICAL_SURFACE('',#4758,0.1);
#3999=CYLINDRICAL_SURFACE('',#4764,0.1);
#4000=CYLINDRICAL_SURFACE('',#4770,0.1);
#4001=CYLINDRICAL_SURFACE('',#4776,0.1);
#4002=CYLINDRICAL_SURFACE('',#4782,0.1);
#4003=CYLINDRICAL_SURFACE('',#4788,0.1);
#4004=CYLINDRICAL_SURFACE('',#4794,0.1);
#4005=CYLINDRICAL_SURFACE('',#4799,1.99999999999999);
#4006=CYLINDRICAL_SURFACE('',#4802,0.5);
#4007=CYLINDRICAL_SURFACE('',#4805,0.5);
#4008=CYLINDRICAL_SURFACE('',#4808,0.5);
#4009=CYLINDRICAL_SURFACE('',#4826,0.1);
#4010=CYLINDRICAL_SURFACE('',#4832,0.1);
#4011=CYLINDRICAL_SURFACE('',#4838,0.1);
#4012=CYLINDRICAL_SURFACE('',#4844,0.1);
#4013=CYLINDRICAL_SURFACE('',#4849,0.1);
#4014=CYLINDRICAL_SURFACE('',#4854,0.1);
#4015=CYLINDRICAL_SURFACE('',#4859,0.1);
#4016=CYLINDRICAL_SURFACE('',#4864,0.1);
#4017=CYLINDRICAL_SURFACE('',#4866,0.5);
#4018=CYLINDRICAL_SURFACE('',#4879,0.8);
#4019=CYLINDRICAL_SURFACE('',#4884,0.800000000000001);
#4020=CYLINDRICAL_SURFACE('',#4890,1.2);
#4021=CYLINDRICAL_SURFACE('',#4894,1.2);
#4022=CYLINDRICAL_SURFACE('',#4898,1.2);
#4023=CYLINDRICAL_SURFACE('',#4902,1.2);
#4024=CYLINDRICAL_SURFACE('',#4906,1.2);
#4025=CYLINDRICAL_SURFACE('',#4910,1.2);
#4026=CYLINDRICAL_SURFACE('',#4914,1.2);
#4027=CYLINDRICAL_SURFACE('',#4924,0.5);
#4028=CYLINDRICAL_SURFACE('',#4926,0.5);
#4029=CYLINDRICAL_SURFACE('',#4929,1.00000000000001);
#4030=ADVANCED_FACE('',(#271),#3915,.F.);
#4031=ADVANCED_FACE('',(#272),#233,.T.);
#4032=ADVANCED_FACE('',(#273,#115),#160,.T.);
#4033=ADVANCED_FACE('',(#274),#3916,.F.);
#4034=ADVANCED_FACE('',(#275),#234,.T.);
#4035=ADVANCED_FACE('',(#276),#235,.T.);
#4036=ADVANCED_FACE('',(#277),#236,.T.);
#4037=ADVANCED_FACE('',(#278),#237,.T.);
#4038=ADVANCED_FACE('',(#279),#3917,.F.);
#4039=ADVANCED_FACE('',(#280),#3918,.T.);
#4040=ADVANCED_FACE('',(#281),#3919,.T.);
#4041=ADVANCED_FACE('',(#282),#238,.T.);
#4042=ADVANCED_FACE('',(#283),#3920,.T.);
#4043=ADVANCED_FACE('',(#284),#3921,.T.);
#4044=ADVANCED_FACE('',(#285),#106,.T.);
#4045=ADVANCED_FACE('',(#286),#107,.T.);
#4046=ADVANCED_FACE('',(#287),#3922,.T.);
#4047=ADVANCED_FACE('',(#288,#116),#161,.F.);
#4048=ADVANCED_FACE('',(#289,#117,#118,#119,#120,#121),#162,.F.);
#4049=ADVANCED_FACE('',(#290,#122),#163,.T.);
#4050=ADVANCED_FACE('',(#291),#239,.T.);
#4051=ADVANCED_FACE('',(#292),#3923,.T.);
#4052=ADVANCED_FACE('',(#293),#240,.T.);
#4053=ADVANCED_FACE('',(#294),#3924,.T.);
#4054=ADVANCED_FACE('',(#295),#241,.T.);
#4055=ADVANCED_FACE('',(#296),#3925,.T.);
#4056=ADVANCED_FACE('',(#297),#3926,.T.);
#4057=ADVANCED_FACE('',(#298),#108,.T.);
#4058=ADVANCED_FACE('',(#299),#3927,.T.);
#4059=ADVANCED_FACE('',(#300),#242,.T.);
#4060=ADVANCED_FACE('',(#301),#3928,.T.);
#4061=ADVANCED_FACE('',(#302),#109,.T.);
#4062=ADVANCED_FACE('',(#303),#164,.T.);
#4063=ADVANCED_FACE('',(#304),#3929,.T.);
#4064=ADVANCED_FACE('',(#305),#165,.T.);
#4065=ADVANCED_FACE('',(#306),#166,.T.);
#4066=ADVANCED_FACE('',(#307),#3930,.T.);
#4067=ADVANCED_FACE('',(#308),#167,.T.);
#4068=ADVANCED_FACE('',(#309),#3931,.T.);
#4069=ADVANCED_FACE('',(#310,#123),#168,.T.);
#4070=ADVANCED_FACE('',(#311),#3932,.T.);
#4071=ADVANCED_FACE('',(#312),#169,.T.);
#4072=ADVANCED_FACE('',(#313),#243,.T.);
#4073=ADVANCED_FACE('',(#314),#3933,.T.);
#4074=ADVANCED_FACE('',(#315),#170,.F.);
#4075=ADVANCED_FACE('',(#316),#3934,.T.);
#4076=ADVANCED_FACE('',(#317),#171,.F.);
#4077=ADVANCED_FACE('',(#318),#3935,.T.);
#4078=ADVANCED_FACE('',(#319),#3936,.T.);
#4079=ADVANCED_FACE('',(#320),#110,.T.);
#4080=ADVANCED_FACE('',(#321),#172,.F.);
#4081=ADVANCED_FACE('',(#322),#3937,.T.);
#4082=ADVANCED_FACE('',(#323),#3938,.T.);
#4083=ADVANCED_FACE('',(#324),#97,.F.);
#4084=ADVANCED_FACE('',(#325),#3939,.T.);
#4085=ADVANCED_FACE('',(#326),#173,.F.);
#4086=ADVANCED_FACE('',(#327),#3940,.T.);
#4087=ADVANCED_FACE('',(#328),#3941,.T.);
#4088=ADVANCED_FACE('',(#329),#111,.T.);
#4089=ADVANCED_FACE('',(#330),#3942,.F.);
#4090=ADVANCED_FACE('',(#331),#3943,.T.);
#4091=ADVANCED_FACE('',(#332),#174,.F.);
#4092=ADVANCED_FACE('',(#333),#3944,.T.);
#4093=ADVANCED_FACE('',(#334),#3945,.T.);
#4094=ADVANCED_FACE('',(#335),#112,.T.);
#4095=ADVANCED_FACE('',(#336),#175,.F.);
#4096=ADVANCED_FACE('',(#337),#3946,.T.);
#4097=ADVANCED_FACE('',(#338),#176,.F.);
#4098=ADVANCED_FACE('',(#339),#3947,.T.);
#4099=ADVANCED_FACE('',(#340),#3948,.T.);
#4100=ADVANCED_FACE('',(#341),#113,.T.);
#4101=ADVANCED_FACE('',(#342),#177,.F.);
#4102=ADVANCED_FACE('',(#343),#3949,.T.);
#4103=ADVANCED_FACE('',(#344),#3950,.T.);
#4104=ADVANCED_FACE('',(#345),#244,.T.);
#4105=ADVANCED_FACE('',(#346),#3951,.T.);
#4106=ADVANCED_FACE('',(#347),#3952,.T.);
#4107=ADVANCED_FACE('',(#348),#114,.T.);
#4108=ADVANCED_FACE('',(#349),#3953,.T.);
#4109=ADVANCED_FACE('',(#350),#245,.T.);
#4110=ADVANCED_FACE('',(#351),#3954,.F.);
#4111=ADVANCED_FACE('',(#352),#3955,.T.);
#4112=ADVANCED_FACE('',(#353),#178,.F.);
#4113=ADVANCED_FACE('',(#354),#3956,.T.);
#4114=ADVANCED_FACE('',(#355),#179,.F.);
#4115=ADVANCED_FACE('',(#356),#180,.F.);
#4116=ADVANCED_FACE('',(#357),#181,.F.);
#4117=ADVANCED_FACE('',(#358),#182,.F.);
#4118=ADVANCED_FACE('',(#359),#183,.F.);
#4119=ADVANCED_FACE('',(#360),#184,.F.);
#4120=ADVANCED_FACE('',(#361),#185,.T.);
#4121=ADVANCED_FACE('',(#362),#186,.T.);
#4122=ADVANCED_FACE('',(#363),#187,.T.);
#4123=ADVANCED_FACE('',(#364),#3957,.T.);
#4124=ADVANCED_FACE('',(#365),#188,.F.);
#4125=ADVANCED_FACE('',(#366),#3958,.T.);
#4126=ADVANCED_FACE('',(#367),#189,.F.);
#4127=ADVANCED_FACE('',(#368),#190,.F.);
#4128=ADVANCED_FACE('',(#369),#3959,.T.);
#4129=ADVANCED_FACE('',(#370),#191,.T.);
#4130=ADVANCED_FACE('',(#371),#3960,.T.);
#4131=ADVANCED_FACE('',(#372),#3961,.F.);
#4132=ADVANCED_FACE('',(#373),#3962,.F.);
#4133=ADVANCED_FACE('',(#374),#192,.T.);
#4134=ADVANCED_FACE('',(#375),#3963,.T.);
#4135=ADVANCED_FACE('',(#376),#193,.T.);
#4136=ADVANCED_FACE('',(#377),#3964,.F.);
#4137=ADVANCED_FACE('',(#378),#3965,.T.);
#4138=ADVANCED_FACE('',(#379),#3966,.F.);
#4139=ADVANCED_FACE('',(#380),#3967,.T.);
#4140=ADVANCED_FACE('',(#381),#3968,.F.);
#4141=ADVANCED_FACE('',(#382),#3969,.F.);
#4142=ADVANCED_FACE('',(#383),#194,.F.);
#4143=ADVANCED_FACE('',(#384),#3970,.F.);
#4144=ADVANCED_FACE('',(#385),#195,.F.);
#4145=ADVANCED_FACE('',(#386),#3971,.F.);
#4146=ADVANCED_FACE('',(#387),#196,.F.);
#4147=ADVANCED_FACE('',(#388),#197,.F.);
#4148=ADVANCED_FACE('',(#389),#198,.F.);
#4149=ADVANCED_FACE('',(#390),#199,.F.);
#4150=ADVANCED_FACE('',(#391),#3972,.F.);
#4151=ADVANCED_FACE('',(#392),#200,.F.);
#4152=ADVANCED_FACE('',(#393),#3973,.F.);
#4153=ADVANCED_FACE('',(#394),#201,.F.);
#4154=ADVANCED_FACE('',(#395),#3974,.F.);
#4155=ADVANCED_FACE('',(#396),#202,.F.);
#4156=ADVANCED_FACE('',(#397),#246,.T.);
#4157=ADVANCED_FACE('',(#398),#98,.F.);
#4158=ADVANCED_FACE('',(#399),#3975,.T.);
#4159=ADVANCED_FACE('',(#400),#99,.F.);
#4160=ADVANCED_FACE('',(#401),#3976,.T.);
#4161=ADVANCED_FACE('',(#402),#100,.T.);
#4162=ADVANCED_FACE('',(#403),#247,.T.);
#4163=ADVANCED_FACE('',(#404),#101,.F.);
#4164=ADVANCED_FACE('',(#405),#102,.F.);
#4165=ADVANCED_FACE('',(#406),#3977,.T.);
#4166=ADVANCED_FACE('',(#407),#103,.T.);
#4167=ADVANCED_FACE('',(#408),#104,.T.);
#4168=ADVANCED_FACE('',(#409),#105,.T.);
#4169=ADVANCED_FACE('',(#410),#3978,.F.);
#4170=ADVANCED_FACE('',(#411),#3979,.T.);
#4171=ADVANCED_FACE('',(#412),#203,.F.);
#4172=ADVANCED_FACE('',(#413),#204,.F.);
#4173=ADVANCED_FACE('',(#414),#205,.F.);
#4174=ADVANCED_FACE('',(#415),#206,.T.);
#4175=ADVANCED_FACE('',(#416),#3980,.T.);
#4176=ADVANCED_FACE('',(#417),#207,.T.);
#4177=ADVANCED_FACE('',(#418),#208,.T.);
#4178=ADVANCED_FACE('',(#419),#3981,.T.);
#4179=ADVANCED_FACE('',(#420,#124),#209,.T.);
#4180=ADVANCED_FACE('',(#421),#3982,.T.);
#4181=ADVANCED_FACE('',(#422,#125),#210,.T.);
#4182=ADVANCED_FACE('',(#423),#3983,.T.);
#4183=ADVANCED_FACE('',(#424,#126),#211,.T.);
#4184=ADVANCED_FACE('',(#425),#3984,.T.);
#4185=ADVANCED_FACE('',(#426,#127),#212,.T.);
#4186=ADVANCED_FACE('',(#427),#248,.T.);
#4187=ADVANCED_FACE('',(#428,#128),#213,.T.);
#4188=ADVANCED_FACE('',(#429,#129,#130),#3985,.F.);
#4189=ADVANCED_FACE('',(#430),#249,.T.);
#4190=ADVANCED_FACE('',(#431),#3986,.T.);
#4191=ADVANCED_FACE('',(#432),#55,.T.);
#4192=ADVANCED_FACE('',(#433,#131),#214,.T.);
#4193=ADVANCED_FACE('',(#434),#56,.T.);
#4194=ADVANCED_FACE('',(#435,#132,#133),#3987,.T.);
#4195=ADVANCED_FACE('',(#436,#134),#215,.T.);
#4196=ADVANCED_FACE('',(#437),#250,.T.);
#4197=ADVANCED_FACE('',(#438,#135),#216,.T.);
#4198=ADVANCED_FACE('',(#439),#251,.T.);
#4199=ADVANCED_FACE('',(#440),#3988,.F.);
#4200=ADVANCED_FACE('',(#441),#3989,.F.);
#4201=ADVANCED_FACE('',(#442),#3990,.F.);
#4202=ADVANCED_FACE('',(#443,#136),#217,.T.);
#4203=ADVANCED_FACE('',(#444),#3991,.T.);
#4204=ADVANCED_FACE('',(#445),#57,.F.);
#4205=ADVANCED_FACE('',(#446,#137),#218,.T.);
#4206=ADVANCED_FACE('',(#447),#3992,.F.);
#4207=ADVANCED_FACE('',(#448),#252,.T.);
#4208=ADVANCED_FACE('',(#449,#138),#219,.T.);
#4209=ADVANCED_FACE('',(#450),#3993,.T.);
#4210=ADVANCED_FACE('',(#451),#253,.T.);
#4211=ADVANCED_FACE('',(#452),#3994,.F.);
#4212=ADVANCED_FACE('',(#453),#254,.F.);
#4213=ADVANCED_FACE('',(#454),#3995,.T.);
#4214=ADVANCED_FACE('',(#455,#139),#220,.T.);
#4215=ADVANCED_FACE('',(#456,#140),#221,.T.);
#4216=ADVANCED_FACE('',(#457),#3996,.F.);
#4217=ADVANCED_FACE('',(#458,#141),#222,.T.);
#4218=ADVANCED_FACE('',(#459),#3997,.T.);
#4219=ADVANCED_FACE('',(#460),#255,.T.);
#4220=ADVANCED_FACE('',(#461),#3998,.T.);
#4221=ADVANCED_FACE('',(#462),#256,.T.);
#4222=ADVANCED_FACE('',(#463),#3999,.T.);
#4223=ADVANCED_FACE('',(#464),#257,.T.);
#4224=ADVANCED_FACE('',(#465),#4000,.T.);
#4225=ADVANCED_FACE('',(#466),#258,.T.);
#4226=ADVANCED_FACE('',(#467),#4001,.T.);
#4227=ADVANCED_FACE('',(#468),#259,.T.);
#4228=ADVANCED_FACE('',(#469),#4002,.T.);
#4229=ADVANCED_FACE('',(#470),#260,.T.);
#4230=ADVANCED_FACE('',(#471),#4003,.T.);
#4231=ADVANCED_FACE('',(#472),#261,.T.);
#4232=ADVANCED_FACE('',(#473),#4004,.T.);
#4233=ADVANCED_FACE('',(#474),#262,.T.);
#4234=ADVANCED_FACE('',(#475),#4005,.F.);
#4235=ADVANCED_FACE('',(#476),#223,.T.);
#4236=ADVANCED_FACE('',(#477),#4006,.T.);
#4237=ADVANCED_FACE('',(#478),#224,.T.);
#4238=ADVANCED_FACE('',(#479),#4007,.T.);
#4239=ADVANCED_FACE('',(#480),#225,.T.);
#4240=ADVANCED_FACE('',(#481),#4008,.T.);
#4241=ADVANCED_FACE('',(#482),#226,.T.);
#4242=ADVANCED_FACE('',(#483,#142,#143,#144,#145,#146,#147,#148,#149,#150),
#227,.F.);
#4243=ADVANCED_FACE('',(#484),#263,.T.);
#4244=ADVANCED_FACE('',(#485),#4009,.T.);
#4245=ADVANCED_FACE('',(#486),#264,.T.);
#4246=ADVANCED_FACE('',(#487),#4010,.T.);
#4247=ADVANCED_FACE('',(#488),#265,.T.);
#4248=ADVANCED_FACE('',(#489),#4011,.T.);
#4249=ADVANCED_FACE('',(#490),#266,.T.);
#4250=ADVANCED_FACE('',(#491),#4012,.T.);
#4251=ADVANCED_FACE('',(#492),#267,.T.);
#4252=ADVANCED_FACE('',(#493),#4013,.T.);
#4253=ADVANCED_FACE('',(#494),#268,.T.);
#4254=ADVANCED_FACE('',(#495),#4014,.T.);
#4255=ADVANCED_FACE('',(#496),#269,.T.);
#4256=ADVANCED_FACE('',(#497),#4015,.T.);
#4257=ADVANCED_FACE('',(#498),#270,.T.);
#4258=ADVANCED_FACE('',(#499),#4016,.T.);
#4259=ADVANCED_FACE('',(#500),#228,.T.);
#4260=ADVANCED_FACE('',(#501),#4017,.T.);
#4261=ADVANCED_FACE('',(#502,#151,#152,#153,#154,#155,#156,#157,#158,#159),
#229,.T.);
#4262=ADVANCED_FACE('',(#503),#58,.F.);
#4263=ADVANCED_FACE('',(#504),#4018,.F.);
#4264=ADVANCED_FACE('',(#505),#59,.F.);
#4265=ADVANCED_FACE('',(#506),#4019,.F.);
#4266=ADVANCED_FACE('',(#507),#60,.F.);
#4267=ADVANCED_FACE('',(#508),#61,.F.);
#4268=ADVANCED_FACE('',(#509),#62,.F.);
#4269=ADVANCED_FACE('',(#510),#4020,.F.);
#4270=ADVANCED_FACE('',(#511),#63,.F.);
#4271=ADVANCED_FACE('',(#512),#4021,.F.);
#4272=ADVANCED_FACE('',(#513),#64,.F.);
#4273=ADVANCED_FACE('',(#514),#4022,.F.);
#4274=ADVANCED_FACE('',(#515),#65,.F.);
#4275=ADVANCED_FACE('',(#516),#4023,.F.);
#4276=ADVANCED_FACE('',(#517),#66,.F.);
#4277=ADVANCED_FACE('',(#518),#4024,.F.);
#4278=ADVANCED_FACE('',(#519),#67,.F.);
#4279=ADVANCED_FACE('',(#520),#4025,.F.);
#4280=ADVANCED_FACE('',(#521),#68,.F.);
#4281=ADVANCED_FACE('',(#522),#4026,.F.);
#4282=ADVANCED_FACE('',(#523),#69,.F.);
#4283=ADVANCED_FACE('',(#524),#70,.F.);
#4284=ADVANCED_FACE('',(#525),#71,.F.);
#4285=ADVANCED_FACE('',(#526),#72,.F.);
#4286=ADVANCED_FACE('',(#527),#73,.F.);
#4287=ADVANCED_FACE('',(#528),#74,.F.);
#4288=ADVANCED_FACE('',(#529),#75,.F.);
#4289=ADVANCED_FACE('',(#530),#76,.F.);
#4290=ADVANCED_FACE('',(#531),#4027,.T.);
#4291=ADVANCED_FACE('',(#532),#230,.T.);
#4292=ADVANCED_FACE('',(#533),#4028,.T.);
#4293=ADVANCED_FACE('',(#534),#231,.T.);
#4294=ADVANCED_FACE('',(#535),#232,.T.);
#4295=ADVANCED_FACE('',(#536),#4029,.F.);
#4296=CLOSED_SHELL('',(#4030,#4031,#4032,#4033,#4034,#4035,#4036,#4037,
#4038,#4039,#4040,#4041,#4042,#4043,#4044,#4045,#4046,#4047,#4048,#4049,
#4050,#4051,#4052,#4053,#4054,#4055,#4056,#4057,#4058,#4059,#4060,#4061,
#4062,#4063,#4064,#4065,#4066,#4067,#4068,#4069,#4070,#4071,#4072,#4073,
#4074,#4075,#4076,#4077,#4078,#4079,#4080,#4081,#4082,#4083,#4084,#4085,
#4086,#4087,#4088,#4089,#4090,#4091,#4092,#4093,#4094,#4095,#4096,#4097,
#4098,#4099,#4100,#4101,#4102,#4103,#4104,#4105,#4106,#4107,#4108,#4109,
#4110,#4111,#4112,#4113,#4114,#4115,#4116,#4117,#4118,#4119,#4120,#4121,
#4122,#4123,#4124,#4125,#4126,#4127,#4128,#4129,#4130,#4131,#4132,#4133,
#4134,#4135,#4136,#4137,#4138,#4139,#4140,#4141,#4142,#4143,#4144,#4145,
#4146,#4147,#4148,#4149,#4150,#4151,#4152,#4153,#4154,#4155,#4156,#4157,
#4158,#4159,#4160,#4161,#4162,#4163,#4164,#4165,#4166,#4167,#4168,#4169,
#4170,#4171,#4172,#4173,#4174));
#4297=CLOSED_SHELL('',(#4175,#4176,#4177,#4178,#4179,#4180,#4181,#4182,
#4183,#4184,#4185));
#4298=CLOSED_SHELL('',(#4186,#4187,#4188,#4189,#4190,#4191,#4192,#4193,
#4194,#4195,#4196,#4197,#4198,#4199,#4200,#4201,#4202,#4203));
#4299=CLOSED_SHELL('',(#4204,#4205,#4206,#4207,#4208,#4209,#4210,#4211,
#4212,#4213,#4214,#4215,#4216,#4217));
#4300=CLOSED_SHELL('',(#4218,#4219,#4220,#4221,#4222,#4223,#4224,#4225,
#4226,#4227,#4228,#4229,#4230,#4231,#4232,#4233,#4234,#4235,#4236,#4237,
#4238,#4239,#4240,#4241,#4242,#4243,#4244,#4245,#4246,#4247,#4248,#4249,
#4250,#4251,#4252,#4253,#4254,#4255,#4256,#4257,#4258,#4259,#4260,#4261,
#4262,#4263,#4264,#4265,#4266,#4267,#4268,#4269,#4270,#4271,#4272,#4273,
#4274,#4275,#4276,#4277,#4278,#4279,#4280,#4281,#4282,#4283,#4284,#4285,
#4286,#4287,#4288,#4289,#4290,#4291,#4292,#4293,#4294,#4295));
#4301=DERIVED_UNIT_ELEMENT(#4311,1.);
#4302=DERIVED_UNIT_ELEMENT(#8557,-3.);
#4303=DERIVED_UNIT_ELEMENT(#4311,1.);
#4304=DERIVED_UNIT_ELEMENT(#8557,-3.);
#4305=DERIVED_UNIT_ELEMENT(#4311,1.);
#4306=DERIVED_UNIT_ELEMENT(#8557,-3.);
#4307=DERIVED_UNIT_ELEMENT(#4311,1.);
#4308=DERIVED_UNIT_ELEMENT(#8557,-3.);
#4309=DERIVED_UNIT_ELEMENT(#4311,1.);
#4310=DERIVED_UNIT_ELEMENT(#8557,-3.);
#4311=(
MASS_UNIT()
NAMED_UNIT(*)
SI_UNIT(.KILO.,.GRAM.)
);
#4312=DERIVED_UNIT((#4301,#4302));
#4313=DERIVED_UNIT((#4303,#4304));
#4314=DERIVED_UNIT((#4305,#4306));
#4315=DERIVED_UNIT((#4307,#4308));
#4316=DERIVED_UNIT((#4309,#4310));
#4317=MEASURE_REPRESENTATION_ITEM('density measure',
POSITIVE_RATIO_MEASURE(2700.),#4312);
#4318=MEASURE_REPRESENTATION_ITEM('density measure',
POSITIVE_RATIO_MEASURE(7850.),#4313);
#4319=MEASURE_REPRESENTATION_ITEM('density measure',
POSITIVE_RATIO_MEASURE(7850.),#4314);
#4320=MEASURE_REPRESENTATION_ITEM('density measure',
POSITIVE_RATIO_MEASURE(7990.),#4315);
#4321=MEASURE_REPRESENTATION_ITEM('density measure',
POSITIVE_RATIO_MEASURE(7850.),#4316);
#4322=PROPERTY_DEFINITION_REPRESENTATION(#4347,#4332);
#4323=PROPERTY_DEFINITION_REPRESENTATION(#4348,#4333);
#4324=PROPERTY_DEFINITION_REPRESENTATION(#4349,#4334);
#4325=PROPERTY_DEFINITION_REPRESENTATION(#4350,#4335);
#4326=PROPERTY_DEFINITION_REPRESENTATION(#4351,#4336);
#4327=PROPERTY_DEFINITION_REPRESENTATION(#4352,#4337);
#4328=PROPERTY_DEFINITION_REPRESENTATION(#4353,#4338);
#4329=PROPERTY_DEFINITION_REPRESENTATION(#4354,#4339);
#4330=PROPERTY_DEFINITION_REPRESENTATION(#4355,#4340);
#4331=PROPERTY_DEFINITION_REPRESENTATION(#4356,#4341);
#4332=REPRESENTATION('material name',(#4342),#8550);
#4333=REPRESENTATION('density',(#4317),#8550);
#4334=REPRESENTATION('material name',(#4343),#8551);
#4335=REPRESENTATION('density',(#4318),#8551);
#4336=REPRESENTATION('material name',(#4344),#8552);
#4337=REPRESENTATION('density',(#4319),#8552);
#4338=REPRESENTATION('material name',(#4345),#8553);
#4339=REPRESENTATION('density',(#4320),#8553);
#4340=REPRESENTATION('material name',(#4346),#8554);
#4341=REPRESENTATION('density',(#4321),#8554);
#4342=DESCRIPTIVE_REPRESENTATION_ITEM('Aluminum 6061','Aluminum 6061');
#4343=DESCRIPTIVE_REPRESENTATION_ITEM('Steel','Steel');
#4344=DESCRIPTIVE_REPRESENTATION_ITEM('Steel','Steel');
#4345=DESCRIPTIVE_REPRESENTATION_ITEM('Stainless Steel 316L',
'Stainless Steel 316L');
#4346=DESCRIPTIVE_REPRESENTATION_ITEM('Steel','Steel');
#4347=PROPERTY_DEFINITION('material property','material name',#8591);
#4348=PROPERTY_DEFINITION('material property','density of part',#8591);
#4349=PROPERTY_DEFINITION('material property','material name',#8592);
#4350=PROPERTY_DEFINITION('material property','density of part',#8592);
#4351=PROPERTY_DEFINITION('material property','material name',#8593);
#4352=PROPERTY_DEFINITION('material property','density of part',#8593);
#4353=PROPERTY_DEFINITION('material property','material name',#8594);
#4354=PROPERTY_DEFINITION('material property','density of part',#8594);
#4355=PROPERTY_DEFINITION('material property','material name',#8595);
#4356=PROPERTY_DEFINITION('material property','density of part',#8595);
#4357=AXIS2_PLACEMENT_3D('',#6369,#4941,#4942);
#4358=AXIS2_PLACEMENT_3D('',#6370,#4943,#4944);
#4359=AXIS2_PLACEMENT_3D('',#6371,#4945,#4946);
#4360=AXIS2_PLACEMENT_3D('',#6378,#4949,#4950);
#4361=AXIS2_PLACEMENT_3D('',#6379,#4951,#4952);
#4362=AXIS2_PLACEMENT_3D('',#6381,#4953,#4954);
#4363=AXIS2_PLACEMENT_3D('',#6383,#4955,#4956);
#4364=AXIS2_PLACEMENT_3D('',#6385,#4957,#4958);
#4365=AXIS2_PLACEMENT_3D('',#6410,#4961,#4962);
#4366=AXIS2_PLACEMENT_3D('',#6412,#4964,#4965);
#4367=AXIS2_PLACEMENT_3D('',#6414,#4966,#4967);
#4368=AXIS2_PLACEMENT_3D('',#6415,#4968,#4969);
#4369=AXIS2_PLACEMENT_3D('',#6416,#4970,#4971);
#4370=AXIS2_PLACEMENT_3D('',#6419,#4972,#4973);
#4371=AXIS2_PLACEMENT_3D('',#6421,#4974,#4975);
#4372=AXIS2_PLACEMENT_3D('',#6423,#4976,#4977);
#4373=AXIS2_PLACEMENT_3D('',#6424,#4978,#4979);
#4374=AXIS2_PLACEMENT_3D('',#6425,#4980,#4981);
#4375=AXIS2_PLACEMENT_3D('',#6445,#4982,#4983);
#4376=AXIS2_PLACEMENT_3D('',#6446,#4984,#4985);
#4377=AXIS2_PLACEMENT_3D('',#6448,#4986,#4987);
#4378=AXIS2_PLACEMENT_3D('',#6450,#4988,#4989);
#4379=AXIS2_PLACEMENT_3D('',#6451,#4990,#4991);
#4380=AXIS2_PLACEMENT_3D('',#6452,#4992,#4993);
#4381=AXIS2_PLACEMENT_3D('',#6454,#4994,#4995);
#4382=AXIS2_PLACEMENT_3D('',#6455,#4996,#4997);
#4383=AXIS2_PLACEMENT_3D('',#6456,#4998,#4999);
#4384=AXIS2_PLACEMENT_3D('',#6458,#5000,#5001);
#4385=AXIS2_PLACEMENT_3D('',#6459,#5002,#5003);
#4386=AXIS2_PLACEMENT_3D('',#6460,#5004,#5005);
#4387=AXIS2_PLACEMENT_3D('',#6461,#5006,#5007);
#4388=AXIS2_PLACEMENT_3D('',#6462,#5008,#5009);
#4389=AXIS2_PLACEMENT_3D('',#6479,#5012,#5013);
#4390=AXIS2_PLACEMENT_3D('',#6494,#5016,#5017);
#4391=AXIS2_PLACEMENT_3D('',#6497,#5019,#5020);
#4392=AXIS2_PLACEMENT_3D('',#6498,#5021,#5022);
#4393=AXIS2_PLACEMENT_3D('',#6501,#5023,#5024);
#4394=AXIS2_PLACEMENT_3D('',#6505,#5026,#5027);
#4395=AXIS2_PLACEMENT_3D('',#6507,#5029,#5030);
#4396=AXIS2_PLACEMENT_3D('',#6510,#5031,#5032);
#4397=AXIS2_PLACEMENT_3D('',#6511,#5033,#5034);
#4398=AXIS2_PLACEMENT_3D('',#6512,#5035,#5036);
#4399=AXIS2_PLACEMENT_3D('',#6513,#5037,#5038);
#4400=AXIS2_PLACEMENT_3D('',#6516,#5039,#5040);
#4401=AXIS2_PLACEMENT_3D('',#6519,#5043,#5044);
#4402=AXIS2_PLACEMENT_3D('',#6521,#5045,#5046);
#4403=AXIS2_PLACEMENT_3D('',#6528,#5050,#5051);
#4404=AXIS2_PLACEMENT_3D('',#6530,#5053,#5054);
#4405=AXIS2_PLACEMENT_3D('',#6531,#5055,#5056);
#4406=AXIS2_PLACEMENT_3D('',#6532,#5057,#5058);
#4407=AXIS2_PLACEMENT_3D('',#6533,#5059,#5060);
#4408=AXIS2_PLACEMENT_3D('',#6534,#5061,#5062);
#4409=AXIS2_PLACEMENT_3D('',#6538,#5064,#5065);
#4410=AXIS2_PLACEMENT_3D('',#6540,#5067,#5068);
#4411=AXIS2_PLACEMENT_3D('',#6544,#5070,#5071);
#4412=AXIS2_PLACEMENT_3D('',#6554,#5076,#5077);
#4413=AXIS2_PLACEMENT_3D('',#6555,#5078,#5079);
#4414=AXIS2_PLACEMENT_3D('',#6569,#5086,#5087);
#4415=AXIS2_PLACEMENT_3D('',#6570,#5088,#5089);
#4416=AXIS2_PLACEMENT_3D('',#6578,#5093,#5094);
#4417=AXIS2_PLACEMENT_3D('',#6581,#5096,#5097);
#4418=AXIS2_PLACEMENT_3D('',#6582,#5098,#5099);
#4419=AXIS2_PLACEMENT_3D('',#6586,#5101,#5102);
#4420=AXIS2_PLACEMENT_3D('',#6590,#5104,#5105);
#4421=AXIS2_PLACEMENT_3D('',#6598,#5109,#5110);
#4422=AXIS2_PLACEMENT_3D('',#6608,#5115,#5116);
#4423=AXIS2_PLACEMENT_3D('',#6610,#5117,#5118);
#4424=AXIS2_PLACEMENT_3D('',#6620,#5123,#5124);
#4425=AXIS2_PLACEMENT_3D('',#6624,#5126,#5127);
#4426=AXIS2_PLACEMENT_3D('',#6627,#5129,#5130);
#4427=AXIS2_PLACEMENT_3D('',#6629,#5131,#5132);
#4428=AXIS2_PLACEMENT_3D('',#6631,#5133,#5134);
#4429=AXIS2_PLACEMENT_3D('',#6633,#5135,#5136);
#4430=AXIS2_PLACEMENT_3D('',#6635,#5137,#5138);
#4431=AXIS2_PLACEMENT_3D('',#6637,#5139,#5140);
#4432=AXIS2_PLACEMENT_3D('',#6638,#5141,#5142);
#4433=AXIS2_PLACEMENT_3D('',#6640,#5143,#5144);
#4434=AXIS2_PLACEMENT_3D('',#6641,#5145,#5146);
#4435=AXIS2_PLACEMENT_3D('',#6643,#5147,#5148);
#4436=AXIS2_PLACEMENT_3D('',#6644,#5149,#5150);
#4437=AXIS2_PLACEMENT_3D('',#6645,#5151,#5152);
#4438=AXIS2_PLACEMENT_3D('',#6646,#5153,#5154);
#4439=AXIS2_PLACEMENT_3D('',#6648,#5156,#5157);
#4440=AXIS2_PLACEMENT_3D('',#6649,#5158,#5159);
#4441=AXIS2_PLACEMENT_3D('',#6650,#5160,#5161);
#4442=AXIS2_PLACEMENT_3D('',#6652,#5162,#5163);
#4443=AXIS2_PLACEMENT_3D('',#6654,#5165,#5166);
#4444=AXIS2_PLACEMENT_3D('',#6656,#5167,#5168);
#4445=AXIS2_PLACEMENT_3D('',#6657,#5169,#5170);
#4446=AXIS2_PLACEMENT_3D('',#6658,#5171,#5172);
#4447=AXIS2_PLACEMENT_3D('',#6660,#5173,#5174);
#4448=AXIS2_PLACEMENT_3D('',#6662,#5176,#5177);
#4449=AXIS2_PLACEMENT_3D('',#6664,#5178,#5179);
#4450=AXIS2_PLACEMENT_3D('',#6667,#5181,#5182);
#4451=AXIS2_PLACEMENT_3D('',#6669,#5184,#5185);
#4452=AXIS2_PLACEMENT_3D('',#6670,#5186,#5187);
#4453=AXIS2_PLACEMENT_3D('',#6671,#5188,#5189);
#4454=AXIS2_PLACEMENT_3D('',#6673,#5190,#5191);
#4455=AXIS2_PLACEMENT_3D('',#6675,#5192,#5193);
#4456=AXIS2_PLACEMENT_3D('',#6677,#5195,#5196);
#4457=AXIS2_PLACEMENT_3D('',#6679,#5197,#5198);
#4458=AXIS2_PLACEMENT_3D('',#6680,#5199,#5200);
#4459=AXIS2_PLACEMENT_3D('',#6681,#5201,#5202);
#4460=AXIS2_PLACEMENT_3D('',#6683,#5204,#5205);
#4461=AXIS2_PLACEMENT_3D('',#6684,#5206,#5207);
#4462=AXIS2_PLACEMENT_3D('',#6685,#5208,#5209);
#4463=AXIS2_PLACEMENT_3D('',#6689,#5212,#5213);
#4464=AXIS2_PLACEMENT_3D('',#6692,#5215,#5216);
#4465=AXIS2_PLACEMENT_3D('',#6693,#5217,#5218);
#4466=AXIS2_PLACEMENT_3D('',#6694,#5219,#5220);
#4467=AXIS2_PLACEMENT_3D('',#6695,#5221,#5222);
#4468=AXIS2_PLACEMENT_3D('',#6698,#5224,#5225);
#4469=AXIS2_PLACEMENT_3D('',#6699,#5226,#5227);
#4470=AXIS2_PLACEMENT_3D('',#6702,#5229,#5230);
#4471=AXIS2_PLACEMENT_3D('',#6703,#5231,#5232);
#4472=AXIS2_PLACEMENT_3D('',#6707,#5235,#5236);
#4473=AXIS2_PLACEMENT_3D('',#6710,#5238,#5239);
#4474=AXIS2_PLACEMENT_3D('',#6711,#5240,#5241);
#4475=AXIS2_PLACEMENT_3D('',#6714,#5243,#5244);
#4476=AXIS2_PLACEMENT_3D('',#6716,#5245,#5246);
#4477=AXIS2_PLACEMENT_3D('',#6717,#5247,#5248);
#4478=AXIS2_PLACEMENT_3D('',#6720,#5250,#5251);
#4479=AXIS2_PLACEMENT_3D('',#6721,#5252,#5253);
#4480=AXIS2_PLACEMENT_3D('',#6725,#5256,#5257);
#4481=AXIS2_PLACEMENT_3D('',#6726,#5258,#5259);
#4482=AXIS2_PLACEMENT_3D('',#6727,#5260,#5261);
#4483=AXIS2_PLACEMENT_3D('',#6731,#5263,#5264);
#4484=AXIS2_PLACEMENT_3D('',#6733,#5266,#5267);
#4485=AXIS2_PLACEMENT_3D('',#6735,#5268,#5269);
#4486=AXIS2_PLACEMENT_3D('',#6739,#5272,#5273);
#4487=AXIS2_PLACEMENT_3D('',#6743,#5275,#5276);
#4488=AXIS2_PLACEMENT_3D('',#6745,#5278,#5279);
#4489=AXIS2_PLACEMENT_3D('',#6749,#5282,#5283);
#4490=AXIS2_PLACEMENT_3D('',#6752,#5284,#5285);
#4491=AXIS2_PLACEMENT_3D('',#6756,#5287,#5288);
#4492=AXIS2_PLACEMENT_3D('',#6758,#5290,#5291);
#4493=AXIS2_PLACEMENT_3D('',#6759,#5292,#5293);
#4494=AXIS2_PLACEMENT_3D('',#6762,#5295,#5296);
#4495=AXIS2_PLACEMENT_3D('',#6763,#5297,#5298);
#4496=AXIS2_PLACEMENT_3D('',#6764,#5299,#5300);
#4497=AXIS2_PLACEMENT_3D('',#6765,#5301,#5302);
#4498=AXIS2_PLACEMENT_3D('',#6774,#5308,#5309);
#4499=AXIS2_PLACEMENT_3D('',#6775,#5310,#5311);
#4500=AXIS2_PLACEMENT_3D('',#6776,#5312,#5313);
#4501=AXIS2_PLACEMENT_3D('',#6778,#5314,#5315);
#4502=AXIS2_PLACEMENT_3D('',#6822,#5317,#5318);
#4503=AXIS2_PLACEMENT_3D('',#6823,#5319,#5320);
#4504=AXIS2_PLACEMENT_3D('',#6824,#5321,#5322);
#4505=AXIS2_PLACEMENT_3D('',#6825,#5323,#5324);
#4506=AXIS2_PLACEMENT_3D('',#6828,#5325,#5326);
#4507=AXIS2_PLACEMENT_3D('',#6831,#5329,#5330);
#4508=AXIS2_PLACEMENT_3D('',#6842,#5333,#5334);
#4509=AXIS2_PLACEMENT_3D('',#6851,#5335,#5336);
#4510=AXIS2_PLACEMENT_3D('',#6854,#5338,#5339);
#4511=AXIS2_PLACEMENT_3D('',#6855,#5340,#5341);
#4512=AXIS2_PLACEMENT_3D('',#6857,#5342,#5343);
#4513=AXIS2_PLACEMENT_3D('',#6880,#5346,#5347);
#4514=AXIS2_PLACEMENT_3D('',#6881,#5348,#5349);
#4515=AXIS2_PLACEMENT_3D('',#6882,#5350,#5351);
#4516=AXIS2_PLACEMENT_3D('',#6885,#5353,#5354);
#4517=AXIS2_PLACEMENT_3D('',#6886,#5355,#5356);
#4518=AXIS2_PLACEMENT_3D('',#6889,#5358,#5359);
#4519=AXIS2_PLACEMENT_3D('',#6890,#5360,#5361);
#4520=AXIS2_PLACEMENT_3D('',#6894,#5364,#5365);
#4521=AXIS2_PLACEMENT_3D('',#6897,#5366,#5367);
#4522=AXIS2_PLACEMENT_3D('',#6901,#5369,#5370);
#4523=AXIS2_PLACEMENT_3D('',#6903,#5372,#5373);
#4524=AXIS2_PLACEMENT_3D('',#6904,#5374,#5375);
#4525=AXIS2_PLACEMENT_3D('',#6907,#5377,#5378);
#4526=AXIS2_PLACEMENT_3D('',#6908,#5379,#5380);
#4527=AXIS2_PLACEMENT_3D('',#6909,#5381,#5382);
#4528=AXIS2_PLACEMENT_3D('',#6910,#5383,#5384);
#4529=AXIS2_PLACEMENT_3D('',#6916,#5388,#5389);
#4530=AXIS2_PLACEMENT_3D('',#6917,#5390,#5391);
#4531=AXIS2_PLACEMENT_3D('',#6918,#5392,#5393);
#4532=AXIS2_PLACEMENT_3D('',#6921,#5395,#5396);
#4533=AXIS2_PLACEMENT_3D('',#6922,#5397,#5398);
#4534=AXIS2_PLACEMENT_3D('',#6924,#5399,#5400);
#4535=AXIS2_PLACEMENT_3D('',#6927,#5402,#5403);
#4536=AXIS2_PLACEMENT_3D('',#6928,#5404,#5405);
#4537=AXIS2_PLACEMENT_3D('',#6944,#5406,#5407);
#4538=AXIS2_PLACEMENT_3D('',#6946,#5409,#5410);
#4539=AXIS2_PLACEMENT_3D('',#6947,#5411,#5412);
#4540=AXIS2_PLACEMENT_3D('',#6953,#5415,#5416);
#4541=AXIS2_PLACEMENT_3D('',#6955,#5417,#5418);
#4542=AXIS2_PLACEMENT_3D('',#6962,#5422,#5423);
#4543=AXIS2_PLACEMENT_3D('',#6963,#5424,#5425);
#4544=AXIS2_PLACEMENT_3D('',#6966,#5427,#5428);
#4545=AXIS2_PLACEMENT_3D('',#6967,#5429,#5430);
#4546=AXIS2_PLACEMENT_3D('',#6969,#5432,#5433);
#4547=AXIS2_PLACEMENT_3D('',#6970,#5434,#5435);
#4548=AXIS2_PLACEMENT_3D('',#6971,#5436,#5437);
#4549=AXIS2_PLACEMENT_3D('',#6972,#5438,#5439);
#4550=AXIS2_PLACEMENT_3D('',#7003,#5442,#5443);
#4551=AXIS2_PLACEMENT_3D('',#7005,#5444,#5445);
#4552=AXIS2_PLACEMENT_3D('',#7018,#5447,#5448);
#4553=AXIS2_PLACEMENT_3D('',#7019,#5449,#5450);
#4554=AXIS2_PLACEMENT_3D('',#7020,#5451,#5452);
#4555=AXIS2_PLACEMENT_3D('',#7045,#5455,#5456);
#4556=AXIS2_PLACEMENT_3D('',#7047,#5457,#5458);
#4557=AXIS2_PLACEMENT_3D('',#7048,#5459,#5460);
#4558=AXIS2_PLACEMENT_3D('',#7049,#5461,#5462);
#4559=AXIS2_PLACEMENT_3D('',#7052,#5464,#5465);
#4560=AXIS2_PLACEMENT_3D('',#7053,#5466,#5467);
#4561=AXIS2_PLACEMENT_3D('',#7055,#5469,#5470);
#4562=AXIS2_PLACEMENT_3D('',#7059,#5473,#5474);
#4563=AXIS2_PLACEMENT_3D('',#7062,#5476,#5477);
#4564=AXIS2_PLACEMENT_3D('',#7063,#5478,#5479);
#4565=AXIS2_PLACEMENT_3D('',#7069,#5483,#5484);
#4566=AXIS2_PLACEMENT_3D('',#7071,#5486,#5487);
#4567=AXIS2_PLACEMENT_3D('',#7073,#5489,#5490);
#4568=AXIS2_PLACEMENT_3D('',#7075,#5492,#5493);
#4569=AXIS2_PLACEMENT_3D('',#7076,#5494,#5495);
#4570=AXIS2_PLACEMENT_3D('',#7078,#5497,#5498);
#4571=AXIS2_PLACEMENT_3D('',#7080,#5500,#5501);
#4572=AXIS2_PLACEMENT_3D('',#7084,#5504,#5505);
#4573=AXIS2_PLACEMENT_3D('',#7088,#5508,#5509);
#4574=AXIS2_PLACEMENT_3D('',#7090,#5510,#5511);
#4575=AXIS2_PLACEMENT_3D('',#7094,#5514,#5515);
#4576=AXIS2_PLACEMENT_3D('',#7096,#5517,#5518);
#4577=AXIS2_PLACEMENT_3D('',#7099,#5520,#5521);
#4578=AXIS2_PLACEMENT_3D('',#7100,#5522,#5523);
#4579=AXIS2_PLACEMENT_3D('',#7102,#5525,#5526);
#4580=AXIS2_PLACEMENT_3D('',#7103,#5527,#5528);
#4581=AXIS2_PLACEMENT_3D('',#7104,#5529,#5530);
#4582=AXIS2_PLACEMENT_3D('',#7119,#5532,#5533);
#4583=AXIS2_PLACEMENT_3D('',#7121,#5534,#5535);
#4584=AXIS2_PLACEMENT_3D('',#7132,#5537,#5538);
#4585=AXIS2_PLACEMENT_3D('',#7134,#5540,#5541);
#4586=AXIS2_PLACEMENT_3D('',#7146,#5543,#5544);
#4587=AXIS2_PLACEMENT_3D('',#7147,#5545,#5546);
#4588=AXIS2_PLACEMENT_3D('',#7150,#5548,#5549);
#4589=AXIS2_PLACEMENT_3D('',#7153,#5551,#5552);
#4590=AXIS2_PLACEMENT_3D('',#7155,#5553,#5554);
#4591=AXIS2_PLACEMENT_3D('',#7162,#5556,#5557);
#4592=AXIS2_PLACEMENT_3D('',#7163,#5558,#5559);
#4593=AXIS2_PLACEMENT_3D('',#7174,#5561,#5562);
#4594=AXIS2_PLACEMENT_3D('',#7175,#5563,#5564);
#4595=AXIS2_PLACEMENT_3D('',#7176,#5565,#5566);
#4596=AXIS2_PLACEMENT_3D('',#7191,#5568,#5569);
#4597=AXIS2_PLACEMENT_3D('',#7195,#5572,#5573);
#4598=AXIS2_PLACEMENT_3D('',#7197,#5575,#5576);
#4599=AXIS2_PLACEMENT_3D('',#7198,#5577,#5578);
#4600=AXIS2_PLACEMENT_3D('',#7199,#5579,#5580);
#4601=AXIS2_PLACEMENT_3D('',#7201,#5582,#5583);
#4602=AXIS2_PLACEMENT_3D('',#7204,#5585,#5586);
#4603=AXIS2_PLACEMENT_3D('',#7205,#5587,#5588);
#4604=AXIS2_PLACEMENT_3D('',#7206,#5589,#5590);
#4605=AXIS2_PLACEMENT_3D('',#7209,#5592,#5593);
#4606=AXIS2_PLACEMENT_3D('',#7210,#5594,#5595);
#4607=AXIS2_PLACEMENT_3D('',#7213,#5597,#5598);
#4608=AXIS2_PLACEMENT_3D('',#7214,#5599,#5600);
#4609=AXIS2_PLACEMENT_3D('',#7215,#5601,#5602);
#4610=AXIS2_PLACEMENT_3D('',#7218,#5604,#5605);
#4611=AXIS2_PLACEMENT_3D('',#7219,#5606,#5607);
#4612=AXIS2_PLACEMENT_3D('',#7220,#5608,#5609);
#4613=AXIS2_PLACEMENT_3D('',#7223,#5611,#5612);
#4614=AXIS2_PLACEMENT_3D('',#7224,#5613,#5614);
#4615=AXIS2_PLACEMENT_3D('',#7225,#5615,#5616);
#4616=AXIS2_PLACEMENT_3D('',#7226,#5617,#5618);
#4617=AXIS2_PLACEMENT_3D('',#7227,#5619,#5620);
#4618=AXIS2_PLACEMENT_3D('',#7228,#5621,#5622);
#4619=AXIS2_PLACEMENT_3D('',#7231,#5624,#5625);
#4620=AXIS2_PLACEMENT_3D('',#7232,#5626,#5627);
#4621=AXIS2_PLACEMENT_3D('',#7233,#5628,#5629);
#4622=AXIS2_PLACEMENT_3D('',#7236,#5631,#5632);
#4623=AXIS2_PLACEMENT_3D('',#7237,#5633,#5634);
#4624=AXIS2_PLACEMENT_3D('',#7238,#5635,#5636);
#4625=AXIS2_PLACEMENT_3D('',#7241,#5638,#5639);
#4626=AXIS2_PLACEMENT_3D('',#7242,#5640,#5641);
#4627=AXIS2_PLACEMENT_3D('',#7243,#5642,#5643);
#4628=AXIS2_PLACEMENT_3D('',#7245,#5644,#5645);
#4629=AXIS2_PLACEMENT_3D('',#7246,#5646,#5647);
#4630=AXIS2_PLACEMENT_3D('',#7273,#5648,#5649);
#4631=AXIS2_PLACEMENT_3D('',#7280,#5650,#5651);
#4632=AXIS2_PLACEMENT_3D('',#7281,#5652,#5653);
#4633=AXIS2_PLACEMENT_3D('',#7307,#5655,#5656);
#4634=AXIS2_PLACEMENT_3D('',#7533,#5657,#5658);
#4635=AXIS2_PLACEMENT_3D('',#7534,#5659,#5660);
#4636=AXIS2_PLACEMENT_3D('',#7536,#5661,#5662);
#4637=AXIS2_PLACEMENT_3D('',#7537,#5663,#5664);
#4638=AXIS2_PLACEMENT_3D('',#7564,#5665,#5666);
#4639=AXIS2_PLACEMENT_3D('',#7594,#5667,#5668);
#4640=AXIS2_PLACEMENT_3D('',#7724,#5669,#5670);
#4641=AXIS2_PLACEMENT_3D('',#7791,#5672,#5673);
#4642=AXIS2_PLACEMENT_3D('',#7846,#5674,#5675);
#4643=AXIS2_PLACEMENT_3D('',#7847,#5676,#5677);
#4644=AXIS2_PLACEMENT_3D('',#7848,#5678,#5679);
#4645=AXIS2_PLACEMENT_3D('',#7850,#5681,#5682);
#4646=AXIS2_PLACEMENT_3D('',#7851,#5683,#5684);
#4647=AXIS2_PLACEMENT_3D('',#7852,#5685,#5686);
#4648=AXIS2_PLACEMENT_3D('',#7853,#5687,#5688);
#4649=AXIS2_PLACEMENT_3D('',#7854,#5689,#5690);
#4650=AXIS2_PLACEMENT_3D('',#7855,#5691,#5692);
#4651=AXIS2_PLACEMENT_3D('',#7856,#5693,#5694);
#4652=AXIS2_PLACEMENT_3D('',#7858,#5695,#5696);
#4653=AXIS2_PLACEMENT_3D('',#7861,#5698,#5699);
#4654=AXIS2_PLACEMENT_3D('',#7862,#5700,#5701);
#4655=AXIS2_PLACEMENT_3D('',#7863,#5702,#5703);
#4656=AXIS2_PLACEMENT_3D('',#7865,#5704,#5705);
#4657=AXIS2_PLACEMENT_3D('',#7866,#5706,#5707);
#4658=AXIS2_PLACEMENT_3D('',#7868,#5708,#5709);
#4659=AXIS2_PLACEMENT_3D('',#7870,#5711,#5712);
#4660=AXIS2_PLACEMENT_3D('',#7872,#5713,#5714);
#4661=AXIS2_PLACEMENT_3D('',#7873,#5715,#5716);
#4662=AXIS2_PLACEMENT_3D('',#7875,#5717,#5718);
#4663=AXIS2_PLACEMENT_3D('',#7877,#5720,#5721);
#4664=AXIS2_PLACEMENT_3D('',#7879,#5722,#5723);
#4665=AXIS2_PLACEMENT_3D('',#7880,#5724,#5725);
#4666=AXIS2_PLACEMENT_3D('',#7882,#5726,#5727);
#4667=AXIS2_PLACEMENT_3D('',#7884,#5729,#5730);
#4668=AXIS2_PLACEMENT_3D('',#7886,#5731,#5732);
#4669=AXIS2_PLACEMENT_3D('',#7887,#5733,#5734);
#4670=AXIS2_PLACEMENT_3D('',#7889,#5735,#5736);
#4671=AXIS2_PLACEMENT_3D('',#7891,#5738,#5739);
#4672=AXIS2_PLACEMENT_3D('',#7892,#5740,#5741);
#4673=AXIS2_PLACEMENT_3D('',#7893,#5742,#5743);
#4674=AXIS2_PLACEMENT_3D('',#7895,#5744,#5745);
#4675=AXIS2_PLACEMENT_3D('',#7897,#5746,#5747);
#4676=AXIS2_PLACEMENT_3D('',#7899,#5748,#5749);
#4677=AXIS2_PLACEMENT_3D('',#7900,#5750,#5751);
#4678=AXIS2_PLACEMENT_3D('',#7901,#5752,#5753);
#4679=AXIS2_PLACEMENT_3D('',#7903,#5754,#5755);
#4680=AXIS2_PLACEMENT_3D('',#7904,#5756,#5757);
#4681=AXIS2_PLACEMENT_3D('',#7906,#5758,#5759);
#4682=AXIS2_PLACEMENT_3D('',#7984,#5761,#5762);
#4683=AXIS2_PLACEMENT_3D('',#7986,#5763,#5764);
#4684=AXIS2_PLACEMENT_3D('',#7988,#5765,#5766);
#4685=AXIS2_PLACEMENT_3D('',#7989,#5767,#5768);
#4686=AXIS2_PLACEMENT_3D('',#7990,#5769,#5770);
#4687=AXIS2_PLACEMENT_3D('',#7993,#5771,#5772);
#4688=AXIS2_PLACEMENT_3D('',#7994,#5773,#5774);
#4689=AXIS2_PLACEMENT_3D('',#7996,#5776,#5777);
#4690=AXIS2_PLACEMENT_3D('',#7998,#5778,#5779);
#4691=AXIS2_PLACEMENT_3D('',#8000,#5781,#5782);
#4692=AXIS2_PLACEMENT_3D('',#8002,#5783,#5784);
#4693=AXIS2_PLACEMENT_3D('',#8003,#5785,#5786);
#4694=AXIS2_PLACEMENT_3D('',#8006,#5787,#5788);
#4695=AXIS2_PLACEMENT_3D('',#8007,#5789,#5790);
#4696=AXIS2_PLACEMENT_3D('',#8010,#5792,#5793);
#4697=AXIS2_PLACEMENT_3D('',#8011,#5794,#5795);
#4698=AXIS2_PLACEMENT_3D('',#8014,#5796,#5797);
#4699=AXIS2_PLACEMENT_3D('',#8016,#5799,#5800);
#4700=AXIS2_PLACEMENT_3D('',#8093,#5801,#5802);
#4701=AXIS2_PLACEMENT_3D('',#8095,#5803,#5804);
#4702=AXIS2_PLACEMENT_3D('',#8096,#5805,#5806);
#4703=AXIS2_PLACEMENT_3D('',#8098,#5807,#5808);
#4704=AXIS2_PLACEMENT_3D('',#8099,#5809,#5810);
#4705=AXIS2_PLACEMENT_3D('',#8100,#5811,#5812);
#4706=AXIS2_PLACEMENT_3D('',#8102,#5813,#5814);
#4707=AXIS2_PLACEMENT_3D('',#8103,#5815,#5816);
#4708=AXIS2_PLACEMENT_3D('',#8106,#5817,#5818);
#4709=AXIS2_PLACEMENT_3D('',#8107,#5819,#5820);
#4710=AXIS2_PLACEMENT_3D('',#8108,#5821,#5822);
#4711=AXIS2_PLACEMENT_3D('',#8109,#5823,#5824);
#4712=AXIS2_PLACEMENT_3D('',#8112,#5826,#5827);
#4713=AXIS2_PLACEMENT_3D('',#8113,#5828,#5829);
#4714=AXIS2_PLACEMENT_3D('',#8115,#5831,#5832);
#4715=AXIS2_PLACEMENT_3D('',#8117,#5834,#5835);
#4716=AXIS2_PLACEMENT_3D('',#8118,#5836,#5837);
#4717=AXIS2_PLACEMENT_3D('',#8120,#5839,#5840);
#4718=AXIS2_PLACEMENT_3D('',#8121,#5841,#5842);
#4719=AXIS2_PLACEMENT_3D('',#8124,#5843,#5844);
#4720=AXIS2_PLACEMENT_3D('',#8125,#5845,#5846);
#4721=AXIS2_PLACEMENT_3D('',#8128,#5848,#5849);
#4722=AXIS2_PLACEMENT_3D('',#8129,#5850,#5851);
#4723=AXIS2_PLACEMENT_3D('',#8131,#5852,#5853);
#4724=AXIS2_PLACEMENT_3D('',#8132,#5854,#5855);
#4725=AXIS2_PLACEMENT_3D('',#8135,#5857,#5858);
#4726=AXIS2_PLACEMENT_3D('',#8136,#5859,#5860);
#4727=AXIS2_PLACEMENT_3D('',#8138,#5861,#5862);
#4728=AXIS2_PLACEMENT_3D('',#8140,#5863,#5864);
#4729=AXIS2_PLACEMENT_3D('',#8141,#5865,#5866);
#4730=AXIS2_PLACEMENT_3D('',#8142,#5867,#5868);
#4731=AXIS2_PLACEMENT_3D('',#8144,#5869,#5870);
#4732=AXIS2_PLACEMENT_3D('',#8145,#5871,#5872);
#4733=AXIS2_PLACEMENT_3D('',#8147,#5873,#5874);
#4734=AXIS2_PLACEMENT_3D('',#8149,#5876,#5877);
#4735=AXIS2_PLACEMENT_3D('',#8151,#5878,#5879);
#4736=AXIS2_PLACEMENT_3D('',#8152,#5880,#5881);
#4737=AXIS2_PLACEMENT_3D('',#8153,#5882,#5883);
#4738=AXIS2_PLACEMENT_3D('',#8155,#5884,#5885);
#4739=AXIS2_PLACEMENT_3D('',#8157,#5887,#5888);
#4740=AXIS2_PLACEMENT_3D('',#8159,#5889,#5890);
#4741=AXIS2_PLACEMENT_3D('',#8161,#5891,#5892);
#4742=AXIS2_PLACEMENT_3D('',#8162,#5893,#5894);
#4743=AXIS2_PLACEMENT_3D('',#8163,#5895,#5896);
#4744=AXIS2_PLACEMENT_3D('',#8166,#5898,#5899);
#4745=AXIS2_PLACEMENT_3D('',#8167,#5900,#5901);
#4746=AXIS2_PLACEMENT_3D('',#8168,#5902,#5903);
#4747=AXIS2_PLACEMENT_3D('',#8170,#5904,#5905);
#4748=AXIS2_PLACEMENT_3D('',#8171,#5906,#5907);
#4749=AXIS2_PLACEMENT_3D('',#8173,#5909,#5910);
#4750=AXIS2_PLACEMENT_3D('',#8174,#5911,#5912);
#4751=AXIS2_PLACEMENT_3D('',#8175,#5913,#5914);
#4752=AXIS2_PLACEMENT_3D('',#8178,#5915,#5916);
#4753=AXIS2_PLACEMENT_3D('',#8182,#5918,#5919);
#4754=AXIS2_PLACEMENT_3D('',#8184,#5921,#5922);
#4755=AXIS2_PLACEMENT_3D('',#8187,#5923,#5924);
#4756=AXIS2_PLACEMENT_3D('',#8188,#5925,#5926);
#4757=AXIS2_PLACEMENT_3D('',#8189,#5927,#5928);
#4758=AXIS2_PLACEMENT_3D('',#8190,#5929,#5930);
#4759=AXIS2_PLACEMENT_3D('',#8193,#5931,#5932);
#4760=AXIS2_PLACEMENT_3D('',#8196,#5935,#5936);
#4761=AXIS2_PLACEMENT_3D('',#8199,#5937,#5938);
#4762=AXIS2_PLACEMENT_3D('',#8200,#5939,#5940);
#4763=AXIS2_PLACEMENT_3D('',#8201,#5941,#5942);
#4764=AXIS2_PLACEMENT_3D('',#8202,#5943,#5944);
#4765=AXIS2_PLACEMENT_3D('',#8205,#5945,#5946);
#4766=AXIS2_PLACEMENT_3D('',#8208,#5949,#5950);
#4767=AXIS2_PLACEMENT_3D('',#8211,#5951,#5952);
#4768=AXIS2_PLACEMENT_3D('',#8212,#5953,#5954);
#4769=AXIS2_PLACEMENT_3D('',#8213,#5955,#5956);
#4770=AXIS2_PLACEMENT_3D('',#8214,#5957,#5958);
#4771=AXIS2_PLACEMENT_3D('',#8217,#5959,#5960);
#4772=AXIS2_PLACEMENT_3D('',#8220,#5963,#5964);
#4773=AXIS2_PLACEMENT_3D('',#8223,#5965,#5966);
#4774=AXIS2_PLACEMENT_3D('',#8224,#5967,#5968);
#4775=AXIS2_PLACEMENT_3D('',#8225,#5969,#5970);
#4776=AXIS2_PLACEMENT_3D('',#8226,#5971,#5972);
#4777=AXIS2_PLACEMENT_3D('',#8229,#5973,#5974);
#4778=AXIS2_PLACEMENT_3D('',#8232,#5977,#5978);
#4779=AXIS2_PLACEMENT_3D('',#8235,#5979,#5980);
#4780=AXIS2_PLACEMENT_3D('',#8236,#5981,#5982);
#4781=AXIS2_PLACEMENT_3D('',#8237,#5983,#5984);
#4782=AXIS2_PLACEMENT_3D('',#8238,#5985,#5986);
#4783=AXIS2_PLACEMENT_3D('',#8241,#5987,#5988);
#4784=AXIS2_PLACEMENT_3D('',#8244,#5991,#5992);
#4785=AXIS2_PLACEMENT_3D('',#8247,#5993,#5994);
#4786=AXIS2_PLACEMENT_3D('',#8248,#5995,#5996);
#4787=AXIS2_PLACEMENT_3D('',#8249,#5997,#5998);
#4788=AXIS2_PLACEMENT_3D('',#8250,#5999,#6000);
#4789=AXIS2_PLACEMENT_3D('',#8253,#6001,#6002);
#4790=AXIS2_PLACEMENT_3D('',#8256,#6005,#6006);
#4791=AXIS2_PLACEMENT_3D('',#8259,#6007,#6008);
#4792=AXIS2_PLACEMENT_3D('',#8260,#6009,#6010);
#4793=AXIS2_PLACEMENT_3D('',#8261,#6011,#6012);
#4794=AXIS2_PLACEMENT_3D('',#8262,#6013,#6014);
#4795=AXIS2_PLACEMENT_3D('',#8265,#6015,#6016);
#4796=AXIS2_PLACEMENT_3D('',#8268,#6019,#6020);
#4797=AXIS2_PLACEMENT_3D('',#8269,#6021,#6022);
#4798=AXIS2_PLACEMENT_3D('',#8270,#6023,#6024);
#4799=AXIS2_PLACEMENT_3D('',#8271,#6025,#6026);
#4800=AXIS2_PLACEMENT_3D('',#8275,#6028,#6029);
#4801=AXIS2_PLACEMENT_3D('',#8277,#6031,#6032);
#4802=AXIS2_PLACEMENT_3D('',#8281,#6035,#6036);
#4803=AXIS2_PLACEMENT_3D('',#8284,#6038,#6039);
#4804=AXIS2_PLACEMENT_3D('',#8285,#6040,#6041);
#4805=AXIS2_PLACEMENT_3D('',#8289,#6044,#6045);
#4806=AXIS2_PLACEMENT_3D('',#8292,#6047,#6048);
#4807=AXIS2_PLACEMENT_3D('',#8293,#6049,#6050);
#4808=AXIS2_PLACEMENT_3D('',#8297,#6053,#6054);
#4809=AXIS2_PLACEMENT_3D('',#8300,#6056,#6057);
#4810=AXIS2_PLACEMENT_3D('',#8301,#6058,#6059);
#4811=AXIS2_PLACEMENT_3D('',#8305,#6062,#6063);
#4812=AXIS2_PLACEMENT_3D('',#8307,#6064,#6065);
#4813=AXIS2_PLACEMENT_3D('',#8309,#6066,#6067);
#4814=AXIS2_PLACEMENT_3D('',#8311,#6068,#6069);
#4815=AXIS2_PLACEMENT_3D('',#8313,#6070,#6071);
#4816=AXIS2_PLACEMENT_3D('',#8315,#6072,#6073);
#4817=AXIS2_PLACEMENT_3D('',#8317,#6074,#6075);
#4818=AXIS2_PLACEMENT_3D('',#8319,#6076,#6077);
#4819=AXIS2_PLACEMENT_3D('',#8321,#6078,#6079);
#4820=AXIS2_PLACEMENT_3D('',#8323,#6080,#6081);
#4821=AXIS2_PLACEMENT_3D('',#8324,#6082,#6083);
#4822=AXIS2_PLACEMENT_3D('',#8327,#6084,#6085);
#4823=AXIS2_PLACEMENT_3D('',#8329,#6086,#6087);
#4824=AXIS2_PLACEMENT_3D('',#8331,#6088,#6089);
#4825=AXIS2_PLACEMENT_3D('',#8332,#6090,#6091);
#4826=AXIS2_PLACEMENT_3D('',#8333,#6092,#6093);
#4827=AXIS2_PLACEMENT_3D('',#8336,#6094,#6095);
#4828=AXIS2_PLACEMENT_3D('',#8339,#6098,#6099);
#4829=AXIS2_PLACEMENT_3D('',#8342,#6100,#6101);
#4830=AXIS2_PLACEMENT_3D('',#8343,#6102,#6103);
#4831=AXIS2_PLACEMENT_3D('',#8344,#6104,#6105);
#4832=AXIS2_PLACEMENT_3D('',#8345,#6106,#6107);
#4833=AXIS2_PLACEMENT_3D('',#8348,#6108,#6109);
#4834=AXIS2_PLACEMENT_3D('',#8351,#6112,#6113);
#4835=AXIS2_PLACEMENT_3D('',#8354,#6114,#6115);
#4836=AXIS2_PLACEMENT_3D('',#8355,#6116,#6117);
#4837=AXIS2_PLACEMENT_3D('',#8356,#6118,#6119);
#4838=AXIS2_PLACEMENT_3D('',#8357,#6120,#6121);
#4839=AXIS2_PLACEMENT_3D('',#8360,#6122,#6123);
#4840=AXIS2_PLACEMENT_3D('',#8363,#6126,#6127);
#4841=AXIS2_PLACEMENT_3D('',#8365,#6128,#6129);
#4842=AXIS2_PLACEMENT_3D('',#8366,#6130,#6131);
#4843=AXIS2_PLACEMENT_3D('',#8367,#6132,#6133);
#4844=AXIS2_PLACEMENT_3D('',#8368,#6134,#6135);
#4845=AXIS2_PLACEMENT_3D('',#8370,#6136,#6137);
#4846=AXIS2_PLACEMENT_3D('',#8372,#6139,#6140);
#4847=AXIS2_PLACEMENT_3D('',#8374,#6141,#6142);
#4848=AXIS2_PLACEMENT_3D('',#8375,#6143,#6144);
#4849=AXIS2_PLACEMENT_3D('',#8376,#6145,#6146);
#4850=AXIS2_PLACEMENT_3D('',#8378,#6147,#6148);
#4851=AXIS2_PLACEMENT_3D('',#8380,#6150,#6151);
#4852=AXIS2_PLACEMENT_3D('',#8382,#6152,#6153);
#4853=AXIS2_PLACEMENT_3D('',#8383,#6154,#6155);
#4854=AXIS2_PLACEMENT_3D('',#8384,#6156,#6157);
#4855=AXIS2_PLACEMENT_3D('',#8386,#6158,#6159);
#4856=AXIS2_PLACEMENT_3D('',#8388,#6161,#6162);
#4857=AXIS2_PLACEMENT_3D('',#8390,#6163,#6164);
#4858=AXIS2_PLACEMENT_3D('',#8391,#6165,#6166);
#4859=AXIS2_PLACEMENT_3D('',#8392,#6167,#6168);
#4860=AXIS2_PLACEMENT_3D('',#8394,#6169,#6170);
#4861=AXIS2_PLACEMENT_3D('',#8396,#6172,#6173);
#4862=AXIS2_PLACEMENT_3D('',#8398,#6174,#6175);
#4863=AXIS2_PLACEMENT_3D('',#8399,#6176,#6177);
#4864=AXIS2_PLACEMENT_3D('',#8400,#6178,#6179);
#4865=AXIS2_PLACEMENT_3D('',#8403,#6182,#6183);
#4866=AXIS2_PLACEMENT_3D('',#8405,#6185,#6186);
#4867=AXIS2_PLACEMENT_3D('',#8407,#6188,#6189);
#4868=AXIS2_PLACEMENT_3D('',#8409,#6190,#6191);
#4869=AXIS2_PLACEMENT_3D('',#8411,#6192,#6193);
#4870=AXIS2_PLACEMENT_3D('',#8413,#6194,#6195);
#4871=AXIS2_PLACEMENT_3D('',#8415,#6196,#6197);
#4872=AXIS2_PLACEMENT_3D('',#8417,#6198,#6199);
#4873=AXIS2_PLACEMENT_3D('',#8419,#6200,#6201);
#4874=AXIS2_PLACEMENT_3D('',#8421,#6202,#6203);
#4875=AXIS2_PLACEMENT_3D('',#8423,#6204,#6205);
#4876=AXIS2_PLACEMENT_3D('',#8425,#6206,#6207);
#4877=AXIS2_PLACEMENT_3D('',#8426,#6208,#6209);
#4878=AXIS2_PLACEMENT_3D('',#8429,#6211,#6212);
#4879=AXIS2_PLACEMENT_3D('',#8430,#6213,#6214);
#4880=AXIS2_PLACEMENT_3D('',#8433,#6216,#6217);
#4881=AXIS2_PLACEMENT_3D('',#8434,#6218,#6219);
#4882=AXIS2_PLACEMENT_3D('',#8436,#6220,#6221);
#4883=AXIS2_PLACEMENT_3D('',#8439,#6223,#6224);
#4884=AXIS2_PLACEMENT_3D('',#8440,#6225,#6226);
#4885=AXIS2_PLACEMENT_3D('',#8442,#6227,#6228);
#4886=AXIS2_PLACEMENT_3D('',#8444,#6230,#6231);
#4887=AXIS2_PLACEMENT_3D('',#8446,#6233,#6234);
#4888=AXIS2_PLACEMENT_3D('',#8448,#6236,#6237);
#4889=AXIS2_PLACEMENT_3D('',#8451,#6239,#6240);
#4890=AXIS2_PLACEMENT_3D('',#8452,#6241,#6242);
#4891=AXIS2_PLACEMENT_3D('',#8455,#6244,#6245);
#4892=AXIS2_PLACEMENT_3D('',#8456,#6246,#6247);
#4893=AXIS2_PLACEMENT_3D('',#8459,#6249,#6250);
#4894=AXIS2_PLACEMENT_3D('',#8460,#6251,#6252);
#4895=AXIS2_PLACEMENT_3D('',#8463,#6254,#6255);
#4896=AXIS2_PLACEMENT_3D('',#8464,#6256,#6257);
#4897=AXIS2_PLACEMENT_3D('',#8467,#6259,#6260);
#4898=AXIS2_PLACEMENT_3D('',#8468,#6261,#6262);
#4899=AXIS2_PLACEMENT_3D('',#8471,#6264,#6265);
#4900=AXIS2_PLACEMENT_3D('',#8472,#6266,#6267);
#4901=AXIS2_PLACEMENT_3D('',#8475,#6269,#6270);
#4902=AXIS2_PLACEMENT_3D('',#8476,#6271,#6272);
#4903=AXIS2_PLACEMENT_3D('',#8479,#6274,#6275);
#4904=AXIS2_PLACEMENT_3D('',#8480,#6276,#6277);
#4905=AXIS2_PLACEMENT_3D('',#8483,#6279,#6280);
#4906=AXIS2_PLACEMENT_3D('',#8484,#6281,#6282);
#4907=AXIS2_PLACEMENT_3D('',#8487,#6284,#6285);
#4908=AXIS2_PLACEMENT_3D('',#8488,#6286,#6287);
#4909=AXIS2_PLACEMENT_3D('',#8491,#6289,#6290);
#4910=AXIS2_PLACEMENT_3D('',#8492,#6291,#6292);
#4911=AXIS2_PLACEMENT_3D('',#8495,#6294,#6295);
#4912=AXIS2_PLACEMENT_3D('',#8496,#6296,#6297);
#4913=AXIS2_PLACEMENT_3D('',#8498,#6298,#6299);
#4914=AXIS2_PLACEMENT_3D('',#8500,#6301,#6302);
#4915=AXIS2_PLACEMENT_3D('',#8502,#6303,#6304);
#4916=AXIS2_PLACEMENT_3D('',#8504,#6306,#6307);
#4917=AXIS2_PLACEMENT_3D('',#8506,#6309,#6310);
#4918=AXIS2_PLACEMENT_3D('',#8508,#6312,#6313);
#4919=AXIS2_PLACEMENT_3D('',#8510,#6315,#6316);
#4920=AXIS2_PLACEMENT_3D('',#8512,#6318,#6319);
#4921=AXIS2_PLACEMENT_3D('',#8514,#6321,#6322);
#4922=AXIS2_PLACEMENT_3D('',#8516,#6324,#6325);
#4923=AXIS2_PLACEMENT_3D('',#8518,#6327,#6328);
#4924=AXIS2_PLACEMENT_3D('',#8520,#6330,#6331);
#4925=AXIS2_PLACEMENT_3D('',#8523,#6334,#6335);
#4926=AXIS2_PLACEMENT_3D('',#8525,#6337,#6338);
#4927=AXIS2_PLACEMENT_3D('',#8527,#6340,#6341);
#4928=AXIS2_PLACEMENT_3D('',#8528,#6342,#6343);
#4929=AXIS2_PLACEMENT_3D('',#8530,#6345,#6346);
#4930=AXIS2_PLACEMENT_3D('',#8531,#6347,#6348);
#4931=AXIS2_PLACEMENT_3D('',#8532,#6349,#6350);
#4932=AXIS2_PLACEMENT_3D('',#8533,#6351,#6352);
#4933=AXIS2_PLACEMENT_3D('',#8534,#6353,#6354);
#4934=AXIS2_PLACEMENT_3D('',#8535,#6355,#6356);
#4935=AXIS2_PLACEMENT_3D('',#8536,#6357,#6358);
#4936=AXIS2_PLACEMENT_3D('',#8537,#6359,#6360);
#4937=AXIS2_PLACEMENT_3D('',#8538,#6361,#6362);
#4938=AXIS2_PLACEMENT_3D('',#8539,#6363,#6364);
#4939=AXIS2_PLACEMENT_3D('',#8540,#6365,#6366);
#4940=AXIS2_PLACEMENT_3D('',#8541,#6367,#6368);
#4941=DIRECTION('axis',(0.,0.,1.));
#4942=DIRECTION('refdir',(1.,0.,0.));
#4943=DIRECTION('axis',(0.,0.,1.));
#4944=DIRECTION('refdir',(1.,0.,0.));
#4945=DIRECTION('center_axis',(0.,0.,1.));
#4946=DIRECTION('ref_axis',(1.,0.,0.));
#4947=DIRECTION('',(0.,0.,-1.));
#4948=DIRECTION('',(0.,0.,-1.));
#4949=DIRECTION('center_axis',(0.,0.,-1.));
#4950=DIRECTION('ref_axis',(1.,0.,0.));
#4951=DIRECTION('center_axis',(0.,0.,-1.));
#4952=DIRECTION('ref_axis',(1.,0.,0.));
#4953=DIRECTION('center_axis',(0.,0.707106781186547,-0.707106781186548));
#4954=DIRECTION('ref_axis',(0.,-0.707106781186548,-0.707106781186547));
#4955=DIRECTION('center_axis',(0.707106781186548,0.,-0.707106781186547));
#4956=DIRECTION('ref_axis',(-0.707106781186547,0.,-0.707106781186547));
#4957=DIRECTION('center_axis',(0.707106781186548,0.,0.707106781186547));
#4958=DIRECTION('ref_axis',(0.707106781186547,0.,-0.707106781186547));
#4959=DIRECTION('',(0.,0.,-1.));
#4960=DIRECTION('',(0.,0.,-1.));
#4961=DIRECTION('center_axis',(0.,0.,1.));
#4962=DIRECTION('ref_axis',(-0.707106781186548,-0.707106781186547,0.));
#4963=DIRECTION('',(0.,0.,-1.));
#4964=DIRECTION('center_axis',(0.,0.,-1.));
#4965=DIRECTION('ref_axis',(-1.,0.,0.));
#4966=DIRECTION('center_axis',(0.,0.,1.));
#4967=DIRECTION('ref_axis',(1.,0.,0.));
#4968=DIRECTION('center_axis',(0.,-1.,0.));
#4969=DIRECTION('ref_axis',(1.,0.,0.));
#4970=DIRECTION('center_axis',(0.,0.,1.));
#4971=DIRECTION('ref_axis',(1.,0.,0.));
#4972=DIRECTION('center_axis',(0.,0.,-1.));
#4973=DIRECTION('ref_axis',(-0.691979209378293,-0.721917428649698,0.));
#4974=DIRECTION('center_axis',(0.,0.,1.));
#4975=DIRECTION('ref_axis',(0.707106781186548,0.707106781186547,0.));
#4976=DIRECTION('center_axis',(0.,0.,-1.));
#4977=DIRECTION('ref_axis',(-0.721917428649699,-0.691979209378293,0.));
#4978=DIRECTION('center_axis',(0.,0.,-1.));
#4979=DIRECTION('ref_axis',(0.707106781186548,0.707106781186547,0.));
#4980=DIRECTION('center_axis',(0.,0.,1.));
#4981=DIRECTION('ref_axis',(1.,0.,0.));
#4982=DIRECTION('center_axis',(0.,0.707106781186548,0.707106781186548));
#4983=DIRECTION('ref_axis',(0.,0.707106781186547,-0.707106781186547));
#4984=DIRECTION('center_axis',(0.,0.,-1.));
#4985=DIRECTION('ref_axis',(-1.,0.,0.));
#4986=DIRECTION('center_axis',(-0.899922644159819,0.436049578062403,0.));
#4987=DIRECTION('ref_axis',(-0.436049578062403,-0.899922644159819,0.));
#4988=DIRECTION('center_axis',(0.473752066526475,-0.880658264857541,0.));
#4989=DIRECTION('ref_axis',(0.,0.,1.));
#4990=DIRECTION('center_axis',(0.,0.,1.));
#4991=DIRECTION('ref_axis',(-0.691979209378293,-0.721917428649698,0.));
#4992=DIRECTION('center_axis',(0.,0.,1.));
#4993=DIRECTION('ref_axis',(0.707106781186548,0.707106781186547,0.));
#4994=DIRECTION('center_axis',(0.880658264857543,-0.47375206652647,0.));
#4995=DIRECTION('ref_axis',(0.,0.,1.));
#4996=DIRECTION('center_axis',(0.,0.,1.));
#4997=DIRECTION('ref_axis',(0.707106781186548,0.707106781186547,0.));
#4998=DIRECTION('center_axis',(0.,0.,-1.));
#4999=DIRECTION('ref_axis',(-1.,0.,0.));
#5000=DIRECTION('center_axis',(0.436049578062403,-0.899922644159819,0.));
#5001=DIRECTION('ref_axis',(0.,0.,1.));
#5002=DIRECTION('center_axis',(0.,0.,1.));
#5003=DIRECTION('ref_axis',(-0.721917428649699,-0.691979209378293,0.));
#5004=DIRECTION('center_axis',(0.,0.,-1.));
#5005=DIRECTION('ref_axis',(-1.,0.,0.));
#5006=DIRECTION('center_axis',(0.,0.,-1.));
#5007=DIRECTION('ref_axis',(0.707106781186548,0.707106781186547,0.));
#5008=DIRECTION('center_axis',(0.,0.,1.));
#5009=DIRECTION('ref_axis',(1.,-1.38777878078145E-15,0.));
#5010=DIRECTION('',(0.,0.,1.));
#5011=DIRECTION('',(0.,0.,-1.));
#5012=DIRECTION('center_axis',(0.,0.,1.));
#5013=DIRECTION('ref_axis',(0.707106781186548,0.707106781186547,0.));
#5014=DIRECTION('',(0.,0.,1.));
#5015=DIRECTION('',(0.,0.,-1.));
#5016=DIRECTION('center_axis',(0.,0.,1.));
#5017=DIRECTION('ref_axis',(-0.691979209378293,-0.721917428649698,0.));
#5018=DIRECTION('',(0.,0.,-1.));
#5019=DIRECTION('center_axis',(-2.0609390924599E-12,9.98609855537597E-13,
-1.));
#5020=DIRECTION('ref_axis',(-0.436049578062403,-0.899922644159819,0.));
#5021=DIRECTION('center_axis',(0.,0.,1.));
#5022=DIRECTION('ref_axis',(0.707106781557567,0.707106780815528,0.));
#5023=DIRECTION('center_axis',(0.,0.,1.));
#5024=DIRECTION('ref_axis',(1.,-1.0493739210915E-9,0.));
#5025=DIRECTION('',(0.,0.,1.));
#5026=DIRECTION('center_axis',(0.,0.,-1.));
#5027=DIRECTION('ref_axis',(0.,1.,0.));
#5028=DIRECTION('',(0.,0.,-1.));
#5029=DIRECTION('center_axis',(0.,1.,0.));
#5030=DIRECTION('ref_axis',(0.,0.,1.));
#5031=DIRECTION('center_axis',(-2.22044587123163E-15,0.,1.));
#5032=DIRECTION('ref_axis',(0.,1.,0.));
#5033=DIRECTION('center_axis',(0.,1.,0.));
#5034=DIRECTION('ref_axis',(0.,0.,1.));
#5035=DIRECTION('center_axis',(0.,-1.,0.));
#5036=DIRECTION('ref_axis',(0.,0.,1.));
#5037=DIRECTION('center_axis',(0.,0.,1.));
#5038=DIRECTION('ref_axis',(-0.707106781186549,0.707106781186546,0.));
#5039=DIRECTION('center_axis',(0.,0.,1.));
#5040=DIRECTION('ref_axis',(0.,1.,0.));
#5041=DIRECTION('',(0.,0.,1.));
#5042=DIRECTION('',(0.,0.,-1.));
#5043=DIRECTION('center_axis',(-1.,0.,0.));
#5044=DIRECTION('ref_axis',(0.,0.707106781186546,-0.707106781186549));
#5045=DIRECTION('center_axis',(-1.,0.,0.));
#5046=DIRECTION('ref_axis',(0.,1.,0.));
#5047=DIRECTION('',(-1.,0.,0.));
#5048=DIRECTION('',(-1.,0.,0.));
#5049=DIRECTION('',(-1.,0.,0.));
#5050=DIRECTION('center_axis',(1.,0.,-4.44089209850063E-15));
#5051=DIRECTION('ref_axis',(-4.44089209850063E-15,0.,-1.));
#5052=DIRECTION('',(1.,0.,0.));
#5053=DIRECTION('center_axis',(0.408248290463865,-0.40824829046386,-0.816496580927727));
#5054=DIRECTION('ref_axis',(-0.577350269189627,0.577350269189623,-0.577350269189627));
#5055=DIRECTION('center_axis',(0.,1.,0.));
#5056=DIRECTION('ref_axis',(-0.707106781186548,0.,-0.707106781186547));
#5057=DIRECTION('center_axis',(0.408248290178258,-0.81649658121333,-0.40824829017826));
#5058=DIRECTION('ref_axis',(0.577350269391579,0.57735026878572,-0.577350269391578));
#5059=DIRECTION('center_axis',(1.0493781117925E-9,1.,0.));
#5060=DIRECTION('ref_axis',(0.707106781186546,-7.4202866073847E-10,-0.707106781186549));
#5061=DIRECTION('center_axis',(0.,-1.,0.));
#5062=DIRECTION('ref_axis',(-0.707106781186548,0.,-0.707106781186547));
#5063=DIRECTION('',(0.,-1.,0.));
#5064=DIRECTION('center_axis',(0.,1.,0.));
#5065=DIRECTION('ref_axis',(0.,0.,-1.));
#5066=DIRECTION('',(0.,1.,0.));
#5067=DIRECTION('center_axis',(0.,0.,1.));
#5068=DIRECTION('ref_axis',(1.,0.,0.));
#5069=DIRECTION('',(1.0493781117925E-9,1.,0.));
#5070=DIRECTION('center_axis',(0.,0.,-1.));
#5071=DIRECTION('ref_axis',(-0.707106781186547,-0.707106781186547,0.));
#5072=DIRECTION('',(-1.,0.,0.));
#5073=DIRECTION('',(0.,1.,0.));
#5074=DIRECTION('',(1.,1.05606498285587E-16,0.));
#5075=DIRECTION('',(0.,-1.,0.));
#5076=DIRECTION('center_axis',(0.,0.,1.));
#5077=DIRECTION('ref_axis',(-1.,0.,0.));
#5078=DIRECTION('center_axis',(0.,0.,1.));
#5079=DIRECTION('ref_axis',(-1.,0.,0.));
#5080=DIRECTION('',(0.,-1.,0.));
#5081=DIRECTION('',(1.,0.,0.));
#5082=DIRECTION('',(0.,-1.,0.));
#5083=DIRECTION('',(1.,1.05606498285587E-16,0.));
#5084=DIRECTION('',(0.,-1.,0.));
#5085=DIRECTION('',(-1.,0.,0.));
#5086=DIRECTION('center_axis',(0.,0.,1.));
#5087=DIRECTION('ref_axis',(-1.,0.,0.));
#5088=DIRECTION('center_axis',(0.,0.,1.));
#5089=DIRECTION('ref_axis',(-1.,0.,0.));
#5090=DIRECTION('',(-1.,0.,0.));
#5091=DIRECTION('',(0.,-1.,0.));
#5092=DIRECTION('',(-1.,0.,0.));
#5093=DIRECTION('center_axis',(0.,0.,1.));
#5094=DIRECTION('ref_axis',(-0.707106781186549,-0.707106781186546,0.));
#5095=DIRECTION('',(0.,1.,0.));
#5096=DIRECTION('center_axis',(0.,0.,1.));
#5097=DIRECTION('ref_axis',(-1.,0.,0.));
#5098=DIRECTION('center_axis',(0.,0.,1.));
#5099=DIRECTION('ref_axis',(1.,0.,0.));
#5100=DIRECTION('',(1.58409744468932E-16,-1.,0.));
#5101=DIRECTION('center_axis',(0.,0.,1.));
#5102=DIRECTION('ref_axis',(0.707106781186547,-0.707106781186548,0.));
#5103=DIRECTION('',(-1.,-3.5527136788005E-15,0.));
#5104=DIRECTION('center_axis',(0.,0.,-1.));
#5105=DIRECTION('ref_axis',(-0.999999670748739,-0.000811481616231363,0.));
#5106=DIRECTION('',(-0.999983895171562,0.00567533236999118,0.));
#5107=DIRECTION('',(-1.58409744468932E-16,1.,0.));
#5108=DIRECTION('',(2.65551319869119E-8,1.,0.));
#5109=DIRECTION('center_axis',(0.,0.,-1.));
#5110=DIRECTION('ref_axis',(-0.707106781186548,-0.707106781186547,0.));
#5111=DIRECTION('',(-1.,-2.65474065286391E-8,0.));
#5112=DIRECTION('',(2.32880381645373E-12,1.,0.));
#5113=DIRECTION('',(-1.,2.32865623158579E-12,0.));
#5114=DIRECTION('',(-2.32880381645373E-12,-1.,0.));
#5115=DIRECTION('center_axis',(0.,0.,1.));
#5116=DIRECTION('ref_axis',(-1.,0.,0.));
#5117=DIRECTION('center_axis',(0.,0.,1.));
#5118=DIRECTION('ref_axis',(-1.,0.,0.));
#5119=DIRECTION('',(-2.32880381645373E-12,-1.,0.));
#5120=DIRECTION('',(-1.,-1.84188831870118E-16,0.));
#5121=DIRECTION('',(0.,1.,0.));
#5122=DIRECTION('',(1.,0.,0.));
#5123=DIRECTION('center_axis',(0.,0.,1.));
#5124=DIRECTION('ref_axis',(-0.707106781186547,-0.707106781186548,0.));
#5125=DIRECTION('',(0.,-1.,0.));
#5126=DIRECTION('center_axis',(0.,0.,-1.));
#5127=DIRECTION('ref_axis',(0.707106781186548,0.707106781186547,0.));
#5128=DIRECTION('',(1.,0.,0.));
#5129=DIRECTION('center_axis',(0.,0.,1.));
#5130=DIRECTION('ref_axis',(-0.707106781186547,-0.707106781186547,0.));
#5131=DIRECTION('center_axis',(0.,0.,1.));
#5132=DIRECTION('ref_axis',(-1.,0.,0.));
#5133=DIRECTION('center_axis',(0.,0.,1.));
#5134=DIRECTION('ref_axis',(-1.,0.,0.));
#5135=DIRECTION('center_axis',(0.,0.,1.));
#5136=DIRECTION('ref_axis',(-1.,0.,0.));
#5137=DIRECTION('center_axis',(0.,0.,1.));
#5138=DIRECTION('ref_axis',(-0.846465369957935,0.532443778686516,0.));
#5139=DIRECTION('center_axis',(0.,0.,1.));
#5140=DIRECTION('ref_axis',(-1.,0.,0.));
#5141=DIRECTION('center_axis',(0.,1.,0.));
#5142=DIRECTION('ref_axis',(-1.,0.,0.));
#5143=DIRECTION('center_axis',(0.,-1.,0.));
#5144=DIRECTION('ref_axis',(-1.,0.,0.));
#5145=DIRECTION('center_axis',(0.,0.,1.));
#5146=DIRECTION('ref_axis',(1.,0.,0.));
#5147=DIRECTION('center_axis',(-1.,0.,0.));
#5148=DIRECTION('ref_axis',(0.,0.,-1.));
#5149=DIRECTION('center_axis',(0.,0.,-1.));
#5150=DIRECTION('ref_axis',(-0.707106781186548,-0.707106781186548,0.));
#5151=DIRECTION('center_axis',(-1.,0.,0.));
#5152=DIRECTION('ref_axis',(0.,-0.707106781186548,-0.707106781186547));
#5153=DIRECTION('center_axis',(-1.,0.,0.));
#5154=DIRECTION('ref_axis',(0.,0.,-1.));
#5155=DIRECTION('',(-1.,0.,0.));
#5156=DIRECTION('center_axis',(0.,0.,1.));
#5157=DIRECTION('ref_axis',(1.,0.,0.));
#5158=DIRECTION('center_axis',(1.11022302462516E-15,1.,0.));
#5159=DIRECTION('ref_axis',(0.,0.,-1.));
#5160=DIRECTION('center_axis',(0.,1.,0.));
#5161=DIRECTION('ref_axis',(-0.707106781186548,0.,-0.707106781186547));
#5162=DIRECTION('center_axis',(0.,1.,0.));
#5163=DIRECTION('ref_axis',(0.,0.,-1.));
#5164=DIRECTION('',(0.,1.,0.));
#5165=DIRECTION('center_axis',(0.,0.,1.));
#5166=DIRECTION('ref_axis',(1.,0.,0.));
#5167=DIRECTION('center_axis',(-1.,0.,0.));
#5168=DIRECTION('ref_axis',(0.,0.,-1.));
#5169=DIRECTION('center_axis',(0.,0.,-1.));
#5170=DIRECTION('ref_axis',(-0.707106781186548,-0.707106781186548,0.));
#5171=DIRECTION('center_axis',(1.,0.,0.));
#5172=DIRECTION('ref_axis',(0.,-0.707106781186548,-0.707106781186547));
#5173=DIRECTION('center_axis',(-1.,0.,0.));
#5174=DIRECTION('ref_axis',(0.,0.,-1.));
#5175=DIRECTION('',(-1.,0.,0.));
#5176=DIRECTION('center_axis',(0.,1.,0.));
#5177=DIRECTION('ref_axis',(0.707106781186546,0.,-0.707106781186549));
#5178=DIRECTION('center_axis',(8.3266726846887E-16,1.,0.));
#5179=DIRECTION('ref_axis',(1.,-8.3266726846887E-16,0.));
#5180=DIRECTION('',(0.,1.,0.));
#5181=DIRECTION('center_axis',(0.,-1.,0.));
#5182=DIRECTION('ref_axis',(0.,0.,-1.));
#5183=DIRECTION('',(0.,-1.,0.));
#5184=DIRECTION('center_axis',(-0.40824829046386,-0.816496580927727,0.408248290463865));
#5185=DIRECTION('ref_axis',(0.577350269189623,-0.577350269189627,-0.577350269189627));
#5186=DIRECTION('center_axis',(0.,0.,-1.));
#5187=DIRECTION('ref_axis',(0.707106781186546,-0.707106781186549,0.));
#5188=DIRECTION('center_axis',(-1.,0.,0.));
#5189=DIRECTION('ref_axis',(0.,0.707106781186546,-0.707106781186549));
#5190=DIRECTION('center_axis',(-1.,0.,0.));
#5191=DIRECTION('ref_axis',(0.,1.,0.));
#5192=DIRECTION('center_axis',(1.,0.,0.));
#5193=DIRECTION('ref_axis',(0.,0.,-1.));
#5194=DIRECTION('',(1.,0.,0.));
#5195=DIRECTION('center_axis',(0.,0.,-1.));
#5196=DIRECTION('ref_axis',(-1.,0.,0.));
#5197=DIRECTION('center_axis',(0.,-1.,0.));
#5198=DIRECTION('ref_axis',(0.,0.,-1.));
#5199=DIRECTION('center_axis',(0.,0.,1.));
#5200=DIRECTION('ref_axis',(-0.707106781186548,-0.707106781186548,0.));
#5201=DIRECTION('center_axis',(1.0493781117925E-9,1.,0.));
#5202=DIRECTION('ref_axis',(0.707106781186546,-7.42025695973953E-10,-0.707106781186549));
#5203=DIRECTION('',(-1.0493781117925E-9,-1.,0.));
#5204=DIRECTION('center_axis',(0.40824829046386,-0.816496580927727,-0.408248290463864));
#5205=DIRECTION('ref_axis',(0.577350269189624,0.577350269189624,-0.577350269189629));
#5206=DIRECTION('center_axis',(0.,0.,-1.));
#5207=DIRECTION('ref_axis',(0.707106781186548,0.707106781186548,0.));
#5208=DIRECTION('center_axis',(-1.,0.,0.));
#5209=DIRECTION('ref_axis',(0.,-1.,0.));
#5210=DIRECTION('',(0.,0.,-1.));
#5211=DIRECTION('',(0.,1.,0.));
#5212=DIRECTION('center_axis',(0.,0.,1.));
#5213=DIRECTION('ref_axis',(-0.707106781186548,-0.707106781186547,0.));
#5214=DIRECTION('',(0.,0.,1.));
#5215=DIRECTION('center_axis',(0.,0.,-1.));
#5216=DIRECTION('ref_axis',(0.,-1.,0.));
#5217=DIRECTION('center_axis',(0.,-1.,0.));
#5218=DIRECTION('ref_axis',(1.,0.,0.));
#5219=DIRECTION('center_axis',(0.,1.,0.));
#5220=DIRECTION('ref_axis',(-0.917160620249158,0.,0.398517749497032));
#5221=DIRECTION('center_axis',(-1.,0.,0.));
#5222=DIRECTION('ref_axis',(0.,-1.,0.));
#5223=DIRECTION('',(0.,0.,-1.));
#5224=DIRECTION('center_axis',(1.,0.,0.));
#5225=DIRECTION('ref_axis',(0.,-0.917160619364877,0.398517751532144));
#5226=DIRECTION('center_axis',(0.,0.,1.));
#5227=DIRECTION('ref_axis',(-0.707106781186548,-0.707106781186548,0.));
#5228=DIRECTION('',(0.,0.,1.));
#5229=DIRECTION('center_axis',(0.,0.,-1.));
#5230=DIRECTION('ref_axis',(-3.70074341541719E-16,-1.,0.));
#5231=DIRECTION('center_axis',(0.,-1.,0.));
#5232=DIRECTION('ref_axis',(1.,0.,0.));
#5233=DIRECTION('',(0.,0.,-1.));
#5234=DIRECTION('',(1.,0.,0.));
#5235=DIRECTION('center_axis',(0.,0.,1.));
#5236=DIRECTION('ref_axis',(0.707106781186546,-0.707106781186549,0.));
#5237=DIRECTION('',(0.,0.,1.));
#5238=DIRECTION('center_axis',(0.,-2.22044604925031E-15,1.));
#5239=DIRECTION('ref_axis',(0.,-1.,-2.22044604925031E-15));
#5240=DIRECTION('center_axis',(1.,0.,0.));
#5241=DIRECTION('ref_axis',(0.,1.,0.));
#5242=DIRECTION('',(0.,0.,-1.));
#5243=DIRECTION('center_axis',(-1.,0.,0.));
#5244=DIRECTION('ref_axis',(0.,0.,1.));
#5245=DIRECTION('center_axis',(-1.,0.,0.));
#5246=DIRECTION('ref_axis',(0.,1.,0.));
#5247=DIRECTION('center_axis',(0.,0.,1.));
#5248=DIRECTION('ref_axis',(0.707106781186548,0.707106781186548,0.));
#5249=DIRECTION('',(0.,0.,1.));
#5250=DIRECTION('center_axis',(0.,0.,-1.));
#5251=DIRECTION('ref_axis',(0.,1.,0.));
#5252=DIRECTION('center_axis',(0.,1.,0.));
#5253=DIRECTION('ref_axis',(-1.,0.,0.));
#5254=DIRECTION('',(0.,0.,-1.));
#5255=DIRECTION('',(-1.,0.,0.));
#5256=DIRECTION('center_axis',(1.,0.,0.));
#5257=DIRECTION('ref_axis',(0.,-1.61486985400023E-16,1.));
#5258=DIRECTION('center_axis',(1.,0.,0.));
#5259=DIRECTION('ref_axis',(0.,0.,1.));
#5260=DIRECTION('center_axis',(0.,0.,1.));
#5261=DIRECTION('ref_axis',(-0.707106781186549,-0.707106781186546,0.));
#5262=DIRECTION('',(0.,0.,1.));
#5263=DIRECTION('center_axis',(0.,0.,1.));
#5264=DIRECTION('ref_axis',(-0.707106781186549,-0.707106781186546,0.));
#5265=DIRECTION('',(0.,0.,-1.));
#5266=DIRECTION('center_axis',(0.,1.,0.));
#5267=DIRECTION('ref_axis',(-1.,0.,0.));
#5268=DIRECTION('center_axis',(0.,1.,0.));
#5269=DIRECTION('ref_axis',(-0.707106781186549,0.,-0.707106781186546));
#5270=DIRECTION('',(0.,0.,1.));
#5271=DIRECTION('',(-1.,0.,0.));
#5272=DIRECTION('center_axis',(0.,0.,-1.));
#5273=DIRECTION('ref_axis',(0.707106781186547,-0.707106781186548,0.));
#5274=DIRECTION('',(0.,0.,1.));
#5275=DIRECTION('center_axis',(0.,0.,1.));
#5276=DIRECTION('ref_axis',(0.707106781186547,-0.707106781186548,0.));
#5277=DIRECTION('',(0.,0.,-1.));
#5278=DIRECTION('center_axis',(-1.,-1.58409744468932E-16,0.));
#5279=DIRECTION('ref_axis',(1.58409744468932E-16,-1.,0.));
#5280=DIRECTION('',(0.,0.,1.));
#5281=DIRECTION('',(1.58409744468932E-16,-1.,0.));
#5282=DIRECTION('center_axis',(0.,0.,-1.));
#5283=DIRECTION('ref_axis',(-0.707106781186549,0.707106781186546,0.));
#5284=DIRECTION('center_axis',(0.,0.,1.));
#5285=DIRECTION('ref_axis',(0.,1.,0.));
#5286=DIRECTION('',(0.,0.,1.));
#5287=DIRECTION('center_axis',(0.,0.,1.));
#5288=DIRECTION('ref_axis',(-0.707106781186549,0.707106781186546,0.));
#5289=DIRECTION('',(0.,0.,-1.));
#5290=DIRECTION('center_axis',(1.,0.,0.));
#5291=DIRECTION('ref_axis',(0.,0.707106781186546,-0.707106781186549));
#5292=DIRECTION('center_axis',(1.,0.,0.));
#5293=DIRECTION('ref_axis',(0.,0.,-1.));
#5294=DIRECTION('',(1.,0.,0.));
#5295=DIRECTION('center_axis',(0.707106781186548,0.707106781186548,0.));
#5296=DIRECTION('ref_axis',(-0.707106781186547,0.707106781186547,0.));
#5297=DIRECTION('center_axis',(-0.816496580927726,-0.408248290463863,0.408248290463863));
#5298=DIRECTION('ref_axis',(-0.577350269189626,0.577350269189626,-0.577350269189625));
#5299=DIRECTION('center_axis',(0.,1.,0.));
#5300=DIRECTION('ref_axis',(-0.707106781186548,0.,-0.707106781186547));
#5301=DIRECTION('center_axis',(1.,0.,0.));
#5302=DIRECTION('ref_axis',(0.,1.,0.));
#5303=DIRECTION('',(0.,-1.,0.));
#5304=DIRECTION('',(0.,1.,0.));
#5305=DIRECTION('',(0.,0.,-1.));
#5306=DIRECTION('',(0.,1.,0.));
#5307=DIRECTION('',(0.,0.,1.));
#5308=DIRECTION('center_axis',(0.,1.,0.));
#5309=DIRECTION('ref_axis',(-0.707106781186548,0.,-0.707106781186547));
#5310=DIRECTION('center_axis',(0.,-1.,0.));
#5311=DIRECTION('ref_axis',(-0.707106781186548,0.,-0.707106781186547));
#5312=DIRECTION('center_axis',(0.999983895171562,-0.00567533236999118,0.));
#5313=DIRECTION('ref_axis',(0.00401306600430578,0.707095393353148,-0.707106781186549));
#5314=DIRECTION('center_axis',(-0.999983895171562,0.00567533236999205,2.22041028934763E-15));
#5315=DIRECTION('ref_axis',(0.00567533236999205,0.999983895171562,0.));
#5316=DIRECTION('',(0.999983895171562,-0.00567533236999118,0.));
#5317=DIRECTION('center_axis',(0.,0.,-1.));
#5318=DIRECTION('ref_axis',(0.00567533236999094,0.999983895171562,0.));
#5319=DIRECTION('center_axis',(0.00283770046043636,0.999995973719943,0.));
#5320=DIRECTION('ref_axis',(0.999995973719943,-0.00283770046043636,5.55109277278167E-16));
#5321=DIRECTION('center_axis',(-0.00567533236999118,-0.999983895171562,
0.));
#5322=DIRECTION('ref_axis',(0.999983895171562,-0.00567533236999118,4.85714750794795E-16));
#5323=DIRECTION('center_axis',(0.,0.,1.));
#5324=DIRECTION('ref_axis',(0.709110475303383,0.705097393141551,0.));
#5325=DIRECTION('center_axis',(0.,0.,1.));
#5326=DIRECTION('ref_axis',(0.709110475303383,0.705097393141551,0.));
#5327=DIRECTION('',(0.,0.,-1.));
#5328=DIRECTION('',(0.,0.,1.));
#5329=DIRECTION('center_axis',(-0.00567533236999118,-0.999983895171562,
0.));
#5330=DIRECTION('ref_axis',(0.999983895171562,-0.00567533236999118,0.));
#5331=DIRECTION('',(0.,0.,1.));
#5332=DIRECTION('',(0.999983895171562,-0.00567533236999118,0.));
#5333=DIRECTION('center_axis',(2.32880381645373E-12,1.,0.));
#5334=DIRECTION('ref_axis',(-0.707106781186546,1.64859708161797E-12,-0.707106781186549));
#5335=DIRECTION('center_axis',(-0.707106781188195,-0.7071067811849,0.));
#5336=DIRECTION('ref_axis',(-0.7071067811849,0.707106781188195,0.));
#5337=DIRECTION('',(2.32880381645373E-12,1.,0.));
#5338=DIRECTION('center_axis',(-2.32924790566358E-12,-1.,0.));
#5339=DIRECTION('ref_axis',(-1.,2.32924790566358E-12,0.));
#5340=DIRECTION('center_axis',(0.,0.,1.));
#5341=DIRECTION('ref_axis',(-0.707106781185723,0.707106781187372,0.));
#5342=DIRECTION('center_axis',(0.,0.,1.));
#5343=DIRECTION('ref_axis',(0.,1.,0.));
#5344=DIRECTION('',(0.,0.,1.));
#5345=DIRECTION('',(0.,0.,-1.));
#5346=DIRECTION('center_axis',(-0.816496580928044,-0.408248290464021,0.40824829046307));
#5347=DIRECTION('ref_axis',(-0.577350269189176,0.577350269190523,-0.577350269189178));
#5348=DIRECTION('center_axis',(-1.,-1.84188831870118E-16,0.));
#5349=DIRECTION('ref_axis',(0.,0.707106781186548,-0.707106781186547));
#5350=DIRECTION('center_axis',(0.,0.,1.));
#5351=DIRECTION('ref_axis',(-1.,0.,0.));
#5352=DIRECTION('',(0.,0.,1.));
#5353=DIRECTION('center_axis',(0.,0.,1.));
#5354=DIRECTION('ref_axis',(-1.,0.,0.));
#5355=DIRECTION('center_axis',(1.,1.84188831870118E-16,0.));
#5356=DIRECTION('ref_axis',(0.,0.707106781186548,-0.707106781186547));
#5357=DIRECTION('',(1.,1.84188831870118E-16,0.));
#5358=DIRECTION('center_axis',(1.,0.,0.));
#5359=DIRECTION('ref_axis',(0.,0.707106781186548,-0.707106781186547));
#5360=DIRECTION('center_axis',(1.84188831870118E-16,-1.,0.));
#5361=DIRECTION('ref_axis',(1.,1.84188831870118E-16,0.));
#5362=DIRECTION('',(1.,0.,0.));
#5363=DIRECTION('',(0.,0.,1.));
#5364=DIRECTION('center_axis',(0.,0.,-1.));
#5365=DIRECTION('ref_axis',(-0.707106781186546,-0.707106781186549,0.));
#5366=DIRECTION('center_axis',(0.,0.,1.));
#5367=DIRECTION('ref_axis',(-1.,0.,0.));
#5368=DIRECTION('',(0.,0.,1.));
#5369=DIRECTION('center_axis',(0.,0.,1.));
#5370=DIRECTION('ref_axis',(-0.707106781186546,-0.707106781186549,0.));
#5371=DIRECTION('',(0.,0.,-1.));
#5372=DIRECTION('center_axis',(0.,1.,0.));
#5373=DIRECTION('ref_axis',(-0.707106781186546,0.,-0.707106781186549));
#5374=DIRECTION('center_axis',(0.,1.,0.));
#5375=DIRECTION('ref_axis',(0.,0.,-1.));
#5376=DIRECTION('',(0.,1.,0.));
#5377=DIRECTION('center_axis',(-0.707106781186548,0.707106781186548,0.));
#5378=DIRECTION('ref_axis',(-0.707106781186547,-0.707106781186547,0.));
#5379=DIRECTION('center_axis',(-0.816496580927726,0.408248290463863,0.408248290463863));
#5380=DIRECTION('ref_axis',(-0.577350269189624,-0.577350269189627,-0.577350269189627));
#5381=DIRECTION('center_axis',(-1.,-1.05606498285587E-16,0.));
#5382=DIRECTION('ref_axis',(0.,-0.707106781186548,-0.707106781186547));
#5383=DIRECTION('center_axis',(-1.05606498285587E-16,1.,0.));
#5384=DIRECTION('ref_axis',(-1.,-1.05606498285587E-16,0.));
#5385=DIRECTION('',(-1.,-1.05606498285587E-16,0.));
#5386=DIRECTION('',(0.,0.,1.));
#5387=DIRECTION('',(-1.,-1.05606498285587E-16,0.));
#5388=DIRECTION('center_axis',(-1.,-1.05606498285587E-16,0.));
#5389=DIRECTION('ref_axis',(0.,-0.707106781186548,-0.707106781186547));
#5390=DIRECTION('center_axis',(1.,0.,0.));
#5391=DIRECTION('ref_axis',(0.,-0.707106781186548,-0.707106781186547));
#5392=DIRECTION('center_axis',(1.,-2.32880381645373E-12,0.));
#5393=DIRECTION('ref_axis',(2.32880381645373E-12,1.,0.));
#5394=DIRECTION('',(0.,0.,1.));
#5395=DIRECTION('center_axis',(1.,-2.32880381645373E-12,0.));
#5396=DIRECTION('ref_axis',(0.,0.999885966978365,0.0151014250896784));
#5397=DIRECTION('center_axis',(-1.,-1.05606498285587E-16,0.));
#5398=DIRECTION('ref_axis',(0.,-0.707106781186548,-0.707106781186547));
#5399=DIRECTION('center_axis',(-1.,0.,0.));
#5400=DIRECTION('ref_axis',(0.,-0.707106781186548,-0.707106781186547));
#5401=DIRECTION('',(-1.,-1.05606498285587E-16,0.));
#5402=DIRECTION('center_axis',(1.,0.,0.));
#5403=DIRECTION('ref_axis',(0.,-1.,0.));
#5404=DIRECTION('center_axis',(0.,0.,1.));
#5405=DIRECTION('ref_axis',(-0.707106781186548,-0.707106781186548,0.));
#5406=DIRECTION('center_axis',(0.,0.,1.));
#5407=DIRECTION('ref_axis',(-1.,0.,0.));
#5408=DIRECTION('',(0.,0.,1.));
#5409=DIRECTION('center_axis',(-0.816496580927726,0.408248290463863,0.408248290463862));
#5410=DIRECTION('ref_axis',(-0.577350269189626,-0.577350269189626,-0.577350269189625));
#5411=DIRECTION('center_axis',(-1.05606498285587E-16,1.,0.));
#5412=DIRECTION('ref_axis',(-1.,-1.05606498285587E-16,0.));
#5413=DIRECTION('',(0.,0.,1.));
#5414=DIRECTION('',(-1.,-1.05606498285587E-16,0.));
#5415=DIRECTION('center_axis',(-1.05606498285587E-16,1.,0.));
#5416=DIRECTION('ref_axis',(-0.724230490880885,0.,-0.689557971513949));
#5417=DIRECTION('center_axis',(-1.05606498285587E-16,1.,0.));
#5418=DIRECTION('ref_axis',(-1.,0.,0.));
#5419=DIRECTION('',(0.,0.,1.));
#5420=DIRECTION('',(-1.,2.64375442289822E-8,0.));
#5421=DIRECTION('',(0.,0.,1.));
#5422=DIRECTION('center_axis',(-1.05606498285587E-16,1.,0.));
#5423=DIRECTION('ref_axis',(-0.633222609271277,0.,-0.773969719761487));
#5424=DIRECTION('center_axis',(1.58409744468932E-16,-1.,0.));
#5425=DIRECTION('ref_axis',(0.707106781186548,0.,-0.707106781186547));
#5426=DIRECTION('',(1.58409744468932E-16,-1.,0.));
#5427=DIRECTION('center_axis',(0.,1.,0.));
#5428=DIRECTION('ref_axis',(1.,0.,0.));
#5429=DIRECTION('center_axis',(-2.65551319869119E-8,-1.,0.));
#5430=DIRECTION('ref_axis',(0.707106781186548,-1.87773135074241E-8,-0.707106781186547));
#5431=DIRECTION('',(-2.65551319869119E-8,-1.,0.));
#5432=DIRECTION('center_axis',(2.65551292066851E-8,1.,0.));
#5433=DIRECTION('ref_axis',(1.,-2.65551292066851E-8,0.));
#5434=DIRECTION('center_axis',(0.,0.,1.));
#5435=DIRECTION('ref_axis',(-0.707106782490527,-0.707106779882568,0.));
#5436=DIRECTION('center_axis',(-1.,0.,0.));
#5437=DIRECTION('ref_axis',(0.,1.,-2.77555756156289E-16));
#5438=DIRECTION('center_axis',(1.,2.65474065286391E-8,0.));
#5439=DIRECTION('ref_axis',(-1.87718495856678E-8,0.707106781186548,-0.707106781186547));
#5440=DIRECTION('',(1.,2.65474065286391E-8,0.));
#5441=DIRECTION('',(1.,1.84188833084052E-16,0.));
#5442=DIRECTION('center_axis',(-2.32880381645373E-12,-1.,0.));
#5443=DIRECTION('ref_axis',(0.707106781186546,-1.6454568967006E-12,-0.707106781186549));
#5444=DIRECTION('center_axis',(2.32880381645373E-12,1.,0.));
#5445=DIRECTION('ref_axis',(0.707106781186546,-1.64757096854373E-12,-0.707106781186549));
#5446=DIRECTION('',(-2.32880381645373E-12,-1.,0.));
#5447=DIRECTION('center_axis',(0.408248290463227,-0.816496580928361,-0.40824829046323));
#5448=DIRECTION('ref_axis',(0.577350269190071,0.57735026918873,-0.577350269190076));
#5449=DIRECTION('center_axis',(0.,0.,1.));
#5450=DIRECTION('ref_axis',(1.,-2.32924790566361E-12,0.));
#5451=DIRECTION('center_axis',(0.,0.,-1.));
#5452=DIRECTION('ref_axis',(0.70710678118737,0.707106781185725,0.));
#5453=DIRECTION('',(0.,0.,-1.));
#5454=DIRECTION('',(0.,0.,-1.));
#5455=DIRECTION('center_axis',(0.,0.,1.));
#5456=DIRECTION('ref_axis',(1.,0.,0.));
#5457=DIRECTION('center_axis',(-3.5527136788005E-15,1.,0.));
#5458=DIRECTION('ref_axis',(-1.,-3.5527136788005E-15,0.));
#5459=DIRECTION('center_axis',(0.,0.,1.));
#5460=DIRECTION('ref_axis',(-0.999999670748739,-0.000811481616231363,0.));
#5461=DIRECTION('center_axis',(0.,0.,1.));
#5462=DIRECTION('ref_axis',(-0.999998682995173,-0.00162296269803468,0.));
#5463=DIRECTION('',(0.,0.,1.));
#5464=DIRECTION('center_axis',(0.,0.,1.));
#5465=DIRECTION('ref_axis',(-0.999998682995173,-0.00162296269803468,0.));
#5466=DIRECTION('center_axis',(0.,1.,0.));
#5467=DIRECTION('ref_axis',(-0.707106781186549,0.,-0.707106781186546));
#5468=DIRECTION('',(0.,1.,0.));
#5469=DIRECTION('center_axis',(1.,0.,0.));
#5470=DIRECTION('ref_axis',(0.,1.,0.));
#5471=DIRECTION('',(0.,0.,1.));
#5472=DIRECTION('',(0.,1.,0.));
#5473=DIRECTION('center_axis',(-1.,0.,0.));
#5474=DIRECTION('ref_axis',(0.,-0.707106781186549,-0.707106781186546));
#5475=DIRECTION('',(-1.,0.,0.));
#5476=DIRECTION('center_axis',(-1.,0.,0.));
#5477=DIRECTION('ref_axis',(0.,-0.707106781186549,-0.707106781186546));
#5478=DIRECTION('center_axis',(0.,1.,0.));
#5479=DIRECTION('ref_axis',(-1.,0.,0.));
#5480=DIRECTION('',(0.,0.,1.));
#5481=DIRECTION('',(-1.,0.,0.));
#5482=DIRECTION('',(0.,0.,1.));
#5483=DIRECTION('center_axis',(-1.,0.,0.));
#5484=DIRECTION('ref_axis',(0.,-1.,0.));
#5485=DIRECTION('',(0.,-1.,0.));
#5486=DIRECTION('center_axis',(1.,0.,0.));
#5487=DIRECTION('ref_axis',(0.,1.,0.));
#5488=DIRECTION('',(0.,1.,0.));
#5489=DIRECTION('center_axis',(0.,-1.,0.));
#5490=DIRECTION('ref_axis',(1.,0.,0.));
#5491=DIRECTION('',(1.,0.,0.));
#5492=DIRECTION('center_axis',(0.,0.,1.));
#5493=DIRECTION('ref_axis',(1.,0.,0.));
#5494=DIRECTION('center_axis',(-3.5527136788005E-15,1.,0.));
#5495=DIRECTION('ref_axis',(-1.,-3.5527136788005E-15,0.));
#5496=DIRECTION('',(-1.,-3.5527136788005E-15,0.));
#5497=DIRECTION('center_axis',(0.,0.,-1.));
#5498=DIRECTION('ref_axis',(1.,0.,0.));
#5499=DIRECTION('',(1.58409744468932E-16,-1.,0.));
#5500=DIRECTION('center_axis',(-2.65474065286391E-8,1.,0.));
#5501=DIRECTION('ref_axis',(1.,2.65474065286391E-8,0.));
#5502=DIRECTION('',(-1.,0.,0.));
#5503=DIRECTION('',(0.,0.,1.));
#5504=DIRECTION('center_axis',(1.,-2.65551319869119E-8,0.));
#5505=DIRECTION('ref_axis',(-2.65551319869119E-8,-1.,0.));
#5506=DIRECTION('',(0.,0.,1.));
#5507=DIRECTION('',(0.,1.,0.));
#5508=DIRECTION('center_axis',(-1.,0.,0.));
#5509=DIRECTION('ref_axis',(0.,0.999885966978365,0.0151014250896784));
#5510=DIRECTION('center_axis',(-1.,2.32880381645373E-12,0.));
#5511=DIRECTION('ref_axis',(0.,0.999885966978365,0.0151014250896784));
#5512=DIRECTION('',(1.,0.,0.));
#5513=DIRECTION('',(1.,0.,0.));
#5514=DIRECTION('center_axis',(1.,0.,0.));
#5515=DIRECTION('ref_axis',(0.,0.999885966978365,0.0151014250896784));
#5516=DIRECTION('',(1.,-2.32865623158579E-12,0.));
#5517=DIRECTION('center_axis',(-1.,2.32880381645373E-12,0.));
#5518=DIRECTION('ref_axis',(-2.32880381645373E-12,-1.,0.));
#5519=DIRECTION('',(0.,0.,1.));
#5520=DIRECTION('center_axis',(-1.,2.32880381645373E-12,0.));
#5521=DIRECTION('ref_axis',(1.6454568967006E-12,0.707106781186547,-0.707106781186548));
#5522=DIRECTION('center_axis',(1.,-2.32865623158579E-12,0.));
#5523=DIRECTION('ref_axis',(1.6454568967006E-12,0.707106781186547,-0.707106781186548));
#5524=DIRECTION('',(1.,-2.32865623158579E-12,0.));
#5525=DIRECTION('center_axis',(-2.32865623158579E-12,-1.,0.));
#5526=DIRECTION('ref_axis',(1.,-2.32865623158579E-12,0.));
#5527=DIRECTION('center_axis',(1.84188831870118E-16,-1.,0.));
#5528=DIRECTION('ref_axis',(1.,1.84188831870118E-16,0.));
#5529=DIRECTION('center_axis',(0.,-1.,0.));
#5530=DIRECTION('ref_axis',(-0.633222609271277,0.,-0.773969719761487));
#5531=DIRECTION('',(0.,1.,0.));
#5532=DIRECTION('center_axis',(0.,1.,0.));
#5533=DIRECTION('ref_axis',(-0.633222609271277,0.,-0.773969719761487));
#5534=DIRECTION('center_axis',(2.64375442289822E-8,1.,0.));
#5535=DIRECTION('ref_axis',(-0.633222609271277,1.67408507394009E-8,-0.773969719761487));
#5536=DIRECTION('',(0.,-1.,0.));
#5537=DIRECTION('center_axis',(-2.64375442289822E-8,-1.,0.));
#5538=DIRECTION('ref_axis',(1.,-2.64375442289822E-8,0.));
#5539=DIRECTION('',(0.,0.,1.));
#5540=DIRECTION('center_axis',(0.,-1.,0.));
#5541=DIRECTION('ref_axis',(-0.970334853890789,0.,0.241764909208804));
#5542=DIRECTION('',(0.,1.,0.));
#5543=DIRECTION('center_axis',(0.,1.,0.));
#5544=DIRECTION('ref_axis',(-0.970334853890789,0.,0.241764909208804));
#5545=DIRECTION('center_axis',(0.,-1.,0.));
#5546=DIRECTION('ref_axis',(-1.,0.,0.));
#5547=DIRECTION('',(0.,-1.,0.));
#5548=DIRECTION('center_axis',(0.707106781186548,-0.707106781186547,0.));
#5549=DIRECTION('ref_axis',(0.707106781186547,0.707106781186547,0.));
#5550=DIRECTION('',(0.,-1.,0.));
#5551=DIRECTION('center_axis',(0.,1.,0.));
#5552=DIRECTION('ref_axis',(-1.,0.,0.));
#5553=DIRECTION('center_axis',(0.707106781186548,-0.707106781186547,0.));
#5554=DIRECTION('ref_axis',(0.707106781186547,0.707106781186547,0.));
#5555=DIRECTION('',(0.,1.,0.));
#5556=DIRECTION('center_axis',(0.707106781186548,-0.707106781186547,0.));
#5557=DIRECTION('ref_axis',(0.707106781186547,0.707106781186547,0.));
#5558=DIRECTION('center_axis',(-1.,0.,0.));
#5559=DIRECTION('ref_axis',(0.,1.,0.));
#5560=DIRECTION('',(-1.,0.,0.));
#5561=DIRECTION('center_axis',(0.,0.,-1.));
#5562=DIRECTION('ref_axis',(1.,0.,0.));
#5563=DIRECTION('center_axis',(0.,0.,1.));
#5564=DIRECTION('ref_axis',(-0.599299489035901,-0.800524904322975,0.));
#5565=DIRECTION('center_axis',(0.,1.,0.));
#5566=DIRECTION('ref_axis',(-0.724230490880885,0.,-0.689557971513949));
#5567=DIRECTION('',(0.,-1.,0.));
#5568=DIRECTION('center_axis',(0.,0.,-1.));
#5569=DIRECTION('ref_axis',(1.,0.,0.));
#5570=DIRECTION('',(0.,1.,0.));
#5571=DIRECTION('',(-1.,0.,0.));
#5572=DIRECTION('center_axis',(-1.,0.,0.));
#5573=DIRECTION('ref_axis',(0.,1.,0.));
#5574=DIRECTION('',(-1.,0.,0.));
#5575=DIRECTION('center_axis',(1.,0.,0.));
#5576=DIRECTION('ref_axis',(0.,1.,0.));
#5577=DIRECTION('center_axis',(0.,1.,0.));
#5578=DIRECTION('ref_axis',(0.970334871756776,0.,0.241764837502813));
#5579=DIRECTION('center_axis',(0.,1.,0.));
#5580=DIRECTION('ref_axis',(0.970334871756776,0.,0.241764837502813));
#5581=DIRECTION('',(1.58409744468932E-16,-1.,0.));
#5582=DIRECTION('center_axis',(0.,0.,1.));
#5583=DIRECTION('ref_axis',(-1.,0.,0.));
#5584=DIRECTION('',(0.,0.,1.));
#5585=DIRECTION('center_axis',(0.,0.,1.));
#5586=DIRECTION('ref_axis',(-1.,0.,0.));
#5587=DIRECTION('center_axis',(0.,0.,1.));
#5588=DIRECTION('ref_axis',(-0.599299489035901,-0.800524904322975,0.));
#5589=DIRECTION('center_axis',(0.,0.,1.));
#5590=DIRECTION('ref_axis',(-1.,0.,0.));
#5591=DIRECTION('',(0.,0.,1.));
#5592=DIRECTION('center_axis',(0.,0.,1.));
#5593=DIRECTION('ref_axis',(-1.,0.,0.));
#5594=DIRECTION('center_axis',(0.,0.,1.));
#5595=DIRECTION('ref_axis',(-1.,0.,0.));
#5596=DIRECTION('',(0.,0.,1.));
#5597=DIRECTION('center_axis',(0.,0.,1.));
#5598=DIRECTION('ref_axis',(-1.,0.,0.));
#5599=DIRECTION('center_axis',(0.,0.,1.));
#5600=DIRECTION('ref_axis',(-1.,0.,0.));
#5601=DIRECTION('center_axis',(0.,0.,1.));
#5602=DIRECTION('ref_axis',(-1.,0.,0.));
#5603=DIRECTION('',(0.,0.,1.));
#5604=DIRECTION('center_axis',(0.,0.,1.));
#5605=DIRECTION('ref_axis',(-1.,0.,0.));
#5606=DIRECTION('center_axis',(0.,0.,1.));
#5607=DIRECTION('ref_axis',(-1.,0.,0.));
#5608=DIRECTION('center_axis',(0.,0.,1.));
#5609=DIRECTION('ref_axis',(-1.,0.,0.));
#5610=DIRECTION('',(0.,0.,1.));
#5611=DIRECTION('center_axis',(0.,0.,1.));
#5612=DIRECTION('ref_axis',(-1.,0.,0.));
#5613=DIRECTION('center_axis',(0.,0.,1.));
#5614=DIRECTION('ref_axis',(-1.,0.,0.));
#5615=DIRECTION('center_axis',(0.,0.,1.));
#5616=DIRECTION('ref_axis',(-1.,0.,0.));
#5617=DIRECTION('center_axis',(0.,0.,1.));
#5618=DIRECTION('ref_axis',(-1.,0.,0.));
#5619=DIRECTION('center_axis',(0.,0.,1.));
#5620=DIRECTION('ref_axis',(-1.,0.,0.));
#5621=DIRECTION('center_axis',(0.,0.,1.));
#5622=DIRECTION('ref_axis',(-1.,0.,0.));
#5623=DIRECTION('',(0.,0.,1.));
#5624=DIRECTION('center_axis',(0.,0.,1.));
#5625=DIRECTION('ref_axis',(-1.,0.,0.));
#5626=DIRECTION('center_axis',(0.,0.,1.));
#5627=DIRECTION('ref_axis',(-1.,0.,0.));
#5628=DIRECTION('center_axis',(0.,0.,1.));
#5629=DIRECTION('ref_axis',(-1.,0.,0.));
#5630=DIRECTION('',(0.,0.,1.));
#5631=DIRECTION('center_axis',(0.,0.,1.));
#5632=DIRECTION('ref_axis',(-1.,0.,0.));
#5633=DIRECTION('center_axis',(0.,0.,1.));
#5634=DIRECTION('ref_axis',(-1.,0.,0.));
#5635=DIRECTION('center_axis',(0.,0.,1.));
#5636=DIRECTION('ref_axis',(-1.,0.,0.));
#5637=DIRECTION('',(0.,0.,1.));
#5638=DIRECTION('center_axis',(0.,0.,1.));
#5639=DIRECTION('ref_axis',(-1.,0.,0.));
#5640=DIRECTION('center_axis',(0.,0.,1.));
#5641=DIRECTION('ref_axis',(-1.,0.,0.));
#5642=DIRECTION('center_axis',(-1.,0.,0.));
#5643=DIRECTION('ref_axis',(0.,0.,1.));
#5644=DIRECTION('center_axis',(0.,-0.435889894354067,-0.9));
#5645=DIRECTION('ref_axis',(0.,-0.9,0.435889894354067));
#5646=DIRECTION('center_axis',(-1.,0.,0.));
#5647=DIRECTION('ref_axis',(0.,-0.917160619364877,0.398517751532144));
#5648=DIRECTION('center_axis',(-0.114447792982241,0.614674426939523,0.780433886724598));
#5649=DIRECTION('ref_axis',(-0.983104224161789,-0.183046672833041,0.));
#5650=DIRECTION('center_axis',(9.97508245106774E-13,-2.05866557994753E-12,
-1.));
#5651=DIRECTION('ref_axis',(-0.473752066525474,-0.880658264858079,1.34040926506411E-12));
#5652=DIRECTION('center_axis',(0.,0.,1.));
#5653=DIRECTION('ref_axis',(-0.721917428649699,-0.691979209378293,0.));
#5654=DIRECTION('',(0.,0.,1.));
#5655=DIRECTION('center_axis',(0.,0.,1.));
#5656=DIRECTION('ref_axis',(0.707106781186548,0.707106781186547,0.));
#5657=DIRECTION('center_axis',(0.611070430079591,-0.661992969642684,0.434002577902486));
#5658=DIRECTION('ref_axis',(-0.734803446528758,-0.678280100673357,0.));
#5659=DIRECTION('center_axis',(0.,-1.,0.));
#5660=DIRECTION('ref_axis',(0.,0.,-1.));
#5661=DIRECTION('center_axis',(-0.435889884008101,-1.61311661808994E-16,
-0.90000000501078));
#5662=DIRECTION('ref_axis',(3.70074341541719E-16,-1.,0.));
#5663=DIRECTION('center_axis',(0.,-1.,0.));
#5664=DIRECTION('ref_axis',(-0.917160620249158,0.,0.398517749497032));
#5665=DIRECTION('center_axis',(0.614674422720311,-0.114447793979095,0.78043388990149));
#5666=DIRECTION('ref_axis',(-0.78559583276807,-1.48029736616687E-15,0.618739999949448));
#5667=DIRECTION('center_axis',(0.,-1.,0.));
#5668=DIRECTION('ref_axis',(-1.,0.,0.));
#5669=DIRECTION('center_axis',(0.763386285369115,-0.645942241466174,0.));
#5670=DIRECTION('ref_axis',(0.645942241466174,0.763386285369115,0.));
#5671=DIRECTION('',(-1.0493781117925E-9,-1.,0.));
#5672=DIRECTION('center_axis',(0.661992966716316,-0.611070434517565,-0.434002576117521));
#5673=DIRECTION('ref_axis',(-0.678280104952058,-0.734803442579188,0.));
#5674=DIRECTION('center_axis',(-0.645942241466174,0.763386285369114,-1.30389081646133E-16));
#5675=DIRECTION('ref_axis',(0.763386285369114,0.645942241466174,0.));
#5676=DIRECTION('center_axis',(5.55111512312579E-16,1.23259516440783E-30,
-1.));
#5677=DIRECTION('ref_axis',(2.22044604925031E-15,-1.,0.));
#5678=DIRECTION('center_axis',(0.,0.,-1.));
#5679=DIRECTION('ref_axis',(-0.707106781186548,-0.707106781186548,0.));
#5680=DIRECTION('',(0.,0.,1.));
#5681=DIRECTION('center_axis',(-1.,0.,0.));
#5682=DIRECTION('ref_axis',(0.,1.,0.));
#5683=DIRECTION('center_axis',(-1.,-1.58409744468932E-16,0.));
#5684=DIRECTION('ref_axis',(1.58409744468932E-16,-1.,0.));
#5685=DIRECTION('center_axis',(0.,1.,0.));
#5686=DIRECTION('ref_axis',(-1.,0.,0.));
#5687=DIRECTION('center_axis',(1.,0.,0.));
#5688=DIRECTION('ref_axis',(0.,1.,0.));
#5689=DIRECTION('center_axis',(1.,-1.0493781117925E-9,0.));
#5690=DIRECTION('ref_axis',(1.0493781117925E-9,1.,0.));
#5691=DIRECTION('axis',(0.,0.,1.));
#5692=DIRECTION('refdir',(1.,0.,0.));
#5693=DIRECTION('center_axis',(-1.,0.,0.));
#5694=DIRECTION('ref_axis',(0.,0.,1.));
#5695=DIRECTION('center_axis',(-1.,0.,0.));
#5696=DIRECTION('ref_axis',(0.,0.,1.));
#5697=DIRECTION('',(1.,0.,0.));
#5698=DIRECTION('center_axis',(-1.,0.,0.));
#5699=DIRECTION('ref_axis',(0.,0.,1.));
#5700=DIRECTION('center_axis',(-1.,0.,0.));
#5701=DIRECTION('ref_axis',(0.,0.,1.));
#5702=DIRECTION('center_axis',(1.,0.,0.));
#5703=DIRECTION('ref_axis',(0.,0.,-1.));
#5704=DIRECTION('center_axis',(-1.,0.,0.));
#5705=DIRECTION('ref_axis',(0.,0.,1.));
#5706=DIRECTION('center_axis',(-1.,0.,0.));
#5707=DIRECTION('ref_axis',(0.,0.,1.));
#5708=DIRECTION('center_axis',(-1.,0.,0.));
#5709=DIRECTION('ref_axis',(0.,0.,1.));
#5710=DIRECTION('',(1.,0.,0.));
#5711=DIRECTION('center_axis',(1.,0.,0.));
#5712=DIRECTION('ref_axis',(0.,0.,-1.));
#5713=DIRECTION('center_axis',(-1.,0.,0.));
#5714=DIRECTION('ref_axis',(0.,0.,1.));
#5715=DIRECTION('center_axis',(-1.,0.,0.));
#5716=DIRECTION('ref_axis',(0.,0.,1.));
#5717=DIRECTION('center_axis',(-1.,0.,0.));
#5718=DIRECTION('ref_axis',(0.,0.,1.));
#5719=DIRECTION('',(1.,0.,0.));
#5720=DIRECTION('center_axis',(1.,0.,0.));
#5721=DIRECTION('ref_axis',(0.,0.,-1.));
#5722=DIRECTION('center_axis',(-1.,0.,0.));
#5723=DIRECTION('ref_axis',(0.,0.,1.));
#5724=DIRECTION('center_axis',(-1.,0.,0.));
#5725=DIRECTION('ref_axis',(0.,0.,1.));
#5726=DIRECTION('center_axis',(-1.,0.,0.));
#5727=DIRECTION('ref_axis',(0.,0.,1.));
#5728=DIRECTION('',(1.,0.,0.));
#5729=DIRECTION('center_axis',(-1.,0.,0.));
#5730=DIRECTION('ref_axis',(0.,0.,1.));
#5731=DIRECTION('center_axis',(-1.,0.,0.));
#5732=DIRECTION('ref_axis',(0.,0.,1.));
#5733=DIRECTION('center_axis',(-1.,0.,0.));
#5734=DIRECTION('ref_axis',(0.,0.,1.));
#5735=DIRECTION('center_axis',(-1.,0.,0.));
#5736=DIRECTION('ref_axis',(0.,0.,1.));
#5737=DIRECTION('',(1.,0.,0.));
#5738=DIRECTION('center_axis',(-1.,0.,0.));
#5739=DIRECTION('ref_axis',(0.,0.,1.));
#5740=DIRECTION('axis',(0.,0.,1.));
#5741=DIRECTION('refdir',(1.,0.,0.));
#5742=DIRECTION('center_axis',(1.,0.,0.));
#5743=DIRECTION('ref_axis',(0.,0.,-1.));
#5744=DIRECTION('center_axis',(-1.,0.,0.));
#5745=DIRECTION('ref_axis',(0.,-1.,1.83697019872103E-16));
#5746=DIRECTION('center_axis',(0.,-1.,-1.22464679914735E-16));
#5747=DIRECTION('ref_axis',(0.,-1.22464679914735E-16,1.));
#5748=DIRECTION('center_axis',(1.,0.,0.));
#5749=DIRECTION('ref_axis',(0.,-1.,1.83697019872103E-16));
#5750=DIRECTION('center_axis',(1.,0.,0.));
#5751=DIRECTION('ref_axis',(0.,-1.,1.83697019872103E-16));
#5752=DIRECTION('center_axis',(-1.,0.,0.));
#5753=DIRECTION('ref_axis',(0.,0.,1.));
#5754=DIRECTION('center_axis',(1.,0.,0.));
#5755=DIRECTION('ref_axis',(0.,1.,0.));
#5756=DIRECTION('center_axis',(1.,0.,0.));
#5757=DIRECTION('ref_axis',(0.,1.,0.));
#5758=DIRECTION('center_axis',(1.,0.,0.));
#5759=DIRECTION('ref_axis',(0.,0.,-1.));
#5760=DIRECTION('',(-1.,0.,0.));
#5761=DIRECTION('center_axis',(-1.,0.,0.));
#5762=DIRECTION('ref_axis',(0.,0.,1.));
#5763=DIRECTION('center_axis',(0.,-1.,1.22464679914735E-16));
#5764=DIRECTION('ref_axis',(0.,-1.22464679914735E-16,-1.));
#5765=DIRECTION('center_axis',(-1.,0.,0.));
#5766=DIRECTION('ref_axis',(0.,1.,0.));
#5767=DIRECTION('center_axis',(-1.,0.,0.));
#5768=DIRECTION('ref_axis',(0.,1.,0.));
#5769=DIRECTION('center_axis',(1.,0.,0.));
#5770=DIRECTION('ref_axis',(0.,1.,0.));
#5771=DIRECTION('center_axis',(1.,0.,0.));
#5772=DIRECTION('ref_axis',(0.,-1.,0.));
#5773=DIRECTION('center_axis',(1.,0.,0.));
#5774=DIRECTION('ref_axis',(0.,-1.,0.));
#5775=DIRECTION('',(-1.,0.,0.));
#5776=DIRECTION('center_axis',(1.,0.,0.));
#5777=DIRECTION('ref_axis',(0.,-1.,0.));
#5778=DIRECTION('center_axis',(-1.,0.,0.));
#5779=DIRECTION('ref_axis',(0.,-1.,0.));
#5780=DIRECTION('',(-0.707106781186547,-0.707106781186547,-8.65956056235493E-17));
#5781=DIRECTION('center_axis',(-1.,0.,0.));
#5782=DIRECTION('ref_axis',(0.,0.,1.));
#5783=DIRECTION('center_axis',(1.,0.,0.));
#5784=DIRECTION('ref_axis',(0.,0.,-1.));
#5785=DIRECTION('center_axis',(-1.,0.,0.));
#5786=DIRECTION('ref_axis',(0.,-1.,0.));
#5787=DIRECTION('center_axis',(-1.,0.,0.));
#5788=DIRECTION('ref_axis',(0.,-1.,0.));
#5789=DIRECTION('center_axis',(-1.,0.,0.));
#5790=DIRECTION('ref_axis',(0.,-1.,0.));
#5791=DIRECTION('',(-0.707106781186546,0.707106781186549,8.65956056235495E-17));
#5792=DIRECTION('center_axis',(1.,0.,0.));
#5793=DIRECTION('ref_axis',(0.,-1.,0.));
#5794=DIRECTION('center_axis',(1.,0.,0.));
#5795=DIRECTION('ref_axis',(0.,1.,0.));
#5796=DIRECTION('center_axis',(1.,0.,0.));
#5797=DIRECTION('ref_axis',(0.,-1.,1.83697019872103E-16));
#5798=DIRECTION('',(-1.,0.,0.));
#5799=DIRECTION('center_axis',(1.,0.,0.));
#5800=DIRECTION('ref_axis',(0.,-1.,1.83697019872103E-16));
#5801=DIRECTION('center_axis',(1.,0.,0.));
#5802=DIRECTION('ref_axis',(0.,0.,-1.));
#5803=DIRECTION('center_axis',(1.,0.,0.));
#5804=DIRECTION('ref_axis',(0.,0.,-1.));
#5805=DIRECTION('center_axis',(1.,0.,0.));
#5806=DIRECTION('ref_axis',(0.,0.,-1.));
#5807=DIRECTION('center_axis',(-1.,0.,0.));
#5808=DIRECTION('ref_axis',(0.,-1.,1.83697019872103E-16));
#5809=DIRECTION('center_axis',(0.,-1.,-1.22464679914735E-16));
#5810=DIRECTION('ref_axis',(0.,-1.22464679914735E-16,1.));
#5811=DIRECTION('center_axis',(1.,0.,0.));
#5812=DIRECTION('ref_axis',(0.,0.,-1.));
#5813=DIRECTION('center_axis',(1.,0.,0.));
#5814=DIRECTION('ref_axis',(0.,-1.,1.83697019872103E-16));
#5815=DIRECTION('center_axis',(1.,0.,0.));
#5816=DIRECTION('ref_axis',(0.,0.,-1.));
#5817=DIRECTION('center_axis',(-1.,0.,0.));
#5818=DIRECTION('ref_axis',(0.,-1.,1.83697019872103E-16));
#5819=DIRECTION('center_axis',(-1.,0.,0.));
#5820=DIRECTION('ref_axis',(0.,-1.,1.83697019872103E-16));
#5821=DIRECTION('center_axis',(0.,-1.,-1.22464679914735E-16));
#5822=DIRECTION('ref_axis',(0.,-1.22464679914735E-16,1.));
#5823=DIRECTION('center_axis',(1.,0.,0.));
#5824=DIRECTION('ref_axis',(0.,1.,0.));
#5825=DIRECTION('',(-1.,0.,0.));
#5826=DIRECTION('center_axis',(1.,0.,0.));
#5827=DIRECTION('ref_axis',(0.,0.,-1.));
#5828=DIRECTION('center_axis',(0.,0.,-1.));
#5829=DIRECTION('ref_axis',(1.,0.,0.));
#5830=DIRECTION('',(0.,0.,-1.));
#5831=DIRECTION('center_axis',(0.,0.,1.));
#5832=DIRECTION('ref_axis',(-1.,0.,0.));
#5833=DIRECTION('',(0.,0.,1.));
#5834=DIRECTION('center_axis',(-1.,0.,0.));
#5835=DIRECTION('ref_axis',(0.,0.,1.));
#5836=DIRECTION('center_axis',(1.,0.,0.));
#5837=DIRECTION('ref_axis',(0.,1.,0.));
#5838=DIRECTION('',(-1.,0.,0.));
#5839=DIRECTION('axis',(0.,0.,1.));
#5840=DIRECTION('refdir',(1.,0.,0.));
#5841=DIRECTION('center_axis',(-1.,0.,0.));
#5842=DIRECTION('ref_axis',(0.,0.,-1.));
#5843=DIRECTION('center_axis',(1.,0.,0.));
#5844=DIRECTION('ref_axis',(0.,0.,-1.));
#5845=DIRECTION('center_axis',(1.,0.,0.));
#5846=DIRECTION('ref_axis',(0.,0.,-1.));
#5847=DIRECTION('',(-0.707106687715734,-8.65956170704211E-17,0.707106874657348));
#5848=DIRECTION('center_axis',(-1.,0.,0.));
#5849=DIRECTION('ref_axis',(0.,0.,-1.));
#5850=DIRECTION('center_axis',(-1.,0.,0.));
#5851=DIRECTION('ref_axis',(0.,0.,1.));
#5852=DIRECTION('center_axis',(-1.,0.,0.));
#5853=DIRECTION('ref_axis',(0.,0.,1.));
#5854=DIRECTION('center_axis',(-1.,0.,0.));
#5855=DIRECTION('ref_axis',(0.,0.,1.));
#5856=DIRECTION('',(1.,0.,0.));
#5857=DIRECTION('center_axis',(-1.,0.,0.));
#5858=DIRECTION('ref_axis',(0.,0.,1.));
#5859=DIRECTION('center_axis',(-1.,0.,0.));
#5860=DIRECTION('ref_axis',(0.,0.,1.));
#5861=DIRECTION('center_axis',(1.,0.,0.));
#5862=DIRECTION('ref_axis',(0.,1.22464679914735E-16,-1.));
#5863=DIRECTION('center_axis',(0.,-1.,1.22464679914735E-16));
#5864=DIRECTION('ref_axis',(0.,-1.22464679914735E-16,-1.));
#5865=DIRECTION('center_axis',(-1.,0.,0.));
#5866=DIRECTION('ref_axis',(0.,1.22464679914735E-16,-1.));
#5867=DIRECTION('center_axis',(1.,0.,0.));
#5868=DIRECTION('ref_axis',(0.,0.,-1.));
#5869=DIRECTION('center_axis',(1.,0.,0.));
#5870=DIRECTION('ref_axis',(0.,1.22464679914735E-16,-1.));
#5871=DIRECTION('center_axis',(-1.,0.,0.));
#5872=DIRECTION('ref_axis',(0.,0.,1.));
#5873=DIRECTION('center_axis',(-1.,0.,0.));
#5874=DIRECTION('ref_axis',(0.,0.,1.));
#5875=DIRECTION('',(1.,0.,0.));
#5876=DIRECTION('center_axis',(-1.,0.,0.));
#5877=DIRECTION('ref_axis',(0.,0.,1.));
#5878=DIRECTION('center_axis',(0.,-1.,1.22464679914735E-16));
#5879=DIRECTION('ref_axis',(0.,-1.22464679914735E-16,-1.));
#5880=DIRECTION('center_axis',(-1.,0.,0.));
#5881=DIRECTION('ref_axis',(0.,1.22464679914735E-16,-1.));
#5882=DIRECTION('center_axis',(-1.,0.,0.));
#5883=DIRECTION('ref_axis',(0.,0.,1.));
#5884=DIRECTION('center_axis',(-1.,0.,0.));
#5885=DIRECTION('ref_axis',(0.,0.,1.));
#5886=DIRECTION('',(1.,0.,0.));
#5887=DIRECTION('center_axis',(-1.,0.,0.));
#5888=DIRECTION('ref_axis',(0.,0.,1.));
#5889=DIRECTION('center_axis',(-1.,0.,0.));
#5890=DIRECTION('ref_axis',(0.,1.22464679914735E-16,-1.));
#5891=DIRECTION('center_axis',(0.,-1.,1.22464679914735E-16));
#5892=DIRECTION('ref_axis',(0.,-1.22464679914735E-16,-1.));
#5893=DIRECTION('center_axis',(1.,0.,0.));
#5894=DIRECTION('ref_axis',(0.,1.22464679914735E-16,-1.));
#5895=DIRECTION('center_axis',(-1.,0.,0.));
#5896=DIRECTION('ref_axis',(0.,0.,1.));
#5897=DIRECTION('',(1.,0.,0.));
#5898=DIRECTION('center_axis',(-1.,0.,0.));
#5899=DIRECTION('ref_axis',(0.,0.,1.));
#5900=DIRECTION('center_axis',(1.,0.,0.));
#5901=DIRECTION('ref_axis',(0.,0.,-1.));
#5902=DIRECTION('center_axis',(-1.,0.,0.));
#5903=DIRECTION('ref_axis',(0.,0.,1.));
#5904=DIRECTION('center_axis',(-1.,0.,0.));
#5905=DIRECTION('ref_axis',(0.,0.,1.));
#5906=DIRECTION('center_axis',(-1.,0.,0.));
#5907=DIRECTION('ref_axis',(0.,0.,1.));
#5908=DIRECTION('',(1.,0.,0.));
#5909=DIRECTION('center_axis',(1.,0.,0.));
#5910=DIRECTION('ref_axis',(0.,0.,-1.));
#5911=DIRECTION('axis',(0.,0.,1.));
#5912=DIRECTION('refdir',(1.,0.,0.));
#5913=DIRECTION('center_axis',(-1.,0.,0.));
#5914=DIRECTION('ref_axis',(0.,0.70710678118654,-0.707106781186555));
#5915=DIRECTION('center_axis',(-1.,0.,0.));
#5916=DIRECTION('ref_axis',(0.,1.,0.));
#5917=DIRECTION('',(-1.,0.,0.));
#5918=DIRECTION('center_axis',(1.,0.,0.));
#5919=DIRECTION('ref_axis',(0.,0.,-1.));
#5920=DIRECTION('',(1.,0.,0.));
#5921=DIRECTION('center_axis',(0.,0.,1.));
#5922=DIRECTION('ref_axis',(1.,0.,0.));
#5923=DIRECTION('center_axis',(0.,-1.,0.));
#5924=DIRECTION('ref_axis',(0.,0.,-1.));
#5925=DIRECTION('center_axis',(0.,0.,1.));
#5926=DIRECTION('ref_axis',(-0.707106781186548,-0.707106781186548,0.));
#5927=DIRECTION('center_axis',(0.,0.,-1.));
#5928=DIRECTION('ref_axis',(-0.707106781186547,-0.707106781186547,0.));
#5929=DIRECTION('center_axis',(2.92163953848725E-16,-1.,0.));
#5930=DIRECTION('ref_axis',(0.70710678118654,0.,-0.707106781186555));
#5931=DIRECTION('center_axis',(0.,-1.,0.));
#5932=DIRECTION('ref_axis',(0.,0.,-1.));
#5933=DIRECTION('',(2.92163953848725E-16,-1.,0.));
#5934=DIRECTION('',(-2.92163953848725E-16,1.,0.));
#5935=DIRECTION('center_axis',(0.,0.,1.));
#5936=DIRECTION('ref_axis',(1.,0.,0.));
#5937=DIRECTION('center_axis',(1.,0.,0.));
#5938=DIRECTION('ref_axis',(0.,0.,-1.));
#5939=DIRECTION('center_axis',(0.,0.,-1.));
#5940=DIRECTION('ref_axis',(0.707106781186548,0.707106781186548,0.));
#5941=DIRECTION('center_axis',(0.,0.,1.));
#5942=DIRECTION('ref_axis',(0.707106781186548,0.707106781186548,0.));
#5943=DIRECTION('center_axis',(1.,0.,0.));
#5944=DIRECTION('ref_axis',(0.,0.70710678118654,-0.707106781186555));
#5945=DIRECTION('center_axis',(1.,-2.22044604925036E-14,0.));
#5946=DIRECTION('ref_axis',(0.,0.,-1.));
#5947=DIRECTION('',(1.,0.,0.));
#5948=DIRECTION('',(-1.,0.,0.));
#5949=DIRECTION('center_axis',(0.,0.,1.));
#5950=DIRECTION('ref_axis',(1.,0.,0.));
#5951=DIRECTION('center_axis',(0.,1.,0.));
#5952=DIRECTION('ref_axis',(0.,0.,-1.));
#5953=DIRECTION('center_axis',(0.,0.,-1.));
#5954=DIRECTION('ref_axis',(-0.707106781186548,0.707106781186547,0.));
#5955=DIRECTION('center_axis',(0.,0.,1.));
#5956=DIRECTION('ref_axis',(-0.707106781186548,0.707106781186547,0.));
#5957=DIRECTION('center_axis',(1.23259516440783E-32,1.,0.));
#5958=DIRECTION('ref_axis',(-0.707106781186548,0.,-0.707106781186547));
#5959=DIRECTION('center_axis',(0.,1.,0.));
#5960=DIRECTION('ref_axis',(0.,0.,-1.));
#5961=DIRECTION('',(1.23259516440783E-32,1.,0.));
#5962=DIRECTION('',(-1.23259516440783E-32,-1.,0.));
#5963=DIRECTION('center_axis',(0.,0.,1.));
#5964=DIRECTION('ref_axis',(1.,0.,0.));
#5965=DIRECTION('center_axis',(-1.,1.38777878078146E-15,0.));
#5966=DIRECTION('ref_axis',(0.,0.,-1.));
#5967=DIRECTION('center_axis',(0.,0.,-1.));
#5968=DIRECTION('ref_axis',(-0.707106781186547,-0.707106781186548,0.));
#5969=DIRECTION('center_axis',(0.,0.,1.));
#5970=DIRECTION('ref_axis',(-0.707106781186547,-0.707106781186548,0.));
#5971=DIRECTION('center_axis',(-1.,2.92163953848725E-16,0.));
#5972=DIRECTION('ref_axis',(0.,-0.707106781186548,-0.707106781186547));
#5973=DIRECTION('center_axis',(-1.,5.55111512312578E-15,0.));
#5974=DIRECTION('ref_axis',(0.,0.,-1.));
#5975=DIRECTION('',(-1.,2.92163953848725E-16,0.));
#5976=DIRECTION('',(1.,-2.92163953848725E-16,0.));
#5977=DIRECTION('center_axis',(0.,0.,1.));
#5978=DIRECTION('ref_axis',(1.,0.,0.));
#5979=DIRECTION('center_axis',(0.,1.,0.));
#5980=DIRECTION('ref_axis',(0.,0.,-1.));
#5981=DIRECTION('center_axis',(0.,0.,1.));
#5982=DIRECTION('ref_axis',(0.707106781186548,0.707106781186548,0.));
#5983=DIRECTION('center_axis',(0.,0.,-1.));
#5984=DIRECTION('ref_axis',(0.707106781186548,0.707106781186548,0.));
#5985=DIRECTION('center_axis',(0.,1.,0.));
#5986=DIRECTION('ref_axis',(-0.707106781186548,0.,-0.707106781186547));
#5987=DIRECTION('center_axis',(-2.77555756156289E-15,1.,0.));
#5988=DIRECTION('ref_axis',(0.,0.,-1.));
#5989=DIRECTION('',(0.,1.,0.));
#5990=DIRECTION('',(0.,-1.,0.));
#5991=DIRECTION('center_axis',(0.,0.,1.));
#5992=DIRECTION('ref_axis',(1.,0.,0.));
#5993=DIRECTION('center_axis',(-1.,0.,0.));
#5994=DIRECTION('ref_axis',(0.,0.,-1.));
#5995=DIRECTION('center_axis',(0.,0.,-1.));
#5996=DIRECTION('ref_axis',(-0.707106781186548,-0.707106781186547,0.));
#5997=DIRECTION('center_axis',(0.,0.,1.));
#5998=DIRECTION('ref_axis',(-0.707106781186548,-0.707106781186547,0.));
#5999=DIRECTION('center_axis',(1.,0.,0.));
#6000=DIRECTION('ref_axis',(0.,-0.707106781186548,-0.707106781186547));
#6001=DIRECTION('center_axis',(-1.,0.,0.));
#6002=DIRECTION('ref_axis',(0.,0.,-1.));
#6003=DIRECTION('',(-1.,0.,0.));
#6004=DIRECTION('',(1.,0.,0.));
#6005=DIRECTION('center_axis',(0.,0.,1.));
#6006=DIRECTION('ref_axis',(1.,0.,0.));
#6007=DIRECTION('center_axis',(0.,-1.,0.));
#6008=DIRECTION('ref_axis',(0.,0.,-1.));
#6009=DIRECTION('center_axis',(0.,0.,-1.));
#6010=DIRECTION('ref_axis',(0.707106781186547,-0.707106781186548,0.));
#6011=DIRECTION('center_axis',(0.,0.,1.));
#6012=DIRECTION('ref_axis',(0.707106781186547,-0.707106781186548,0.));
#6013=DIRECTION('center_axis',(0.,1.,0.));
#6014=DIRECTION('ref_axis',(0.70710678118654,0.,-0.707106781186555));
#6015=DIRECTION('center_axis',(0.,-1.,0.));
#6016=DIRECTION('ref_axis',(0.,0.,-1.));
#6017=DIRECTION('',(0.,-1.,0.));
#6018=DIRECTION('',(0.,1.,0.));
#6019=DIRECTION('center_axis',(0.,0.,1.));
#6020=DIRECTION('ref_axis',(1.,0.,0.));
#6021=DIRECTION('center_axis',(0.,0.,-1.));
#6022=DIRECTION('ref_axis',(0.707106781186548,0.707106781186548,0.));
#6023=DIRECTION('center_axis',(0.,0.,1.));
#6024=DIRECTION('ref_axis',(0.707106781186548,0.707106781186548,0.));
#6025=DIRECTION('center_axis',(0.,0.,1.));
#6026=DIRECTION('ref_axis',(1.,-2.22044604925032E-15,0.));
#6027=DIRECTION('',(0.,0.,1.));
#6028=DIRECTION('center_axis',(0.,0.,-1.));
#6029=DIRECTION('ref_axis',(0.707106781186548,0.707106781186548,0.));
#6030=DIRECTION('',(0.,0.,1.));
#6031=DIRECTION('center_axis',(-1.,0.,0.));
#6032=DIRECTION('ref_axis',(0.,-1.,0.));
#6033=DIRECTION('',(0.,0.,-1.));
#6034=DIRECTION('',(0.,-1.,0.));
#6035=DIRECTION('center_axis',(0.,0.,1.));
#6036=DIRECTION('ref_axis',(-0.707106781186548,-0.707106781186547,0.));
#6037=DIRECTION('',(0.,0.,1.));
#6038=DIRECTION('center_axis',(0.,0.,1.));
#6039=DIRECTION('ref_axis',(-0.707106781186548,-0.707106781186547,0.));
#6040=DIRECTION('center_axis',(0.,-1.,0.));
#6041=DIRECTION('ref_axis',(1.,0.,0.));
#6042=DIRECTION('',(0.,0.,-1.));
#6043=DIRECTION('',(1.,0.,0.));
#6044=DIRECTION('center_axis',(0.,0.,1.));
#6045=DIRECTION('ref_axis',(0.707106781186546,-0.707106781186549,0.));
#6046=DIRECTION('',(0.,0.,1.));
#6047=DIRECTION('center_axis',(0.,0.,1.));
#6048=DIRECTION('ref_axis',(0.707106781186547,-0.707106781186548,0.));
#6049=DIRECTION('center_axis',(1.,0.,0.));
#6050=DIRECTION('ref_axis',(0.,1.,0.));
#6051=DIRECTION('',(0.,0.,-1.));
#6052=DIRECTION('',(0.,1.,0.));
#6053=DIRECTION('center_axis',(0.,0.,1.));
#6054=DIRECTION('ref_axis',(0.707106781186548,0.707106781186548,0.));
#6055=DIRECTION('',(0.,0.,1.));
#6056=DIRECTION('center_axis',(0.,0.,1.));
#6057=DIRECTION('ref_axis',(0.707106781186548,0.707106781186548,0.));
#6058=DIRECTION('center_axis',(0.,1.,0.));
#6059=DIRECTION('ref_axis',(-1.,0.,0.));
#6060=DIRECTION('',(0.,0.,1.));
#6061=DIRECTION('',(-1.,0.,0.));
#6062=DIRECTION('center_axis',(0.,0.,1.));
#6063=DIRECTION('ref_axis',(1.,0.,0.));
#6064=DIRECTION('center_axis',(0.,0.,-1.));
#6065=DIRECTION('ref_axis',(1.,0.,0.));
#6066=DIRECTION('center_axis',(0.,0.,-1.));
#6067=DIRECTION('ref_axis',(1.,0.,0.));
#6068=DIRECTION('center_axis',(0.,0.,-1.));
#6069=DIRECTION('ref_axis',(1.,0.,0.));
#6070=DIRECTION('center_axis',(0.,0.,-1.));
#6071=DIRECTION('ref_axis',(1.,0.,0.));
#6072=DIRECTION('center_axis',(0.,0.,-1.));
#6073=DIRECTION('ref_axis',(1.,0.,0.));
#6074=DIRECTION('center_axis',(0.,0.,-1.));
#6075=DIRECTION('ref_axis',(1.,0.,0.));
#6076=DIRECTION('center_axis',(0.,0.,-1.));
#6077=DIRECTION('ref_axis',(1.,0.,0.));
#6078=DIRECTION('center_axis',(0.,0.,-1.));
#6079=DIRECTION('ref_axis',(1.,0.,0.));
#6080=DIRECTION('center_axis',(0.,0.,-1.));
#6081=DIRECTION('ref_axis',(1.,0.,0.));
#6082=DIRECTION('center_axis',(0.,0.,-1.));
#6083=DIRECTION('ref_axis',(-1.,0.,0.));
#6084=DIRECTION('center_axis',(-1.,1.38777878078146E-15,0.));
#6085=DIRECTION('ref_axis',(-1.38777878078146E-15,-1.,0.));
#6086=DIRECTION('center_axis',(0.,0.,-1.));
#6087=DIRECTION('ref_axis',(-0.707106781186547,-0.707106781186548,0.));
#6088=DIRECTION('center_axis',(0.,-1.,0.));
#6089=DIRECTION('ref_axis',(0.,0.,1.));
#6090=DIRECTION('center_axis',(0.,0.,1.));
#6091=DIRECTION('ref_axis',(-0.707106781186547,-0.707106781186548,0.));
#6092=DIRECTION('center_axis',(-1.23259516440783E-32,-1.,0.));
#6093=DIRECTION('ref_axis',(-0.707106781186548,0.,0.707106781186548));
#6094=DIRECTION('center_axis',(0.,-1.,0.));
#6095=DIRECTION('ref_axis',(0.,0.,1.));
#6096=DIRECTION('',(-1.23259516440783E-32,-1.,0.));
#6097=DIRECTION('',(1.23259516440783E-32,1.,0.));
#6098=DIRECTION('center_axis',(0.,0.,-1.));
#6099=DIRECTION('ref_axis',(-1.,0.,0.));
#6100=DIRECTION('center_axis',(-1.,0.,0.));
#6101=DIRECTION('ref_axis',(0.,0.,1.));
#6102=DIRECTION('center_axis',(0.,0.,1.));
#6103=DIRECTION('ref_axis',(-0.707106781186548,0.707106781186547,0.));
#6104=DIRECTION('center_axis',(0.,0.,-1.));
#6105=DIRECTION('ref_axis',(-0.707106781186548,0.707106781186547,0.));
#6106=DIRECTION('center_axis',(-1.,0.,0.));
#6107=DIRECTION('ref_axis',(0.,0.70710678118654,0.707106781186555));
#6108=DIRECTION('center_axis',(-1.,0.,0.));
#6109=DIRECTION('ref_axis',(0.,0.,1.));
#6110=DIRECTION('',(-1.,0.,0.));
#6111=DIRECTION('',(1.,0.,0.));
#6112=DIRECTION('center_axis',(0.,0.,-1.));
#6113=DIRECTION('ref_axis',(-1.,0.,0.));
#6114=DIRECTION('center_axis',(0.,1.,0.));
#6115=DIRECTION('ref_axis',(0.,0.,1.));
#6116=DIRECTION('center_axis',(0.,0.,1.));
#6117=DIRECTION('ref_axis',(0.707106781186548,0.707106781186548,0.));
#6118=DIRECTION('center_axis',(0.,0.,-1.));
#6119=DIRECTION('ref_axis',(0.707106781186548,0.707106781186548,0.));
#6120=DIRECTION('center_axis',(-2.92163953848725E-16,1.,0.));
#6121=DIRECTION('ref_axis',(0.70710678118654,0.,0.707106781186555));
#6122=DIRECTION('center_axis',(0.,1.,0.));
#6123=DIRECTION('ref_axis',(0.,0.,1.));
#6124=DIRECTION('',(-2.92163953848725E-16,1.,0.));
#6125=DIRECTION('',(2.92163953848725E-16,-1.,0.));
#6126=DIRECTION('center_axis',(0.,0.,-1.));
#6127=DIRECTION('ref_axis',(-1.,0.,0.));
#6128=DIRECTION('center_axis',(-1.,0.,0.));
#6129=DIRECTION('ref_axis',(0.,0.,1.));
#6130=DIRECTION('center_axis',(0.,0.,-1.));
#6131=DIRECTION('ref_axis',(-0.707106781186548,-0.707106781186548,0.));
#6132=DIRECTION('center_axis',(0.,0.,1.));
#6133=DIRECTION('ref_axis',(-0.707106781186547,-0.707106781186547,0.));
#6134=DIRECTION('center_axis',(-1.,0.,0.));
#6135=DIRECTION('ref_axis',(0.,0.70710678118654,0.707106781186555));
#6136=DIRECTION('center_axis',(-1.,0.,0.));
#6137=DIRECTION('ref_axis',(0.,0.,1.));
#6138=DIRECTION('',(1.,0.,0.));
#6139=DIRECTION('center_axis',(0.,0.,-1.));
#6140=DIRECTION('ref_axis',(-1.,0.,0.));
#6141=DIRECTION('center_axis',(0.,1.,0.));
#6142=DIRECTION('ref_axis',(0.,0.,1.));
#6143=DIRECTION('center_axis',(0.,0.,-1.));
#6144=DIRECTION('ref_axis',(0.707106781186548,0.707106781186548,0.));
#6145=DIRECTION('center_axis',(0.,1.,0.));
#6146=DIRECTION('ref_axis',(0.70710678118654,0.,0.707106781186555));
#6147=DIRECTION('center_axis',(4.16333634234443E-15,1.,0.));
#6148=DIRECTION('ref_axis',(0.,0.,1.));
#6149=DIRECTION('',(0.,-1.,0.));
#6150=DIRECTION('center_axis',(0.,0.,-1.));
#6151=DIRECTION('ref_axis',(-1.,0.,0.));
#6152=DIRECTION('center_axis',(1.,0.,0.));
#6153=DIRECTION('ref_axis',(0.,0.,1.));
#6154=DIRECTION('center_axis',(0.,0.,-1.));
#6155=DIRECTION('ref_axis',(0.707106781186547,-0.707106781186548,0.));
#6156=DIRECTION('center_axis',(1.,0.,0.));
#6157=DIRECTION('ref_axis',(0.,-0.707106781186548,0.707106781186548));
#6158=DIRECTION('center_axis',(1.,0.,0.));
#6159=DIRECTION('ref_axis',(0.,0.,1.));
#6160=DIRECTION('',(-1.,0.,0.));
#6161=DIRECTION('center_axis',(0.,0.,-1.));
#6162=DIRECTION('ref_axis',(-1.,0.,0.));
#6163=DIRECTION('center_axis',(0.,-1.,0.));
#6164=DIRECTION('ref_axis',(0.,0.,1.));
#6165=DIRECTION('center_axis',(0.,0.,-1.));
#6166=DIRECTION('ref_axis',(-0.707106781186548,-0.707106781186547,0.));
#6167=DIRECTION('center_axis',(0.,-1.,0.));
#6168=DIRECTION('ref_axis',(-0.707106781186548,0.,0.707106781186548));
#6169=DIRECTION('center_axis',(0.,-1.,0.));
#6170=DIRECTION('ref_axis',(0.,0.,1.));
#6171=DIRECTION('',(0.,1.,0.));
#6172=DIRECTION('center_axis',(0.,0.,-1.));
#6173=DIRECTION('ref_axis',(-1.,0.,0.));
#6174=DIRECTION('center_axis',(1.,5.55111512312578E-15,0.));
#6175=DIRECTION('ref_axis',(0.,0.,1.));
#6176=DIRECTION('center_axis',(0.,0.,1.));
#6177=DIRECTION('ref_axis',(0.707106781186548,0.707106781186548,0.));
#6178=DIRECTION('center_axis',(1.,-2.92163953848725E-16,0.));
#6179=DIRECTION('ref_axis',(0.,-0.707106781186548,0.707106781186548));
#6180=DIRECTION('',(-1.,2.92163953848725E-16,0.));
#6181=DIRECTION('',(1.,-2.92163953848725E-16,0.));
#6182=DIRECTION('center_axis',(-2.92163953848725E-16,-1.,0.));
#6183=DIRECTION('ref_axis',(1.,-2.92163953848725E-16,0.));
#6184=DIRECTION('',(0.,0.,1.));
#6185=DIRECTION('center_axis',(0.,0.,1.));
#6186=DIRECTION('ref_axis',(-0.707106781186549,-0.707106781186546,0.));
#6187=DIRECTION('',(0.,0.,-1.));
#6188=DIRECTION('center_axis',(0.,0.,1.));
#6189=DIRECTION('ref_axis',(1.,0.,0.));
#6190=DIRECTION('center_axis',(0.,0.,1.));
#6191=DIRECTION('ref_axis',(1.,0.,0.));
#6192=DIRECTION('center_axis',(0.,0.,1.));
#6193=DIRECTION('ref_axis',(1.,0.,0.));
#6194=DIRECTION('center_axis',(0.,0.,1.));
#6195=DIRECTION('ref_axis',(1.,0.,0.));
#6196=DIRECTION('center_axis',(0.,0.,1.));
#6197=DIRECTION('ref_axis',(1.,0.,0.));
#6198=DIRECTION('center_axis',(0.,0.,1.));
#6199=DIRECTION('ref_axis',(1.,0.,0.));
#6200=DIRECTION('center_axis',(0.,0.,1.));
#6201=DIRECTION('ref_axis',(1.,0.,0.));
#6202=DIRECTION('center_axis',(0.,0.,1.));
#6203=DIRECTION('ref_axis',(1.,0.,0.));
#6204=DIRECTION('center_axis',(0.,0.,1.));
#6205=DIRECTION('ref_axis',(1.,0.,0.));
#6206=DIRECTION('center_axis',(0.,0.,1.));
#6207=DIRECTION('ref_axis',(1.,0.,0.));
#6208=DIRECTION('center_axis',(0.,0.,1.));
#6209=DIRECTION('ref_axis',(1.,0.,0.));
#6210=DIRECTION('',(0.707106781186548,8.65956056235494E-17,-0.707106781186548));
#6211=DIRECTION('center_axis',(0.,0.,-1.));
#6212=DIRECTION('ref_axis',(1.,0.,0.));
#6213=DIRECTION('center_axis',(0.,0.,1.));
#6214=DIRECTION('ref_axis',(1.,0.,0.));
#6215=DIRECTION('',(0.,0.,-1.));
#6216=DIRECTION('center_axis',(0.,0.,1.));
#6217=DIRECTION('ref_axis',(1.,0.,0.));
#6218=DIRECTION('center_axis',(0.,0.,-1.));
#6219=DIRECTION('ref_axis',(1.,0.,0.));
#6220=DIRECTION('center_axis',(0.,6.47499960504256E-16,-1.));
#6221=DIRECTION('ref_axis',(1.,0.,0.));
#6222=DIRECTION('',(0.38268343236508,-4.68652040532617E-17,0.923879532511291));
#6223=DIRECTION('center_axis',(0.,0.,1.));
#6224=DIRECTION('ref_axis',(1.,0.,0.));
#6225=DIRECTION('center_axis',(0.,0.,1.));
#6226=DIRECTION('ref_axis',(1.,0.,0.));
#6227=DIRECTION('center_axis',(0.,0.,-1.));
#6228=DIRECTION('ref_axis',(1.,0.,0.));
#6229=DIRECTION('',(0.,0.,-1.));
#6230=DIRECTION('center_axis',(0.,0.,-1.));
#6231=DIRECTION('ref_axis',(1.,0.,0.));
#6232=DIRECTION('',(-0.70710678118654,-8.65956056235484E-17,-0.707106781186555));
#6233=DIRECTION('center_axis',(0.,0.,1.));
#6234=DIRECTION('ref_axis',(1.,0.,0.));
#6235=DIRECTION('',(0.70710678118654,8.65956056235484E-17,-0.707106781186555));
#6236=DIRECTION('center_axis',(0.,0.,1.));
#6237=DIRECTION('ref_axis',(1.,0.,0.));
#6238=DIRECTION('',(0.707106781186548,8.65956056235493E-17,-0.707106781186548));
#6239=DIRECTION('center_axis',(0.,0.,-1.));
#6240=DIRECTION('ref_axis',(1.,0.,0.));
#6241=DIRECTION('center_axis',(0.,0.,1.));
#6242=DIRECTION('ref_axis',(1.,0.,0.));
#6243=DIRECTION('',(0.,0.,-1.));
#6244=DIRECTION('center_axis',(0.,0.,1.));
#6245=DIRECTION('ref_axis',(1.,0.,0.));
#6246=DIRECTION('center_axis',(0.,0.,1.));
#6247=DIRECTION('ref_axis',(1.,0.,0.));
#6248=DIRECTION('',(0.707106781186548,8.65956056235493E-17,-0.707106781186548));
#6249=DIRECTION('center_axis',(0.,0.,-1.));
#6250=DIRECTION('ref_axis',(1.,0.,0.));
#6251=DIRECTION('center_axis',(0.,0.,1.));
#6252=DIRECTION('ref_axis',(1.,0.,0.));
#6253=DIRECTION('',(0.,0.,-1.));
#6254=DIRECTION('center_axis',(0.,0.,1.));
#6255=DIRECTION('ref_axis',(1.,0.,0.));
#6256=DIRECTION('center_axis',(0.,0.,1.));
#6257=DIRECTION('ref_axis',(1.,0.,0.));
#6258=DIRECTION('',(0.70710678118654,8.65956056235484E-17,-0.707106781186555));
#6259=DIRECTION('center_axis',(0.,0.,-1.));
#6260=DIRECTION('ref_axis',(1.,0.,0.));
#6261=DIRECTION('center_axis',(0.,0.,1.));
#6262=DIRECTION('ref_axis',(1.,0.,0.));
#6263=DIRECTION('',(0.,0.,-1.));
#6264=DIRECTION('center_axis',(0.,0.,1.));
#6265=DIRECTION('ref_axis',(1.,0.,0.));
#6266=DIRECTION('center_axis',(0.,0.,1.));
#6267=DIRECTION('ref_axis',(1.,0.,0.));
#6268=DIRECTION('',(0.70710678118654,8.65956056235484E-17,-0.707106781186555));
#6269=DIRECTION('center_axis',(0.,0.,-1.));
#6270=DIRECTION('ref_axis',(1.,0.,0.));
#6271=DIRECTION('center_axis',(0.,0.,1.));
#6272=DIRECTION('ref_axis',(1.,0.,0.));
#6273=DIRECTION('',(0.,0.,-1.));
#6274=DIRECTION('center_axis',(0.,0.,1.));
#6275=DIRECTION('ref_axis',(1.,0.,0.));
#6276=DIRECTION('center_axis',(0.,0.,1.));
#6277=DIRECTION('ref_axis',(1.,0.,0.));
#6278=DIRECTION('',(0.70710678118654,8.65956056235484E-17,-0.707106781186555));
#6279=DIRECTION('center_axis',(0.,0.,-1.));
#6280=DIRECTION('ref_axis',(1.,0.,0.));
#6281=DIRECTION('center_axis',(0.,0.,1.));
#6282=DIRECTION('ref_axis',(1.,0.,0.));
#6283=DIRECTION('',(0.,0.,-1.));
#6284=DIRECTION('center_axis',(0.,0.,1.));
#6285=DIRECTION('ref_axis',(1.,0.,0.));
#6286=DIRECTION('center_axis',(0.,0.,1.));
#6287=DIRECTION('ref_axis',(1.,0.,0.));
#6288=DIRECTION('',(0.70710678118654,8.65956056235484E-17,-0.707106781186555));
#6289=DIRECTION('center_axis',(0.,0.,-1.));
#6290=DIRECTION('ref_axis',(1.,0.,0.));
#6291=DIRECTION('center_axis',(0.,0.,1.));
#6292=DIRECTION('ref_axis',(1.,0.,0.));
#6293=DIRECTION('',(0.,0.,-1.));
#6294=DIRECTION('center_axis',(0.,0.,1.));
#6295=DIRECTION('ref_axis',(1.,0.,0.));
#6296=DIRECTION('center_axis',(0.,0.,-1.));
#6297=DIRECTION('ref_axis',(1.,0.,0.));
#6298=DIRECTION('center_axis',(0.,0.,1.));
#6299=DIRECTION('ref_axis',(1.,0.,0.));
#6300=DIRECTION('',(-0.707106781186548,-8.65956056235493E-17,-0.707106781186547));
#6301=DIRECTION('center_axis',(0.,0.,1.));
#6302=DIRECTION('ref_axis',(1.,0.,0.));
#6303=DIRECTION('center_axis',(0.,0.,-1.));
#6304=DIRECTION('ref_axis',(1.,0.,0.));
#6305=DIRECTION('',(0.,0.,-1.));
#6306=DIRECTION('center_axis',(0.,0.,1.));
#6307=DIRECTION('ref_axis',(1.,0.,0.));
#6308=DIRECTION('',(0.707106781186548,8.65956056235493E-17,-0.707106781186548));
#6309=DIRECTION('center_axis',(0.,0.,-1.));
#6310=DIRECTION('ref_axis',(1.,0.,0.));
#6311=DIRECTION('',(-0.70710678118654,-8.65956056235484E-17,-0.707106781186555));
#6312=DIRECTION('center_axis',(0.,0.,-1.));
#6313=DIRECTION('ref_axis',(1.,0.,0.));
#6314=DIRECTION('',(-0.70710678118654,-8.65956056235484E-17,-0.707106781186555));
#6315=DIRECTION('center_axis',(0.,0.,-1.));
#6316=DIRECTION('ref_axis',(1.,0.,0.));
#6317=DIRECTION('',(-0.707106781186548,-8.65956056235494E-17,-0.707106781186547));
#6318=DIRECTION('center_axis',(0.,0.,-1.));
#6319=DIRECTION('ref_axis',(1.,0.,0.));
#6320=DIRECTION('',(-0.707106781186548,-8.65956056235494E-17,-0.707106781186547));
#6321=DIRECTION('center_axis',(0.,0.,-1.));
#6322=DIRECTION('ref_axis',(1.,0.,0.));
#6323=DIRECTION('',(-0.70710678118654,-8.65956056235484E-17,-0.707106781186555));
#6324=DIRECTION('center_axis',(0.,0.,-1.));
#6325=DIRECTION('ref_axis',(1.,0.,0.));
#6326=DIRECTION('',(-0.70710678118654,-8.65956056235484E-17,-0.707106781186555));
#6327=DIRECTION('center_axis',(0.,0.,-1.));
#6328=DIRECTION('ref_axis',(1.,0.,0.));
#6329=DIRECTION('',(-0.707106781186548,-8.65956056235494E-17,-0.707106781186547));
#6330=DIRECTION('center_axis',(0.,0.,1.));
#6331=DIRECTION('ref_axis',(0.707106781186548,0.707106781186548,0.));
#6332=DIRECTION('',(0.,0.,1.));
#6333=DIRECTION('',(0.,0.,-1.));
#6334=DIRECTION('center_axis',(0.,1.,0.));
#6335=DIRECTION('ref_axis',(-1.,0.,0.));
#6336=DIRECTION('',(0.,0.,-1.));
#6337=DIRECTION('center_axis',(0.,0.,1.));
#6338=DIRECTION('ref_axis',(-0.707106781186549,0.707106781186546,0.));
#6339=DIRECTION('',(0.,0.,1.));
#6340=DIRECTION('center_axis',(-1.,1.23259516440783E-32,0.));
#6341=DIRECTION('ref_axis',(-1.23259516440783E-32,-1.,0.));
#6342=DIRECTION('center_axis',(1.,2.92163953848725E-16,0.));
#6343=DIRECTION('ref_axis',(-2.92163953848725E-16,1.,0.));
#6344=DIRECTION('',(0.,0.,1.));
#6345=DIRECTION('center_axis',(0.,0.,1.));
#6346=DIRECTION('ref_axis',(-1.,-8.88178419700117E-15,0.));
#6347=DIRECTION('',(-1.53215402344496E-15,-5.56020284032524E-15,1.00000000000001));
#6348=DIRECTION('',(-1.,-5.06886199680424E-15,9.26342336171588E-16));
#6349=DIRECTION('',(-1.53215402344496E-15,-5.56020284032524E-15,1.00000000000001));
#6350=DIRECTION('',(1.,-1.59247615094667E-15,-9.26342336171615E-16));
#6351=DIRECTION('',(3.45556916414584E-15,0.999999999999997,2.61474529659523E-15));
#6352=DIRECTION('',(1.,5.06886199680424E-15,-9.26342336171588E-16));
#6353=DIRECTION('',(-1.53215402344496E-15,-5.56020284032524E-15,1.00000000000001));
#6354=DIRECTION('',(1.,5.06886199680424E-15,-9.26342336171588E-16));
#6355=DIRECTION('',(-1.47092168348759E-15,-5.56020284032524E-15,1.00000000000001));
#6356=DIRECTION('',(3.45556916414582E-15,0.999999999999993,2.55351295663785E-15));
#6357=DIRECTION('',(1.00000000000001,5.06886199680426E-15,-9.26342336171592E-16));
#6358=DIRECTION('',(3.45556916414583E-15,0.999999999999993,-4.10782519111315E-15));
#6359=DIRECTION('',(1.00000000000001,5.06886199680426E-15,-9.26342336171592E-16));
#6360=DIRECTION('',(-3.45556916414582E-15,-0.999999999999993,-2.55351295663785E-15));
#6361=DIRECTION('',(-3.39433682418847E-15,-0.999999999999997,-2.55351295663786E-15));
#6362=DIRECTION('',(3.19748856038268E-15,5.5602028403252E-15,-1.));
#6363=DIRECTION('',(-1.00000000000001,-5.19132667671902E-15,-7.38992200766151E-16));
#6364=DIRECTION('',(-3.19748856038268E-15,-5.5602028403252E-15,1.));
#6365=DIRECTION('',(-3.39433682418847E-15,-0.999999999999997,-2.55351295663786E-15));
#6366=DIRECTION('',(3.61650525325421E-15,-5.56020284032521E-15,1.));
#6367=DIRECTION('',(-1.53215402344496E-15,-5.56020284032524E-15,1.00000000000001));
#6368=DIRECTION('',(1.00000000000001,5.06886199680424E-15,-7.80625564189555E-16));
#6369=CARTESIAN_POINT('',(0.,0.,0.));
#6370=CARTESIAN_POINT('',(0.,0.,0.));
#6371=CARTESIAN_POINT('Origin',(11.,11.,0.));
#6372=CARTESIAN_POINT('',(4.80000004008625,11.,9.5));
#6373=CARTESIAN_POINT('',(4.8,11.,5.));
#6374=CARTESIAN_POINT('',(4.8,11.,0.));
#6375=CARTESIAN_POINT('',(4.8,11.,22.4));
#6376=CARTESIAN_POINT('',(4.8,11.,0.));
#6377=CARTESIAN_POINT('',(17.2,11.,22.4));
#6378=CARTESIAN_POINT('Origin',(11.,11.,22.4));
#6379=CARTESIAN_POINT('Origin',(11.,11.,22.4));
#6380=CARTESIAN_POINT('',(15.3840620834428,15.3840620433566,13.8840620433566));
#6381=CARTESIAN_POINT('Origin',(11.0000000400862,11.,9.5));
#6382=CARTESIAN_POINT('',(11.,4.8,9.5));
#6383=CARTESIAN_POINT('Origin',(11.,11.,9.5));
#6384=CARTESIAN_POINT('',(11.093628835556,4.80070700473413,9.40637116444399));
#6385=CARTESIAN_POINT('Origin',(11.,11.,9.5));
#6386=CARTESIAN_POINT('',(11.,4.80000016391277,9.21786656755823));
#6387=CARTESIAN_POINT('Ctrl Pts',(11.,4.8,9.2178593167036));
#6388=CARTESIAN_POINT('Ctrl Pts',(11.0210948012306,4.8,9.2178593167036));
#6389=CARTESIAN_POINT('Ctrl Pts',(11.0433022101086,4.80012163836319,9.22285626987591));
#6390=CARTESIAN_POINT('Ctrl Pts',(11.0724375331878,4.80041513407984,9.23791358270535));
#6391=CARTESIAN_POINT('Ctrl Pts',(11.0814888663477,4.80053043313408,9.24414713596898));
#6392=CARTESIAN_POINT('Ctrl Pts',(11.0974585156993,4.80076085033827,9.2586484646053));
#6393=CARTESIAN_POINT('Ctrl Pts',(11.1043799578939,4.80087621256784,9.26691279320145));
#6394=CARTESIAN_POINT('Ctrl Pts',(11.1147676857645,4.8010604369522,9.28366311254242));
#6395=CARTESIAN_POINT('Ctrl Pts',(11.1189764904232,4.8011411520188,9.29276035599749));
#6396=CARTESIAN_POINT('Ctrl Pts',(11.1245120094422,4.80124966033869,9.31177910117549));
#6397=CARTESIAN_POINT('Ctrl Pts',(11.1258382886161,4.80127716984231,9.32170073117714));
#6398=CARTESIAN_POINT('Ctrl Pts',(11.1258382886161,4.80127716984231,9.34002734681408));
#6399=CARTESIAN_POINT('Ctrl Pts',(11.1245120094422,4.80124966033869,9.34994897681574));
#6400=CARTESIAN_POINT('Ctrl Pts',(11.1189764904232,4.8011411520188,9.36896772199374));
#6401=CARTESIAN_POINT('Ctrl Pts',(11.1147676857645,4.80106043695219,9.37806496544879));
#6402=CARTESIAN_POINT('Ctrl Pts',(11.1053677630794,4.80089373110553,9.39322243864383));
#6403=CARTESIAN_POINT('Ctrl Pts',(11.0998776039623,4.80080138080411,9.40012239603787));
#6404=CARTESIAN_POINT('Ctrl Pts',(11.0936288355561,4.80070700473413,9.4063711644441));
#6405=CARTESIAN_POINT('',(11.,4.8,5.));
#6406=CARTESIAN_POINT('',(11.,4.80000016391277,0.));
#6407=CARTESIAN_POINT('',(11.,4.8,1.));
#6408=CARTESIAN_POINT('',(11.,4.8,5.));
#6409=CARTESIAN_POINT('',(4.79999999999998,11.,1.));
#6410=CARTESIAN_POINT('Origin',(11.,11.,1.));
#6411=CARTESIAN_POINT('',(4.79999999999998,11.,5.));
#6412=CARTESIAN_POINT('Origin',(11.,11.,22.4));
#6413=CARTESIAN_POINT('',(17.3,11.,22.5));
#6414=CARTESIAN_POINT('Origin',(11.,11.,22.5));
#6415=CARTESIAN_POINT('Origin',(17.3,11.,22.4));
#6416=CARTESIAN_POINT('Origin',(11.,11.,22.5));
#6417=CARTESIAN_POINT('',(4.89012394515601,6.04980661039955,22.5));
#6418=CARTESIAN_POINT('',(3.77860222816816,7.11523305448291,22.5));
#6419=CARTESIAN_POINT('Origin',(5.98024789031202,8.2996132207991,22.5));
#6420=CARTESIAN_POINT('',(6.04980661039955,4.89012394515601,22.5));
#6421=CARTESIAN_POINT('Origin',(3.8,3.8,22.5));
#6422=CARTESIAN_POINT('',(7.11523305448291,3.77860222816816,22.5));
#6423=CARTESIAN_POINT('Origin',(8.2996132207991,5.98024789031201,22.5));
#6424=CARTESIAN_POINT('Origin',(11.,11.,22.5));
#6425=CARTESIAN_POINT('Origin',(11.,11.,0.));
#6426=CARTESIAN_POINT('',(4.98392383519423,12.4989419925174,8.00105800748257));
#6427=CARTESIAN_POINT('Ctrl Pts',(4.98392381575451,12.4989420753832,8.00105808550485));
#6428=CARTESIAN_POINT('Ctrl Pts',(5.00824191070159,12.5965439202177,7.90345624163044));
#6429=CARTESIAN_POINT('Ctrl Pts',(5.03205713968436,12.682008008474,7.79515551513769));
#6430=CARTESIAN_POINT('Ctrl Pts',(5.07552368657784,12.8294584077727,7.55391293348714));
#6431=CARTESIAN_POINT('Ctrl Pts',(5.09664431571884,12.8953793268053,7.40746697836571));
#6432=CARTESIAN_POINT('Ctrl Pts',(5.12510182480913,12.98182791835,7.10070431691779));
#6433=CARTESIAN_POINT('Ctrl Pts',(5.13224947641036,13.00237453862,6.94037542566065));
#6434=CARTESIAN_POINT('Ctrl Pts',(5.13224947641036,13.00237453862,6.64409221427636));
#6435=CARTESIAN_POINT('Ctrl Pts',(5.12510182480913,12.98182791835,6.48376332301921));
#6436=CARTESIAN_POINT('Ctrl Pts',(5.09664431571884,12.8953793268053,6.17700066157129));
#6437=CARTESIAN_POINT('Ctrl Pts',(5.07552368657784,12.8294584077727,6.03055470644987));
#6438=CARTESIAN_POINT('Ctrl Pts',(5.02726971898821,12.6657677698604,5.76274158237699));
#6439=CARTESIAN_POINT('Ctrl Pts',(4.99718719564815,12.5566826540165,5.63201657606283));
#6440=CARTESIAN_POINT('Ctrl Pts',(4.93723539736306,12.3037094096149,5.40439730001174));
#6441=CARTESIAN_POINT('Ctrl Pts',(4.90742025104596,12.1597959970571,5.30751687799134));
#6442=CARTESIAN_POINT('Ctrl Pts',(4.83106814248388,11.6949279541481,5.07536498603007));
#6443=CARTESIAN_POINT('Ctrl Pts',(4.8,11.3388449323913,4.9999991674945));
#6444=CARTESIAN_POINT('Ctrl Pts',(4.8,11.,4.9999991674945));
#6445=CARTESIAN_POINT('Origin',(11.0000000400862,11.,9.5));
#6446=CARTESIAN_POINT('Origin',(5.98024789031202,8.2996132207991,22.));
#6447=CARTESIAN_POINT('',(4.67209915612481,5.59984528831964,22.));
#6448=CARTESIAN_POINT('Origin',(4.89012394515601,6.04980661039955,22.));
#6449=CARTESIAN_POINT('',(3.33827309573939,6.87835702121967,22.));
#6450=CARTESIAN_POINT('Origin',(3.77860222816816,7.11523305448291,22.));
#6451=CARTESIAN_POINT('Origin',(5.98024789031202,8.2996132207991,22.));
#6452=CARTESIAN_POINT('Origin',(11.,11.,22.));
#6453=CARTESIAN_POINT('',(6.87835702121967,3.33827309573939,22.));
#6454=CARTESIAN_POINT('Origin',(7.11523305448291,3.77860222816816,22.));
#6455=CARTESIAN_POINT('Origin',(11.,11.,22.));
#6456=CARTESIAN_POINT('Origin',(8.2996132207991,5.98024789031201,22.));
#6457=CARTESIAN_POINT('',(5.59984528831964,4.67209915612481,22.));
#6458=CARTESIAN_POINT('Origin',(6.04980661039955,4.89012394515601,22.));
#6459=CARTESIAN_POINT('Origin',(8.2996132207991,5.98024789031201,22.));
#6460=CARTESIAN_POINT('Origin',(3.8,3.8,22.));
#6461=CARTESIAN_POINT('Origin',(3.8,3.8,22.));
#6462=CARTESIAN_POINT('Origin',(3.8,3.8,0.));
#6463=CARTESIAN_POINT('',(4.67209915612481,5.59984528831964,15.6277906320373));
#6464=CARTESIAN_POINT('',(4.67209915612481,5.59984528831964,0.));
#6465=CARTESIAN_POINT('',(4.16609335117667,5.76620844729755,12.1499199995956));
#6466=CARTESIAN_POINT('Ctrl Pts',(4.16609335117667,5.76620844729755,12.1499199995956));
#6467=CARTESIAN_POINT('Ctrl Pts',(4.34347929134264,5.73318050797797,12.7129741717736));
#6468=CARTESIAN_POINT('Ctrl Pts',(4.57011441481045,5.65062923502781,13.8427559304707));
#6469=CARTESIAN_POINT('Ctrl Pts',(4.67209915612441,5.59984528831983,15.0866933852392));
#6470=CARTESIAN_POINT('Ctrl Pts',(4.67209915612481,5.59984528831964,15.6277906320373));
#6471=CARTESIAN_POINT('',(3.8,5.8,10.6871190720648));
#6472=CARTESIAN_POINT('Ctrl Pts',(3.8,5.8,10.6871190720648));
#6473=CARTESIAN_POINT('Ctrl Pts',(3.9006553176443,5.8,11.2066871425098));
#6474=CARTESIAN_POINT('Ctrl Pts',(4.02416073952146,5.79263524121837,11.6994009275325));
#6475=CARTESIAN_POINT('Ctrl Pts',(4.16609335117668,5.76620844729755,12.1499199995956));
#6476=CARTESIAN_POINT('',(3.8,5.8,0.5));
#6477=CARTESIAN_POINT('',(3.8,5.8,0.));
#6478=CARTESIAN_POINT('',(5.8,3.8,0.5));
#6479=CARTESIAN_POINT('Origin',(3.8,3.8,0.5));
#6480=CARTESIAN_POINT('',(5.8,3.8,10.6871191548325));
#6481=CARTESIAN_POINT('',(5.8,3.8,0.));
#6482=CARTESIAN_POINT('',(5.76620844832358,4.16609334566608,12.1499200330003));
#6483=CARTESIAN_POINT('Ctrl Pts',(5.76620844832358,4.16609334566608,12.1499200330003));
#6484=CARTESIAN_POINT('Ctrl Pts',(5.79263508823339,4.02416155896031,11.6994035843981));
#6485=CARTESIAN_POINT('Ctrl Pts',(5.8,3.90065497938605,11.206685464013));
#6486=CARTESIAN_POINT('Ctrl Pts',(5.8,3.8,10.6871191548325));
#6487=CARTESIAN_POINT('',(5.59984528831964,4.67209915612481,15.6277906726686));
#6488=CARTESIAN_POINT('Ctrl Pts',(5.59984528831964,4.67209915612481,15.6277906726686));
#6489=CARTESIAN_POINT('Ctrl Pts',(5.59984528831983,4.67209915612441,15.0866934240316));
#6490=CARTESIAN_POINT('Ctrl Pts',(5.65062923564505,4.57011441359888,13.8427559653728));
#6491=CARTESIAN_POINT('Ctrl Pts',(5.73318050917944,4.34347928765247,12.7129742047999));
#6492=CARTESIAN_POINT('Ctrl Pts',(5.76620844832358,4.16609334566608,12.1499200330003));
#6493=CARTESIAN_POINT('',(5.59984528831964,4.67209915612481,0.));
#6494=CARTESIAN_POINT('Origin',(5.98024789031202,8.2996132207991,0.));
#6495=CARTESIAN_POINT('',(3.33827309573778,6.87835702122267,15.6277906320413));
#6496=CARTESIAN_POINT('',(3.33827309573939,6.87835702121967,0.));
#6497=CARTESIAN_POINT('Origin',(5.98024789031201,8.2996132207991,15.6277906320373));
#6498=CARTESIAN_POINT('Origin',(21.5000000395616,37.7,0.));
#6499=CARTESIAN_POINT('',(22.0000000395616,37.6999999994753,0.5));
#6500=CARTESIAN_POINT('',(21.5000000395616,38.2,0.5));
#6501=CARTESIAN_POINT('Origin',(21.5000000395616,37.7,0.5));
#6502=CARTESIAN_POINT('',(21.5000000395616,38.2,7.2));
#6503=CARTESIAN_POINT('',(21.5000000395616,38.2,0.));
#6504=CARTESIAN_POINT('',(22.0000000395616,37.6999999994753,7.2));
#6505=CARTESIAN_POINT('Origin',(21.5000000395616,37.7,7.2));
#6506=CARTESIAN_POINT('',(22.0000000395616,37.6999999994753,0.));
#6507=CARTESIAN_POINT('Origin',(11.0000000400862,37.7,7.2));
#6508=CARTESIAN_POINT('',(0.500000040086246,38.2,7.2));
#6509=CARTESIAN_POINT('',(0.,37.7,7.2));
#6510=CARTESIAN_POINT('Origin',(0.500000040086246,37.7,7.2));
#6511=CARTESIAN_POINT('Origin',(11.0000000400862,37.7,7.2));
#6512=CARTESIAN_POINT('Origin',(11.0000000400862,38.2,7.2));
#6513=CARTESIAN_POINT('Origin',(0.5,37.7,0.));
#6514=CARTESIAN_POINT('',(0.5,38.2,0.5));
#6515=CARTESIAN_POINT('',(0.,37.7,0.5));
#6516=CARTESIAN_POINT('Origin',(0.5,37.7,0.5));
#6517=CARTESIAN_POINT('',(0.,37.7,0.));
#6518=CARTESIAN_POINT('',(0.5,38.2,0.));
#6519=CARTESIAN_POINT('Origin',(20.5500000200431,37.7,0.5));
#6520=CARTESIAN_POINT('',(21.5000000395616,37.7,0.));
#6521=CARTESIAN_POINT('Origin',(21.5000000395616,37.7,0.5));
#6522=CARTESIAN_POINT('',(17.1999994077991,37.7,0.));
#6523=CARTESIAN_POINT('',(20.5500000200431,37.7,0.));
#6524=CARTESIAN_POINT('',(4.80000016391277,37.7,0.));
#6525=CARTESIAN_POINT('',(18.1499997038995,37.7,0.));
#6526=CARTESIAN_POINT('',(0.5,37.7,0.));
#6527=CARTESIAN_POINT('',(20.5500000200431,37.7,0.));
#6528=CARTESIAN_POINT('Origin',(0.500000000000003,37.7,0.5));
#6529=CARTESIAN_POINT('',(20.5500000200431,38.2,0.5));
#6530=CARTESIAN_POINT('Origin',(0.5,37.7,0.5));
#6531=CARTESIAN_POINT('Origin',(0.5,37.7,0.5));
#6532=CARTESIAN_POINT('Origin',(21.5000000395616,37.7,0.5));
#6533=CARTESIAN_POINT('Origin',(21.5000000395616,37.7,0.5));
#6534=CARTESIAN_POINT('Origin',(0.5,28.65,0.5));
#6535=CARTESIAN_POINT('',(0.5,8.8,0.));
#6536=CARTESIAN_POINT('',(0.5,28.65,0.));
#6537=CARTESIAN_POINT('',(0.,8.8,0.5));
#6538=CARTESIAN_POINT('Origin',(0.5,8.8,0.5));
#6539=CARTESIAN_POINT('',(0.,28.65,0.5));
#6540=CARTESIAN_POINT('Origin',(19.1,19.1,0.));
#6541=CARTESIAN_POINT('',(21.5000000400862,24.,0.));
#6542=CARTESIAN_POINT('',(21.5000000226141,21.5499999990031,0.));
#6543=CARTESIAN_POINT('',(24.0000000400862,21.5,0.));
#6544=CARTESIAN_POINT('Origin',(24.0000000400862,24.,0.));
#6545=CARTESIAN_POINT('',(37.7,21.5,0.));
#6546=CARTESIAN_POINT('',(28.65,21.5,0.));
#6547=CARTESIAN_POINT('',(37.7,18.1999994448116,0.));
#6548=CARTESIAN_POINT('',(37.7,9.55,0.));
#6549=CARTESIAN_POINT('',(34.8885,18.1999994448116,0.));
#6550=CARTESIAN_POINT('',(28.4,18.1999994448116,0.));
#6551=CARTESIAN_POINT('',(34.8885,19.5,0.));
#6552=CARTESIAN_POINT('',(34.8885,18.149999774018,0.));
#6553=CARTESIAN_POINT('',(36.5115,19.5,0.));
#6554=CARTESIAN_POINT('Origin',(35.7,19.5,0.));
#6555=CARTESIAN_POINT('Origin',(35.7,19.5,0.));
#6556=CARTESIAN_POINT('',(34.8885,20.5,0.));
#6557=CARTESIAN_POINT('',(34.8885,18.149999774018,0.));
#6558=CARTESIAN_POINT('',(21.3115000295925,20.5,0.));
#6559=CARTESIAN_POINT('',(26.49425,20.5,0.));
#6560=CARTESIAN_POINT('',(21.3115000295925,18.1999994448116,0.));
#6561=CARTESIAN_POINT('',(21.3115000295925,19.3,0.));
#6562=CARTESIAN_POINT('',(18.1999994077991,18.1999994448116,0.));
#6563=CARTESIAN_POINT('',(28.4,18.1999994448116,0.));
#6564=CARTESIAN_POINT('',(18.1999994077991,20.3115,0.));
#6565=CARTESIAN_POINT('',(18.1999994077991,18.15,0.));
#6566=CARTESIAN_POINT('',(19.5000000295925,20.3115,0.));
#6567=CARTESIAN_POINT('',(18.1499999372415,20.3115,0.));
#6568=CARTESIAN_POINT('',(20.3115000295925,19.5,0.));
#6569=CARTESIAN_POINT('Origin',(19.5000000295925,19.5,0.));
#6570=CARTESIAN_POINT('Origin',(19.5000000295925,19.5,0.));
#6571=CARTESIAN_POINT('',(20.5000000295925,20.3115,0.));
#6572=CARTESIAN_POINT('',(18.1499999372415,20.3115,0.));
#6573=CARTESIAN_POINT('',(20.5000000295925,33.8885,0.));
#6574=CARTESIAN_POINT('',(20.5000000295925,20.20575,0.));
#6575=CARTESIAN_POINT('',(18.1999994077991,33.8885,0.));
#6576=CARTESIAN_POINT('',(19.3000000147962,33.8885,0.));
#6577=CARTESIAN_POINT('',(17.1999994077991,34.8885,0.));
#6578=CARTESIAN_POINT('Origin',(18.1999994077991,34.8885,0.));
#6579=CARTESIAN_POINT('',(17.1999994077991,18.15,0.));
#6580=CARTESIAN_POINT('',(20.3115000295925,35.7,0.));
#6581=CARTESIAN_POINT('Origin',(19.5000000295925,35.7,0.));
#6582=CARTESIAN_POINT('Origin',(19.1,19.1,0.));
#6583=CARTESIAN_POINT('',(4.80000016391277,34.8885,0.));
#6584=CARTESIAN_POINT('',(4.80000016391277,28.4,0.));
#6585=CARTESIAN_POINT('',(3.80000016391278,33.8885,0.));
#6586=CARTESIAN_POINT('Origin',(3.80000016391277,34.8885,0.));
#6587=CARTESIAN_POINT('',(1.49999999999978,33.8885,0.));
#6588=CARTESIAN_POINT('',(11.9500000819564,33.8885,0.));
#6589=CARTESIAN_POINT('',(1.51103201486876,20.8055975128267,0.));
#6590=CARTESIAN_POINT('Origin',(7759.03392341635,33.8885000000215,0.));
#6591=CARTESIAN_POINT('',(3.80000016391278,20.7926066485809,0.));
#6592=CARTESIAN_POINT('',(10.8082454366267,20.7528318867621,0.));
#6593=CARTESIAN_POINT('',(3.80000016391278,17.1743422348068,0.));
#6594=CARTESIAN_POINT('',(3.80000016391278,28.4,0.));
#6595=CARTESIAN_POINT('',(3.8,11.0000000265551,0.));
#6596=CARTESIAN_POINT('',(3.80000018952853,18.137171333804,0.));
#6597=CARTESIAN_POINT('',(11.,3.8,0.));
#6598=CARTESIAN_POINT('Origin',(11.,11.,0.));
#6599=CARTESIAN_POINT('',(20.7745967115605,3.80000025949019,0.));
#6600=CARTESIAN_POINT('',(15.0500002163614,3.800000107517,0.));
#6601=CARTESIAN_POINT('',(20.7745967115547,1.30000016395219,0.));
#6602=CARTESIAN_POINT('',(20.7745967115795,11.9500000819741,0.));
#6603=CARTESIAN_POINT('',(34.9135317453506,1.30000016391926,0.));
#6604=CARTESIAN_POINT('',(20.1872983557566,1.30000016395356,0.));
#6605=CARTESIAN_POINT('',(34.9135317453529,2.30000016391926,0.));
#6606=CARTESIAN_POINT('',(34.9135317453725,10.7000000819412,0.));
#6607=CARTESIAN_POINT('',(36.5115,2.5,-2.77555756156289E-16));
#6608=CARTESIAN_POINT('Origin',(35.7,2.5,0.));
#6609=CARTESIAN_POINT('',(34.9135317453538,2.69999983608441,0.));
#6610=CARTESIAN_POINT('Origin',(35.7,2.5,0.));
#6611=CARTESIAN_POINT('',(34.9135317453564,3.80000016391277,0.));
#6612=CARTESIAN_POINT('',(34.9135317453725,10.7000000819412,0.));
#6613=CARTESIAN_POINT('',(37.7,3.80000016391277,0.));
#6614=CARTESIAN_POINT('',(18.1371711174035,3.80000016391277,0.));
#6615=CARTESIAN_POINT('',(37.7,0.5,0.));
#6616=CARTESIAN_POINT('',(37.7,9.55,0.));
#6617=CARTESIAN_POINT('',(8.8,0.5,0.));
#6618=CARTESIAN_POINT('',(12.45,0.5,0.));
#6619=CARTESIAN_POINT('',(6.3,3.,0.));
#6620=CARTESIAN_POINT('Origin',(8.8,3.,0.));
#6621=CARTESIAN_POINT('',(6.3,3.8,0.));
#6622=CARTESIAN_POINT('',(6.3,11.45,0.));
#6623=CARTESIAN_POINT('',(3.8,6.3,0.));
#6624=CARTESIAN_POINT('Origin',(3.8,3.8,0.));
#6625=CARTESIAN_POINT('',(3.,6.3,0.));
#6626=CARTESIAN_POINT('',(9.55,6.3,0.));
#6627=CARTESIAN_POINT('Origin',(3.,8.8,0.));
#6628=CARTESIAN_POINT('',(20.3,2.5,0.));
#6629=CARTESIAN_POINT('Origin',(19.5,2.5,0.));
#6630=CARTESIAN_POINT('',(3.3,19.5,0.));
#6631=CARTESIAN_POINT('Origin',(2.5,19.5,0.));
#6632=CARTESIAN_POINT('',(3.31149999999999,35.7,0.));
#6633=CARTESIAN_POINT('Origin',(2.49999999999999,35.7,0.));
#6634=CARTESIAN_POINT('',(9.1115,2.5,0.));
#6635=CARTESIAN_POINT('Origin',(8.3,2.5,0.));
#6636=CARTESIAN_POINT('',(3.3115,8.3,0.));
#6637=CARTESIAN_POINT('Origin',(2.5,8.3,0.));
#6638=CARTESIAN_POINT('Origin',(22.0000000400862,38.2,0.));
#6639=CARTESIAN_POINT('',(17.2000000400862,38.2,9.5));
#6640=CARTESIAN_POINT('Origin',(11.0000000400862,38.2,9.5));
#6641=CARTESIAN_POINT('Origin',(3.,8.8,0.5));
#6642=CARTESIAN_POINT('',(3.,5.8,0.5));
#6643=CARTESIAN_POINT('Origin',(3.,6.3,0.5));
#6644=CARTESIAN_POINT('Origin',(3.,8.8,0.5));
#6645=CARTESIAN_POINT('Origin',(9.55,6.3,0.5));
#6646=CARTESIAN_POINT('Origin',(3.8,6.3,0.5));
#6647=CARTESIAN_POINT('',(9.55,5.8,0.5));
#6648=CARTESIAN_POINT('Origin',(3.8,3.8,0.5));
#6649=CARTESIAN_POINT('Origin',(6.3,3.8,0.5));
#6650=CARTESIAN_POINT('Origin',(6.3,11.45,0.5));
#6651=CARTESIAN_POINT('',(5.8,3.,0.5));
#6652=CARTESIAN_POINT('Origin',(6.3,3.,0.5));
#6653=CARTESIAN_POINT('',(5.8,11.45,0.5));
#6654=CARTESIAN_POINT('Origin',(8.8,3.,0.5));
#6655=CARTESIAN_POINT('',(8.8,0.,0.5));
#6656=CARTESIAN_POINT('Origin',(8.8,0.5,0.5));
#6657=CARTESIAN_POINT('Origin',(8.8,3.,0.5));
#6658=CARTESIAN_POINT('Origin',(12.45,0.5,0.5));
#6659=CARTESIAN_POINT('',(37.7,0.,0.5));
#6660=CARTESIAN_POINT('Origin',(37.7,0.5,0.5));
#6661=CARTESIAN_POINT('',(12.45,0.,0.5));
#6662=CARTESIAN_POINT('Origin',(37.7,9.55,0.5));
#6663=CARTESIAN_POINT('',(38.2,0.5,0.5));
#6664=CARTESIAN_POINT('Origin',(37.7,0.5,0.5));
#6665=CARTESIAN_POINT('',(37.7,11.9500000819564,0.));
#6666=CARTESIAN_POINT('',(38.2,21.5,0.5));
#6667=CARTESIAN_POINT('Origin',(37.7,21.5,0.5));
#6668=CARTESIAN_POINT('',(38.2,9.55,0.5));
#6669=CARTESIAN_POINT('Origin',(37.7,0.5,0.5));
#6670=CARTESIAN_POINT('Origin',(37.7,0.5,0.5));
#6671=CARTESIAN_POINT('Origin',(28.65,21.5,0.5));
#6672=CARTESIAN_POINT('',(37.7,22.,0.5));
#6673=CARTESIAN_POINT('Origin',(37.7,21.5,0.5));
#6674=CARTESIAN_POINT('',(24.0000000400862,22.,0.5));
#6675=CARTESIAN_POINT('Origin',(24.0000000400862,21.5,0.5));
#6676=CARTESIAN_POINT('',(28.65,22.,0.5));
#6677=CARTESIAN_POINT('Origin',(24.0000000400862,24.,0.5));
#6678=CARTESIAN_POINT('',(22.0000000251851,24.,0.5));
#6679=CARTESIAN_POINT('Origin',(21.5000000400862,24.,0.5));
#6680=CARTESIAN_POINT('Origin',(24.0000000400862,24.,0.5));
#6681=CARTESIAN_POINT('Origin',(21.5000000226141,21.5499999990031,0.5));
#6682=CARTESIAN_POINT('',(22.0000000226141,21.5499999984784,0.5));
#6683=CARTESIAN_POINT('Origin',(37.7,21.5,0.5));
#6684=CARTESIAN_POINT('Origin',(37.7,21.5,0.5));
#6685=CARTESIAN_POINT('Origin',(0.,38.2,0.));
#6686=CARTESIAN_POINT('',(0.,8.8,7.2));
#6687=CARTESIAN_POINT('',(0.,8.8,0.));
#6688=CARTESIAN_POINT('',(0.,38.2,7.2));
#6689=CARTESIAN_POINT('Origin',(3.,8.8,0.));
#6690=CARTESIAN_POINT('',(3.,5.8,7.2));
#6691=CARTESIAN_POINT('',(3.,5.8,0.));
#6692=CARTESIAN_POINT('Origin',(3.,8.8,7.2));
#6693=CARTESIAN_POINT('Origin',(0.,5.8,0.));
#6694=CARTESIAN_POINT('Origin',(11.0000000400862,5.8,7.2));
#6695=CARTESIAN_POINT('Origin',(5.8,3.8,0.));
#6696=CARTESIAN_POINT('',(5.8,3.,7.2));
#6697=CARTESIAN_POINT('',(5.8,3.,0.));
#6698=CARTESIAN_POINT('Origin',(5.8,11.,7.2));
#6699=CARTESIAN_POINT('Origin',(8.8,3.,0.));
#6700=CARTESIAN_POINT('',(8.8,0.,7.2));
#6701=CARTESIAN_POINT('',(8.8,0.,0.));
#6702=CARTESIAN_POINT('Origin',(8.8,3.,7.2));
#6703=CARTESIAN_POINT('Origin',(5.8,0.,0.));
#6704=CARTESIAN_POINT('',(37.7,0.,7.2));
#6705=CARTESIAN_POINT('',(37.7,0.,0.));
#6706=CARTESIAN_POINT('',(38.2,0.,7.2));
#6707=CARTESIAN_POINT('Origin',(37.7,0.5,0.));
#6708=CARTESIAN_POINT('',(38.2,0.5,7.2));
#6709=CARTESIAN_POINT('',(38.2,0.5,0.));
#6710=CARTESIAN_POINT('Origin',(37.7,0.5,7.2));
#6711=CARTESIAN_POINT('Origin',(38.2,0.,0.));
#6712=CARTESIAN_POINT('',(38.2,21.5,7.2));
#6713=CARTESIAN_POINT('',(38.2,21.5,0.));
#6714=CARTESIAN_POINT('Origin',(38.2,11.,7.2));
#6715=CARTESIAN_POINT('',(38.2,4.8,9.5));
#6716=CARTESIAN_POINT('Origin',(38.2,11.,9.5));
#6717=CARTESIAN_POINT('Origin',(37.7,21.5,0.));
#6718=CARTESIAN_POINT('',(37.7,22.,7.2));
#6719=CARTESIAN_POINT('',(37.7,22.,0.));
#6720=CARTESIAN_POINT('Origin',(37.7,21.5,7.2));
#6721=CARTESIAN_POINT('Origin',(38.2,22.,0.));
#6722=CARTESIAN_POINT('',(24.0000000400862,22.,7.2));
#6723=CARTESIAN_POINT('',(24.0000000400862,22.,9.1));
#6724=CARTESIAN_POINT('',(38.2,22.,7.2));
#6725=CARTESIAN_POINT('Origin',(37.7,11.,7.2));
#6726=CARTESIAN_POINT('Origin',(37.7,11.,7.2));
#6727=CARTESIAN_POINT('Origin',(18.1999994077991,34.8885,0.));
#6728=CARTESIAN_POINT('',(18.1999994077991,33.8885,5.));
#6729=CARTESIAN_POINT('',(18.1999994077991,33.8885,0.));
#6730=CARTESIAN_POINT('',(17.1999994077991,34.8885,5.));
#6731=CARTESIAN_POINT('Origin',(18.1999994077991,34.8885,5.));
#6732=CARTESIAN_POINT('',(17.1999994077991,34.8885,0.));
#6733=CARTESIAN_POINT('Origin',(19.5000000295925,33.8885,0.));
#6734=CARTESIAN_POINT('',(19.5000000295925,33.8885,1.));
#6735=CARTESIAN_POINT('Origin',(20.5000000295925,33.8885,1.));
#6736=CARTESIAN_POINT('',(19.5000000295925,33.8885,5.));
#6737=CARTESIAN_POINT('',(19.5000000295925,33.8885,0.));
#6738=CARTESIAN_POINT('',(19.5000000295925,33.8885,5.));
#6739=CARTESIAN_POINT('Origin',(3.80000016391277,34.8885,0.));
#6740=CARTESIAN_POINT('',(4.80000016391277,34.8885,5.));
#6741=CARTESIAN_POINT('',(4.80000016391277,34.8885,0.));
#6742=CARTESIAN_POINT('',(3.80000016391278,33.8885,5.));
#6743=CARTESIAN_POINT('Origin',(3.80000016391277,34.8885,5.));
#6744=CARTESIAN_POINT('',(3.80000016391278,33.8885,0.));
#6745=CARTESIAN_POINT('Origin',(4.80000016391277,37.7,0.));
#6746=CARTESIAN_POINT('',(4.80000016391277,37.7,5.));
#6747=CARTESIAN_POINT('',(4.80000016391277,37.7,0.));
#6748=CARTESIAN_POINT('',(4.80000016391277,38.2,5.));
#6749=CARTESIAN_POINT('Origin',(18.1999994077991,20.3115,0.));
#6750=CARTESIAN_POINT('',(18.1999994077991,21.3115,1.));
#6751=CARTESIAN_POINT('',(17.1999994077991,20.3115,1.));
#6752=CARTESIAN_POINT('Origin',(18.1999994077991,20.3115,1.));
#6753=CARTESIAN_POINT('',(17.1999994077991,20.3115,5.));
#6754=CARTESIAN_POINT('',(17.1999994077991,20.3115,0.));
#6755=CARTESIAN_POINT('',(18.1999994077991,21.3115,5.));
#6756=CARTESIAN_POINT('Origin',(18.1999994077991,20.3115,5.));
#6757=CARTESIAN_POINT('',(18.1999994077991,21.3115,0.));
#6758=CARTESIAN_POINT('Origin',(18.1499999372415,20.3115,1.));
#6759=CARTESIAN_POINT('Origin',(18.1999994077991,20.3115,1.));
#6760=CARTESIAN_POINT('',(19.5000000295925,21.3115,1.));
#6761=CARTESIAN_POINT('',(18.1499999372415,21.3115,1.));
#6762=CARTESIAN_POINT('Origin',(20.5000000295925,20.3115,1.));
#6763=CARTESIAN_POINT('Origin',(18.1999994077991,20.3115,1.));
#6764=CARTESIAN_POINT('Origin',(18.1999994077991,20.3115,1.));
#6765=CARTESIAN_POINT('Origin',(17.1999994077991,17.2,0.));
#6766=CARTESIAN_POINT('',(17.1999994077991,22.4,5.));
#6767=CARTESIAN_POINT('',(17.1999994077991,18.1999994448116,1.));
#6768=CARTESIAN_POINT('',(17.1999994077991,18.15,1.));
#6769=CARTESIAN_POINT('',(17.1999994077991,18.1999994448116,5.33516471860346));
#6770=CARTESIAN_POINT('',(17.1999994077991,18.1999994448116,0.));
#6771=CARTESIAN_POINT('',(17.1999994077991,37.7,5.33516471860346));
#6772=CARTESIAN_POINT('',(17.1999994077991,38.2,5.33516471860346));
#6773=CARTESIAN_POINT('',(17.1999994077991,37.7,0.));
#6774=CARTESIAN_POINT('Origin',(18.1999994077991,18.15,1.));
#6775=CARTESIAN_POINT('Origin',(18.1999994077991,18.1999994448116,1.));
#6776=CARTESIAN_POINT('Origin',(10.8082454366267,20.7528318867621,0.5));
#6777=CARTESIAN_POINT('',(3.80283783009777,21.2925985961667,0.5));
#6778=CARTESIAN_POINT('Origin',(3.80000016391278,20.7926066485809,0.5));
#6779=CARTESIAN_POINT('',(2.37623940744423,21.3006951467673,0.500000018603512));
#6780=CARTESIAN_POINT('Ctrl Pts',(2.37623939670739,21.3006951468282,0.500000018610999));
#6781=CARTESIAN_POINT('Ctrl Pts',(2.36391388000623,21.3007651001534,0.478651821134484));
#6782=CARTESIAN_POINT('Ctrl Pts',(2.35081620245626,21.2994736968213,0.457788778814259));
#6783=CARTESIAN_POINT('Ctrl Pts',(2.31401428388751,21.2928658260333,0.403678561529047));
#6784=CARTESIAN_POINT('Ctrl Pts',(2.28915986225017,21.2854617668958,0.371607476850098));
#6785=CARTESIAN_POINT('Ctrl Pts',(2.20352195650044,21.2532207511087,0.273662763411069));
#6786=CARTESIAN_POINT('Ctrl Pts',(2.13343882906463,21.216907526426,0.21198714737641));
#6787=CARTESIAN_POINT('Ctrl Pts',(1.96480450092904,21.1167345013397,0.10298000943558));
#6788=CARTESIAN_POINT('Ctrl Pts',(1.87096535504515,21.0547437025709,0.0620015464563936));
#6789=CARTESIAN_POINT('Ctrl Pts',(1.68997966514091,20.9312722647401,0.0121189741496998));
#6790=CARTESIAN_POINT('Ctrl Pts',(1.60188727558657,20.8694030163824,0.000288882721581749));
#6791=CARTESIAN_POINT('Ctrl Pts',(1.51318499288666,20.8071095045047,1.74235675691075E-6));
#6792=CARTESIAN_POINT('Ctrl Pts',(1.51210850297101,20.8063535087602,1.10273910178899E-14));
#6793=CARTESIAN_POINT('Ctrl Pts',(1.51103201487899,20.8055975135266,0.));
#6794=CARTESIAN_POINT('',(10.8110831028117,21.2528238343479,0.5));
#6795=CARTESIAN_POINT('Ctrl Pts',(3.80283783009777,21.2925985961667,0.5));
#6796=CARTESIAN_POINT('Ctrl Pts',(3.95243748026871,21.2917495547559,0.5));
#6797=CARTESIAN_POINT('Ctrl Pts',(4.21158987790493,21.2902787550778,0.625437839253566));
#6798=CARTESIAN_POINT('Ctrl Pts',(4.30283783009777,21.2897608842808,0.887800262371793));
#6799=CARTESIAN_POINT('Ctrl Pts',(4.30283783009777,21.2897608842808,1.));
#6800=CARTESIAN_POINT('Ctrl Pts',(3.80283783009777,21.2925985961667,0.369100306100425));
#6801=CARTESIAN_POINT('Ctrl Pts',(3.9916735040456,21.2915222601757,0.369243200275029));
#6802=CARTESIAN_POINT('Ctrl Pts',(4.31832362395925,21.2896731704317,0.527699001306732));
#6803=CARTESIAN_POINT('Ctrl Pts',(4.43326247659389,21.2890206691417,0.858478967776378));
#6804=CARTESIAN_POINT('Ctrl Pts',(4.43326247659389,21.2890206691417,1.));
#6805=CARTESIAN_POINT('Ctrl Pts',(3.80222296280025,21.1842600258225,0.108340315146392));
#6806=CARTESIAN_POINT('Ctrl Pts',(4.06884408003154,21.1829951634725,0.108756142782359));
#6807=CARTESIAN_POINT('Ctrl Pts',(4.53035559489258,21.1808001742056,0.333124109425639));
#6808=CARTESIAN_POINT('Ctrl Pts',(4.69248214908823,21.1800297412387,0.800342904413145));
#6809=CARTESIAN_POINT('Ctrl Pts',(4.69248214908823,21.1800297412387,1.));
#6810=CARTESIAN_POINT('Ctrl Pts',(3.80074306318279,20.9235042343634,-1.58793030334149E-15));
#6811=CARTESIAN_POINT('Ctrl Pts',(4.10025622613663,20.9225123010792,0.000227298240717312));
#6812=CARTESIAN_POINT('Ctrl Pts',(4.61780722140424,20.9207990263691,0.251306173166952));
#6813=CARTESIAN_POINT('Ctrl Pts',(4.80000016391278,20.9201956836915,0.775534368671267));
#6814=CARTESIAN_POINT('Ctrl Pts',(4.80000016391278,20.9201956836915,1.));
#6815=CARTESIAN_POINT('Ctrl Pts',(3.80000016391278,20.7926066485809,-1.59594559789866E-15));
#6816=CARTESIAN_POINT('Ctrl Pts',(4.09919946425466,20.7917576071701,-1.63159564702168E-15));
#6817=CARTESIAN_POINT('Ctrl Pts',(4.6175042595271,20.790286807492,0.25087567850713));
#6818=CARTESIAN_POINT('Ctrl Pts',(4.80000016391278,20.789768936695,0.775600524743585));
#6819=CARTESIAN_POINT('Ctrl Pts',(4.80000016391278,20.789768936695,1.));
#6820=CARTESIAN_POINT('',(4.30283783009777,21.2897608842808,1.));
#6821=CARTESIAN_POINT('',(4.80000016391278,20.789768936695,1.));
#6822=CARTESIAN_POINT('Origin',(4.30000016391278,20.789768936695,1.));
#6823=CARTESIAN_POINT('Origin',(3.80000016391278,20.7926066485809,1.));
#6824=CARTESIAN_POINT('Origin',(3.80283783009777,21.2925985961667,1.));
#6825=CARTESIAN_POINT('Origin',(4.30000016391278,20.789768936695,0.));
#6826=CARTESIAN_POINT('',(4.30283783009777,21.2897608842808,5.));
#6827=CARTESIAN_POINT('',(4.80000016391278,20.789768936695,5.));
#6828=CARTESIAN_POINT('Origin',(4.30000016391278,20.789768936695,5.));
#6829=CARTESIAN_POINT('',(4.80000016391278,20.789768936695,0.));
#6830=CARTESIAN_POINT('',(4.30283783009777,21.2897608842808,0.));
#6831=CARTESIAN_POINT('Origin',(2.51021539261728,21.2999347762762,0.));
#6832=CARTESIAN_POINT('',(2.51021539261728,21.2999347762762,1.));
#6833=CARTESIAN_POINT('Ctrl Pts',(2.37623939938962,21.300695146813,0.500000023254053));
#6834=CARTESIAN_POINT('Ctrl Pts',(2.39875019305977,21.3005673885195,0.538989453577907));
#6835=CARTESIAN_POINT('Ctrl Pts',(2.41815304041181,21.3004572691384,0.578831366296816));
#6836=CARTESIAN_POINT('Ctrl Pts',(2.48132340930776,21.3000987505251,0.731338213780604));
#6837=CARTESIAN_POINT('Ctrl Pts',(2.51021539261728,21.2999347762762,0.876587500449965));
#6838=CARTESIAN_POINT('Ctrl Pts',(2.51021539261728,21.2999347762762,1.));
#6839=CARTESIAN_POINT('',(2.51021539261728,21.2999347762762,5.));
#6840=CARTESIAN_POINT('',(2.51021539261728,21.2999347762762,0.));
#6841=CARTESIAN_POINT('',(2.51021539261681,21.2999347762762,5.));
#6842=CARTESIAN_POINT('Origin',(34.9135317453725,10.7000000819412,1.));
#6843=CARTESIAN_POINT('Ctrl Pts',(34.9135317453538,2.69999983608441,2.77555756156289E-16));
#6844=CARTESIAN_POINT('Ctrl Pts',(34.8965449488637,2.63320190040009,8.07135598753187E-17));
#6845=CARTESIAN_POINT('Ctrl Pts',(34.8885000000001,2.5649643966985,0.000313343229707587));
#6846=CARTESIAN_POINT('Ctrl Pts',(34.8885,2.5000000000019,0.000313343229707552));
#6847=CARTESIAN_POINT('Ctrl Pts',(34.8884999999999,2.43503560330529,0.000313343229707517));
#6848=CARTESIAN_POINT('Ctrl Pts',(34.896544948863,2.36679809960366,-4.62773603416915E-17));
#6849=CARTESIAN_POINT('Ctrl Pts',(34.9135317453529,2.30000016391926,1.38777878078145E-16));
#6850=CARTESIAN_POINT('',(33.9135317453529,2.30000016392159,1.));
#6851=CARTESIAN_POINT('Origin',(34.9135317453506,1.30000016391927,1.));
#6852=CARTESIAN_POINT('',(33.9135317453564,3.8000001639151,1.));
#6853=CARTESIAN_POINT('',(33.9135317453725,10.7000000819435,1.));
#6854=CARTESIAN_POINT('Origin',(34.9135317453564,3.80000016391277,1.));
#6855=CARTESIAN_POINT('Origin',(34.9135317453564,3.80000016391277,0.));
#6856=CARTESIAN_POINT('',(34.9135317453564,4.80000016391277,1.));
#6857=CARTESIAN_POINT('Origin',(34.9135317453564,3.80000016391277,1.));
#6858=CARTESIAN_POINT('',(33.9135317453622,3.8000001639151,6.32916211897198));
#6859=CARTESIAN_POINT('',(33.9135317453564,3.8000001639151,0.));
#6860=CARTESIAN_POINT('',(34.9135317453564,4.80000016391277,9.21786656755832));
#6861=CARTESIAN_POINT('Ctrl Pts',(34.9135317453564,4.80000016391277,9.21786656755842));
#6862=CARTESIAN_POINT('Ctrl Pts',(34.9101562015364,4.80000016391277,9.21786656755842));
#6863=CARTESIAN_POINT('Ctrl Pts',(34.9072035893095,4.79998398009964,9.21714842625391));
#6864=CARTESIAN_POINT('Ctrl Pts',(34.9017243417337,4.79993412237911,9.21497603855817));
#6865=CARTESIAN_POINT('Ctrl Pts',(34.8991873345828,4.79990086479708,9.21354803426592));
#6866=CARTESIAN_POINT('Ctrl Pts',(34.8919291613414,4.79977729530454,9.20834394177673));
#6867=CARTESIAN_POINT('Ctrl Pts',(34.8874386928609,4.79966922733048,9.20397068004759));
#6868=CARTESIAN_POINT('Ctrl Pts',(34.8743920535573,4.79927164848514,9.18890471403862));
#6869=CARTESIAN_POINT('Ctrl Pts',(34.8663994734633,4.79891368578099,9.17671465094953));
#6870=CARTESIAN_POINT('Ctrl Pts',(34.8139752387998,4.79606968981995,9.0909265717975));
#6871=CARTESIAN_POINT('Ctrl Pts',(34.7720963714742,4.79063517418391,8.99534909177938));
#6872=CARTESIAN_POINT('Ctrl Pts',(34.6040781533259,4.7602868640341,8.63042427882962));
#6873=CARTESIAN_POINT('Ctrl Pts',(34.4563256946329,4.69991980967749,8.28669559590461));
#6874=CARTESIAN_POINT('Ctrl Pts',(34.2341071485068,4.54570814174928,7.72716142726479));
#6875=CARTESIAN_POINT('Ctrl Pts',(34.1255618624445,4.43662515502543,7.42916835254785));
#6876=CARTESIAN_POINT('Ctrl Pts',(33.9649939448092,4.15561559997109,6.85242980107281));
#6877=CARTESIAN_POINT('Ctrl Pts',(33.9135317453564,3.98350482223698,6.57361820298721));
#6878=CARTESIAN_POINT('Ctrl Pts',(33.9135317453564,3.80000016391277,6.32916211896888));
#6879=CARTESIAN_POINT('',(34.9135317453564,4.80000016391277,0.));
#6880=CARTESIAN_POINT('Origin',(34.9135317453564,3.80000016391277,1.));
#6881=CARTESIAN_POINT('Origin',(34.9135317453564,3.80000016391277,1.));
#6882=CARTESIAN_POINT('Origin',(35.7,2.5,1.5));
#6883=CARTESIAN_POINT('',(36.5115,2.5,3.));
#6884=CARTESIAN_POINT('',(36.5115,2.5,1.5));
#6885=CARTESIAN_POINT('Origin',(35.7,2.5,3.));
#6886=CARTESIAN_POINT('Origin',(18.1371711174035,3.80000016391277,1.));
#6887=CARTESIAN_POINT('',(37.7,4.80000016391277,1.));
#6888=CARTESIAN_POINT('',(18.1371711174035,4.80000016391277,1.));
#6889=CARTESIAN_POINT('Origin',(37.7,3.80000016391277,1.));
#6890=CARTESIAN_POINT('Origin',(17.1743422348071,4.80000016391277,0.));
#6891=CARTESIAN_POINT('',(37.7,4.80000016391277,9.21786656755832));
#6892=CARTESIAN_POINT('',(21.2745967115512,4.80000016391277,9.21786656755832));
#6893=CARTESIAN_POINT('',(37.7,4.80000016391277,0.));
#6894=CARTESIAN_POINT('Origin',(34.8885,18.1999994448116,0.));
#6895=CARTESIAN_POINT('',(33.8885,18.1999994448116,1.));
#6896=CARTESIAN_POINT('',(34.8885,17.1999994448116,1.));
#6897=CARTESIAN_POINT('Origin',(34.8885,18.1999994448116,1.));
#6898=CARTESIAN_POINT('',(34.8885,17.1999994448116,5.));
#6899=CARTESIAN_POINT('',(34.8885,17.1999994448116,0.));
#6900=CARTESIAN_POINT('',(33.8885,18.1999994448116,5.));
#6901=CARTESIAN_POINT('Origin',(34.8885,18.1999994448116,5.));
#6902=CARTESIAN_POINT('',(33.8885,18.1999994448116,0.));
#6903=CARTESIAN_POINT('Origin',(34.8885,18.149999774018,1.));
#6904=CARTESIAN_POINT('Origin',(34.8885,18.1999994448116,1.));
#6905=CARTESIAN_POINT('',(33.8885,19.5,1.));
#6906=CARTESIAN_POINT('',(33.8885,18.149999774018,1.));
#6907=CARTESIAN_POINT('Origin',(34.8885,20.5,1.));
#6908=CARTESIAN_POINT('Origin',(34.8885,18.1999994448116,1.));
#6909=CARTESIAN_POINT('Origin',(34.8885,18.1999994448116,1.));
#6910=CARTESIAN_POINT('Origin',(37.7,17.1999994448116,0.));
#6911=CARTESIAN_POINT('',(37.7,17.1999994448116,1.));
#6912=CARTESIAN_POINT('',(28.4,17.1999994448116,1.));
#6913=CARTESIAN_POINT('',(37.7,17.1999994448116,5.));
#6914=CARTESIAN_POINT('',(37.7,17.1999994448116,0.));
#6915=CARTESIAN_POINT('',(38.2,17.1999994448116,5.));
#6916=CARTESIAN_POINT('Origin',(28.4,18.1999994448116,1.));
#6917=CARTESIAN_POINT('Origin',(37.7,18.1999994448116,1.));
#6918=CARTESIAN_POINT('Origin',(33.9135317453529,2.30000016392159,0.));
#6919=CARTESIAN_POINT('',(33.9135317453529,2.30000016392159,5.));
#6920=CARTESIAN_POINT('',(33.9135317453529,2.30000016392159,0.));
#6921=CARTESIAN_POINT('Origin',(33.9135317453529,-0.198722830157694,9.3308640389956));
#6922=CARTESIAN_POINT('Origin',(28.4,18.1999994448116,1.));
#6923=CARTESIAN_POINT('',(21.3115000295925,17.1999994448116,1.));
#6924=CARTESIAN_POINT('Origin',(21.3115000295925,18.1999994448116,1.));
#6925=CARTESIAN_POINT('',(18.1999994077991,17.1999994448116,1.));
#6926=CARTESIAN_POINT('',(28.4,17.1999994448116,1.));
#6927=CARTESIAN_POINT('Origin',(18.1999994077991,18.1999994448116,1.));
#6928=CARTESIAN_POINT('Origin',(18.1999994077991,18.1999994448116,0.));
#6929=CARTESIAN_POINT('',(18.1999994077991,17.1999994448116,5.03253633866258));
#6930=CARTESIAN_POINT('Ctrl Pts',(17.1999994077991,18.1999994448116,5.33516471860346));
#6931=CARTESIAN_POINT('Ctrl Pts',(17.1999994077991,18.1014446967555,5.33516471860346));
#6932=CARTESIAN_POINT('Ctrl Pts',(17.2153959842751,17.9981525180746,5.31695207456204));
#6933=CARTESIAN_POINT('Ctrl Pts',(17.2755853216902,17.8054805878887,5.25770655189068));
#6934=CARTESIAN_POINT('Ctrl Pts',(17.3203423899377,17.7156328599643,5.21816968816025));
#6935=CARTESIAN_POINT('Ctrl Pts',(17.4247162319808,17.5613427324635,5.14476392596458));
#6936=CARTESIAN_POINT('Ctrl Pts',(17.4939083653459,17.4842793761365,5.1042484360581));
#6937=CARTESIAN_POINT('Ctrl Pts',(17.6563265852302,17.3542809838976,5.03918347035591));
#6938=CARTESIAN_POINT('Ctrl Pts',(17.7497463721255,17.3013824021224,5.01504548381334));
#6939=CARTESIAN_POINT('Ctrl Pts',(17.9341047663998,17.231222890348,4.99601770960825));
#6940=CARTESIAN_POINT('Ctrl Pts',(18.0362784599576,17.2083954466015,4.99877880140604));
#6941=CARTESIAN_POINT('Ctrl Pts',(18.1577825471811,17.2006631941496,5.02222880686205));
#6942=CARTESIAN_POINT('Ctrl Pts',(18.1789973862068,17.1999994448116,5.02704391361663));
#6943=CARTESIAN_POINT('Ctrl Pts',(18.1999994077991,17.1999994448116,5.03253633866258));
#6944=CARTESIAN_POINT('Origin',(18.1999994077991,18.1999994448116,1.));
#6945=CARTESIAN_POINT('',(18.1999994077991,17.1999994448116,0.));
#6946=CARTESIAN_POINT('Origin',(18.1999994077991,18.1999994448116,1.));
#6947=CARTESIAN_POINT('Origin',(37.7,17.1999994448116,0.));
#6948=CARTESIAN_POINT('',(21.3115000295925,17.1999998886509,5.));
#6949=CARTESIAN_POINT('',(21.3115000295925,17.1999994448116,0.));
#6950=CARTESIAN_POINT('',(21.1877377673739,17.1999994448116,5.));
#6951=CARTESIAN_POINT('',(38.2,17.1999994448116,5.));
#6952=CARTESIAN_POINT('',(17.1925465017709,17.1999994448116,9.19607843137255));
#6953=CARTESIAN_POINT('Origin',(21.1877377673739,17.1999994448116,9.));
#6954=CARTESIAN_POINT('',(17.1032783718536,17.1999994448116,8.40913171969353));
#6955=CARTESIAN_POINT('Origin',(11.0000000400862,17.1999994448116,9.5));
#6956=CARTESIAN_POINT('',(17.1032778052692,17.2000000025571,7.2));
#6957=CARTESIAN_POINT('',(17.1032783718536,17.1999994448116,0.));
#6958=CARTESIAN_POINT('',(17.1999999915633,17.2,7.2));
#6959=CARTESIAN_POINT('',(19.5516388592276,17.1999999378284,7.2));
#6960=CARTESIAN_POINT('',(17.1999994077991,17.2,5.33516471860346));
#6961=CARTESIAN_POINT('',(17.1999999915633,17.2,0.));
#6962=CARTESIAN_POINT('Origin',(17.9469894001085,17.1999994448116,6.));
#6963=CARTESIAN_POINT('Origin',(3.80000016391278,28.4,1.));
#6964=CARTESIAN_POINT('',(4.80000016391278,17.1743422348068,1.));
#6965=CARTESIAN_POINT('',(4.80000016391278,28.4,1.));
#6966=CARTESIAN_POINT('Origin',(3.80000016391278,17.1743422348068,1.));
#6967=CARTESIAN_POINT('Origin',(3.80000018952853,18.137171333804,1.));
#6968=CARTESIAN_POINT('',(4.80000018952853,18.1371713072489,1.));
#6969=CARTESIAN_POINT('Origin',(3.8,11.0000000265551,1.));
#6970=CARTESIAN_POINT('Origin',(11.,11.,1.));
#6971=CARTESIAN_POINT('Origin',(11.,3.8,1.));
#6972=CARTESIAN_POINT('Origin',(15.0500002163614,3.800000107517,1.));
#6973=CARTESIAN_POINT('',(21.1152216659711,4.30000016391198,0.133974535812652));
#6974=CARTESIAN_POINT('Ctrl Pts',(21.1152216659711,4.30000016391198,0.133974535812652));
#6975=CARTESIAN_POINT('Ctrl Pts',(21.0209055682881,4.14797630906621,0.0462035482269584));
#6976=CARTESIAN_POINT('Ctrl Pts',(20.8881429394219,3.96057887790193,-7.18939739073829E-17));
#6977=CARTESIAN_POINT('Ctrl Pts',(20.7745967115605,3.80000025949019,6.93889390390723E-17));
#6978=CARTESIAN_POINT('',(17.1743422348071,4.80000016391277,1.));
#6979=CARTESIAN_POINT('',(15.050000189814,4.800000107517,1.));
#6980=CARTESIAN_POINT('',(20.7745967115617,4.80000016391277,1.));
#6981=CARTESIAN_POINT('',(15.0500002163614,4.80000016391277,1.));
#6982=CARTESIAN_POINT('',(21.1152216184566,4.66602567231734,0.5));
#6983=CARTESIAN_POINT('Ctrl Pts',(20.774596698288,4.80000016391277,1.));
#6984=CARTESIAN_POINT('Ctrl Pts',(20.8386140947022,4.80000016561227,0.909465734089699));
#6985=CARTESIAN_POINT('Ctrl Pts',(20.9083999890166,4.78707457581192,0.810908878860758));
#6986=CARTESIAN_POINT('Ctrl Pts',(21.0249832696221,4.73632381610104,0.640400913513847));
#6987=CARTESIAN_POINT('Ctrl Pts',(21.0733995452661,4.70494547287648,0.567411073911925));
#6988=CARTESIAN_POINT('Ctrl Pts',(21.1152216184566,4.66602567231734,0.500000000000004));
#6989=CARTESIAN_POINT('Ctrl Pts',(21.1152216184566,4.66602567231734,0.500000000000003));
#6990=CARTESIAN_POINT('Ctrl Pts',(21.1170063700549,4.66436477483053,0.497123241084627));
#6991=CARTESIAN_POINT('Ctrl Pts',(21.1187332730618,4.6626993570663,0.494271821064261));
#6992=CARTESIAN_POINT('Ctrl Pts',(21.1391283029205,4.6423491457195,0.459816232646234));
#6993=CARTESIAN_POINT('Ctrl Pts',(21.1547811026056,4.61900237005421,0.424565240537014));
#6994=CARTESIAN_POINT('Ctrl Pts',(21.1751161879148,4.56597959229885,0.355666793879434));
#6995=CARTESIAN_POINT('Ctrl Pts',(21.1798293826287,4.53626896189275,0.322055123697139));
#6996=CARTESIAN_POINT('Ctrl Pts',(21.1798293841771,4.47794500580958,0.263731178762878));
#6997=CARTESIAN_POINT('Ctrl Pts',(21.1751161911442,4.44433332982283,0.234020554656688));
#6998=CARTESIAN_POINT('Ctrl Pts',(21.1547811090717,4.37543487248985,0.180997789531756));
#6999=CARTESIAN_POINT('Ctrl Pts',(21.1391283109422,4.34018387550224,0.157651020189327));
#7000=CARTESIAN_POINT('Ctrl Pts',(21.1187332943111,4.30572830254144,0.137300826634137));
#7001=CARTESIAN_POINT('Ctrl Pts',(21.1170064040328,4.30287690252486,0.135635421134466));
#7002=CARTESIAN_POINT('Ctrl Pts',(21.1152216659711,4.30000016391198,0.133974535812652));
#7003=CARTESIAN_POINT('Origin',(20.7745967115795,11.9500000819741,0.5));
#7004=CARTESIAN_POINT('',(21.2745967115617,4.30000016391161,0.5));
#7005=CARTESIAN_POINT('Origin',(20.7745967115617,4.30000016391277,0.5));
#7006=CARTESIAN_POINT('',(21.2745967115567,2.16602556773546,0.5));
#7007=CARTESIAN_POINT('',(21.2745967115795,11.950000081973,0.5));
#7008=CARTESIAN_POINT('Ctrl Pts',(20.7745967115547,1.30000016395219,6.93889390390723E-17));
#7009=CARTESIAN_POINT('Ctrl Pts',(20.8386140934543,1.39053441366179,-1.02379041031729E-17));
#7010=CARTESIAN_POINT('Ctrl Pts',(20.9084001742842,1.48909109452102,0.0129256489404465));
#7011=CARTESIAN_POINT('Ctrl Pts',(21.0399315112058,1.6814614679929,0.0701836010215431));
#7012=CARTESIAN_POINT('Ctrl Pts',(21.1015726255863,1.77532888852616,0.114574550085257));
#7013=CARTESIAN_POINT('Ctrl Pts',(21.1835896128,1.91428232206516,0.208000677999014));
#7014=CARTESIAN_POINT('Ctrl Pts',(21.2155623170748,1.97329782712952,0.256537281409692));
#7015=CARTESIAN_POINT('Ctrl Pts',(21.2611776144785,2.08029358701598,0.369754978933075));
#7016=CARTESIAN_POINT('Ctrl Pts',(21.2745967115566,2.12824167345353,0.434556375395877));
#7017=CARTESIAN_POINT('Ctrl Pts',(21.2745967115567,2.16602556773546,0.499999999999999));
#7018=CARTESIAN_POINT('Origin',(20.7745967115617,4.30000016391277,0.5));
#7019=CARTESIAN_POINT('Origin',(20.7745967115617,4.30000016391277,0.5));
#7020=CARTESIAN_POINT('Origin',(20.7745967115617,4.30000016391277,0.));
#7021=CARTESIAN_POINT('',(20.7745967115617,4.80000016391277,9.21786656755835));
#7022=CARTESIAN_POINT('',(20.7745967115617,4.80000016391277,0.));
#7023=CARTESIAN_POINT('',(21.2745967115629,4.30000016391281,7.14877984661865));
#7024=CARTESIAN_POINT('Ctrl Pts',(20.7745967115617,4.80000016391277,9.21786656755835));
#7025=CARTESIAN_POINT('Ctrl Pts',(20.7762983837822,4.80000016391277,9.21786656755835));
#7026=CARTESIAN_POINT('Ctrl Pts',(20.778078032476,4.79999072229903,9.21744689005285));
#7027=CARTESIAN_POINT('Ctrl Pts',(20.7813955165033,4.79995676463546,9.21596064729269));
#7028=CARTESIAN_POINT('Ctrl Pts',(20.7829359887238,4.7999323397558,9.21489997283239));
#7029=CARTESIAN_POINT('Ctrl Pts',(20.7903407233604,4.79978937153627,9.20879432168399));
#7030=CARTESIAN_POINT('Ctrl Pts',(20.7952698514464,4.79958746566969,9.20070363773877));
#7031=CARTESIAN_POINT('Ctrl Pts',(20.8103883809737,4.7988450938597,9.17363042691108));
#7032=CARTESIAN_POINT('Ctrl Pts',(20.8194796554633,4.79806308688943,9.15005310425907));
#7033=CARTESIAN_POINT('Ctrl Pts',(20.837386400004,4.79612364412003,9.10267355975808));
#7034=CARTESIAN_POINT('Ctrl Pts',(20.8457965634161,4.79496329285679,9.07871926350657));
#7035=CARTESIAN_POINT('Ctrl Pts',(20.8853287157834,4.78866113210849,8.96387948480577));
#7036=CARTESIAN_POINT('Ctrl Pts',(20.9178953444444,4.78022135575592,8.86094398087624));
#7037=CARTESIAN_POINT('Ctrl Pts',(20.9813406307222,4.75651277190849,8.65532700927017));
#7038=CARTESIAN_POINT('Ctrl Pts',(21.0118563209603,4.74123634608918,8.55253459782563));
#7039=CARTESIAN_POINT('Ctrl Pts',(21.0982079773796,4.68758552885107,8.24951449431866));
#7040=CARTESIAN_POINT('Ctrl Pts',(21.1577199036204,4.6323609856266,8.02061944200661));
#7041=CARTESIAN_POINT('Ctrl Pts',(21.246118150868,4.48685274158109,7.56975810211974));
#7042=CARTESIAN_POINT('Ctrl Pts',(21.2745967115617,4.39650177145547,7.34773367357618));
#7043=CARTESIAN_POINT('Ctrl Pts',(21.2745967115617,4.30000016391277,7.14877984661858));
#7044=CARTESIAN_POINT('',(21.2745967115617,4.30000016391161,0.));
#7045=CARTESIAN_POINT('Origin',(7759.03392341635,33.8885000000215,1.));
#7046=CARTESIAN_POINT('',(2.50000000000064,33.8884999995146,1.));
#7047=CARTESIAN_POINT('Origin',(1.49999999999977,33.888499999994,1.));
#7048=CARTESIAN_POINT('Origin',(7759.03392341635,33.8885000000215,1.));
#7049=CARTESIAN_POINT('Origin',(7759.03392341635,33.8885000000215,0.));
#7050=CARTESIAN_POINT('',(2.50000000000064,33.8884999995146,5.));
#7051=CARTESIAN_POINT('',(2.50000000000064,33.8884999995146,0.));
#7052=CARTESIAN_POINT('Origin',(7759.03392341635,33.8885000000215,5.));
#7053=CARTESIAN_POINT('Origin',(20.5000000295925,20.20575,1.));
#7054=CARTESIAN_POINT('',(19.5000000295925,20.20575,1.));
#7055=CARTESIAN_POINT('Origin',(19.5000000295925,21.3115,0.));
#7056=CARTESIAN_POINT('',(19.5000000295925,21.3115,5.));
#7057=CARTESIAN_POINT('',(19.5000000295925,21.3115,0.));
#7058=CARTESIAN_POINT('',(19.5000000295925,33.8885,5.));
#7059=CARTESIAN_POINT('Origin',(26.49425,20.5,1.));
#7060=CARTESIAN_POINT('',(21.3115000295925,19.5,1.));
#7061=CARTESIAN_POINT('',(26.49425,19.5,1.));
#7062=CARTESIAN_POINT('Origin',(21.3115000295925,20.5,1.));
#7063=CARTESIAN_POINT('Origin',(33.8885,19.5,0.));
#7064=CARTESIAN_POINT('',(33.8885,19.5,5.));
#7065=CARTESIAN_POINT('',(33.8885,19.5,0.));
#7066=CARTESIAN_POINT('',(21.3115000295925,19.5,5.));
#7067=CARTESIAN_POINT('',(33.8885,19.5,5.));
#7068=CARTESIAN_POINT('',(21.3115000295925,19.5,0.));
#7069=CARTESIAN_POINT('Origin',(21.3115000295925,19.5,0.));
#7070=CARTESIAN_POINT('',(21.3115000295925,19.5,5.));
#7071=CARTESIAN_POINT('Origin',(33.8885,17.199999548036,0.));
#7072=CARTESIAN_POINT('',(33.8885,19.5,5.));
#7073=CARTESIAN_POINT('Origin',(17.199999874483,21.3115,0.));
#7074=CARTESIAN_POINT('',(19.5000000295925,21.3115,5.));
#7075=CARTESIAN_POINT('Origin',(18.3499997729645,27.6,5.));
#7076=CARTESIAN_POINT('Origin',(4.80000016391277,33.8885,0.));
#7077=CARTESIAN_POINT('',(2.5,33.8885,5.));
#7078=CARTESIAN_POINT('Origin',(3.65000008195639,27.5877196386765,5.));
#7079=CARTESIAN_POINT('',(4.80000016391277,38.2,5.));
#7080=CARTESIAN_POINT('Origin',(11.,4.8,5.));
#7081=CARTESIAN_POINT('',(17.1743422348071,4.80000016391277,5.));
#7082=CARTESIAN_POINT('',(38.2,4.80000031964965,5.));
#7083=CARTESIAN_POINT('',(17.1743422348071,4.80000016391277,0.));
#7084=CARTESIAN_POINT('Origin',(4.80000016396047,17.1743422347593,5.));
#7085=CARTESIAN_POINT('',(4.80000016391278,17.1743422348068,5.));
#7086=CARTESIAN_POINT('',(4.80000016391278,17.1743422348068,0.));
#7087=CARTESIAN_POINT('',(4.80000031964965,38.2,5.));
#7088=CARTESIAN_POINT('Origin',(21.2745967115512,-0.198722830157694,9.3308640389956));
#7089=CARTESIAN_POINT('',(21.274596711557,2.30000016395102,5.));
#7090=CARTESIAN_POINT('Origin',(21.2745967115628,-0.198722830157694,9.3308640389956));
#7091=CARTESIAN_POINT('',(21.2745967115512,4.80000016391277,9.21786656755832));
#7092=CARTESIAN_POINT('',(37.7,4.80070700473413,9.40637116444399));
#7093=CARTESIAN_POINT('',(21.2745967115512,4.80070700473413,9.40637116444399));
#7094=CARTESIAN_POINT('Origin',(37.7,-0.198722830157694,9.3308640389956));
#7095=CARTESIAN_POINT('',(21.274596711557,2.30000016395102,5.));
#7096=CARTESIAN_POINT('Origin',(21.2745967115628,4.80000016395103,0.));
#7097=CARTESIAN_POINT('',(21.274596711557,2.30000016395102,1.));
#7098=CARTESIAN_POINT('',(21.274596711557,2.30000016395102,0.));
#7099=CARTESIAN_POINT('Origin',(21.2745967115547,1.30000016395102,1.));
#7100=CARTESIAN_POINT('Origin',(20.1872983557566,1.30000016395356,1.));
#7101=CARTESIAN_POINT('',(20.1872983557589,2.30000016395356,1.));
#7102=CARTESIAN_POINT('Origin',(21.274596711557,2.30000016395102,0.));
#7103=CARTESIAN_POINT('Origin',(17.1743422348071,4.80000016391277,0.));
#7104=CARTESIAN_POINT('Origin',(17.9469894001085,38.2,6.));
#7105=CARTESIAN_POINT('',(17.9469894001085,15.2649736224272,5.));
#7106=CARTESIAN_POINT('',(16.9667991492197,15.9763807278418,5.801941745785));
#7107=CARTESIAN_POINT('Ctrl Pts',(17.9469894001085,15.2649736224272,5.));
#7108=CARTESIAN_POINT('Ctrl Pts',(17.8200480469643,15.2649736224272,5.));
#7109=CARTESIAN_POINT('Ctrl Pts',(17.6903303039861,15.2922441770594,5.02551432839789));
#7110=CARTESIAN_POINT('Ctrl Pts',(17.4592495616526,15.386802563977,5.11818014012315));
#7111=CARTESIAN_POINT('Ctrl Pts',(17.3574687937439,15.4532685015274,5.18512610756162));
#7112=CARTESIAN_POINT('Ctrl Pts',(17.1746082782955,15.6078997190155,5.34988431154255));
#7113=CARTESIAN_POINT('Ctrl Pts',(17.089567329757,15.7115001343519,5.46648841405779));
#7114=CARTESIAN_POINT('Ctrl Pts',(17.0031508283746,15.8697692684696,5.66168294491041));
#7115=CARTESIAN_POINT('Ctrl Pts',(16.9810587970901,15.9239378661957,5.73137075201835));
#7116=CARTESIAN_POINT('Ctrl Pts',(16.9667991492197,15.9763807278416,5.80194174578512));
#7117=CARTESIAN_POINT('',(16.9667991492198,37.7,5.80194174578465));
#7118=CARTESIAN_POINT('',(16.9667991492198,38.2,5.80194174578465));
#7119=CARTESIAN_POINT('Origin',(17.9469894001085,37.7,6.));
#7120=CARTESIAN_POINT('',(17.1032778052692,17.2000000025571,5.46320325566016));
#7121=CARTESIAN_POINT('Origin',(17.9469894001085,17.1999999802514,6.));
#7122=CARTESIAN_POINT('',(17.9469894001085,16.2373025762105,5.));
#7123=CARTESIAN_POINT('Ctrl Pts',(17.1032778052692,17.2000000025571,5.46320325566016));
#7124=CARTESIAN_POINT('Ctrl Pts',(17.1298219059297,17.173869999274,5.42148250057373));
#7125=CARTESIAN_POINT('Ctrl Pts',(17.1584278144864,17.1453622326986,5.38342258303357));
#7126=CARTESIAN_POINT('Ctrl Pts',(17.2947412500486,17.0074541364425,5.22427437676463));
#7127=CARTESIAN_POINT('Ctrl Pts',(17.4260551898741,16.8683089851642,5.1342242829277));
#7128=CARTESIAN_POINT('Ctrl Pts',(17.6928516433221,16.5621014843649,5.02206656269374));
#7129=CARTESIAN_POINT('Ctrl Pts',(17.8281830918389,16.3948925096169,5.));
#7130=CARTESIAN_POINT('Ctrl Pts',(17.9469894001085,16.2373025762105,5.));
#7131=CARTESIAN_POINT('',(17.9469894001085,38.2,5.));
#7132=CARTESIAN_POINT('Origin',(17.1032778052692,17.2000000025571,0.));
#7133=CARTESIAN_POINT('',(17.1032778052692,17.2000000025571,0.));
#7134=CARTESIAN_POINT('Origin',(21.8677504036631,38.2,6.7922330168614));
#7135=CARTESIAN_POINT('',(17.0160761342091,17.0160760941229,8.00105756290542));
#7136=CARTESIAN_POINT('Ctrl Pts',(16.9667991492197,15.9763807278416,5.80194174578512));
#7137=CARTESIAN_POINT('Ctrl Pts',(16.9543937126894,16.0220043363296,5.86333624809064));
#7138=CARTESIAN_POINT('Ctrl Pts',(16.9430072854954,16.0665327924061,5.92563038788036));
#7139=CARTESIAN_POINT('Ctrl Pts',(16.8688348614384,16.3795863072218,6.38122327215125));
#7140=CARTESIAN_POINT('Ctrl Pts',(16.8449381983837,16.6256032475917,6.84415503103467));
#7141=CARTESIAN_POINT('Ctrl Pts',(16.9199606165245,16.8895083832352,7.5476755099188));
#7142=CARTESIAN_POINT('Ctrl Pts',(16.9600761404138,16.9600761003276,7.77629894936186));
#7143=CARTESIAN_POINT('Ctrl Pts',(17.0160761342091,17.0160760941229,8.00105756290542));
#7144=CARTESIAN_POINT('',(17.0160761342091,37.7,8.00105756290542));
#7145=CARTESIAN_POINT('',(17.0160761342091,38.2,8.00105756290542));
#7146=CARTESIAN_POINT('Origin',(21.8677504036631,37.7,6.7922330168614));
#7147=CARTESIAN_POINT('Origin',(11.0000000400862,38.2,9.5));
#7148=CARTESIAN_POINT('',(17.2000000400862,17.2,9.5));
#7149=CARTESIAN_POINT('',(17.2000000400862,38.2,9.5));
#7150=CARTESIAN_POINT('Origin',(11.0000000400862,11.,9.5));
#7151=CARTESIAN_POINT('',(4.98392383519424,37.7,8.00105800748256));
#7152=CARTESIAN_POINT('',(4.98392383519424,38.2,8.00105800748256));
#7153=CARTESIAN_POINT('Origin',(11.0000000400862,37.7,9.5));
#7154=CARTESIAN_POINT('',(17.1518290163661,17.1518289762798,8.72863740912347));
#7155=CARTESIAN_POINT('Origin',(11.0000000400862,11.,9.5));
#7156=CARTESIAN_POINT('Ctrl Pts',(17.1032783718536,17.1999994448116,8.40913171969353));
#7157=CARTESIAN_POINT('Ctrl Pts',(17.1222253355558,17.1813480570485,8.51513772894704));
#7158=CARTESIAN_POINT('Ctrl Pts',(17.1384332438077,17.1652247489256,8.62180243584457));
#7159=CARTESIAN_POINT('Ctrl Pts',(17.1518290163661,17.1518289762798,8.72863740912348));
#7160=CARTESIAN_POINT('',(17.1925465017709,17.1925464616846,9.19607843137255));
#7161=CARTESIAN_POINT('',(17.1925465017709,38.2,9.19607843137255));
#7162=CARTESIAN_POINT('Origin',(11.0000000400862,11.,9.5));
#7163=CARTESIAN_POINT('Origin',(38.2,11.,9.5));
#7164=CARTESIAN_POINT('',(18.5828754440515,15.2649736224272,5.));
#7165=CARTESIAN_POINT('',(38.2,15.2649736224272,5.));
#7166=CARTESIAN_POINT('Ctrl Pts',(17.1518290163661,17.1518289762798,8.72863740912347));
#7167=CARTESIAN_POINT('Ctrl Pts',(17.222902304731,17.0807556874518,8.16180836812064));
#7168=CARTESIAN_POINT('Ctrl Pts',(17.372776578352,16.9297978449168,7.60383750265962));
#7169=CARTESIAN_POINT('Ctrl Pts',(17.8414494847834,16.3910493147291,6.33024537005683));
#7170=CARTESIAN_POINT('Ctrl Pts',(18.2004281579029,15.9226688355878,5.65454474887463));
#7171=CARTESIAN_POINT('Ctrl Pts',(18.5373699135239,15.3451222288189,5.07699814210572));
#7172=CARTESIAN_POINT('Ctrl Pts',(18.5601253675372,15.3054219374283,5.03833577701141));
#7173=CARTESIAN_POINT('Ctrl Pts',(18.5828754440515,15.2649736224272,5.));
#7174=CARTESIAN_POINT('Origin',(27.4371711174035,11.0000000819564,5.));
#7175=CARTESIAN_POINT('Origin',(11.,11.,5.));
#7176=CARTESIAN_POINT('Origin',(21.1877377673739,38.2,9.));
#7177=CARTESIAN_POINT('',(21.1877377673739,15.2649736224272,5.));
#7178=CARTESIAN_POINT('Ctrl Pts',(21.1877377673739,15.2649736224272,5.));
#7179=CARTESIAN_POINT('Ctrl Pts',(20.6575068792625,15.2649736224272,5.));
#7180=CARTESIAN_POINT('Ctrl Pts',(20.1202381396103,15.3863814277959,5.1096043146495));
#7181=CARTESIAN_POINT('Ctrl Pts',(19.1539064441801,15.7585328749011,5.51599765346384));
#7182=CARTESIAN_POINT('Ctrl Pts',(18.7220402131931,16.0012155275485,5.81345768526103));
#7183=CARTESIAN_POINT('Ctrl Pts',(18.0313716054074,16.438359668427,6.49510911076257));
#7184=CARTESIAN_POINT('Ctrl Pts',(17.7220694783263,16.667355254832,6.93199473668017));
#7185=CARTESIAN_POINT('Ctrl Pts',(17.2997811202355,17.0174750797559,7.91773538632455));
#7186=CARTESIAN_POINT('Ctrl Pts',(17.1877377673739,17.1367345087395,8.46765529271209));
#7187=CARTESIAN_POINT('Ctrl Pts',(17.1877377673739,17.1850580347354,9.06491530730797));
#7188=CARTESIAN_POINT('Ctrl Pts',(17.189319663004,17.1893196229178,9.13033005728287));
#7189=CARTESIAN_POINT('Ctrl Pts',(17.1925465017709,17.1925464616846,9.19607843137255));
#7190=CARTESIAN_POINT('',(21.1877377673739,38.2,5.));
#7191=CARTESIAN_POINT('Origin',(27.4371711174035,11.0000000819564,5.));
#7192=CARTESIAN_POINT('',(37.7,15.2649736224272,5.));
#7193=CARTESIAN_POINT('',(37.7,4.80000016391277,5.));
#7194=CARTESIAN_POINT('',(38.2,15.2649736224272,5.));
#7195=CARTESIAN_POINT('Origin',(38.2,11.,9.5));
#7196=CARTESIAN_POINT('',(38.2,4.8,9.5));
#7197=CARTESIAN_POINT('Origin',(37.7,11.,9.5));
#7198=CARTESIAN_POINT('Origin',(0.132249476410358,38.2,6.7922338199685));
#7199=CARTESIAN_POINT('Origin',(0.132249476410358,37.7,6.7922338199685));
#7200=CARTESIAN_POINT('',(4.80000016391277,38.2,5.));
#7201=CARTESIAN_POINT('Origin',(8.3,2.5,1.5));
#7202=CARTESIAN_POINT('',(9.1115,2.5,3.));
#7203=CARTESIAN_POINT('',(9.1115,2.5,1.5));
#7204=CARTESIAN_POINT('Origin',(8.3,2.5,3.));
#7205=CARTESIAN_POINT('Origin',(11.,11.,0.));
#7206=CARTESIAN_POINT('Origin',(2.5,8.3,1.5));
#7207=CARTESIAN_POINT('',(3.3115,8.3,3.));
#7208=CARTESIAN_POINT('',(3.3115,8.3,1.5));
#7209=CARTESIAN_POINT('Origin',(2.5,8.3,3.));
#7210=CARTESIAN_POINT('Origin',(19.5,2.5,1.5));
#7211=CARTESIAN_POINT('',(20.3,2.5,3.));
#7212=CARTESIAN_POINT('',(20.3,2.5,1.5));
#7213=CARTESIAN_POINT('Origin',(19.5,2.5,3.));
#7214=CARTESIAN_POINT('Origin',(19.5,2.5,3.));
#7215=CARTESIAN_POINT('Origin',(2.5,19.5,1.5));
#7216=CARTESIAN_POINT('',(3.3,19.5,3.));
#7217=CARTESIAN_POINT('',(3.3,19.5,1.5));
#7218=CARTESIAN_POINT('Origin',(2.5,19.5,3.));
#7219=CARTESIAN_POINT('Origin',(2.5,19.5,3.));
#7220=CARTESIAN_POINT('Origin',(19.5000000295925,19.5,1.5));
#7221=CARTESIAN_POINT('',(20.3115000295925,19.5,3.));
#7222=CARTESIAN_POINT('',(20.3115000295925,19.5,1.5));
#7223=CARTESIAN_POINT('Origin',(19.5000000295925,19.5,3.));
#7224=CARTESIAN_POINT('Origin',(19.5000000295925,19.5,3.));
#7225=CARTESIAN_POINT('Origin',(35.7,2.5,3.));
#7226=CARTESIAN_POINT('Origin',(8.3,2.5,3.));
#7227=CARTESIAN_POINT('Origin',(2.5,8.3,3.));
#7228=CARTESIAN_POINT('Origin',(2.49999999999999,35.7,1.5));
#7229=CARTESIAN_POINT('',(3.31149999999999,35.7,3.));
#7230=CARTESIAN_POINT('',(3.31149999999999,35.7,1.5));
#7231=CARTESIAN_POINT('Origin',(2.49999999999999,35.7,3.));
#7232=CARTESIAN_POINT('Origin',(2.49999999999999,35.7,3.));
#7233=CARTESIAN_POINT('Origin',(35.7,19.5,1.5));
#7234=CARTESIAN_POINT('',(36.5115,19.5,3.));
#7235=CARTESIAN_POINT('',(36.5115,19.5,1.5));
#7236=CARTESIAN_POINT('Origin',(35.7,19.5,3.));
#7237=CARTESIAN_POINT('Origin',(35.7,19.5,3.));
#7238=CARTESIAN_POINT('Origin',(19.5000000295925,35.7,1.5));
#7239=CARTESIAN_POINT('',(20.3115000295925,35.7,3.));
#7240=CARTESIAN_POINT('',(20.3115000295925,35.7,1.5));
#7241=CARTESIAN_POINT('Origin',(19.5000000295925,35.7,3.));
#7242=CARTESIAN_POINT('Origin',(19.5000000295925,35.7,3.));
#7243=CARTESIAN_POINT('Origin',(8.8,11.,7.2));
#7244=CARTESIAN_POINT('',(8.8,1.1,11.9947888378947));
#7245=CARTESIAN_POINT('Origin',(8.8,3.8,10.6871191548325));
#7246=CARTESIAN_POINT('Origin',(8.8,11.,7.2));
#7247=CARTESIAN_POINT('Ctrl Pts',(5.59984528831964,4.67209915612481,15.6277906726686));
#7248=CARTESIAN_POINT('Ctrl Pts',(5.59984528831983,4.67209915612441,15.0866934240316));
#7249=CARTESIAN_POINT('Ctrl Pts',(5.65062923564505,4.57011441359888,13.8427559653728));
#7250=CARTESIAN_POINT('Ctrl Pts',(5.73318050917944,4.34347928765247,12.7129742047999));
#7251=CARTESIAN_POINT('Ctrl Pts',(5.76620844832358,4.16609334566608,12.1499200330003));
#7252=CARTESIAN_POINT('Ctrl Pts',(5.7558378229834,4.35016050206718,15.6277906726693));
#7253=CARTESIAN_POINT('Ctrl Pts',(5.77551203197597,4.30925451098837,15.1460147953028));
#7254=CARTESIAN_POINT('Ctrl Pts',(5.86757158024023,4.07819555270246,14.0281298214884));
#7255=CARTESIAN_POINT('Ctrl Pts',(5.90905689191578,3.72821771534356,13.0844272839615));
#7256=CARTESIAN_POINT('Ctrl Pts',(5.88265597550827,3.54067877736698,12.6595769182526));
#7257=CARTESIAN_POINT('Ctrl Pts',(6.13064888312056,3.83628404412029,15.6277906726705));
#7258=CARTESIAN_POINT('Ctrl Pts',(6.21117018104543,3.73680162416892,15.2497780292432));
#7259=CARTESIAN_POINT('Ctrl Pts',(6.48159789263342,3.32603842266647,14.3538267681252));
#7260=CARTESIAN_POINT('Ctrl Pts',(6.66790794178522,2.79565482396801,13.7360358804436));
#7261=CARTESIAN_POINT('Ctrl Pts',(6.68849098696173,2.5661403586077,13.5453020186211));
#7262=CARTESIAN_POINT('Ctrl Pts',(6.64207176522298,3.46538327318832,15.6277906726717));
#7263=CARTESIAN_POINT('Ctrl Pts',(6.81177024381202,3.34989133826252,15.3421052007255));
#7264=CARTESIAN_POINT('Ctrl Pts',(7.37951905394597,2.93318235119937,14.6245265162855));
#7265=CARTESIAN_POINT('Ctrl Pts',(7.90559444009225,2.51451232443886,14.1259945603643));
#7266=CARTESIAN_POINT('Ctrl Pts',(8.10818302230519,2.3151537217645,13.9511732816693));
#7267=CARTESIAN_POINT('Ctrl Pts',(6.87835702122223,3.33827309573801,15.6277906726721));
#7268=CARTESIAN_POINT('Ctrl Pts',(7.08810275302533,3.22543991418267,15.3781489617323));
#7269=CARTESIAN_POINT('Ctrl Pts',(7.78948779820542,2.84466244806312,14.7244108770888));
#7270=CARTESIAN_POINT('Ctrl Pts',(8.44769936984487,2.52921098445388,14.2229554385));
#7271=CARTESIAN_POINT('Ctrl Pts',(8.71552112080895,2.35844587572716,14.0061400453754));
#7272=CARTESIAN_POINT('',(8.71552112080894,2.35844587572716,14.0061400453754));
#7273=CARTESIAN_POINT('Origin',(8.71552112080895,4.7152333641652,12.1499200330003));
#7274=CARTESIAN_POINT('',(6.87835702122268,3.33827309573778,15.6277906726726));
#7275=CARTESIAN_POINT('Ctrl Pts',(8.71552112080895,2.35844587572716,14.0061400453754));
#7276=CARTESIAN_POINT('Ctrl Pts',(8.44769936984487,2.52921098445388,14.2229554385));
#7277=CARTESIAN_POINT('Ctrl Pts',(7.78948779820542,2.84466244806312,14.7244108770888));
#7278=CARTESIAN_POINT('Ctrl Pts',(7.08810275302533,3.22543991418267,15.3781489617323));
#7279=CARTESIAN_POINT('Ctrl Pts',(6.87835702122223,3.33827309573801,15.6277906726721));
#7280=CARTESIAN_POINT('Origin',(8.2996132207991,5.98024789031201,15.6277906726686));
#7281=CARTESIAN_POINT('Origin',(8.2996132207991,5.98024789031201,0.));
#7282=CARTESIAN_POINT('',(6.87835702121967,3.33827309573939,0.));
#7283=CARTESIAN_POINT('Ctrl Pts',(8.8,1.1,11.9947888378947));
#7284=CARTESIAN_POINT('Ctrl Pts',(8.8,1.44600149163951,12.7091925130178));
#7285=CARTESIAN_POINT('Ctrl Pts',(8.78158772058348,1.87055535892607,13.3866799285474));
#7286=CARTESIAN_POINT('Ctrl Pts',(8.71552112080895,2.35844587572716,14.0061400453754));
#7287=CARTESIAN_POINT('Ctrl Pts',(7.90240209897434,1.1,11.9947888378947));
#7288=CARTESIAN_POINT('Ctrl Pts',(7.92880342920246,1.43853784870708,12.6915453443501));
#7289=CARTESIAN_POINT('Ctrl Pts',(7.9388728684206,1.84334795479389,13.3425783427326));
#7290=CARTESIAN_POINT('Ctrl Pts',(7.9057369894706,2.30072300377695,13.9328510271007));
#7291=CARTESIAN_POINT('Ctrl Pts',(6.34748364360997,1.77687701979068,11.6669623349533));
#7292=CARTESIAN_POINT('Ctrl Pts',(6.41611303654182,2.03414550769058,12.3041065661766));
#7293=CARTESIAN_POINT('Ctrl Pts',(6.47683118118657,2.3421758164491,12.8933404899162));
#7294=CARTESIAN_POINT('Ctrl Pts',(6.49835056914976,2.68255123993461,13.4257327065605));
#7295=CARTESIAN_POINT('Ctrl Pts',(5.8,3.19412141680768,10.9805595455204));
#7296=CARTESIAN_POINT('Ctrl Pts',(5.83072903218743,3.33299287753124,11.5353628530941));
#7297=CARTESIAN_POINT('Ctrl Pts',(5.85434541441278,3.50376340564698,12.0570315410182));
#7298=CARTESIAN_POINT('Ctrl Pts',(5.8535440937121,3.69703241944176,12.5321626969395));
#7299=CARTESIAN_POINT('Ctrl Pts',(5.8,3.8,10.6871191548325));
#7300=CARTESIAN_POINT('Ctrl Pts',(5.8,3.90065497938605,11.206685464013));
#7301=CARTESIAN_POINT('Ctrl Pts',(5.79263508823339,4.02416155896031,11.6994035843981));
#7302=CARTESIAN_POINT('Ctrl Pts',(5.76620844832358,4.16609334566608,12.1499200330003));
#7303=CARTESIAN_POINT('Ctrl Pts',(8.8,1.1,11.9947888378947));
#7304=CARTESIAN_POINT('Ctrl Pts',(8.8,1.44600149163951,12.7091925130178));
#7305=CARTESIAN_POINT('Ctrl Pts',(8.78158772058348,1.87055535892607,13.3866799285474));
#7306=CARTESIAN_POINT('Ctrl Pts',(8.71552112080895,2.35844587572716,14.0061400453754));
#7307=CARTESIAN_POINT('Origin',(11.,11.,0.));
#7308=CARTESIAN_POINT('',(17.3927899848002,16.9010368758582,17.2355661585345));
#7309=CARTESIAN_POINT('Ctrl Pts',(17.3927899848002,16.9010368758582,17.2355661585345));
#7310=CARTESIAN_POINT('Ctrl Pts',(18.1434311588372,16.087842266078,17.8299758816405));
#7311=CARTESIAN_POINT('Ctrl Pts',(19.3850042736597,14.1332316222755,18.910445389849));
#7312=CARTESIAN_POINT('Ctrl Pts',(19.9549417569941,10.3775887620299,19.4328396445524));
#7313=CARTESIAN_POINT('Ctrl Pts',(18.8947220550492,6.81876436102214,18.4699329252704));
#7314=CARTESIAN_POINT('Ctrl Pts',(17.1087792571306,4.64329460926491,16.9701603352159));
#7315=CARTESIAN_POINT('Ctrl Pts',(15.3144660689404,3.38490380706414,15.7132261981042));
#7316=CARTESIAN_POINT('Ctrl Pts',(13.7788933157562,2.69713194328923,14.8563116874338));
#7317=CARTESIAN_POINT('Ctrl Pts',(12.0400735219521,2.29690467970715,14.2625368029553));
#7318=CARTESIAN_POINT('Ctrl Pts',(10.1658045039137,2.27339122553538,14.2234137113568));
#7319=CARTESIAN_POINT('Ctrl Pts',(8.40319433520594,2.63663439001513,14.7724407718931));
#7320=CARTESIAN_POINT('Ctrl Pts',(7.3659633875897,3.07596416963579,15.3313546617523));
#7321=CARTESIAN_POINT('Ctrl Pts',(6.87835702122273,3.33827309573774,15.6277906726733));
#7322=CARTESIAN_POINT('',(16.9010369130829,17.3927899504389,17.2355661576054));
#7323=CARTESIAN_POINT('Ctrl Pts',(16.9010369131903,17.3927899503398,17.2355661575269));
#7324=CARTESIAN_POINT('Ctrl Pts',(17.0599356544464,17.2461141882867,17.1194181215126));
#7325=CARTESIAN_POINT('Ctrl Pts',(17.2461142238148,17.0599356178194,17.1194181220435));
#7326=CARTESIAN_POINT('Ctrl Pts',(17.3927899848002,16.9010368758582,17.2355661585345));
#7327=CARTESIAN_POINT('Ctrl Pts',(3.33827309573775,6.87835702122273,15.627790632042));
#7328=CARTESIAN_POINT('Ctrl Pts',(3.07596416938772,7.36596338805082,15.3313546180205));
#7329=CARTESIAN_POINT('Ctrl Pts',(2.63659975359066,8.4032075738727,14.772444804126));
#7330=CARTESIAN_POINT('Ctrl Pts',(2.27335747143381,10.1658844968797,14.2234026831828));
#7331=CARTESIAN_POINT('Ctrl Pts',(2.2967622908253,12.0401344393832,14.2625520573472));
#7332=CARTESIAN_POINT('Ctrl Pts',(2.69708480341778,13.7791584040579,14.8562626150578));
#7333=CARTESIAN_POINT('Ctrl Pts',(3.38427171524609,15.3146700024167,15.7132925029385));
#7334=CARTESIAN_POINT('Ctrl Pts',(4.6429973640176,17.1098473980618,16.9702100011128));
#7335=CARTESIAN_POINT('Ctrl Pts',(6.81450976753144,18.8938852010532,18.4709944583221));
#7336=CARTESIAN_POINT('Ctrl Pts',(10.3809610474894,19.9540521578125,19.4315262896988));
#7337=CARTESIAN_POINT('Ctrl Pts',(14.1326759037211,19.3843941587549,18.9101869451704));
#7338=CARTESIAN_POINT('Ctrl Pts',(16.0878423046786,18.1434311319757,17.8299758798887));
#7339=CARTESIAN_POINT('Ctrl Pts',(16.901036913083,17.3927899504389,17.2355661576054));
#7340=CARTESIAN_POINT('Ctrl Pts',(18.1275934313289,17.0310405618206,16.3992689786567));
#7341=CARTESIAN_POINT('Ctrl Pts',(18.9645152000828,16.19993074512,16.9441445581705));
#7342=CARTESIAN_POINT('Ctrl Pts',(20.3487978683333,14.2022587557164,17.9345749406949));
#7343=CARTESIAN_POINT('Ctrl Pts',(20.9842454072233,10.3638766370555,18.4134363408397));
#7344=CARTESIAN_POINT('Ctrl Pts',(19.8021613717215,6.72664901648527,17.5307718481646));
#7345=CARTESIAN_POINT('Ctrl Pts',(17.810937792433,4.5032522491242,16.1559803072812));
#7346=CARTESIAN_POINT('Ctrl Pts',(15.8103817090485,3.21713827790942,15.0037906815955));
#7347=CARTESIAN_POINT('Ctrl Pts',(14.0983063405558,2.51421435200154,14.218285713481));
#7348=CARTESIAN_POINT('Ctrl Pts',(12.1596222026362,2.10516982111833,13.6739920693757));
#7349=CARTESIAN_POINT('Ctrl Pts',(10.0699199641337,2.08113835023586,13.6381292354104));
#7350=CARTESIAN_POINT('Ctrl Pts',(8.1047109254595,2.45238399822427,14.141404040902));
#7351=CARTESIAN_POINT('Ctrl Pts',(6.9482580298414,2.90139249904347,14.653741773273));
#7352=CARTESIAN_POINT('Ctrl Pts',(6.40460495469661,3.16948026164001,14.9254747832838));
#7353=CARTESIAN_POINT('Ctrl Pts',(17.9482060474509,16.9152292310178,16.4751948848575));
#7354=CARTESIAN_POINT('Ctrl Pts',(18.7552138907964,16.0805342118918,17.0069678713345));
#7355=CARTESIAN_POINT('Ctrl Pts',(20.0747373011641,14.0902193872597,17.9561067017788));
#7356=CARTESIAN_POINT('Ctrl Pts',(20.6650848938766,10.3906472830897,18.3957088080483));
#7357=CARTESIAN_POINT('Ctrl Pts',(19.5598862822695,6.85392613743995,17.5766895024463));
#7358=CARTESIAN_POINT('Ctrl Pts',(17.6462967943897,4.61848081398977,16.2414587720392));
#7359=CARTESIAN_POINT('Ctrl Pts',(15.7024436197164,3.31394084599243,15.1006664691817));
#7360=CARTESIAN_POINT('Ctrl Pts',(14.0320939530062,2.59501791677477,14.3171749893432));
#7361=CARTESIAN_POINT('Ctrl Pts',(12.1355104758878,2.17563202002416,13.771063962079));
#7362=CARTESIAN_POINT('Ctrl Pts',(10.0892572197788,2.15079676779743,13.7350424612768));
#7363=CARTESIAN_POINT('Ctrl Pts',(8.16640222152148,2.53198697144775,14.239984746686));
#7364=CARTESIAN_POINT('Ctrl Pts',(7.03766279637603,2.99111563616862,14.7514832037869));
#7365=CARTESIAN_POINT('Ctrl Pts',(6.50806187102423,3.26433975824752,15.0216241050269));
#7366=CARTESIAN_POINT('Ctrl Pts',(17.6353993508583,16.7901950908409,16.7249058459768));
#7367=CARTESIAN_POINT('Ctrl Pts',(18.3910885839959,15.954342348225,17.2642892969619));
#7368=CARTESIAN_POINT('Ctrl Pts',(19.5991253809508,13.9743532296208,18.2145404716233));
#7369=CARTESIAN_POINT('Ctrl Pts',(20.1156523475576,10.4180660662276,18.6441700872873));
#7370=CARTESIAN_POINT('Ctrl Pts',(19.1380804212645,6.98618279810274,17.8394778725068));
#7371=CARTESIAN_POINT('Ctrl Pts',(17.3585194173226,4.74295760334509,16.4894832070861));
#7372=CARTESIAN_POINT('Ctrl Pts',(15.5135490717004,3.42600147708096,15.3253303258989));
#7373=CARTESIAN_POINT('Ctrl Pts',(13.9160358499448,2.69528825694942,14.5230362182493));
#7374=CARTESIAN_POINT('Ctrl Pts',(12.0932656939056,2.26840299204451,13.9629187615021));
#7375=CARTESIAN_POINT('Ctrl Pts',(10.1230414705352,2.24299125601821,13.9259112837527));
#7376=CARTESIAN_POINT('Ctrl Pts',(8.27435342810404,2.63139084372023,14.4440854588327));
#7377=CARTESIAN_POINT('Ctrl Pts',(7.19405025282054,3.09793858732448,14.9680022168248));
#7378=CARTESIAN_POINT('Ctrl Pts',(6.68890584795358,3.37481064655005,15.2442965690188));
#7379=CARTESIAN_POINT('Ctrl Pts',(17.4428235902872,16.8468338029424,17.0824423905886));
#7380=CARTESIAN_POINT('Ctrl Pts',(18.1878849786634,16.0257238953093,17.6603985096577));
#7381=CARTESIAN_POINT('Ctrl Pts',(19.4016418052767,14.0650185014237,18.7018757162091));
#7382=CARTESIAN_POINT('Ctrl Pts',(19.9422077524737,10.3945596192431,19.1966118036735));
#7383=CARTESIAN_POINT('Ctrl Pts',(18.9292631279085,6.89264064562745,18.2809393749653));
#7384=CARTESIAN_POINT('Ctrl Pts',(17.165290809801,4.69409508660284,16.8259950337531));
#7385=CARTESIAN_POINT('Ctrl Pts',(15.3657982215479,3.41294978656911,15.5968674635191));
#7386=CARTESIAN_POINT('Ctrl Pts',(13.8166031214793,2.70800552523252,14.7563213656033));
#7387=CARTESIAN_POINT('Ctrl Pts',(12.0551621335374,2.29685277976347,14.1726478242321));
#7388=CARTESIAN_POINT('Ctrl Pts',(10.1536773199592,2.27256065766868,14.1341575885313));
#7389=CARTESIAN_POINT('Ctrl Pts',(8.3676497075045,2.64610985251068,14.6739362548594));
#7390=CARTESIAN_POINT('Ctrl Pts',(7.32057336519824,3.09637382434538,15.2223596781005));
#7391=CARTESIAN_POINT('Ctrl Pts',(6.82971337607774,3.36444105251554,15.5127630432369));
#7392=CARTESIAN_POINT('Ctrl Pts',(17.3927899848002,16.9010368758582,17.2355661585345));
#7393=CARTESIAN_POINT('Ctrl Pts',(18.1434311588372,16.087842266078,17.8299758816405));
#7394=CARTESIAN_POINT('Ctrl Pts',(19.3850042736597,14.1332316222755,18.910445389849));
#7395=CARTESIAN_POINT('Ctrl Pts',(19.9549417569941,10.3775887620299,19.4328396445524));
#7396=CARTESIAN_POINT('Ctrl Pts',(18.8947220550492,6.81876436102214,18.4699329252704));
#7397=CARTESIAN_POINT('Ctrl Pts',(17.1087792571306,4.64329460926491,16.9701603352159));
#7398=CARTESIAN_POINT('Ctrl Pts',(15.3144660689404,3.38490380706414,15.7132261981042));
#7399=CARTESIAN_POINT('Ctrl Pts',(13.7788933157562,2.69713194328923,14.8563116874338));
#7400=CARTESIAN_POINT('Ctrl Pts',(12.0400735219521,2.29690467970715,14.2625368029553));
#7401=CARTESIAN_POINT('Ctrl Pts',(10.1658045039137,2.27339122553538,14.2234137113568));
#7402=CARTESIAN_POINT('Ctrl Pts',(8.40319433520594,2.63663439001513,14.7724407718931));
#7403=CARTESIAN_POINT('Ctrl Pts',(7.3659633875897,3.07596416963579,15.3313546617523));
#7404=CARTESIAN_POINT('Ctrl Pts',(6.87835702122273,3.33827309573774,15.6277906726733));
#7405=CARTESIAN_POINT('',(18.127593431329,17.0310405618206,16.3992689786567));
#7406=CARTESIAN_POINT('Ctrl Pts',(8.71552112732974,2.3585407792758,14.0060655215419));
#7407=CARTESIAN_POINT('Ctrl Pts',(8.8811505011542,2.32180981299396,13.9593043869284));
#7408=CARTESIAN_POINT('Ctrl Pts',(9.04921278849564,2.28882634069978,13.9165094550382));
#7409=CARTESIAN_POINT('Ctrl Pts',(9.21926994536882,2.25978811479989,13.8783824106876));
#7410=CARTESIAN_POINT('Ctrl Pts',(9.38525066496095,2.23144596373043,13.8411693090834));
#7411=CARTESIAN_POINT('Ctrl Pts',(9.55313174774993,2.20686283739106,13.8084033262797));
#7412=CARTESIAN_POINT('Ctrl Pts',(9.72255439064082,2.18622464579251,13.7807308719442));
#7413=CARTESIAN_POINT('Ctrl Pts',(9.83726538820624,2.17225114434181,13.7619946818592));
#7414=CARTESIAN_POINT('Ctrl Pts',(9.95268406769502,2.16008615581274,13.7455933708578));
#7415=CARTESIAN_POINT('Ctrl Pts',(10.0687122541158,2.14978534773374,13.7317246509359));
#7416=CARTESIAN_POINT('Ctrl Pts',(10.0761024324056,2.14912925880759,13.7308413111541));
#7417=CARTESIAN_POINT('Ctrl Pts',(10.0834948496772,2.14848085791888,13.7299684166008));
#7418=CARTESIAN_POINT('Ctrl Pts',(10.0908894937558,2.14784017921669,13.7291060457654));
#7419=CARTESIAN_POINT('Ctrl Pts',(10.2324945233461,2.13557139039909,13.7125919246852));
#7420=CARTESIAN_POINT('Ctrl Pts',(10.3749203764447,2.12613453566667,13.6999366255626));
#7421=CARTESIAN_POINT('Ctrl Pts',(10.5177946591665,2.11960939096014,13.6912254654358));
#7422=CARTESIAN_POINT('Ctrl Pts',(10.6583539309979,2.11318997403589,13.682655453388));
#7423=CARTESIAN_POINT('Ctrl Pts',(10.7993471781008,2.109588280576,13.6779027232649));
#7424=CARTESIAN_POINT('Ctrl Pts',(10.9403708129935,2.10888257564587,13.6770529416626));
#7425=CARTESIAN_POINT('Ctrl Pts',(11.1279435819559,2.10794393136887,13.6759226638317));
#7426=CARTESIAN_POINT('Ctrl Pts',(11.3155781773587,2.11188790197489,13.6813654250641));
#7427=CARTESIAN_POINT('Ctrl Pts',(11.5024514114777,2.12071179668742,13.693320367647));
#7428=CARTESIAN_POINT('Ctrl Pts',(11.5971047757598,2.12518119715855,13.6993756785672));
#7429=CARTESIAN_POINT('Ctrl Pts',(11.6915624894147,2.13090300153099,13.7071022853333));
#7430=CARTESIAN_POINT('Ctrl Pts',(11.7857150367918,2.13787969653207,13.7164957734659));
#7431=CARTESIAN_POINT('Ctrl Pts',(11.9024560093341,2.14653019173633,13.7281428820224));
#7432=CARTESIAN_POINT('Ctrl Pts',(12.0187744392779,2.15707634707587,13.7423066512282));
#7433=CARTESIAN_POINT('Ctrl Pts',(12.134393003093,2.16951814814201,13.7589731154325));
#7434=CARTESIAN_POINT('Ctrl Pts',(12.3197347633018,2.18946291508664,13.785690207482));
#7435=CARTESIAN_POINT('Ctrl Pts',(12.5032778096177,2.21428080011657,13.8188410589925));
#7436=CARTESIAN_POINT('Ctrl Pts',(12.6845747160009,2.24365727244088,13.8574968767889));
#7437=CARTESIAN_POINT('Ctrl Pts',(12.8162126550753,2.26498724630085,13.8855644940994));
#7438=CARTESIAN_POINT('Ctrl Pts',(12.9466662845967,2.28871967736385,13.9165331228798));
#7439=CARTESIAN_POINT('Ctrl Pts',(13.0757642637208,2.31472364334337,13.9500340578629));
#7440=CARTESIAN_POINT('Ctrl Pts',(13.4132413050569,2.3827010165084,14.0376093746635));
#7441=CARTESIAN_POINT('Ctrl Pts',(13.7420633491009,2.46626686412407,14.1425744166967));
#7442=CARTESIAN_POINT('Ctrl Pts',(14.0605021916303,2.56323876231685,14.2585411033997));
#7443=CARTESIAN_POINT('Ctrl Pts',(14.4393566448929,2.678608593396,14.3965094973887));
#7444=CARTESIAN_POINT('Ctrl Pts',(14.803515635866,2.81295381542065,14.5500520118839));
#7445=CARTESIAN_POINT('Ctrl Pts',(15.1536885114425,2.96501712970786,14.7126701331587));
#7446=CARTESIAN_POINT('Ctrl Pts',(15.3659139851932,3.05717649202736,14.811226332782));
#7447=CARTESIAN_POINT('Ctrl Pts',(15.5730016791398,3.15584474338361,14.9131168390171));
#7448=CARTESIAN_POINT('Ctrl Pts',(15.7751046298012,3.26074915678283,15.0168975060478));
#7449=CARTESIAN_POINT('Ctrl Pts',(15.9330273291005,3.34272118182356,15.097991438714));
#7450=CARTESIAN_POINT('Ctrl Pts',(16.087906366514,3.4285009881045,15.1802394743609));
#7451=CARTESIAN_POINT('Ctrl Pts',(16.2397830178925,3.51803258587734,15.2631991777658));
#7452=CARTESIAN_POINT('Ctrl Pts',(16.517096506819,3.68150945689207,15.4146763441552));
#7453=CARTESIAN_POINT('Ctrl Pts',(16.7840515177665,3.85733685622726,15.5683811511389));
#7454=CARTESIAN_POINT('Ctrl Pts',(17.0410071054217,4.04515310579037,15.721637921123));
#7455=CARTESIAN_POINT('Ctrl Pts',(17.1205066713279,4.10326163126227,15.7690540788999));
#7456=CARTESIAN_POINT('Ctrl Pts',(17.1990488721527,4.16251806412368,15.8164274721583));
#7457=CARTESIAN_POINT('Ctrl Pts',(17.2766438230403,4.22291250213587,15.8636790771316));
#7458=CARTESIAN_POINT('Ctrl Pts',(17.5315112525621,4.42128333680376,16.0188811226586));
#7459=CARTESIAN_POINT('Ctrl Pts',(17.7761614616901,4.63192850533778,16.1727698577025));
#7460=CARTESIAN_POINT('Ctrl Pts',(18.0093835097487,4.85488775451968,16.3231432353646));
#7461=CARTESIAN_POINT('Ctrl Pts',(18.2259523847083,5.06192664367748,16.4627792324552));
#7462=CARTESIAN_POINT('Ctrl Pts',(18.4326671749974,5.27958403968131,16.5993847506657));
#7463=CARTESIAN_POINT('Ctrl Pts',(18.6285304020814,5.50792444500024,16.7311830551122));
#7464=CARTESIAN_POINT('Ctrl Pts',(18.6877606224822,5.57697595984969,16.7710396567675));
#7465=CARTESIAN_POINT('Ctrl Pts',(18.7459982530008,5.64700466091307,16.8104565006307));
#7466=CARTESIAN_POINT('Ctrl Pts',(18.803215092164,5.71801295845619,16.8493840259296));
#7467=CARTESIAN_POINT('Ctrl Pts',(19.0061803100444,5.96990059840557,16.9874715849314));
#7468=CARTESIAN_POINT('Ctrl Pts',(19.1962332922635,6.23361908159868,17.1191297398249));
#7469=CARTESIAN_POINT('Ctrl Pts',(19.3718936641609,6.50909858270792,17.2421923384085));
#7470=CARTESIAN_POINT('Ctrl Pts',(19.4510050118641,6.63316500908478,17.2976154706758));
#7471=CARTESIAN_POINT('Ctrl Pts',(19.5271964779955,6.75961675661353,17.3512950977053));
#7472=CARTESIAN_POINT('Ctrl Pts',(19.6003300334265,6.88844524509646,17.4030328734907));
#7473=CARTESIAN_POINT('Ctrl Pts',(19.7457213223961,7.14455941712263,17.5058888315462));
#7474=CARTESIAN_POINT('Ctrl Pts',(19.8790272878531,7.41007011928224,17.6010705291517));
#7475=CARTESIAN_POINT('Ctrl Pts',(19.9986261306223,7.68306188756114,17.6871793578215));
#7476=CARTESIAN_POINT('Ctrl Pts',(20.0203554873683,7.73266049056011,17.7028240698757));
#7477=CARTESIAN_POINT('Ctrl Pts',(20.0416323662631,7.78250590197614,17.7181692812505));
#7478=CARTESIAN_POINT('Ctrl Pts',(20.0624470436252,7.83258643507984,17.7332066044511));
#7479=CARTESIAN_POINT('Ctrl Pts',(20.1733760292399,8.09948380944608,17.8133459686116));
#7480=CARTESIAN_POINT('Ctrl Pts',(20.2714142398615,8.37364995012681,17.8849207957984));
#7481=CARTESIAN_POINT('Ctrl Pts',(20.3552195989403,8.65351785498265,17.9465662462324));
#7482=CARTESIAN_POINT('Ctrl Pts',(20.4315101095808,8.90828993170926,18.0026839330243));
#7483=CARTESIAN_POINT('Ctrl Pts',(20.4960061045307,9.1677870376829,18.0505732829678));
#7484=CARTESIAN_POINT('Ctrl Pts',(20.5476616059102,9.43082928918192,18.0891776225857));
#7485=CARTESIAN_POINT('Ctrl Pts',(20.5682471668812,9.53565592258108,18.1045620824346));
#7486=CARTESIAN_POINT('Ctrl Pts',(20.5867930422446,9.64104560563107,18.1184716065387));
#7487=CARTESIAN_POINT('Ctrl Pts',(20.6032311596012,9.74692373801971,18.1308378182076));
#7488=CARTESIAN_POINT('Ctrl Pts',(20.6331336020732,9.93952576744443,18.153333090933));
#7489=CARTESIAN_POINT('Ctrl Pts',(20.6563776279761,10.133606528755,18.170703371243));
#7490=CARTESIAN_POINT('Ctrl Pts',(20.6725080713949,10.3285329756545,18.182549431237));
#7491=CARTESIAN_POINT('Ctrl Pts',(20.6744131918486,10.3515551797763,18.1839485354405));
#7492=CARTESIAN_POINT('Ctrl Pts',(20.6762191293077,10.3745891649436,18.1852706152998));
#7493=CARTESIAN_POINT('Ctrl Pts',(20.6779251722354,10.3976338764103,18.186515041687));
#7494=CARTESIAN_POINT('Ctrl Pts',(20.6921482234025,10.5897545464161,18.1968896576423));
#7495=CARTESIAN_POINT('Ctrl Pts',(20.6994248622966,10.7826213046041,18.2018645690699));
#7496=CARTESIAN_POINT('Ctrl Pts',(20.6999684941611,10.9754508701006,18.2016718570844));
#7497=CARTESIAN_POINT('Ctrl Pts',(20.7000492209813,11.0040851696543,18.2016432402449));
#7498=CARTESIAN_POINT('Ctrl Pts',(20.6999815539624,11.0327186388285,18.201500728174));
#7499=CARTESIAN_POINT('Ctrl Pts',(20.6997662704275,11.0613487042301,18.2012451387687));
#7500=CARTESIAN_POINT('Ctrl Pts',(20.698201881358,11.2693932321406,18.1993878612383));
#7501=CARTESIAN_POINT('Ctrl Pts',(20.688241470263,11.4772657893807,18.1915585920855));
#7502=CARTESIAN_POINT('Ctrl Pts',(20.6703783147091,11.6841794770232,18.1780687324288));
#7503=CARTESIAN_POINT('Ctrl Pts',(20.6529249745751,11.8863461635254,18.1648883563056));
#7504=CARTESIAN_POINT('Ctrl Pts',(20.6279281467648,12.0875977677942,18.1463049118678));
#7505=CARTESIAN_POINT('Ctrl Pts',(20.595832982468,12.2872470501747,18.1225982310492));
#7506=CARTESIAN_POINT('Ctrl Pts',(20.5898568953846,12.324421544333,18.1181840710928));
#7507=CARTESIAN_POINT('Ctrl Pts',(20.5836346477013,12.3615406096693,18.1135922410921));
#7508=CARTESIAN_POINT('Ctrl Pts',(20.5771690227391,12.3985999752274,18.1088244772487));
#7509=CARTESIAN_POINT('Ctrl Pts',(20.5404190834809,12.609241551436,18.0817250038537));
#7510=CARTESIAN_POINT('Ctrl Pts',(20.4956956716758,12.8180175168355,18.0489359472139));
#7511=CARTESIAN_POINT('Ctrl Pts',(20.4433427365192,13.0241904055383,18.0107429375078));
#7512=CARTESIAN_POINT('Ctrl Pts',(20.391038868803,13.2301700600717,17.9725857239461));
#7513=CARTESIAN_POINT('Ctrl Pts',(20.3311197583761,13.4335523628538,17.9290346356159));
#7514=CARTESIAN_POINT('Ctrl Pts',(20.2638866329029,13.6336018366506,17.8803440013144));
#7515=CARTESIAN_POINT('Ctrl Pts',(20.2153499970512,13.7780206539173,17.8451934773747));
#7516=CARTESIAN_POINT('Ctrl Pts',(20.1630006958951,13.920702593726,17.8073637669833));
#7517=CARTESIAN_POINT('Ctrl Pts',(20.1069386919135,14.0613668286269,17.7669410308533));
#7518=CARTESIAN_POINT('Ctrl Pts',(20.0650378632337,14.1664994958411,17.7367290152089));
#7519=CARTESIAN_POINT('Ctrl Pts',(20.0210628306764,14.2705049254442,17.7050683043877));
#7520=CARTESIAN_POINT('Ctrl Pts',(19.9750771557,14.3733789931313,17.6720388445938));
#7521=CARTESIAN_POINT('Ctrl Pts',(19.8708404619087,14.6065657996331,17.5971702754491));
#7522=CARTESIAN_POINT('Ctrl Pts',(19.7568044029372,14.833442435585,17.5154294302413));
#7523=CARTESIAN_POINT('Ctrl Pts',(19.6337002845941,15.0538018254756,17.427891991286));
#7524=CARTESIAN_POINT('Ctrl Pts',(19.4935243901027,15.3047201132083,17.3282150757432));
#7525=CARTESIAN_POINT('Ctrl Pts',(19.3415893277282,15.5471870508816,17.2210214399456));
#7526=CARTESIAN_POINT('Ctrl Pts',(19.1789877822152,15.7808340067743,17.1079101063618));
#7527=CARTESIAN_POINT('Ctrl Pts',(19.0104748590497,16.0229751955432,16.9906866113133));
#7528=CARTESIAN_POINT('Ctrl Pts',(18.8305045406851,16.2556413455479,16.8671068767512));
#7529=CARTESIAN_POINT('Ctrl Pts',(18.64033002748,16.4783873680092,16.7389733134521));
#7530=CARTESIAN_POINT('Ctrl Pts',(18.4766965488651,16.6700466281733,16.6287222585837));
#7531=CARTESIAN_POINT('Ctrl Pts',(18.3055089818548,16.8543605349576,16.5151004007997));
#7532=CARTESIAN_POINT('Ctrl Pts',(18.127593431329,17.0310405618206,16.3992689786567));
#7533=CARTESIAN_POINT('Origin',(18.1275934313289,17.5793169765316,17.2355661585345));
#7534=CARTESIAN_POINT('Origin',(11.0000000400862,8.8,7.2));
#7535=CARTESIAN_POINT('',(1.09999998496766,8.8,11.9947887240891));
#7536=CARTESIAN_POINT('Origin',(3.8,8.8,10.6871190720648));
#7537=CARTESIAN_POINT('Origin',(11.0000000400862,8.8,7.2));
#7538=CARTESIAN_POINT('Ctrl Pts',(3.33827309573802,6.87835702122223,15.6277906320408));
#7539=CARTESIAN_POINT('Ctrl Pts',(3.22543991409774,7.0881027531832,15.3781489203866));
#7540=CARTESIAN_POINT('Ctrl Pts',(2.84466244984433,7.78948779552051,14.7244108345792));
#7541=CARTESIAN_POINT('Ctrl Pts',(2.52921098748661,8.44769936639097,14.2229553938251));
#7542=CARTESIAN_POINT('Ctrl Pts',(2.35844587963747,8.71552111824387,14.0061399994439));
#7543=CARTESIAN_POINT('Ctrl Pts',(3.50775333233843,6.56331001322322,15.6277906320402));
#7544=CARTESIAN_POINT('Ctrl Pts',(3.39128411040689,6.71958096409416,15.3301031658562));
#7545=CARTESIAN_POINT('Ctrl Pts',(2.96348665310124,7.24358941262054,14.5904993536931));
#7546=CARTESIAN_POINT('Ctrl Pts',(2.51081212142129,7.72656289149529,14.0919249190462));
#7547=CARTESIAN_POINT('Ctrl Pts',(2.30072300768716,7.90573698858612,13.9328509803676));
#7548=CARTESIAN_POINT('Ctrl Pts',(3.90398060843142,6.06575972379197,15.6277906320391));
#7549=CARTESIAN_POINT('Ctrl Pts',(3.81130153209615,6.13460263160159,15.234982602231));
#7550=CARTESIAN_POINT('Ctrl Pts',(3.41987898153403,6.36671261667643,14.3076759470986));
#7551=CARTESIAN_POINT('Ctrl Pts',(2.90575024644813,6.50417666705008,13.645834541594));
#7552=CARTESIAN_POINT('Ctrl Pts',(2.6826325537181,6.49842522588444,13.4256795702819));
#7553=CARTESIAN_POINT('Ctrl Pts',(4.43064516558159,5.71683968931746,15.6277906320378));
#7554=CARTESIAN_POINT('Ctrl Pts',(4.40003186808286,5.73165643980379,15.1311757329119));
#7555=CARTESIAN_POINT('Ctrl Pts',(4.20060689822935,5.81273554462307,13.9822969840025));
#7556=CARTESIAN_POINT('Ctrl Pts',(3.88119094944939,5.86372338399852,12.9927908008677));
#7557=CARTESIAN_POINT('Ctrl Pts',(3.69703242420697,5.85354409418503,12.5321626603614));
#7558=CARTESIAN_POINT('Ctrl Pts',(4.67209915612481,5.59984528831964,15.6277906320373));
#7559=CARTESIAN_POINT('Ctrl Pts',(4.67209915612441,5.59984528831983,15.0866933852392));
#7560=CARTESIAN_POINT('Ctrl Pts',(4.57011441481045,5.65062923502781,13.8427559304707));
#7561=CARTESIAN_POINT('Ctrl Pts',(4.34347929134264,5.73318050797797,12.7129741717736));
#7562=CARTESIAN_POINT('Ctrl Pts',(4.16609335117667,5.76620844729755,12.1499199995956));
#7563=CARTESIAN_POINT('',(2.35844587963747,8.71552111824387,14.0061399994439));
#7564=CARTESIAN_POINT('Origin',(4.71523337794168,8.71552111824387,12.1499199995956));
#7565=CARTESIAN_POINT('Ctrl Pts',(3.33827309573802,6.87835702122223,15.6277906320408));
#7566=CARTESIAN_POINT('Ctrl Pts',(3.22543991409774,7.0881027531832,15.3781489203866));
#7567=CARTESIAN_POINT('Ctrl Pts',(2.84466244984433,7.78948779552051,14.7244108345792));
#7568=CARTESIAN_POINT('Ctrl Pts',(2.52921098748661,8.44769936639097,14.2229553938251));
#7569=CARTESIAN_POINT('Ctrl Pts',(2.35844587963747,8.71552111824387,14.0061399994439));
#7570=CARTESIAN_POINT('Ctrl Pts',(3.8,5.8,10.6871190720648));
#7571=CARTESIAN_POINT('Ctrl Pts',(3.9006553176443,5.8,11.2066871425098));
#7572=CARTESIAN_POINT('Ctrl Pts',(4.02416073952146,5.79263524121837,11.6994009275325));
#7573=CARTESIAN_POINT('Ctrl Pts',(4.16609335117668,5.76620844729755,12.1499199995956));
#7574=CARTESIAN_POINT('Ctrl Pts',(2.99216188457925,5.8,11.0783729170288));
#7575=CARTESIAN_POINT('Ctrl Pts',(3.1444833935003,5.84179491354684,11.6449625183067));
#7576=CARTESIAN_POINT('Ctrl Pts',(3.3297619151087,5.87428208752273,12.1764013368324));
#7577=CARTESIAN_POINT('Ctrl Pts',(3.54067878188374,5.88265597648086,12.6595768806167));
#7578=CARTESIAN_POINT('Ctrl Pts',(1.59273526695869,6.55208557754333,11.7561461421802));
#7579=CARTESIAN_POINT('Ctrl Pts',(1.87021646259224,6.61690179670115,12.4049556589171));
#7580=CARTESIAN_POINT('Ctrl Pts',(2.20117857673314,6.67298807221743,13.0042738598656));
#7581=CARTESIAN_POINT('Ctrl Pts',(2.56606499944286,6.68840663131577,13.5453489594374));
#7582=CARTESIAN_POINT('Ctrl Pts',(1.09999998496766,8.12680157423076,11.9947887240891));
#7583=CARTESIAN_POINT('Ctrl Pts',(1.43995709659707,8.14593169909825,12.6959360570536));
#7584=CARTESIAN_POINT('Ctrl Pts',(1.8504877196398,8.15007213354446,13.3534867314608));
#7585=CARTESIAN_POINT('Ctrl Pts',(2.31515372567474,8.10818302100056,13.9511732351367));
#7586=CARTESIAN_POINT('Ctrl Pts',(1.09999998496766,8.8,11.9947887240891));
#7587=CARTESIAN_POINT('Ctrl Pts',(1.44600263936998,8.8,12.709194820951));
#7588=CARTESIAN_POINT('Ctrl Pts',(1.87055252707268,8.78158810304593,13.3866762753571));
#7589=CARTESIAN_POINT('Ctrl Pts',(2.35844587963748,8.71552111824387,14.0061399994439));
#7590=CARTESIAN_POINT('Ctrl Pts',(2.35844587963748,8.71552111824387,14.0061399994439));
#7591=CARTESIAN_POINT('Ctrl Pts',(1.87055252707268,8.78158810304593,13.3866762753571));
#7592=CARTESIAN_POINT('Ctrl Pts',(1.44600263936998,8.8,12.709194820951));
#7593=CARTESIAN_POINT('Ctrl Pts',(1.09999998496766,8.8,11.9947887240891));
#7594=CARTESIAN_POINT('Origin',(11.0000000400862,38.2,7.2));
#7595=CARTESIAN_POINT('',(17.0310406031871,18.1275933930192,16.3992689777747));
#7596=CARTESIAN_POINT('Ctrl Pts',(17.0310406032059,18.1275933930181,16.399268977805));
#7597=CARTESIAN_POINT('Ctrl Pts',(16.8194924204368,18.3406209349994,16.5379599623183));
#7598=CARTESIAN_POINT('Ctrl Pts',(16.5969925074265,18.543994278989,16.6734682075944));
#7599=CARTESIAN_POINT('Ctrl Pts',(16.3640421766074,18.7363091496148,16.8038111478914));
#7600=CARTESIAN_POINT('Ctrl Pts',(16.135556017398,18.924938571147,16.9316562456159));
#7601=CARTESIAN_POINT('Ctrl Pts',(15.8970176087311,19.1029298567797,17.0545319030425));
#7602=CARTESIAN_POINT('Ctrl Pts',(15.6488848774132,19.2690000595731,17.1705879781489));
#7603=CARTESIAN_POINT('Ctrl Pts',(15.4285702224304,19.4164521882667,17.2736330460443));
#7604=CARTESIAN_POINT('Ctrl Pts',(15.2006929798535,19.5545076301275,17.3713025295274));
#7605=CARTESIAN_POINT('Ctrl Pts',(14.9655443662962,19.6822875945614,17.4623134265706));
#7606=CARTESIAN_POINT('Ctrl Pts',(14.7729647675515,19.7869355187231,17.5368485971966));
#7607=CARTESIAN_POINT('Ctrl Pts',(14.575508216296,19.8846922405539,17.6069181930408));
#7608=CARTESIAN_POINT('Ctrl Pts',(14.373308402255,19.9750770001896,17.6718195187601));
#7609=CARTESIAN_POINT('Ctrl Pts',(14.270580249215,20.0209972175963,17.7047928098217));
#7610=CARTESIAN_POINT('Ctrl Pts',(14.1667180049131,20.0649023010377,17.7364029201731));
#7611=CARTESIAN_POINT('Ctrl Pts',(14.0617301261707,20.1067309726226,17.7665681889177));
#7612=CARTESIAN_POINT('Ctrl Pts',(13.8587947784288,20.1875833159155,17.8248758657251));
#7613=CARTESIAN_POINT('Ctrl Pts',(13.6516552862288,20.2606801025013,17.8777870607437));
#7614=CARTESIAN_POINT('Ctrl Pts',(13.4411619983563,20.325733170229,17.925031993798));
#7615=CARTESIAN_POINT('Ctrl Pts',(13.2308440415353,20.3907320517976,17.9722375740355));
#7616=CARTESIAN_POINT('Ctrl Pts',(13.0171770249273,20.4477007770816,18.0137864982766));
#7617=CARTESIAN_POINT('Ctrl Pts',(12.8009930475764,20.4963119947189,18.0493812026546));
#7618=CARTESIAN_POINT('Ctrl Pts',(12.6677037428109,20.5262834823475,18.0713272943957));
#7619=CARTESIAN_POINT('Ctrl Pts',(12.5334573794154,20.5530771515589,18.0910093777794));
#7620=CARTESIAN_POINT('Ctrl Pts',(12.3984479797734,20.5766083091815,18.1083519165771));
#7621=CARTESIAN_POINT('Ctrl Pts',(12.1905005100614,20.6128520425807,18.1350636645809));
#7622=CARTESIAN_POINT('Ctrl Pts',(11.9806774093799,20.6414475649243,18.1562337983269));
#7623=CARTESIAN_POINT('Ctrl Pts',(11.7697514118912,20.6619218554006,18.1715526808392));
#7624=CARTESIAN_POINT('Ctrl Pts',(11.5545757123997,20.6828086584846,18.1871802056548));
#7625=CARTESIAN_POINT('Ctrl Pts',(11.3382518332207,20.6952428478641,18.1967175807679));
#7626=CARTESIAN_POINT('Ctrl Pts',(11.1216494096828,20.6987045522485,18.1998227407605));
#7627=CARTESIAN_POINT('Ctrl Pts',(11.1015484665571,20.6990258022225,18.2001109030229));
#7628=CARTESIAN_POINT('Ctrl Pts',(11.0814451607431,20.6992697741822,18.2003436667705));
#7629=CARTESIAN_POINT('Ctrl Pts',(11.0613402093229,20.6994360495447,18.2005207570771));
#7630=CARTESIAN_POINT('Ctrl Pts',(10.8705598741483,20.7010138732717,18.202201206204));
#7631=CARTESIAN_POINT('Ctrl Pts',(10.679629582272,20.6959709386282,18.1988667860221));
#7632=CARTESIAN_POINT('Ctrl Pts',(10.4893018044127,20.6841197300417,18.1902961286642));
#7633=CARTESIAN_POINT('Ctrl Pts',(10.4591986432394,20.6822452856165,18.1889405520757));
#7634=CARTESIAN_POINT('Ctrl Pts',(10.4291105307348,20.6802006078564,18.187454046321));
#7635=CARTESIAN_POINT('Ctrl Pts',(10.3990404147447,20.677985047832,18.185835804007));
#7636=CARTESIAN_POINT('Ctrl Pts',(10.20329041774,20.6635622279036,18.1753013940885));
#7637=CARTESIAN_POINT('Ctrl Pts',(10.0083046675573,20.6418946191376,18.1591819484273));
#7638=CARTESIAN_POINT('Ctrl Pts',(9.81473484509189,20.6134652462381,18.1378779162893));
#7639=CARTESIAN_POINT('Ctrl Pts',(9.79213628037247,20.6101462215305,18.1353907489048));
#7640=CARTESIAN_POINT('Ctrl Pts',(9.76955699110984,20.6067350788348,18.132832948626));
#7641=CARTESIAN_POINT('Ctrl Pts',(9.74699799518374,20.6032326195383,18.1302051767456));
#7642=CARTESIAN_POINT('Ctrl Pts',(9.52082547181622,20.5681175789727,18.1038595982911));
#7643=CARTESIAN_POINT('Ctrl Pts',(9.29688449273363,20.5232954134374,18.0705036535619));
#7644=CARTESIAN_POINT('Ctrl Pts',(9.07589887076964,20.4695110858102,18.0307933357341));
#7645=CARTESIAN_POINT('Ctrl Pts',(8.85174102610338,20.4149546904637,17.9905129809483));
#7646=CARTESIAN_POINT('Ctrl Pts',(8.63062347890197,20.351177166394,17.9436946503813));
#7647=CARTESIAN_POINT('Ctrl Pts',(8.41328104520793,20.2789161467625,17.8909923135943));
#7648=CARTESIAN_POINT('Ctrl Pts',(8.21641699653387,20.2134636870464,17.8432556833462));
#7649=CARTESIAN_POINT('Ctrl Pts',(8.02264955630773,20.141050548907,17.7906911711663));
#7650=CARTESIAN_POINT('Ctrl Pts',(7.83251652853865,20.0621962176585,17.733762991035));
#7651=CARTESIAN_POINT('Ctrl Pts',(7.58269804575778,19.9585883930509,17.6589642474672));
#7652=CARTESIAN_POINT('Ctrl Pts',(7.33870201285392,19.8433939944096,17.5764925965727));
#7653=CARTESIAN_POINT('Ctrl Pts',(7.10202418793268,19.7178719970962,17.4873699954799));
#7654=CARTESIAN_POINT('Ctrl Pts',(7.02943111661589,19.6793722884487,17.4600345941206));
#7655=CARTESIAN_POINT('Ctrl Pts',(6.95752611994458,19.6399009900021,17.4320734804025));
#7656=CARTESIAN_POINT('Ctrl Pts',(6.88635143978275,19.5994942765056,17.4035160192699));
#7657=CARTESIAN_POINT('Ctrl Pts',(6.62530619856904,19.4512957844666,17.2987766749855));
#7658=CARTESIAN_POINT('Ctrl Pts',(6.37408867791759,19.2905173314984,17.186016078595));
#7659=CARTESIAN_POINT('Ctrl Pts',(6.13271317043792,19.1183397311334,17.0668792289327));
#7660=CARTESIAN_POINT('Ctrl Pts',(5.99086595273372,19.017157495132,16.9968670274998));
#7661=CARTESIAN_POINT('Ctrl Pts',(5.85241666161292,18.9120378907693,16.9246526004729));
#7662=CARTESIAN_POINT('Ctrl Pts',(5.71736448723625,18.8032133875993,16.8505685377823));
#7663=CARTESIAN_POINT('Ctrl Pts',(5.46827525542656,18.6024982786291,16.7139284403525));
#7664=CARTESIAN_POINT('Ctrl Pts',(5.23126548857586,18.3893201475691,16.571218450501));
#7665=CARTESIAN_POINT('Ctrl Pts',(5.00622004543149,18.1647891551884,16.4246005938022));
#7666=CARTESIAN_POINT('Ctrl Pts',(4.74511620350819,17.9042821930286,16.2544905700501));
#7667=CARTESIAN_POINT('Ctrl Pts',(4.50011860069903,17.6284918161289,16.0791191496057));
#7668=CARTESIAN_POINT('Ctrl Pts',(4.27111136724685,17.3391387657576,15.9018507091691));
#7669=CARTESIAN_POINT('Ctrl Pts',(4.25480005265087,17.318529248046,15.8892245520984));
#7670=CARTESIAN_POINT('Ctrl Pts',(4.23856988111073,17.2978509239239,15.8765887704325));
#7671=CARTESIAN_POINT('Ctrl Pts',(4.22242082012447,17.2771044153099,15.8639445799698));
#7672=CARTESIAN_POINT('Ctrl Pts',(3.99960330414884,16.9908533745549,15.6894856988733));
#7673=CARTESIAN_POINT('Ctrl Pts',(3.79222301300991,16.6916216988716,15.5134248737388));
#7674=CARTESIAN_POINT('Ctrl Pts',(3.60093315139498,16.3789646170957,15.3397709442256));
#7675=CARTESIAN_POINT('Ctrl Pts',(3.57278307064253,16.3329542220569,15.3142161547688));
#7676=CARTESIAN_POINT('Ctrl Pts',(3.54498152753989,16.286653090647,15.2887135229224));
#7677=CARTESIAN_POINT('Ctrl Pts',(3.51753069331526,16.2400598066689,15.2632758685887));
#7678=CARTESIAN_POINT('Ctrl Pts',(3.42803989734478,16.088163873891,15.1803481180031));
#7679=CARTESIAN_POINT('Ctrl Pts',(3.34228866871568,15.9332717009584,15.0981223055018));
#7680=CARTESIAN_POINT('Ctrl Pts',(3.26034902979477,15.7753481044785,15.0170413252835));
#7681=CARTESIAN_POINT('Ctrl Pts',(3.06074466453698,15.3906473705027,14.8195286463888));
#7682=CARTESIAN_POINT('Ctrl Pts',(2.88375574896394,14.987957987321,14.6288085585891));
#7683=CARTESIAN_POINT('Ctrl Pts',(2.73123380425477,14.5661366980612,14.4549031941003));
#7684=CARTESIAN_POINT('Ctrl Pts',(2.67139020841635,14.4006306602341,14.3866695876743));
#7685=CARTESIAN_POINT('Ctrl Pts',(2.61531366047292,14.2321793208523,14.321024726917));
#7686=CARTESIAN_POINT('Ctrl Pts',(2.56311794520031,14.0607135175646,14.258575401609));
#7687=CARTESIAN_POINT('Ctrl Pts',(2.46616471668362,13.7422168148731,14.1425761538608));
#7688=CARTESIAN_POINT('Ctrl Pts',(2.38259990897384,13.4133190073961,14.037600212527));
#7689=CARTESIAN_POINT('Ctrl Pts',(2.31463477231937,13.0757809610588,13.9500439227038));
#7690=CARTESIAN_POINT('Ctrl Pts',(2.27875834150662,12.8976063709354,13.9038260038017));
#7691=CARTESIAN_POINT('Ctrl Pts',(2.24720196990572,12.7168540935059,13.8624273128425));
#7692=CARTESIAN_POINT('Ctrl Pts',(2.22030895286142,12.5339729750063,13.8268108184818));
#7693=CARTESIAN_POINT('Ctrl Pts',(2.20088240662495,12.4018662463912,13.8010827466429));
#7694=CARTESIAN_POINT('Ctrl Pts',(2.18388876166499,12.2686487689548,13.7783714260879));
#7695=CARTESIAN_POINT('Ctrl Pts',(2.16944671849349,12.1344893871038,13.7590262682144));
#7696=CARTESIAN_POINT('Ctrl Pts',(2.15699733222885,12.0188407945982,13.742350279931));
#7697=CARTESIAN_POINT('Ctrl Pts',(2.14644385963968,11.9024924099304,13.7281754157136));
#7698=CARTESIAN_POINT('Ctrl Pts',(2.13778610253449,11.7857205163778,13.716515825974));
#7699=CARTESIAN_POINT('Ctrl Pts',(2.12411607112846,11.6013453447474,13.6981060974513));
#7700=CARTESIAN_POINT('Ctrl Pts',(2.11526676887102,11.4157983355337,13.6860968064847));
#7701=CARTESIAN_POINT('Ctrl Pts',(2.11121992504591,11.2298987841216,13.6805226946775));
#7702=CARTESIAN_POINT('Ctrl Pts',(2.10912027897476,11.1334475051446,13.6776306478227));
#7703=CARTESIAN_POINT('Ctrl Pts',(2.10831388496211,11.036900799267,13.6764714472899));
#7704=CARTESIAN_POINT('Ctrl Pts',(2.10880112758883,10.940370301981,13.6770535963497));
#7705=CARTESIAN_POINT('Ctrl Pts',(2.10951875382441,10.798197155407,13.677911003759));
#7706=CARTESIAN_POINT('Ctrl Pts',(2.11318406819531,10.6560555802357,13.682740772007));
#7707=CARTESIAN_POINT('Ctrl Pts',(2.11971186227468,10.5143591803087,13.6914491068745));
#7708=CARTESIAN_POINT('Ctrl Pts',(2.12623965635405,10.3726627803818,13.700157441742));
#7709=CARTESIAN_POINT('Ctrl Pts',(2.13563035513984,10.2314114609198,13.7127444391783));
#7710=CARTESIAN_POINT('Ctrl Pts',(2.1478009344734,10.0909663254161,13.7291207238886));
#7711=CARTESIAN_POINT('Ctrl Pts',(2.14844395308154,10.083546067672,13.7299859461194));
#7712=CARTESIAN_POINT('Ctrl Pts',(2.14909473105479,10.0761280483608,13.7308617466861));
#7713=CARTESIAN_POINT('Ctrl Pts',(2.14975323319976,10.068712279418,13.7317480453234));
#7714=CARTESIAN_POINT('Ctrl Pts',(2.16490688423922,9.89805835580256,13.7521438183196));
#7715=CARTESIAN_POINT('Ctrl Pts',(2.18409278583293,9.72872064089698,13.7780195895809));
#7716=CARTESIAN_POINT('Ctrl Pts',(2.20713235203665,9.56101965888005,13.8087438454443));
#7717=CARTESIAN_POINT('Ctrl Pts',(2.23078204032834,9.38887770465042,13.8402817254433));
#7718=CARTESIAN_POINT('Ctrl Pts',(2.25849138973143,9.21846030176259,13.8769278849645));
#7719=CARTESIAN_POINT('Ctrl Pts',(2.29006182210236,9.05016792188074,13.9179888779663));
#7720=CARTESIAN_POINT('Ctrl Pts',(2.3111743763587,8.93762331180263,13.945448192821));
#7721=CARTESIAN_POINT('Ctrl Pts',(2.33401361150425,8.82603017273448,13.9748817072687));
#7722=CARTESIAN_POINT('Ctrl Pts',(2.35852128852776,8.71552112064299,14.0060807722971));
#7723=CARTESIAN_POINT('',(22.0000000400862,24.,7.2));
#7724=CARTESIAN_POINT('Origin',(11.0000000400862,11.,7.2));
#7725=CARTESIAN_POINT('',(22.0000000400862,38.1999999884568,7.2));
#7726=CARTESIAN_POINT('Ctrl Pts',(3.16948026498054,6.40460495469661,14.9254747460385));
#7727=CARTESIAN_POINT('Ctrl Pts',(2.90139250213047,6.94825803035552,14.6537417331854));
#7728=CARTESIAN_POINT('Ctrl Pts',(2.45234860207734,8.10472568581208,14.1414077371155));
#7729=CARTESIAN_POINT('Ctrl Pts',(2.08110385584998,10.0700091516934,13.6381191262509));
#7730=CARTESIAN_POINT('Ctrl Pts',(2.10502429865718,12.1596901220709,13.6740060525683));
#7731=CARTESIAN_POINT('Ctrl Pts',(2.51416617694853,14.0986018987772,14.2182407304697));
#7732=CARTESIAN_POINT('Ctrl Pts',(3.21649226403743,15.8106090831543,15.003851461027));
#7733=CARTESIAN_POINT('Ctrl Pts',(4.50294845871099,17.8121287081838,16.1560258343534));
#7734=CARTESIAN_POINT('Ctrl Pts',(6.7223006948693,19.8012283276111,17.5317449201286));
#7735=CARTESIAN_POINT('Ctrl Pts',(10.3673232195007,20.9832535552622,18.4122324322239));
#7736=CARTESIAN_POINT('Ctrl Pts',(14.2016907976609,20.3481176252785,17.9343380330728));
#7737=CARTESIAN_POINT('Ctrl Pts',(16.1999307879115,18.9645151701338,16.9441445565647));
#7738=CARTESIAN_POINT('Ctrl Pts',(17.0310406032059,18.1275933930181,16.399268977805));
#7739=CARTESIAN_POINT('Ctrl Pts',(3.2643397605606,6.50806187090121,15.0216240676549));
#7740=CARTESIAN_POINT('Ctrl Pts',(2.99111563818171,7.03766279676957,14.7514831635064));
#7741=CARTESIAN_POINT('Ctrl Pts',(2.53196419580819,8.16641855141589,14.2399929855776));
#7742=CARTESIAN_POINT('Ctrl Pts',(2.15078550869978,10.0893371405199,13.7350162881606));
#7743=CARTESIAN_POINT('Ctrl Pts',(2.1755394286519,12.1355838077902,13.7710946494085));
#7744=CARTESIAN_POINT('Ctrl Pts',(2.59502741985396,14.0323518275697,14.3170605756944));
#7745=CARTESIAN_POINT('Ctrl Pts',(3.31351105858712,15.7027078766345,15.1008271567358));
#7746=CARTESIAN_POINT('Ctrl Pts',(4.61862629892662,17.6472785321544,16.2411314929138));
#7747=CARTESIAN_POINT('Ctrl Pts',(6.85095890922303,19.5592423219383,17.5779988055009));
#7748=CARTESIAN_POINT('Ctrl Pts',(10.3928827019381,20.6641960890375,18.3947545460652));
#7749=CARTESIAN_POINT('Ctrl Pts',(14.0897551332653,20.074145877811,17.9559317510003));
#7750=CARTESIAN_POINT('Ctrl Pts',(16.0805342539808,18.7552138618904,17.006967870162));
#7751=CARTESIAN_POINT('Ctrl Pts',(16.9152292718272,17.9482060103105,16.4751948844068));
#7752=CARTESIAN_POINT('Ctrl Pts',(3.37481064728896,6.68890584761902,15.2442965306934));
#7753=CARTESIAN_POINT('Ctrl Pts',(3.09793858774025,7.19405025300532,14.9680021754946));
#7754=CARTESIAN_POINT('Ctrl Pts',(2.63138513208169,8.27436590566726,14.4440874561356));
#7755=CARTESIAN_POINT('Ctrl Pts',(2.24300539380834,10.1231205690812,13.9258984145776));
#7756=CARTESIAN_POINT('Ctrl Pts',(2.26838140719692,12.0933234704919,13.9629256572013));
#7757=CARTESIAN_POINT('Ctrl Pts',(2.69535323699214,13.9162993125076,14.522984874978));
#7758=CARTESIAN_POINT('Ctrl Pts',(3.42587958665148,15.5137401675629,15.3253601459783));
#7759=CARTESIAN_POINT('Ctrl Pts',(4.74365547554586,17.3594335531534,16.4893929340586));
#7760=CARTESIAN_POINT('Ctrl Pts',(6.98399478088033,19.1378597864407,17.8410589185095));
#7761=CARTESIAN_POINT('Ctrl Pts',(10.4191987691475,20.1146117303968,18.64277639627));
#7762=CARTESIAN_POINT('Ctrl Pts',(13.9740309921751,19.5987741155274,18.2145498494495));
#7763=CARTESIAN_POINT('Ctrl Pts',(15.9543423888205,18.391088556889,17.2642892959555));
#7764=CARTESIAN_POINT('Ctrl Pts',(16.7901951303055,17.635399315749,16.7249058456838));
#7765=CARTESIAN_POINT('Ctrl Pts',(3.36444105260722,6.82971337590731,15.5127630032969));
#7766=CARTESIAN_POINT('Ctrl Pts',(3.09637382415899,7.32057336551198,15.2223596350887));
#7767=CARTESIAN_POINT('Ctrl Pts',(2.64608553575161,8.36766383150909,14.6739393431702));
#7768=CARTESIAN_POINT('Ctrl Pts',(2.27254406341029,10.1537514259638,14.1341467516119));
#7769=CARTESIAN_POINT('Ctrl Pts',(2.29675349675081,12.0552260418776,14.1726593029576));
#7770=CARTESIAN_POINT('Ctrl Pts',(2.70799868493373,13.8168445032279,14.7562751024107));
#7771=CARTESIAN_POINT('Ctrl Pts',(3.41249867820717,15.3660240522455,15.596915802382));
#7772=CARTESIAN_POINT('Ctrl Pts',(4.69414124065598,17.1661933673531,16.8260179011328));
#7773=CARTESIAN_POINT('Ctrl Pts',(6.8892542876707,18.9286797349941,18.2821567860297));
#7774=CARTESIAN_POINT('Ctrl Pts',(10.3970705751536,19.9413771891507,19.1952579288613));
#7775=CARTESIAN_POINT('Ctrl Pts',(14.0645514415216,19.4011228154744,18.7017020250371));
#7776=CARTESIAN_POINT('Ctrl Pts',(16.0257239344254,18.1878849519609,17.6603985081287));
#7777=CARTESIAN_POINT('Ctrl Pts',(16.8468338408005,17.4428235559259,17.0824423898497));
#7778=CARTESIAN_POINT('Ctrl Pts',(3.33827309573775,6.87835702122273,15.627790632042));
#7779=CARTESIAN_POINT('Ctrl Pts',(3.07596416938772,7.36596338805082,15.3313546180205));
#7780=CARTESIAN_POINT('Ctrl Pts',(2.63659975359066,8.4032075738727,14.772444804126));
#7781=CARTESIAN_POINT('Ctrl Pts',(2.27335747143381,10.1658844968797,14.2234026831828));
#7782=CARTESIAN_POINT('Ctrl Pts',(2.2967622908253,12.0401344393832,14.2625520573472));
#7783=CARTESIAN_POINT('Ctrl Pts',(2.69708480341778,13.7791584040579,14.8562626150578));
#7784=CARTESIAN_POINT('Ctrl Pts',(3.38427171524609,15.3146700024167,15.7132925029385));
#7785=CARTESIAN_POINT('Ctrl Pts',(4.6429973640176,17.1098473980618,16.9702100011128));
#7786=CARTESIAN_POINT('Ctrl Pts',(6.81450976753144,18.8938852010532,18.4709944583221));
#7787=CARTESIAN_POINT('Ctrl Pts',(10.3809610474894,19.9540521578125,19.4315262896988));
#7788=CARTESIAN_POINT('Ctrl Pts',(14.1326759037211,19.3843941587549,18.9101869451704));
#7789=CARTESIAN_POINT('Ctrl Pts',(16.0878423046786,18.1434311319757,17.8299758798887));
#7790=CARTESIAN_POINT('Ctrl Pts',(16.901036913083,17.3927899504389,17.2355661576054));
#7791=CARTESIAN_POINT('Origin',(17.579317018035,18.1275933930181,17.2355661576054));
#7792=CARTESIAN_POINT('Ctrl Pts',(17.3927899848002,16.9010368758582,17.2355661585345));
#7793=CARTESIAN_POINT('Ctrl Pts',(17.2461142238148,17.0599356178194,17.1194181220435));
#7794=CARTESIAN_POINT('Ctrl Pts',(17.0599356544464,17.2461141882867,17.1194181215126));
#7795=CARTESIAN_POINT('Ctrl Pts',(16.9010369131903,17.3927899503398,17.2355661575269));
#7796=CARTESIAN_POINT('Ctrl Pts',(17.4511625245351,16.8377999574564,17.0569217625976));
#7797=CARTESIAN_POINT('Ctrl Pts',(17.2684150929973,17.0391702271532,16.9268766115428));
#7798=CARTESIAN_POINT('Ctrl Pts',(17.0391702643012,17.2684150572081,16.9268766110887));
#7799=CARTESIAN_POINT('Ctrl Pts',(16.8377999955287,17.4511624900754,17.0569217618145));
#7800=CARTESIAN_POINT('Ctrl Pts',(17.657112840095,16.7939763017347,16.7001010712449));
#7801=CARTESIAN_POINT('Ctrl Pts',(17.3892093507303,17.0718949181148,16.5420997821771));
#7802=CARTESIAN_POINT('Ctrl Pts',(17.0718949566109,17.3892093138462,16.5420997818787));
#7803=CARTESIAN_POINT('Ctrl Pts',(16.7939763414299,17.6571128047498,16.7001010709057));
#7804=CARTESIAN_POINT('Ctrl Pts',(17.9706294704358,16.9297056473681,16.4657041465825));
#7805=CARTESIAN_POINT('Ctrl Pts',(17.6292373666676,17.2413108167385,16.2755850207947));
#7806=CARTESIAN_POINT('Ctrl Pts',(17.2413108568508,17.6292373278543,16.2755850203608));
#7807=CARTESIAN_POINT('Ctrl Pts',(16.9297056883596,17.9706294330419,16.4657041460111));
#7808=CARTESIAN_POINT('Ctrl Pts',(18.127593431329,17.0310405618205,16.3992689786567));
#7809=CARTESIAN_POINT('Ctrl Pts',(17.7618245025453,17.3466676511018,16.1923438651198));
#7810=CARTESIAN_POINT('Ctrl Pts',(17.3466676920046,17.7618244627234,16.1923438645154));
#7811=CARTESIAN_POINT('Ctrl Pts',(17.0310406033157,18.1275933929076,16.399268977733));
#7812=CARTESIAN_POINT('Ctrl Pts',(18.127593431329,17.0310405618205,16.3992689786567));
#7813=CARTESIAN_POINT('Ctrl Pts',(17.7618245025453,17.3466676511018,16.1923438651198));
#7814=CARTESIAN_POINT('Ctrl Pts',(17.3466676920046,17.7618244627234,16.1923438645154));
#7815=CARTESIAN_POINT('Ctrl Pts',(17.0310406033157,18.1275933929076,16.399268977733));
#7816=CARTESIAN_POINT('Ctrl Pts',(24.0000000400862,22.,7.2));
#7817=CARTESIAN_POINT('Ctrl Pts',(24.0000000400862,22.,8.75649128941395));
#7818=CARTESIAN_POINT('Ctrl Pts',(23.338661085608,21.4404055000569,11.3491701862298));
#7819=CARTESIAN_POINT('Ctrl Pts',(21.0117945783812,19.4715184554803,14.4452489685687));
#7820=CARTESIAN_POINT('Ctrl Pts',(19.1531668001736,17.8988334123816,15.8303440028641));
#7821=CARTESIAN_POINT('Ctrl Pts',(18.1275934313289,17.0310405618207,16.3992689786566));
#7822=CARTESIAN_POINT('Ctrl Pts',(23.4016014394025,22.,7.2));
#7823=CARTESIAN_POINT('Ctrl Pts',(23.4016014394025,22.,8.67052011703561));
#7824=CARTESIAN_POINT('Ctrl Pts',(22.8156075128585,21.510257289288,11.1369850016191));
#7825=CARTESIAN_POINT('Ctrl Pts',(20.6518925467315,19.6388132719364,14.256044013151));
#7826=CARTESIAN_POINT('Ctrl Pts',(18.8791336428759,18.0701698831813,15.6957330421501));
#7827=CARTESIAN_POINT('Ctrl Pts',(17.8949062805426,17.1937803200047,16.2925767963859));
#7828=CARTESIAN_POINT('Ctrl Pts',(22.3653727723478,22.501845038797,7.2));
#7829=CARTESIAN_POINT('Ctrl Pts',(22.3653727723478,22.501845038797,8.59665158680739));
#7830=CARTESIAN_POINT('Ctrl Pts',(21.9074187286234,22.0305738954306,10.9535434129193));
#7831=CARTESIAN_POINT('Ctrl Pts',(20.021258964917,20.1095909199792,14.1028418331523));
#7832=CARTESIAN_POINT('Ctrl Pts',(18.4002536406109,18.4681189768265,15.5894045188714));
#7833=CARTESIAN_POINT('Ctrl Pts',(17.4879859808843,17.5457919366876,16.2088234641413));
#7834=CARTESIAN_POINT('Ctrl Pts',(22.0000000400862,23.5512010494872,7.2));
#7835=CARTESIAN_POINT('Ctrl Pts',(22.0000000400862,23.5512010494872,8.69292722557527));
#7836=CARTESIAN_POINT('Ctrl Pts',(21.4931938117707,22.9467393369609,11.1908897474551));
#7837=CARTESIAN_POINT('Ctrl Pts',(19.5961959817377,20.7411250618025,14.3036037466292));
#7838=CARTESIAN_POINT('Ctrl Pts',(18.0274098264782,18.9477101673824,15.7295452075444));
#7839=CARTESIAN_POINT('Ctrl Pts',(17.1530954205449,17.9530780281529,16.3192498419535));
#7840=CARTESIAN_POINT('Ctrl Pts',(22.0000000400862,24.,7.2));
#7841=CARTESIAN_POINT('Ctrl Pts',(22.0000000400862,24.,8.75649128941395));
#7842=CARTESIAN_POINT('Ctrl Pts',(21.4404055401431,23.3386610455218,11.3491701862298));
#7843=CARTESIAN_POINT('Ctrl Pts',(19.4715184955666,21.011794538295,14.4452489685687));
#7844=CARTESIAN_POINT('Ctrl Pts',(17.8988334524678,19.1531667600873,15.8303440028641));
#7845=CARTESIAN_POINT('Ctrl Pts',(17.0310406019069,18.1275933912426,16.3992689786566));
#7846=CARTESIAN_POINT('Origin',(11.0000000400862,11.,7.2));
#7847=CARTESIAN_POINT('Origin',(24.0000000400862,24.,7.2));
#7848=CARTESIAN_POINT('Origin',(24.0000000400862,24.,9.1));
#7849=CARTESIAN_POINT('',(22.0000000251851,24.,0.));
#7850=CARTESIAN_POINT('Origin',(38.2,11.,7.2));
#7851=CARTESIAN_POINT('Origin',(4.80000016391277,37.7,0.));
#7852=CARTESIAN_POINT('Origin',(17.1999994077991,37.7,0.));
#7853=CARTESIAN_POINT('Origin',(37.7,4.80000016391277,0.));
#7854=CARTESIAN_POINT('Origin',(22.0000000251851,24.,0.));
#7855=CARTESIAN_POINT('',(0.,0.,0.));
#7856=CARTESIAN_POINT('Origin',(1.5,0.,-6.93889390390723E-17));
#7857=CARTESIAN_POINT('',(0.,-6.12323399573677E-17,-0.5));
#7858=CARTESIAN_POINT('Origin',(0.,0.,-6.93889390390723E-17));
#7859=CARTESIAN_POINT('',(3.,-6.12323399573677E-17,-0.5));
#7860=CARTESIAN_POINT('',(1.5,-6.12323399573677E-17,-0.5));
#7861=CARTESIAN_POINT('Origin',(3.,0.,-6.93889390390723E-17));
#7862=CARTESIAN_POINT('Origin',(0.,0.,0.));
#7863=CARTESIAN_POINT('Origin',(35.5,0.,0.5));
#7864=CARTESIAN_POINT('',(35.5,-6.12323399573677E-17,-0.5));
#7865=CARTESIAN_POINT('Origin',(35.5,0.,-6.93889390390723E-17));
#7866=CARTESIAN_POINT('Origin',(33.95,0.,-6.93889390390723E-17));
#7867=CARTESIAN_POINT('',(32.4,-6.12323399573677E-17,-0.5));
#7868=CARTESIAN_POINT('Origin',(32.4,0.,-6.93889390390723E-17));
#7869=CARTESIAN_POINT('',(33.95,-6.12323399573677E-17,-0.5));
#7870=CARTESIAN_POINT('Origin',(32.4,0.,3.));
#7871=CARTESIAN_POINT('',(32.4,-3.67394039744206E-16,-3.));
#7872=CARTESIAN_POINT('Origin',(32.4,0.,-6.93889390390723E-17));
#7873=CARTESIAN_POINT('Origin',(32.125,0.,-6.93889390390723E-17));
#7874=CARTESIAN_POINT('',(31.85,-3.67394039744206E-16,-3.));
#7875=CARTESIAN_POINT('Origin',(31.85,0.,-6.93889390390723E-17));
#7876=CARTESIAN_POINT('',(32.125,-3.67394039744206E-16,-3.));
#7877=CARTESIAN_POINT('Origin',(31.85,0.,5.));
#7878=CARTESIAN_POINT('',(31.85,-6.12323399573677E-16,-5.));
#7879=CARTESIAN_POINT('Origin',(31.85,0.,-6.93889390390723E-17));
#7880=CARTESIAN_POINT('Origin',(18.725,0.,-6.93889390390723E-17));
#7881=CARTESIAN_POINT('',(5.6,-6.12323399573677E-16,-5.));
#7882=CARTESIAN_POINT('Origin',(5.6,0.,-6.93889390390723E-17));
#7883=CARTESIAN_POINT('',(18.725,-6.12323399573677E-16,-5.));
#7884=CARTESIAN_POINT('Origin',(5.6,0.,3.5));
#7885=CARTESIAN_POINT('',(5.6,-4.28626379701574E-16,-3.5));
#7886=CARTESIAN_POINT('Origin',(5.6,0.,-6.93889390390723E-17));
#7887=CARTESIAN_POINT('Origin',(4.3,0.,-6.93889390390723E-17));
#7888=CARTESIAN_POINT('',(3.,-4.28626379701574E-16,-3.5));
#7889=CARTESIAN_POINT('Origin',(3.,0.,-6.93889390390723E-17));
#7890=CARTESIAN_POINT('',(4.3,-4.28626379701574E-16,-3.5));
#7891=CARTESIAN_POINT('Origin',(3.,0.,0.5));
#7892=CARTESIAN_POINT('',(0.,0.,0.));
#7893=CARTESIAN_POINT('Origin',(-18.75,0.,0.));
#7894=CARTESIAN_POINT('',(-19.,-6.49062803548097E-16,5.3));
#7895=CARTESIAN_POINT('Origin',(-19.,0.,0.));
#7896=CARTESIAN_POINT('',(-18.75,-6.18446633569413E-16,5.05));
#7897=CARTESIAN_POINT('Origin',(-18.75,-6.49062803548097E-16,5.3));
#7898=CARTESIAN_POINT('',(-18.75,-5.05,-6.18446633569413E-16));
#7899=CARTESIAN_POINT('Origin',(-18.75,0.,0.));
#7900=CARTESIAN_POINT('Origin',(-18.75,0.,0.));
#7901=CARTESIAN_POINT('Origin',(-19.,6.25,0.));
#7902=CARTESIAN_POINT('',(-19.,-7.34788079488412E-16,-6.));
#7903=CARTESIAN_POINT('Origin',(-19.,0.,0.));
#7904=CARTESIAN_POINT('Origin',(-9.5,0.,0.));
#7905=CARTESIAN_POINT('',(0.,-5.05,-6.18446633569413E-16));
#7906=CARTESIAN_POINT('Origin',(0.,0.,0.));
#7907=CARTESIAN_POINT('',(-9.5,-5.05,-6.18446633569413E-16));
#7908=CARTESIAN_POINT('',(-3.,-0.8,4.9862310415784));
#7909=CARTESIAN_POINT('',(-2.2,1.09701193625082E-16,5.05));
#7910=CARTESIAN_POINT('Ctrl Pts',(-3.,-0.8,4.9862310415784));
#7911=CARTESIAN_POINT('Ctrl Pts',(-2.89936677181049,-0.8,4.9862310415784));
#7912=CARTESIAN_POINT('Ctrl Pts',(-2.79214390042111,-0.77985365488843,4.9895925005733));
#7913=CARTESIAN_POINT('Ctrl Pts',(-2.59509193191917,-0.698158548996337,
5.00167768520227));
#7914=CARTESIAN_POINT('Ctrl Pts',(-2.505248027866,-0.636618877764474,5.01022074327683));
#7915=CARTESIAN_POINT('Ctrl Pts',(-2.36338266464119,-0.494753514539667,
5.02621271238531));
#7916=CARTESIAN_POINT('Ctrl Pts',(-2.30184178347971,-0.404908946635432,
5.03470875052254));
#7917=CARTESIAN_POINT('Ctrl Pts',(-2.22014579825665,-0.207854703933438,
5.04668602939465));
#7918=CARTESIAN_POINT('Ctrl Pts',(-2.2,-0.100631039979927,5.05));
#7919=CARTESIAN_POINT('Ctrl Pts',(-2.2,6.93889390390723E-17,5.05));
#7920=CARTESIAN_POINT('Ctrl Pts',(-2.2,8.67361737988404E-17,5.05));
#7921=CARTESIAN_POINT('Ctrl Pts',(-2.2,0.100631039979928,5.05));
#7922=CARTESIAN_POINT('Ctrl Pts',(-2.22014579825665,0.207854703933439,5.04668602939465));
#7923=CARTESIAN_POINT('Ctrl Pts',(-2.30184178347971,0.404908946635432,5.03470875052254));
#7924=CARTESIAN_POINT('Ctrl Pts',(-2.36338266464119,0.494753514539667,5.02621271238532));
#7925=CARTESIAN_POINT('Ctrl Pts',(-2.505248027866,0.636618877764474,5.01022074327683));
#7926=CARTESIAN_POINT('Ctrl Pts',(-2.59509193191917,0.698158548996337,5.00167768520227));
#7927=CARTESIAN_POINT('Ctrl Pts',(-2.79214390042111,0.77985365488843,4.9895925005733));
#7928=CARTESIAN_POINT('Ctrl Pts',(-2.89936677181049,0.8,4.9862310415784));
#7929=CARTESIAN_POINT('Ctrl Pts',(-3.10063322818951,0.8,4.9862310415784));
#7930=CARTESIAN_POINT('Ctrl Pts',(-3.20785609957889,0.77985365488843,4.9895925005733));
#7931=CARTESIAN_POINT('Ctrl Pts',(-3.40490806808083,0.698158548996337,5.00167768520227));
#7932=CARTESIAN_POINT('Ctrl Pts',(-3.494751972134,0.636618877764474,5.01022074327683));
#7933=CARTESIAN_POINT('Ctrl Pts',(-3.63661733535881,0.494753514539667,5.02621271238532));
#7934=CARTESIAN_POINT('Ctrl Pts',(-3.69815821652029,0.404908946635432,5.03470875052254));
#7935=CARTESIAN_POINT('Ctrl Pts',(-3.77985420174335,0.207854703933438,5.04668602939465));
#7936=CARTESIAN_POINT('Ctrl Pts',(-3.8,0.100631039979927,5.05));
#7937=CARTESIAN_POINT('Ctrl Pts',(-3.8,-0.100631039979927,5.05));
#7938=CARTESIAN_POINT('Ctrl Pts',(-3.77985420174335,-0.207854703933438,
5.04668602939465));
#7939=CARTESIAN_POINT('Ctrl Pts',(-3.69815821652029,-0.404908946635432,
5.03470875052254));
#7940=CARTESIAN_POINT('Ctrl Pts',(-3.63661733535881,-0.494753514539667,
5.02621271238532));
#7941=CARTESIAN_POINT('Ctrl Pts',(-3.494751972134,-0.636618877764474,5.01022074327683));
#7942=CARTESIAN_POINT('Ctrl Pts',(-3.40490806808083,-0.698158548996337,
5.00167768520227));
#7943=CARTESIAN_POINT('Ctrl Pts',(-3.20785609957889,-0.77985365488843,4.9895925005733));
#7944=CARTESIAN_POINT('Ctrl Pts',(-3.10063322818951,-0.8,4.9862310415784));
#7945=CARTESIAN_POINT('Ctrl Pts',(-3.,-0.8,4.9862310415784));
#7946=CARTESIAN_POINT('',(-3.,0.8,-4.9862310415784));
#7947=CARTESIAN_POINT('',(-3.8,8.36803414854303E-17,-5.05));
#7948=CARTESIAN_POINT('Ctrl Pts',(-3.,0.8,-4.9862310415784));
#7949=CARTESIAN_POINT('Ctrl Pts',(-2.89936677181049,0.8,-4.9862310415784));
#7950=CARTESIAN_POINT('Ctrl Pts',(-2.79214390042111,0.77985365488843,-4.9895925005733));
#7951=CARTESIAN_POINT('Ctrl Pts',(-2.59509193191917,0.698158548996337,-5.00167768520227));
#7952=CARTESIAN_POINT('Ctrl Pts',(-2.505248027866,0.636618877764473,-5.01022074327683));
#7953=CARTESIAN_POINT('Ctrl Pts',(-2.36338266464119,0.494753514539666,-5.02621271238532));
#7954=CARTESIAN_POINT('Ctrl Pts',(-2.30184178347971,0.404908946635431,-5.03470875052254));
#7955=CARTESIAN_POINT('Ctrl Pts',(-2.22014579825665,0.207854703933438,-5.04668602939465));
#7956=CARTESIAN_POINT('Ctrl Pts',(-2.2,0.100631039979927,-5.05));
#7957=CARTESIAN_POINT('Ctrl Pts',(-2.2,-0.100631039979928,-5.05));
#7958=CARTESIAN_POINT('Ctrl Pts',(-2.22014579825665,-0.207854703933439,
-5.04668602939465));
#7959=CARTESIAN_POINT('Ctrl Pts',(-2.30184178347971,-0.404908946635432,
-5.03470875052254));
#7960=CARTESIAN_POINT('Ctrl Pts',(-2.36338266464119,-0.494753514539667,
-5.02621271238532));
#7961=CARTESIAN_POINT('Ctrl Pts',(-2.505248027866,-0.636618877764474,-5.01022074327683));
#7962=CARTESIAN_POINT('Ctrl Pts',(-2.59509193191917,-0.698158548996337,
-5.00167768520227));
#7963=CARTESIAN_POINT('Ctrl Pts',(-2.79214390042111,-0.77985365488843,-4.9895925005733));
#7964=CARTESIAN_POINT('Ctrl Pts',(-2.89936677181049,-0.8,-4.9862310415784));
#7965=CARTESIAN_POINT('Ctrl Pts',(-3.10063322818951,-0.8,-4.9862310415784));
#7966=CARTESIAN_POINT('Ctrl Pts',(-3.20785609957889,-0.779853654888429,
-4.9895925005733));
#7967=CARTESIAN_POINT('Ctrl Pts',(-3.40490806808083,-0.698158548996338,
-5.00167768520227));
#7968=CARTESIAN_POINT('Ctrl Pts',(-3.494751972134,-0.636618877764474,-5.01022074327683));
#7969=CARTESIAN_POINT('Ctrl Pts',(-3.63661733535881,-0.494753514539667,
-5.02621271238532));
#7970=CARTESIAN_POINT('Ctrl Pts',(-3.69815821652029,-0.404908946635432,
-5.03470875052254));
#7971=CARTESIAN_POINT('Ctrl Pts',(-3.77985420174335,-0.207854703933438,
-5.04668602939465));
#7972=CARTESIAN_POINT('Ctrl Pts',(-3.8,-0.100631039979927,-5.05));
#7973=CARTESIAN_POINT('Ctrl Pts',(-3.8,5.20417042793042E-17,-5.05));
#7974=CARTESIAN_POINT('Ctrl Pts',(-3.8,6.93889390390723E-17,-5.05));
#7975=CARTESIAN_POINT('Ctrl Pts',(-3.8,0.100631039979928,-5.05));
#7976=CARTESIAN_POINT('Ctrl Pts',(-3.77985420174335,0.207854703933438,-5.04668602939465));
#7977=CARTESIAN_POINT('Ctrl Pts',(-3.69815821652029,0.404908946635432,-5.03470875052254));
#7978=CARTESIAN_POINT('Ctrl Pts',(-3.63661733535881,0.494753514539667,-5.02621271238532));
#7979=CARTESIAN_POINT('Ctrl Pts',(-3.494751972134,0.636618877764474,-5.01022074327683));
#7980=CARTESIAN_POINT('Ctrl Pts',(-3.40490806808083,0.698158548996337,-5.00167768520227));
#7981=CARTESIAN_POINT('Ctrl Pts',(-3.20785609957889,0.77985365488843,-4.9895925005733));
#7982=CARTESIAN_POINT('Ctrl Pts',(-3.10063322818951,0.8,-4.9862310415784));
#7983=CARTESIAN_POINT('Ctrl Pts',(-3.,0.8,-4.9862310415784));
#7984=CARTESIAN_POINT('Origin',(-18.75,0.,0.));
#7985=CARTESIAN_POINT('',(-18.75,-7.65404249467096E-16,-6.25));
#7986=CARTESIAN_POINT('Origin',(-18.75,-7.34788079488412E-16,-6.));
#7987=CARTESIAN_POINT('',(-18.75,-6.25,7.65404249467096E-16));
#7988=CARTESIAN_POINT('Origin',(-18.75,0.,0.));
#7989=CARTESIAN_POINT('Origin',(-18.75,0.,0.));
#7990=CARTESIAN_POINT('Origin',(-13.25,0.,0.));
#7991=CARTESIAN_POINT('',(-7.75,6.25,7.65404249467096E-16));
#7992=CARTESIAN_POINT('',(-7.75,-6.25,-7.65404249467096E-16));
#7993=CARTESIAN_POINT('Origin',(-7.75,0.,0.));
#7994=CARTESIAN_POINT('Origin',(-7.75,0.,0.));
#7995=CARTESIAN_POINT('',(-13.25,-6.25,-7.65404249467096E-16));
#7996=CARTESIAN_POINT('Origin',(-7.625,0.,0.));
#7997=CARTESIAN_POINT('',(-7.5,6.5,-7.9602041944578E-16));
#7998=CARTESIAN_POINT('Origin',(-7.5,0.,0.));
#7999=CARTESIAN_POINT('',(-7.625,6.375,7.80712334456438E-16));
#8000=CARTESIAN_POINT('Origin',(-7.5,7.5,0.));
#8001=CARTESIAN_POINT('',(-7.5,-7.5,-9.18485099360515E-16));
#8002=CARTESIAN_POINT('Origin',(-7.5,0.,0.));
#8003=CARTESIAN_POINT('Origin',(-6.375,0.,0.));
#8004=CARTESIAN_POINT('',(-6.25,6.25,-7.65404249467096E-16));
#8005=CARTESIAN_POINT('',(-6.25,-6.25,-7.65404249467096E-16));
#8006=CARTESIAN_POINT('Origin',(-6.25,0.,0.));
#8007=CARTESIAN_POINT('Origin',(-6.25,0.,0.));
#8008=CARTESIAN_POINT('',(-6.5,6.5,7.9602041944578E-16));
#8009=CARTESIAN_POINT('',(-6.375,6.375,7.80712334456438E-16));
#8010=CARTESIAN_POINT('Origin',(-6.5,0.,0.));
#8011=CARTESIAN_POINT('Origin',(-2.75,0.,0.));
#8012=CARTESIAN_POINT('',(0.75,-6.25,-7.65404249467096E-16));
#8013=CARTESIAN_POINT('',(0.75,-7.65404249467096E-16,6.25));
#8014=CARTESIAN_POINT('Origin',(0.75,0.,0.));
#8015=CARTESIAN_POINT('',(-2.75,-6.25,-7.65404249467096E-16));
#8016=CARTESIAN_POINT('Origin',(0.75,0.,0.));
#8017=CARTESIAN_POINT('',(-3.,0.8,-6.19858854901662));
#8018=CARTESIAN_POINT('',(-3.8,9.79717439317883E-17,-6.25));
#8019=CARTESIAN_POINT('Ctrl Pts',(-3.,0.8,-6.19858854901662));
#8020=CARTESIAN_POINT('Ctrl Pts',(-3.1005687909132,0.8,-6.19858854901662));
#8021=CARTESIAN_POINT('Ctrl Pts',(-3.20776474238417,0.779878686828093,-6.20128863014245));
#8022=CARTESIAN_POINT('Ctrl Pts',(-3.40483505406976,0.698201652458175,-6.21101488333221));
#8023=CARTESIAN_POINT('Ctrl Pts',(-3.49471893975007,0.636651910148411,-6.21789773034171));
#8024=CARTESIAN_POINT('Ctrl Pts',(-3.63665125782471,0.494719592073766,-6.23079692106492));
#8025=CARTESIAN_POINT('Ctrl Pts',(-3.69820151132475,0.404835423062276,-6.23765508245224));
#8026=CARTESIAN_POINT('Ctrl Pts',(-3.77987892015923,0.207764150937023,-6.24732476382448));
#8027=CARTESIAN_POINT('Ctrl Pts',(-3.8,0.100567866485196,-6.25));
#8028=CARTESIAN_POINT('Ctrl Pts',(-3.8,-2.25514051876985E-16,-6.25));
#8029=CARTESIAN_POINT('Ctrl Pts',(-3.8,-3.46944695195361E-17,-6.25));
#8030=CARTESIAN_POINT('Ctrl Pts',(-3.8,-0.100567866485197,-6.25));
#8031=CARTESIAN_POINT('Ctrl Pts',(-3.77987892015923,-0.207764150937023,
-6.24732476382448));
#8032=CARTESIAN_POINT('Ctrl Pts',(-3.69820151132475,-0.404835423062276,
-6.23765508245224));
#8033=CARTESIAN_POINT('Ctrl Pts',(-3.63665125782471,-0.494719592073766,
-6.23079692106492));
#8034=CARTESIAN_POINT('Ctrl Pts',(-3.49471893975007,-0.636651910148411,
-6.21789773034171));
#8035=CARTESIAN_POINT('Ctrl Pts',(-3.40483505406976,-0.698201652458175,
-6.21101488333221));
#8036=CARTESIAN_POINT('Ctrl Pts',(-3.20776474238417,-0.779878686828093,
-6.20128863014245));
#8037=CARTESIAN_POINT('Ctrl Pts',(-3.1005687909132,-0.8,-6.19858854901662));
#8038=CARTESIAN_POINT('Ctrl Pts',(-2.8994312090868,-0.8,-6.19858854901662));
#8039=CARTESIAN_POINT('Ctrl Pts',(-2.79223525761583,-0.779878686828093,
-6.20128863014245));
#8040=CARTESIAN_POINT('Ctrl Pts',(-2.59516494593024,-0.698201652458175,
-6.21101488333221));
#8041=CARTESIAN_POINT('Ctrl Pts',(-2.50528106024994,-0.636651910148411,
-6.21789773034171));
#8042=CARTESIAN_POINT('Ctrl Pts',(-2.36334874217529,-0.494719592073766,
-6.23079692106492));
#8043=CARTESIAN_POINT('Ctrl Pts',(-2.30179848867525,-0.404835423062276,
-6.23765508245224));
#8044=CARTESIAN_POINT('Ctrl Pts',(-2.22012107984077,-0.207764150937022,
-6.24732476382448));
#8045=CARTESIAN_POINT('Ctrl Pts',(-2.2,-0.100567866485197,-6.25));
#8046=CARTESIAN_POINT('Ctrl Pts',(-2.2,0.100567866485197,-6.25));
#8047=CARTESIAN_POINT('Ctrl Pts',(-2.22012107984077,0.207764150937022,-6.24732476382448));
#8048=CARTESIAN_POINT('Ctrl Pts',(-2.30179848867525,0.404835423062276,-6.23765508245224));
#8049=CARTESIAN_POINT('Ctrl Pts',(-2.36334874217529,0.494719592073766,-6.23079692106492));
#8050=CARTESIAN_POINT('Ctrl Pts',(-2.50528106024994,0.636651910148411,-6.21789773034171));
#8051=CARTESIAN_POINT('Ctrl Pts',(-2.59516494593024,0.698201652458175,-6.21101488333221));
#8052=CARTESIAN_POINT('Ctrl Pts',(-2.79223525761583,0.779878686828093,-6.20128863014245));
#8053=CARTESIAN_POINT('Ctrl Pts',(-2.8994312090868,0.8,-6.19858854901662));
#8054=CARTESIAN_POINT('Ctrl Pts',(-3.,0.8,-6.19858854901662));
#8055=CARTESIAN_POINT('',(-3.,-0.8,6.19858854901662));
#8056=CARTESIAN_POINT('',(-2.2,9.79717439317883E-17,6.25));
#8057=CARTESIAN_POINT('Ctrl Pts',(-3.,-0.8,6.19858854901662));
#8058=CARTESIAN_POINT('Ctrl Pts',(-3.1005687909132,-0.8,6.19858854901662));
#8059=CARTESIAN_POINT('Ctrl Pts',(-3.20776474238417,-0.779878686828093,
6.20128863014245));
#8060=CARTESIAN_POINT('Ctrl Pts',(-3.40483505406976,-0.698201652458175,
6.21101488333221));
#8061=CARTESIAN_POINT('Ctrl Pts',(-3.49471893975007,-0.636651910148411,
6.21789773034171));
#8062=CARTESIAN_POINT('Ctrl Pts',(-3.63665125782471,-0.494719592073766,
6.23079692106492));
#8063=CARTESIAN_POINT('Ctrl Pts',(-3.69820151132475,-0.404835423062276,
6.23765508245224));
#8064=CARTESIAN_POINT('Ctrl Pts',(-3.77987892015923,-0.207764150937023,
6.24732476382448));
#8065=CARTESIAN_POINT('Ctrl Pts',(-3.8,-0.100567866485196,6.25));
#8066=CARTESIAN_POINT('Ctrl Pts',(-3.8,0.100567866485197,6.25));
#8067=CARTESIAN_POINT('Ctrl Pts',(-3.77987892015923,0.207764150937023,6.24732476382448));
#8068=CARTESIAN_POINT('Ctrl Pts',(-3.69820151132475,0.404835423062276,6.23765508245224));
#8069=CARTESIAN_POINT('Ctrl Pts',(-3.63665125782471,0.494719592073766,6.23079692106492));
#8070=CARTESIAN_POINT('Ctrl Pts',(-3.49471893975007,0.636651910148411,6.21789773034171));
#8071=CARTESIAN_POINT('Ctrl Pts',(-3.40483505406976,0.698201652458175,6.21101488333221));
#8072=CARTESIAN_POINT('Ctrl Pts',(-3.20776474238417,0.779878686828093,6.20128863014245));
#8073=CARTESIAN_POINT('Ctrl Pts',(-3.1005687909132,0.8,6.19858854901662));
#8074=CARTESIAN_POINT('Ctrl Pts',(-2.8994312090868,0.8,6.19858854901662));
#8075=CARTESIAN_POINT('Ctrl Pts',(-2.79223525761583,0.779878686828093,6.20128863014245));
#8076=CARTESIAN_POINT('Ctrl Pts',(-2.59516494593024,0.698201652458175,6.21101488333221));
#8077=CARTESIAN_POINT('Ctrl Pts',(-2.50528106024994,0.636651910148411,6.21789773034171));
#8078=CARTESIAN_POINT('Ctrl Pts',(-2.36334874217529,0.494719592073766,6.23079692106492));
#8079=CARTESIAN_POINT('Ctrl Pts',(-2.30179848867525,0.404835423062276,6.23765508245224));
#8080=CARTESIAN_POINT('Ctrl Pts',(-2.22012107984077,0.207764150937023,6.24732476382448));
#8081=CARTESIAN_POINT('Ctrl Pts',(-2.2,0.100567866485197,6.25));
#8082=CARTESIAN_POINT('Ctrl Pts',(-2.2,-3.46944695195361E-17,6.25));
#8083=CARTESIAN_POINT('Ctrl Pts',(-2.2,-8.67361737988404E-17,6.25));
#8084=CARTESIAN_POINT('Ctrl Pts',(-2.2,-0.100567866485197,6.25));
#8085=CARTESIAN_POINT('Ctrl Pts',(-2.22012107984077,-0.207764150937023,
6.24732476382448));
#8086=CARTESIAN_POINT('Ctrl Pts',(-2.30179848867525,-0.404835423062276,
6.23765508245224));
#8087=CARTESIAN_POINT('Ctrl Pts',(-2.36334874217529,-0.494719592073766,
6.23079692106492));
#8088=CARTESIAN_POINT('Ctrl Pts',(-2.50528106024994,-0.636651910148411,
6.21789773034171));
#8089=CARTESIAN_POINT('Ctrl Pts',(-2.59516494593024,-0.698201652458175,
6.21101488333221));
#8090=CARTESIAN_POINT('Ctrl Pts',(-2.79223525761583,-0.779878686828093,
6.20128863014245));
#8091=CARTESIAN_POINT('Ctrl Pts',(-2.89943120908681,-0.8,6.19858854901662));
#8092=CARTESIAN_POINT('Ctrl Pts',(-3.,-0.8,6.19858854901662));
#8093=CARTESIAN_POINT('Origin',(-6.5,6.25,0.));
#8094=CARTESIAN_POINT('',(-6.5,-7.5,-9.18485099360515E-16));
#8095=CARTESIAN_POINT('Origin',(-6.5,0.,0.));
#8096=CARTESIAN_POINT('Origin',(0.75,0.,0.));
#8097=CARTESIAN_POINT('',(1.,-7.34788079488412E-16,6.));
#8098=CARTESIAN_POINT('Origin',(1.,0.,0.));
#8099=CARTESIAN_POINT('Origin',(0.75,-7.34788079488412E-16,6.));
#8100=CARTESIAN_POINT('Origin',(1.,3.75,0.));
#8101=CARTESIAN_POINT('',(1.,-4.89858719658941E-16,4.));
#8102=CARTESIAN_POINT('Origin',(1.,0.,0.));
#8103=CARTESIAN_POINT('Origin',(0.75,0.,0.));
#8104=CARTESIAN_POINT('',(0.75,-4.59242549680257E-16,3.75));
#8105=CARTESIAN_POINT('',(0.75,-3.75,-4.59242549680257E-16));
#8106=CARTESIAN_POINT('Origin',(0.75,0.,0.));
#8107=CARTESIAN_POINT('Origin',(0.75,0.,0.));
#8108=CARTESIAN_POINT('Origin',(0.75,-4.89858719658941E-16,4.));
#8109=CARTESIAN_POINT('Origin',(0.5,0.,0.));
#8110=CARTESIAN_POINT('',(0.,-3.75,-4.59242549680257E-16));
#8111=CARTESIAN_POINT('',(0.5,-3.75,-4.59242549680257E-16));
#8112=CARTESIAN_POINT('Origin',(0.,0.,0.));
#8113=CARTESIAN_POINT('Origin',(-3.,0.,-7.5));
#8114=CARTESIAN_POINT('',(-3.8,9.79717439317883E-17,-7.5));
#8115=CARTESIAN_POINT('Origin',(-3.,0.,7.5));
#8116=CARTESIAN_POINT('',(-2.2,9.79717439317883E-17,7.5));
#8117=CARTESIAN_POINT('Origin',(0.,5.05,0.));
#8118=CARTESIAN_POINT('Origin',(-7.,0.,0.));
#8119=CARTESIAN_POINT('',(-7.,-7.5,-9.18485099360515E-16));
#8120=CARTESIAN_POINT('',(0.,0.,0.));
#8121=CARTESIAN_POINT('Origin',(8.05000001286187,0.,0.));
#8122=CARTESIAN_POINT('',(8.10000001286186,-5.95790376395384E-17,0.486499762062169));
#8123=CARTESIAN_POINT('',(8.10000001286186,-5.95790376395384E-17,-0.486499762062169));
#8124=CARTESIAN_POINT('Origin',(8.10000001286186,0.,0.));
#8125=CARTESIAN_POINT('Origin',(8.10000001286186,0.,0.));
#8126=CARTESIAN_POINT('',(8.00000001286187,7.18255088686764E-17,0.586499788499706));
#8127=CARTESIAN_POINT('',(8.05000001286187,-6.57022732541074E-17,0.536499775280937));
#8128=CARTESIAN_POINT('Origin',(8.00000001286187,0.,0.));
#8129=CARTESIAN_POINT('Origin',(8.00000001286187,0.,0.486499788499706));
#8130=CARTESIAN_POINT('',(8.00000022471907,-1.04094976308693E-15,-8.49999986781231));
#8131=CARTESIAN_POINT('Origin',(8.00000022471907,0.,0.));
#8132=CARTESIAN_POINT('Origin',(9.00000001286187,0.,0.));
#8133=CARTESIAN_POINT('',(10.0000000128619,-5.95790376395384E-17,-0.486499762062169));
#8134=CARTESIAN_POINT('',(9.00000001286187,-5.95790376395384E-17,-0.486499762062169));
#8135=CARTESIAN_POINT('Origin',(10.0000000128619,0.,0.));
#8136=CARTESIAN_POINT('Origin',(9.90000027759414,0.,0.));
#8137=CARTESIAN_POINT('',(9.90000027759414,-1.2858791229164E-15,-10.4999998678123));
#8138=CARTESIAN_POINT('Origin',(9.90000027759414,0.,0.));
#8139=CARTESIAN_POINT('',(10.0000002775941,-1.27363265492492E-15,-10.3999998678123));
#8140=CARTESIAN_POINT('Origin',(9.90000027759414,-1.27363265492492E-15,
-10.3999998678123));
#8141=CARTESIAN_POINT('Origin',(10.0000002775941,0.,0.));
#8142=CARTESIAN_POINT('Origin',(10.0000002775941,0.,10.4999997356246));
#8143=CARTESIAN_POINT('',(10.0000002775941,-1.05319621650891E-15,-8.5999997488434));
#8144=CARTESIAN_POINT('Origin',(10.0000002775941,0.,0.));
#8145=CARTESIAN_POINT('Origin',(5.0000001718886,0.,0.));
#8146=CARTESIAN_POINT('',(6.61830701353949E-8,-1.2858791229164E-15,-10.4999998678123));
#8147=CARTESIAN_POINT('Origin',(6.61830701353949E-8,0.,0.));
#8148=CARTESIAN_POINT('',(5.0000001718886,-1.2858791229164E-15,-10.4999998678123));
#8149=CARTESIAN_POINT('Origin',(9.90000027759414,0.,0.));
#8150=CARTESIAN_POINT('',(9.90000027759414,-1.04094974851744E-15,-8.4999997488434));
#8151=CARTESIAN_POINT('Origin',(9.90000027759414,-1.05319621650891E-15,
-8.5999997488434));
#8152=CARTESIAN_POINT('Origin',(9.90000027759414,0.,0.));
#8153=CARTESIAN_POINT('Origin',(9.50000022471907,0.,0.));
#8154=CARTESIAN_POINT('',(9.00000022471907,-1.04094974851744E-15,-8.4999997488434));
#8155=CARTESIAN_POINT('Origin',(9.00000022471907,0.,0.));
#8156=CARTESIAN_POINT('',(9.50000022471907,-1.04094974851744E-15,-8.4999997488434));
#8157=CARTESIAN_POINT('Origin',(9.10000022471907,0.,0.));
#8158=CARTESIAN_POINT('',(9.10000022471907,-2.44929329071657E-16,-1.9999997488434));
#8159=CARTESIAN_POINT('Origin',(9.10000022471907,0.,0.));
#8160=CARTESIAN_POINT('',(9.00000022471907,-2.57175797063131E-16,-2.0999997488434));
#8161=CARTESIAN_POINT('Origin',(9.10000022471907,-2.57175797063131E-16,
-2.0999997488434));
#8162=CARTESIAN_POINT('Origin',(9.00000022471907,0.,0.));
#8163=CARTESIAN_POINT('Origin',(9.50000005287508,0.,0.));
#8164=CARTESIAN_POINT('',(10.0000000528751,-2.44929329071657E-16,-1.9999997488434));
#8165=CARTESIAN_POINT('',(9.50000005287508,-2.44929329071657E-16,-1.9999997488434));
#8166=CARTESIAN_POINT('Origin',(10.0000000528751,0.,0.));
#8167=CARTESIAN_POINT('Origin',(9.00000022471907,0.,8.49999976206217));
#8168=CARTESIAN_POINT('Origin',(2.24719071129087E-7,0.,8.49999997356246));
#8169=CARTESIAN_POINT('',(2.24719070018864E-7,-1.04094976308693E-15,-8.49999986781231));
#8170=CARTESIAN_POINT('Origin',(2.24719070018864E-7,0.,0.));
#8171=CARTESIAN_POINT('Origin',(4.00000022471907,0.,0.));
#8172=CARTESIAN_POINT('',(4.00000022471907,-1.04094976308693E-15,-8.49999986781231));
#8173=CARTESIAN_POINT('Origin',(10.0000000528751,0.,1.99999973562463));
#8174=CARTESIAN_POINT('',(0.,0.,0.));
#8175=CARTESIAN_POINT('Origin',(28.65,21.9,0.1));
#8176=CARTESIAN_POINT('',(37.7,22.,0.1));
#8177=CARTESIAN_POINT('',(37.7,21.9,0.));
#8178=CARTESIAN_POINT('Origin',(37.7,21.9,0.1));
#8179=CARTESIAN_POINT('',(23.,21.9,0.));
#8180=CARTESIAN_POINT('',(28.65,21.9,0.));
#8181=CARTESIAN_POINT('',(23.,22.,0.1));
#8182=CARTESIAN_POINT('Origin',(23.,21.9,0.1));
#8183=CARTESIAN_POINT('',(28.65,22.,0.1));
#8184=CARTESIAN_POINT('Origin',(23.,23.,0.1));
#8185=CARTESIAN_POINT('',(21.9,23.,0.));
#8186=CARTESIAN_POINT('',(22.,23.,0.1));
#8187=CARTESIAN_POINT('Origin',(21.9,23.,0.1));
#8188=CARTESIAN_POINT('Origin',(23.,23.,0.1));
#8189=CARTESIAN_POINT('Origin',(23.,23.,0.));
#8190=CARTESIAN_POINT('Origin',(21.9,21.05,0.1));
#8191=CARTESIAN_POINT('',(21.9,37.7,0.));
#8192=CARTESIAN_POINT('',(22.,37.7,0.1));
#8193=CARTESIAN_POINT('Origin',(21.9,37.7,0.1));
#8194=CARTESIAN_POINT('',(22.,21.05,0.1));
#8195=CARTESIAN_POINT('',(21.9,21.05,0.));
#8196=CARTESIAN_POINT('Origin',(21.5,37.7,0.1));
#8197=CARTESIAN_POINT('',(21.5,38.1,0.));
#8198=CARTESIAN_POINT('',(21.5,38.2,0.1));
#8199=CARTESIAN_POINT('Origin',(21.5,38.1,0.1));
#8200=CARTESIAN_POINT('Origin',(21.5,37.7,0.1));
#8201=CARTESIAN_POINT('Origin',(21.5,37.7,0.));
#8202=CARTESIAN_POINT('Origin',(20.55,38.1,0.1));
#8203=CARTESIAN_POINT('',(0.499999999999998,38.1,0.));
#8204=CARTESIAN_POINT('',(0.5,38.2,0.1));
#8205=CARTESIAN_POINT('Origin',(0.499999999999998,38.1,0.1));
#8206=CARTESIAN_POINT('',(20.55,38.2,0.1));
#8207=CARTESIAN_POINT('',(20.55,38.1,0.));
#8208=CARTESIAN_POINT('Origin',(0.5,37.7,0.1));
#8209=CARTESIAN_POINT('',(0.1,37.7,0.));
#8210=CARTESIAN_POINT('',(0.,37.7,0.1));
#8211=CARTESIAN_POINT('Origin',(0.1,37.7,0.1));
#8212=CARTESIAN_POINT('Origin',(0.5,37.7,0.1));
#8213=CARTESIAN_POINT('Origin',(0.5,37.7,0.));
#8214=CARTESIAN_POINT('Origin',(0.1,28.65,0.1));
#8215=CARTESIAN_POINT('',(0.1,6.3,0.));
#8216=CARTESIAN_POINT('',(0.,6.3,0.1));
#8217=CARTESIAN_POINT('Origin',(0.1,6.3,0.1));
#8218=CARTESIAN_POINT('',(0.,28.65,0.1));
#8219=CARTESIAN_POINT('',(0.1,28.65,0.));
#8220=CARTESIAN_POINT('Origin',(0.5,6.3,0.1));
#8221=CARTESIAN_POINT('',(0.5,5.9,0.));
#8222=CARTESIAN_POINT('',(0.5,5.8,0.1));
#8223=CARTESIAN_POINT('Origin',(0.5,5.9,0.1));
#8224=CARTESIAN_POINT('Origin',(0.5,6.3,0.1));
#8225=CARTESIAN_POINT('Origin',(0.5,6.3,0.));
#8226=CARTESIAN_POINT('Origin',(9.55,5.9,0.1));
#8227=CARTESIAN_POINT('',(3.8,5.9,0.));
#8228=CARTESIAN_POINT('',(3.8,5.8,0.1));
#8229=CARTESIAN_POINT('Origin',(3.8,5.9,0.1));
#8230=CARTESIAN_POINT('',(9.55,5.8,0.1));
#8231=CARTESIAN_POINT('',(9.55,5.9,0.));
#8232=CARTESIAN_POINT('Origin',(3.80000000000001,3.80000000000001,0.1));
#8233=CARTESIAN_POINT('',(5.9,3.8,0.));
#8234=CARTESIAN_POINT('',(5.8,3.8,0.1));
#8235=CARTESIAN_POINT('Origin',(5.9,3.8,0.1));
#8236=CARTESIAN_POINT('Origin',(3.80000000000001,3.80000000000001,0.1));
#8237=CARTESIAN_POINT('Origin',(3.80000000000001,3.80000000000001,0.));
#8238=CARTESIAN_POINT('Origin',(5.9,11.45,0.1));
#8239=CARTESIAN_POINT('',(5.9,0.5,0.));
#8240=CARTESIAN_POINT('',(5.8,0.5,0.1));
#8241=CARTESIAN_POINT('Origin',(5.9,0.5,0.1));
#8242=CARTESIAN_POINT('',(5.8,11.45,0.1));
#8243=CARTESIAN_POINT('',(5.9,11.45,0.));
#8244=CARTESIAN_POINT('Origin',(6.3,0.5,0.1));
#8245=CARTESIAN_POINT('',(6.3,0.1,0.));
#8246=CARTESIAN_POINT('',(6.3,0.,0.1));
#8247=CARTESIAN_POINT('Origin',(6.3,0.1,0.1));
#8248=CARTESIAN_POINT('Origin',(6.3,0.5,0.1));
#8249=CARTESIAN_POINT('Origin',(6.3,0.5,0.));
#8250=CARTESIAN_POINT('Origin',(12.45,0.1,0.1));
#8251=CARTESIAN_POINT('',(37.7,0.1,0.));
#8252=CARTESIAN_POINT('',(37.7,0.,0.1));
#8253=CARTESIAN_POINT('Origin',(37.7,0.1,0.1));
#8254=CARTESIAN_POINT('',(12.45,0.,0.1));
#8255=CARTESIAN_POINT('',(12.45,0.1,0.));
#8256=CARTESIAN_POINT('Origin',(37.7,0.5,0.1));
#8257=CARTESIAN_POINT('',(38.1,0.5,0.));
#8258=CARTESIAN_POINT('',(38.2,0.5,0.1));
#8259=CARTESIAN_POINT('Origin',(38.1,0.5,0.1));
#8260=CARTESIAN_POINT('Origin',(37.7,0.5,0.1));
#8261=CARTESIAN_POINT('Origin',(37.7,0.5,0.));
#8262=CARTESIAN_POINT('Origin',(38.1,9.55,0.1));
#8263=CARTESIAN_POINT('',(38.1,21.5,0.));
#8264=CARTESIAN_POINT('',(38.2,21.5,0.1));
#8265=CARTESIAN_POINT('Origin',(38.1,21.5,0.1));
#8266=CARTESIAN_POINT('',(38.2,9.55,0.1));
#8267=CARTESIAN_POINT('',(38.1,9.55,0.));
#8268=CARTESIAN_POINT('Origin',(37.7,21.5,0.1));
#8269=CARTESIAN_POINT('Origin',(37.7,21.5,0.1));
#8270=CARTESIAN_POINT('Origin',(37.7,21.5,0.));
#8271=CARTESIAN_POINT('Origin',(3.80000000000001,3.80000000000001,0.));
#8272=CARTESIAN_POINT('',(5.8,3.8,2.6));
#8273=CARTESIAN_POINT('',(5.8,3.8,0.));
#8274=CARTESIAN_POINT('',(3.8,5.8,2.6));
#8275=CARTESIAN_POINT('Origin',(3.80000000000001,3.80000000000001,2.6));
#8276=CARTESIAN_POINT('',(3.8,5.8,0.));
#8277=CARTESIAN_POINT('Origin',(5.8,3.8,0.));
#8278=CARTESIAN_POINT('',(5.8,0.5,2.6));
#8279=CARTESIAN_POINT('',(5.8,0.5,0.));
#8280=CARTESIAN_POINT('',(5.8,11.45,2.6));
#8281=CARTESIAN_POINT('Origin',(6.3,0.5,0.));
#8282=CARTESIAN_POINT('',(6.3,0.,2.6));
#8283=CARTESIAN_POINT('',(6.3,0.,0.));
#8284=CARTESIAN_POINT('Origin',(6.3,0.5,2.6));
#8285=CARTESIAN_POINT('Origin',(5.8,0.,0.));
#8286=CARTESIAN_POINT('',(37.7,0.,2.6));
#8287=CARTESIAN_POINT('',(37.7,0.,0.));
#8288=CARTESIAN_POINT('',(12.45,0.,2.6));
#8289=CARTESIAN_POINT('Origin',(37.7,0.5,0.));
#8290=CARTESIAN_POINT('',(38.2,0.5,2.6));
#8291=CARTESIAN_POINT('',(38.2,0.5,0.));
#8292=CARTESIAN_POINT('Origin',(37.7,0.5,2.6));
#8293=CARTESIAN_POINT('Origin',(38.2,0.,0.));
#8294=CARTESIAN_POINT('',(38.2,21.5,2.6));
#8295=CARTESIAN_POINT('',(38.2,21.5,0.));
#8296=CARTESIAN_POINT('',(38.2,9.55,2.6));
#8297=CARTESIAN_POINT('Origin',(37.7,21.5,0.));
#8298=CARTESIAN_POINT('',(37.7,22.,2.6));
#8299=CARTESIAN_POINT('',(37.7,22.,0.));
#8300=CARTESIAN_POINT('Origin',(37.7,21.5,2.6));
#8301=CARTESIAN_POINT('Origin',(38.2,22.,0.));
#8302=CARTESIAN_POINT('',(23.,22.,2.6));
#8303=CARTESIAN_POINT('',(23.,22.,0.));
#8304=CARTESIAN_POINT('',(28.65,22.,2.6));
#8305=CARTESIAN_POINT('Origin',(19.1,19.1,0.));
#8306=CARTESIAN_POINT('',(1.2,35.7,0.));
#8307=CARTESIAN_POINT('Origin',(2.5,35.7,0.));
#8308=CARTESIAN_POINT('',(34.4,19.5,0.));
#8309=CARTESIAN_POINT('Origin',(35.7,19.5,0.));
#8310=CARTESIAN_POINT('',(1.2,8.3,0.));
#8311=CARTESIAN_POINT('Origin',(2.5,8.3,0.));
#8312=CARTESIAN_POINT('',(18.2,19.5,0.));
#8313=CARTESIAN_POINT('Origin',(19.5,19.5,0.));
#8314=CARTESIAN_POINT('',(7.,2.5,0.));
#8315=CARTESIAN_POINT('Origin',(8.3,2.5,0.));
#8316=CARTESIAN_POINT('',(18.6,2.5,0.));
#8317=CARTESIAN_POINT('Origin',(19.5,2.5,0.));
#8318=CARTESIAN_POINT('',(18.2,35.7,0.));
#8319=CARTESIAN_POINT('Origin',(19.5,35.7,0.));
#8320=CARTESIAN_POINT('',(1.6,19.5,0.));
#8321=CARTESIAN_POINT('Origin',(2.5,19.5,0.));
#8322=CARTESIAN_POINT('',(34.4,2.5,0.));
#8323=CARTESIAN_POINT('Origin',(35.7,2.5,0.));
#8324=CARTESIAN_POINT('Origin',(0.5,6.3,2.6));
#8325=CARTESIAN_POINT('',(0.5,5.8,2.6));
#8326=CARTESIAN_POINT('',(0.5,5.9,2.7));
#8327=CARTESIAN_POINT('Origin',(0.5,5.9,2.6));
#8328=CARTESIAN_POINT('',(0.1,6.3,2.7));
#8329=CARTESIAN_POINT('Origin',(0.5,6.3,2.7));
#8330=CARTESIAN_POINT('',(0.,6.3,2.6));
#8331=CARTESIAN_POINT('Origin',(0.1,6.3,2.6));
#8332=CARTESIAN_POINT('Origin',(0.5,6.3,2.6));
#8333=CARTESIAN_POINT('Origin',(0.1,28.65,2.6));
#8334=CARTESIAN_POINT('',(0.1,37.7,2.7));
#8335=CARTESIAN_POINT('',(0.,37.7,2.6));
#8336=CARTESIAN_POINT('Origin',(0.1,37.7,2.6));
#8337=CARTESIAN_POINT('',(0.,28.65,2.6));
#8338=CARTESIAN_POINT('',(0.1,28.65,2.7));
#8339=CARTESIAN_POINT('Origin',(0.5,37.7,2.6));
#8340=CARTESIAN_POINT('',(0.5,38.1,2.7));
#8341=CARTESIAN_POINT('',(0.5,38.2,2.6));
#8342=CARTESIAN_POINT('Origin',(0.5,38.1,2.6));
#8343=CARTESIAN_POINT('Origin',(0.5,37.7,2.6));
#8344=CARTESIAN_POINT('Origin',(0.5,37.7,2.7));
#8345=CARTESIAN_POINT('Origin',(20.55,38.1,2.6));
#8346=CARTESIAN_POINT('',(21.5,38.1,2.7));
#8347=CARTESIAN_POINT('',(21.5,38.2,2.6));
#8348=CARTESIAN_POINT('Origin',(21.5,38.1,2.6));
#8349=CARTESIAN_POINT('',(20.55,38.2,2.6));
#8350=CARTESIAN_POINT('',(20.55,38.1,2.7));
#8351=CARTESIAN_POINT('Origin',(21.5,37.7,2.6));
#8352=CARTESIAN_POINT('',(21.9,37.7,2.7));
#8353=CARTESIAN_POINT('',(22.,37.7,2.6));
#8354=CARTESIAN_POINT('Origin',(21.9,37.7,2.6));
#8355=CARTESIAN_POINT('Origin',(21.5,37.7,2.6));
#8356=CARTESIAN_POINT('Origin',(21.5,37.7,2.7));
#8357=CARTESIAN_POINT('Origin',(21.9,21.05,2.6));
#8358=CARTESIAN_POINT('',(21.9,23.,2.7));
#8359=CARTESIAN_POINT('',(22.,23.,2.6));
#8360=CARTESIAN_POINT('Origin',(21.9,23.,2.6));
#8361=CARTESIAN_POINT('',(22.,21.05,2.6));
#8362=CARTESIAN_POINT('',(21.9,21.05,2.7));
#8363=CARTESIAN_POINT('Origin',(23.,23.,2.6));
#8364=CARTESIAN_POINT('',(23.,21.9,2.7));
#8365=CARTESIAN_POINT('Origin',(23.,21.9,2.6));
#8366=CARTESIAN_POINT('Origin',(23.,23.,2.6));
#8367=CARTESIAN_POINT('Origin',(23.,23.,2.7));
#8368=CARTESIAN_POINT('Origin',(28.65,21.9,2.6));
#8369=CARTESIAN_POINT('',(37.7,21.9,2.7));
#8370=CARTESIAN_POINT('Origin',(37.7,21.9,2.6));
#8371=CARTESIAN_POINT('',(28.65,21.9,2.7));
#8372=CARTESIAN_POINT('Origin',(37.7,21.5,2.6));
#8373=CARTESIAN_POINT('',(38.1,21.5,2.7));
#8374=CARTESIAN_POINT('Origin',(38.1,21.5,2.6));
#8375=CARTESIAN_POINT('Origin',(37.7,21.5,2.7));
#8376=CARTESIAN_POINT('Origin',(38.1,9.55,2.6));
#8377=CARTESIAN_POINT('',(38.1,0.5,2.7));
#8378=CARTESIAN_POINT('Origin',(38.1,0.5,2.6));
#8379=CARTESIAN_POINT('',(38.1,9.55,2.7));
#8380=CARTESIAN_POINT('Origin',(37.7,0.5,2.6));
#8381=CARTESIAN_POINT('',(37.7,0.1,2.7));
#8382=CARTESIAN_POINT('Origin',(37.7,0.1,2.6));
#8383=CARTESIAN_POINT('Origin',(37.7,0.5,2.7));
#8384=CARTESIAN_POINT('Origin',(12.45,0.1,2.6));
#8385=CARTESIAN_POINT('',(6.3,0.1,2.7));
#8386=CARTESIAN_POINT('Origin',(6.3,0.1,2.6));
#8387=CARTESIAN_POINT('',(12.45,0.1,2.7));
#8388=CARTESIAN_POINT('Origin',(6.3,0.5,2.6));
#8389=CARTESIAN_POINT('',(5.9,0.5,2.7));
#8390=CARTESIAN_POINT('Origin',(5.9,0.5,2.6));
#8391=CARTESIAN_POINT('Origin',(6.3,0.5,2.7));
#8392=CARTESIAN_POINT('Origin',(5.9,11.45,2.6));
#8393=CARTESIAN_POINT('',(5.9,3.8,2.7));
#8394=CARTESIAN_POINT('Origin',(5.9,3.8,2.6));
#8395=CARTESIAN_POINT('',(5.9,11.45,2.7));
#8396=CARTESIAN_POINT('Origin',(3.80000000000001,3.80000000000001,2.6));
#8397=CARTESIAN_POINT('',(3.8,5.9,2.7));
#8398=CARTESIAN_POINT('Origin',(3.8,5.9,2.6));
#8399=CARTESIAN_POINT('Origin',(3.80000000000001,3.80000000000001,2.7));
#8400=CARTESIAN_POINT('Origin',(9.55,5.9,2.6));
#8401=CARTESIAN_POINT('',(9.55,5.9,2.7));
#8402=CARTESIAN_POINT('',(9.55,5.8,2.6));
#8403=CARTESIAN_POINT('Origin',(0.,5.8,0.));
#8404=CARTESIAN_POINT('',(0.5,5.8,0.));
#8405=CARTESIAN_POINT('Origin',(0.5,6.3,0.));
#8406=CARTESIAN_POINT('',(0.,6.3,0.));
#8407=CARTESIAN_POINT('Origin',(19.1,19.1,2.7));
#8408=CARTESIAN_POINT('',(1.6,19.5,2.7));
#8409=CARTESIAN_POINT('Origin',(2.5,19.5,2.7));
#8410=CARTESIAN_POINT('',(1.2,8.3,2.7));
#8411=CARTESIAN_POINT('Origin',(2.5,8.3,2.7));
#8412=CARTESIAN_POINT('',(34.4,2.5,2.7));
#8413=CARTESIAN_POINT('Origin',(35.7,2.5,2.7));
#8414=CARTESIAN_POINT('',(18.2,19.5,2.7));
#8415=CARTESIAN_POINT('Origin',(19.5,19.5,2.7));
#8416=CARTESIAN_POINT('',(1.2,35.7,2.7));
#8417=CARTESIAN_POINT('Origin',(2.5,35.7,2.7));
#8418=CARTESIAN_POINT('',(18.2,35.7,2.7));
#8419=CARTESIAN_POINT('Origin',(19.5,35.7,2.7));
#8420=CARTESIAN_POINT('',(34.4,19.5,2.7));
#8421=CARTESIAN_POINT('Origin',(35.7,19.5,2.7));
#8422=CARTESIAN_POINT('',(7.,2.5,2.7));
#8423=CARTESIAN_POINT('Origin',(8.3,2.5,2.7));
#8424=CARTESIAN_POINT('',(18.6,2.5,2.7));
#8425=CARTESIAN_POINT('Origin',(19.5,2.5,2.7));
#8426=CARTESIAN_POINT('Origin',(2.5,19.5,2.65));
#8427=CARTESIAN_POINT('',(1.7,19.5,2.6));
#8428=CARTESIAN_POINT('',(1.65,19.5,2.65));
#8429=CARTESIAN_POINT('Origin',(2.5,19.5,2.6));
#8430=CARTESIAN_POINT('Origin',(2.5,19.5,0.));
#8431=CARTESIAN_POINT('',(1.7,19.5,0.1));
#8432=CARTESIAN_POINT('',(1.7,19.5,0.));
#8433=CARTESIAN_POINT('Origin',(2.5,19.5,0.1));
#8434=CARTESIAN_POINT('Origin',(19.5,2.5,0.114644660940673));
#8435=CARTESIAN_POINT('',(18.6292893218813,2.5,0.0292893218813452));
#8436=CARTESIAN_POINT('Origin',(19.5,2.5,0.0292893218813452));
#8437=CARTESIAN_POINT('',(18.7,2.5,0.200000000000001));
#8438=CARTESIAN_POINT('',(18.6646446609407,2.5,0.114644660940673));
#8439=CARTESIAN_POINT('Origin',(19.5,2.5,0.200000000000001));
#8440=CARTESIAN_POINT('Origin',(19.5,2.5,0.));
#8441=CARTESIAN_POINT('',(18.7,2.5,2.6));
#8442=CARTESIAN_POINT('Origin',(19.5,2.5,2.6));
#8443=CARTESIAN_POINT('',(18.7,2.5,0.));
#8444=CARTESIAN_POINT('Origin',(19.5,2.5,0.05));
#8445=CARTESIAN_POINT('',(18.65,2.5,0.05));
#8446=CARTESIAN_POINT('Origin',(19.5,2.5,2.65));
#8447=CARTESIAN_POINT('',(18.65,2.5,2.65));
#8448=CARTESIAN_POINT('Origin',(2.5,8.3,2.65));
#8449=CARTESIAN_POINT('',(1.3,8.3,2.6));
#8450=CARTESIAN_POINT('',(1.25,8.3,2.65));
#8451=CARTESIAN_POINT('Origin',(2.5,8.3,2.6));
#8452=CARTESIAN_POINT('Origin',(2.5,8.3,0.));
#8453=CARTESIAN_POINT('',(1.3,8.3,0.1));
#8454=CARTESIAN_POINT('',(1.3,8.3,0.));
#8455=CARTESIAN_POINT('Origin',(2.5,8.3,0.1));
#8456=CARTESIAN_POINT('Origin',(8.3,2.5,2.65));
#8457=CARTESIAN_POINT('',(7.1,2.5,2.6));
#8458=CARTESIAN_POINT('',(7.05,2.5,2.65));
#8459=CARTESIAN_POINT('Origin',(8.3,2.5,2.6));
#8460=CARTESIAN_POINT('Origin',(8.3,2.5,0.));
#8461=CARTESIAN_POINT('',(7.1,2.5,0.1));
#8462=CARTESIAN_POINT('',(7.1,2.5,0.));
#8463=CARTESIAN_POINT('Origin',(8.3,2.5,0.1));
#8464=CARTESIAN_POINT('Origin',(35.7,2.5,2.65));
#8465=CARTESIAN_POINT('',(34.5,2.5,2.6));
#8466=CARTESIAN_POINT('',(34.45,2.5,2.65));
#8467=CARTESIAN_POINT('Origin',(35.7,2.5,2.6));
#8468=CARTESIAN_POINT('Origin',(35.7,2.5,0.));
#8469=CARTESIAN_POINT('',(34.5,2.5,0.1));
#8470=CARTESIAN_POINT('',(34.5,2.5,0.));
#8471=CARTESIAN_POINT('Origin',(35.7,2.5,0.1));
#8472=CARTESIAN_POINT('Origin',(35.7,19.5,2.65));
#8473=CARTESIAN_POINT('',(34.5,19.5,2.6));
#8474=CARTESIAN_POINT('',(34.45,19.5,2.65));
#8475=CARTESIAN_POINT('Origin',(35.7,19.5,2.6));
#8476=CARTESIAN_POINT('Origin',(35.7,19.5,0.));
#8477=CARTESIAN_POINT('',(34.5,19.5,0.1));
#8478=CARTESIAN_POINT('',(34.5,19.5,0.));
#8479=CARTESIAN_POINT('Origin',(35.7,19.5,0.1));
#8480=CARTESIAN_POINT('Origin',(19.5,19.5,2.65));
#8481=CARTESIAN_POINT('',(18.3,19.5,2.6));
#8482=CARTESIAN_POINT('',(18.25,19.5,2.65));
#8483=CARTESIAN_POINT('Origin',(19.5,19.5,2.6));
#8484=CARTESIAN_POINT('Origin',(19.5,19.5,0.));
#8485=CARTESIAN_POINT('',(18.3,19.5,0.1));
#8486=CARTESIAN_POINT('',(18.3,19.5,0.));
#8487=CARTESIAN_POINT('Origin',(19.5,19.5,0.1));
#8488=CARTESIAN_POINT('Origin',(19.5,35.7,2.65));
#8489=CARTESIAN_POINT('',(18.3,35.7,2.6));
#8490=CARTESIAN_POINT('',(18.25,35.7,2.65));
#8491=CARTESIAN_POINT('Origin',(19.5,35.7,2.6));
#8492=CARTESIAN_POINT('Origin',(19.5,35.7,0.));
#8493=CARTESIAN_POINT('',(18.3,35.7,0.1));
#8494=CARTESIAN_POINT('',(18.3,35.7,0.));
#8495=CARTESIAN_POINT('Origin',(19.5,35.7,0.1));
#8496=CARTESIAN_POINT('Origin',(2.5,35.7,0.05));
#8497=CARTESIAN_POINT('',(1.3,35.7,0.1));
#8498=CARTESIAN_POINT('Origin',(2.5,35.7,0.1));
#8499=CARTESIAN_POINT('',(1.25,35.7,0.05));
#8500=CARTESIAN_POINT('Origin',(2.5,35.7,0.));
#8501=CARTESIAN_POINT('',(1.3,35.7,2.6));
#8502=CARTESIAN_POINT('Origin',(2.5,35.7,2.6));
#8503=CARTESIAN_POINT('',(1.3,35.7,0.));
#8504=CARTESIAN_POINT('Origin',(2.5,35.7,2.65));
#8505=CARTESIAN_POINT('',(1.25,35.7,2.65));
#8506=CARTESIAN_POINT('Origin',(35.7,2.5,0.05));
#8507=CARTESIAN_POINT('',(34.45,2.5,0.05));
#8508=CARTESIAN_POINT('Origin',(35.7,19.5,0.05));
#8509=CARTESIAN_POINT('',(34.45,19.5,0.05));
#8510=CARTESIAN_POINT('Origin',(2.5,19.5,0.05));
#8511=CARTESIAN_POINT('',(1.65,19.5,0.05));
#8512=CARTESIAN_POINT('Origin',(2.5,8.3,0.05));
#8513=CARTESIAN_POINT('',(1.25,8.3,0.05));
#8514=CARTESIAN_POINT('Origin',(19.5,35.7,0.05));
#8515=CARTESIAN_POINT('',(18.25,35.7,0.05));
#8516=CARTESIAN_POINT('Origin',(19.5,19.5,0.05));
#8517=CARTESIAN_POINT('',(18.25,19.5,0.05));
#8518=CARTESIAN_POINT('Origin',(8.3,2.5,0.05));
#8519=CARTESIAN_POINT('',(7.05,2.5,0.05));
#8520=CARTESIAN_POINT('Origin',(21.5,37.7,0.));
#8521=CARTESIAN_POINT('',(21.5,38.2,0.));
#8522=CARTESIAN_POINT('',(22.,37.7,0.));
#8523=CARTESIAN_POINT('Origin',(22.,38.2,0.));
#8524=CARTESIAN_POINT('',(0.5,38.2,0.));
#8525=CARTESIAN_POINT('Origin',(0.5,37.7,0.));
#8526=CARTESIAN_POINT('',(0.,37.7,0.));
#8527=CARTESIAN_POINT('Origin',(3.99360833268137E-31,38.2,0.));
#8528=CARTESIAN_POINT('Origin',(22.,23.,0.));
#8529=CARTESIAN_POINT('',(22.,23.,0.));
#8530=CARTESIAN_POINT('Origin',(23.,23.,0.));
#8531=CARTESIAN_POINT('',(31.9388391918048,-6.99647388725727,4.91276508313031));
#8532=CARTESIAN_POINT('',(21.938839178943,-6.99647388725733,4.9127650831303));
#8533=CARTESIAN_POINT('',(26.3388391918048,-6.99647388725727,4.91276508313024));
#8534=CARTESIAN_POINT('',(-19.3611608081956,-17.9964738872573,-4.58723491686928));
#8535=CARTESIAN_POINT('',(-8.36116076810938,27.703526112743,4.91276508313025));
#8536=CARTESIAN_POINT('',(-8.3611607681093,23.303526099881,4.91276508313033));
#8537=CARTESIAN_POINT('',(-8.36116076810932,33.3035261127429,4.91276508313029));
#8538=CARTESIAN_POINT('',(-8.36116080819559,-6.99647388725751,31.0127650831311));
#8539=CARTESIAN_POINT('',(-8.36116080819554,-6.99647388725744,25.4127650831307));
#8540=CARTESIAN_POINT('',(-8.36116080819563,-6.99647388725744,21.0127650702689));
#8541=CARTESIAN_POINT('',(-19.3611607786031,-17.9964738872574,-7.28723491686937));
#8542=UNCERTAINTY_MEASURE_WITH_UNIT(LENGTH_MEASURE(0.01),#8556,
'DISTANCE_ACCURACY_VALUE',
'Maximum model space distance between geometric entities at asserted c
onnectivities');
#8543=UNCERTAINTY_MEASURE_WITH_UNIT(LENGTH_MEASURE(0.01),#8556,
'DISTANCE_ACCURACY_VALUE',
'Maximum model space distance between geometric entities at asserted c
onnectivities');
#8544=UNCERTAINTY_MEASURE_WITH_UNIT(LENGTH_MEASURE(0.01),#8556,
'DISTANCE_ACCURACY_VALUE',
'Maximum model space distance between geometric entities at asserted c
onnectivities');
#8545=UNCERTAINTY_MEASURE_WITH_UNIT(LENGTH_MEASURE(0.01),#8556,
'DISTANCE_ACCURACY_VALUE',
'Maximum model space distance between geometric entities at asserted c
onnectivities');
#8546=UNCERTAINTY_MEASURE_WITH_UNIT(LENGTH_MEASURE(0.01),#8556,
'DISTANCE_ACCURACY_VALUE',
'Maximum model space distance between geometric entities at asserted c
onnectivities');
#8547=UNCERTAINTY_MEASURE_WITH_UNIT(LENGTH_MEASURE(0.01),#8556,
'DISTANCE_ACCURACY_VALUE',
'Maximum model space distance between geometric entities at asserted c
onnectivities');
#8548=UNCERTAINTY_MEASURE_WITH_UNIT(LENGTH_MEASURE(0.01),#8556,
'DISTANCE_ACCURACY_VALUE',
'Maximum model space distance between geometric entities at asserted c
onnectivities');
#8549=(
GEOMETRIC_REPRESENTATION_CONTEXT(3)
GLOBAL_UNCERTAINTY_ASSIGNED_CONTEXT((#8542))
GLOBAL_UNIT_ASSIGNED_CONTEXT((#8556,#8558,#8559))
REPRESENTATION_CONTEXT('','3D')
);
#8550=(
GEOMETRIC_REPRESENTATION_CONTEXT(3)
GLOBAL_UNCERTAINTY_ASSIGNED_CONTEXT((#8543))
GLOBAL_UNIT_ASSIGNED_CONTEXT((#8556,#8558,#8559))
REPRESENTATION_CONTEXT('','3D')
);
#8551=(
GEOMETRIC_REPRESENTATION_CONTEXT(3)
GLOBAL_UNCERTAINTY_ASSIGNED_CONTEXT((#8544))
GLOBAL_UNIT_ASSIGNED_CONTEXT((#8556,#8558,#8559))
REPRESENTATION_CONTEXT('','3D')
);
#8552=(
GEOMETRIC_REPRESENTATION_CONTEXT(3)
GLOBAL_UNCERTAINTY_ASSIGNED_CONTEXT((#8545))
GLOBAL_UNIT_ASSIGNED_CONTEXT((#8556,#8558,#8559))
REPRESENTATION_CONTEXT('','3D')
);
#8553=(
GEOMETRIC_REPRESENTATION_CONTEXT(3)
GLOBAL_UNCERTAINTY_ASSIGNED_CONTEXT((#8546))
GLOBAL_UNIT_ASSIGNED_CONTEXT((#8556,#8558,#8559))
REPRESENTATION_CONTEXT('','3D')
);
#8554=(
GEOMETRIC_REPRESENTATION_CONTEXT(3)
GLOBAL_UNCERTAINTY_ASSIGNED_CONTEXT((#8547))
GLOBAL_UNIT_ASSIGNED_CONTEXT((#8556,#8558,#8559))
REPRESENTATION_CONTEXT('','3D')
);
#8555=(
GEOMETRIC_REPRESENTATION_CONTEXT(3)
GLOBAL_UNCERTAINTY_ASSIGNED_CONTEXT((#8548))
GLOBAL_UNIT_ASSIGNED_CONTEXT((#8556,#8558,#8559))
REPRESENTATION_CONTEXT('','3D')
);
#8556=(
LENGTH_UNIT()
NAMED_UNIT(*)
SI_UNIT(.MILLI.,.METRE.)
);
#8557=(
LENGTH_UNIT()
NAMED_UNIT(*)
SI_UNIT($,.METRE.)
);
#8558=(
NAMED_UNIT(*)
PLANE_ANGLE_UNIT()
SI_UNIT($,.RADIAN.)
);
#8559=(
NAMED_UNIT(*)
SI_UNIT($,.STERADIAN.)
SOLID_ANGLE_UNIT()
);
#8560=SHAPE_DEFINITION_REPRESENTATION(#8566,#8583);
#8561=SHAPE_DEFINITION_REPRESENTATION(#8567,#8584);
#8562=SHAPE_DEFINITION_REPRESENTATION(#8568,#8585);
#8563=SHAPE_DEFINITION_REPRESENTATION(#8569,#8586);
#8564=SHAPE_DEFINITION_REPRESENTATION(#8570,#8587);
#8565=SHAPE_DEFINITION_REPRESENTATION(#8571,#8588);
#8566=PRODUCT_DEFINITION_SHAPE('',$,#8590);
#8567=PRODUCT_DEFINITION_SHAPE('',$,#8591);
#8568=PRODUCT_DEFINITION_SHAPE('',$,#8592);
#8569=PRODUCT_DEFINITION_SHAPE('',$,#8593);
#8570=PRODUCT_DEFINITION_SHAPE('',$,#8594);
#8571=PRODUCT_DEFINITION_SHAPE('',$,#8595);
#8572=PRODUCT_DEFINITION_SHAPE($,$,#44);
#8573=PRODUCT_DEFINITION_SHAPE($,$,#45);
#8574=PRODUCT_DEFINITION_SHAPE($,$,#46);
#8575=PRODUCT_DEFINITION_SHAPE($,$,#47);
#8576=PRODUCT_DEFINITION_SHAPE($,$,#48);
#8577=PRODUCT_DEFINITION_SHAPE($,$,#49);
#8578=PRODUCT_DEFINITION_SHAPE($,$,#50);
#8579=PRODUCT_DEFINITION_SHAPE($,$,#51);
#8580=PRODUCT_DEFINITION_SHAPE($,$,#52);
#8581=PRODUCT_DEFINITION_SHAPE($,$,#53);
#8582=PRODUCT_DEFINITION_SHAPE($,$,#54);
#8583=SHAPE_REPRESENTATION('',(#4357,#4930,#4931,#4932,#4933,#4934,#4935,
#4936,#4937,#4938,#4939,#4940),#8549);
#8584=SHAPE_REPRESENTATION('',(#4358),#8550);
#8585=SHAPE_REPRESENTATION('',(#4650),#8551);
#8586=SHAPE_REPRESENTATION('',(#4672),#8552);
#8587=SHAPE_REPRESENTATION('',(#4717),#8553);
#8588=SHAPE_REPRESENTATION('',(#4750),#8554);
#8589=PRODUCT_DEFINITION_CONTEXT('part definition',#8609,'design');
#8590=PRODUCT_DEFINITION('2026-06-19-20-55-26-299',
'Reaction_wheels_assembly',#8596,#8589);
#8591=PRODUCT_DEFINITION('2026-06-16-15-30-54-798','Three_axis_housing',
#8597,#8589);
#8592=PRODUCT_DEFINITION('2026-06-19-17-36-01-084','motor',#8598,#8589);
#8593=PRODUCT_DEFINITION('2026-06-16-17-42-33-505','motor housing',#8599,
#8589);
#8594=PRODUCT_DEFINITION('2026-06-16-17-41-19-115','flywheel',#8600,#8589);
#8595=PRODUCT_DEFINITION('2026-06-16-17-43-21-645','PLATE',#8601,#8589);
#8596=PRODUCT_DEFINITION_FORMATION('',$,#8611);
#8597=PRODUCT_DEFINITION_FORMATION('',$,#8612);
#8598=PRODUCT_DEFINITION_FORMATION('',$,#8613);
#8599=PRODUCT_DEFINITION_FORMATION('',$,#8614);
#8600=PRODUCT_DEFINITION_FORMATION('',$,#8615);
#8601=PRODUCT_DEFINITION_FORMATION('',$,#8616);
#8602=PRODUCT_RELATED_PRODUCT_CATEGORY('Reaction_wheels_assembly',
'Reaction_wheels_assembly',(#8611));
#8603=PRODUCT_RELATED_PRODUCT_CATEGORY('Three_axis_housing',
'Three_axis_housing',(#8612));
#8604=PRODUCT_RELATED_PRODUCT_CATEGORY('motor','motor',(#8613));
#8605=PRODUCT_RELATED_PRODUCT_CATEGORY('motor housing','motor housing',
(#8614));
#8606=PRODUCT_RELATED_PRODUCT_CATEGORY('flywheel','flywheel',(#8615));
#8607=PRODUCT_RELATED_PRODUCT_CATEGORY('PLATE','PLATE',(#8616));
#8608=APPLICATION_PROTOCOL_DEFINITION('international standard',
'automotive_design',2009,#8609);
#8609=APPLICATION_CONTEXT(
'Core Data for Automotive Mechanical Design Process');
#8610=PRODUCT_CONTEXT('part definition',#8609,'mechanical');
#8611=PRODUCT('2026-06-19-20-55-26-299','Reaction_wheels_assembly',$,(#8610));
#8612=PRODUCT('2026-06-16-15-30-54-798','Three_axis_housing',$,(#8610));
#8613=PRODUCT('2026-06-19-17-36-01-084','motor',$,(#8610));
#8614=PRODUCT('2026-06-16-17-42-33-505','motor housing',$,(#8610));
#8615=PRODUCT('2026-06-16-17-41-19-115','flywheel',$,(#8610));
#8616=PRODUCT('2026-06-16-17-43-21-645','PLATE',$,(#8610));
#8617=PRESENTATION_STYLE_ASSIGNMENT((#8622));
#8618=PRESENTATION_STYLE_ASSIGNMENT((#8623));
#8619=PRESENTATION_STYLE_ASSIGNMENT((#8624));
#8620=PRESENTATION_STYLE_ASSIGNMENT((#8625));
#8621=PRESENTATION_STYLE_ASSIGNMENT((#8626));
#8622=SURFACE_STYLE_USAGE(.BOTH.,#8627);
#8623=SURFACE_STYLE_USAGE(.BOTH.,#8628);
#8624=SURFACE_STYLE_USAGE(.BOTH.,#8629);
#8625=SURFACE_STYLE_USAGE(.BOTH.,#8630);
#8626=SURFACE_STYLE_USAGE(.BOTH.,#8631);
#8627=SURFACE_SIDE_STYLE('',(#8632));
#8628=SURFACE_SIDE_STYLE('',(#8633));
#8629=SURFACE_SIDE_STYLE('',(#8634));
#8630=SURFACE_SIDE_STYLE('',(#8635));
#8631=SURFACE_SIDE_STYLE('',(#8636));
#8632=SURFACE_STYLE_FILL_AREA(#8637);
#8633=SURFACE_STYLE_FILL_AREA(#8638);
#8634=SURFACE_STYLE_FILL_AREA(#8639);
#8635=SURFACE_STYLE_FILL_AREA(#8640);
#8636=SURFACE_STYLE_FILL_AREA(#8641);
#8637=FILL_AREA_STYLE('Steel - Satin',(#8642));
#8638=FILL_AREA_STYLE('Aluminum - Satin',(#8643));
#8639=FILL_AREA_STYLE('Steel - Galvanized (Small)',(#8644));
#8640=FILL_AREA_STYLE('Stainless Steel - Satin',(#8645));
#8641=FILL_AREA_STYLE('Aluminum - Satin',(#8646));
#8642=FILL_AREA_STYLE_COLOUR('Steel - Satin',#8647);
#8643=FILL_AREA_STYLE_COLOUR('Aluminum - Satin',#8648);
#8644=FILL_AREA_STYLE_COLOUR('Steel - Galvanized (Small)',#8649);
#8645=FILL_AREA_STYLE_COLOUR('Stainless Steel - Satin',#8650);
#8646=FILL_AREA_STYLE_COLOUR('Aluminum - Satin',#8651);
#8647=COLOUR_RGB('Steel - Satin',0.627450980392157,0.627450980392157,0.627450980392157);
#8648=COLOUR_RGB('Aluminum - Satin',0.96078431372549,0.96078431372549,0.964705882352941);
#8649=COLOUR_RGB('Steel - Galvanized (Small)',0.,0.,0.);
#8650=COLOUR_RGB('Stainless Steel - Satin',0.796078431372549,0.796078431372549,
0.796078431372549);
#8651=COLOUR_RGB('Aluminum - Satin',0.96078431372549,0.96078431372549,0.964705882352941);
ENDSEC;
END-ISO-10303-21;
