ISO-10303-21;
HEADER;
/* Generated by software containing ST-Developer
 * from STEP Tools, Inc. (www.steptools.com) 
 */

FILE_DESCRIPTION(
/* description */ (''),
/* implementation_level */ '2;1');

FILE_NAME(
/* name */ 'frame.step',
/* time_stamp */ '2026-07-04T18:16:52+05:30',
/* author */ (''),
/* organization */ (''),
/* preprocessor_version */ 'ST-DEVELOPER v20.1',
/* originating_system */ 'Autodesk Translation Framework v15.8.0.0',
/* authorisation */ '');

FILE_SCHEMA (('AUTOMOTIVE_DESIGN { 1 0 10303 214 3 1 1 }'));
ENDSEC;

DATA;
#10=MECHANICAL_DESIGN_GEOMETRIC_PRESENTATION_REPRESENTATION('',(#41,#42,
#43,#44,#45,#46),#7042);
#11=ITEM_DEFINED_TRANSFORMATION($,$,#4338,#4673);
#12=ITEM_DEFINED_TRANSFORMATION($,$,#4579,#4674);
#13=ITEM_DEFINED_TRANSFORMATION($,$,#4579,#4675);
#14=ITEM_DEFINED_TRANSFORMATION($,$,#4579,#4676);
#15=ITEM_DEFINED_TRANSFORMATION($,$,#4579,#4677);
#16=ITEM_DEFINED_TRANSFORMATION($,$,#4610,#4678);
#17=(
REPRESENTATION_RELATIONSHIP($,$,#7062,#7061)
REPRESENTATION_RELATIONSHIP_WITH_TRANSFORMATION(#11)
SHAPE_REPRESENTATION_RELATIONSHIP()
);
#18=(
REPRESENTATION_RELATIONSHIP($,$,#7063,#7061)
REPRESENTATION_RELATIONSHIP_WITH_TRANSFORMATION(#12)
SHAPE_REPRESENTATION_RELATIONSHIP()
);
#19=(
REPRESENTATION_RELATIONSHIP($,$,#7063,#7061)
REPRESENTATION_RELATIONSHIP_WITH_TRANSFORMATION(#13)
SHAPE_REPRESENTATION_RELATIONSHIP()
);
#20=(
REPRESENTATION_RELATIONSHIP($,$,#7063,#7061)
REPRESENTATION_RELATIONSHIP_WITH_TRANSFORMATION(#14)
SHAPE_REPRESENTATION_RELATIONSHIP()
);
#21=(
REPRESENTATION_RELATIONSHIP($,$,#7063,#7061)
REPRESENTATION_RELATIONSHIP_WITH_TRANSFORMATION(#15)
SHAPE_REPRESENTATION_RELATIONSHIP()
);
#22=(
REPRESENTATION_RELATIONSHIP($,$,#7064,#7061)
REPRESENTATION_RELATIONSHIP_WITH_TRANSFORMATION(#16)
SHAPE_REPRESENTATION_RELATIONSHIP()
);
#23=CONTEXT_DEPENDENT_SHAPE_REPRESENTATION(#17,#7055);
#24=CONTEXT_DEPENDENT_SHAPE_REPRESENTATION(#18,#7056);
#25=CONTEXT_DEPENDENT_SHAPE_REPRESENTATION(#19,#7057);
#26=CONTEXT_DEPENDENT_SHAPE_REPRESENTATION(#20,#7058);
#27=CONTEXT_DEPENDENT_SHAPE_REPRESENTATION(#21,#7059);
#28=CONTEXT_DEPENDENT_SHAPE_REPRESENTATION(#22,#7060);
#29=NEXT_ASSEMBLY_USAGE_OCCURRENCE('chassis part1:1','chassis part1:1',
'chassis part1:1',#7066,#7067,'chassis part1:1');
#30=NEXT_ASSEMBLY_USAGE_OCCURRENCE('chassis part2:1','chassis part2:1',
'chassis part2:1',#7066,#7068,'chassis part2:1');
#31=NEXT_ASSEMBLY_USAGE_OCCURRENCE('chassis part2:2','chassis part2:2',
'chassis part2:2',#7066,#7068,'chassis part2:2');
#32=NEXT_ASSEMBLY_USAGE_OCCURRENCE('chassis part2:3','chassis part2:3',
'chassis part2:3',#7066,#7068,'chassis part2:3');
#33=NEXT_ASSEMBLY_USAGE_OCCURRENCE('chassis part2:4','chassis part2:4',
'chassis part2:4',#7066,#7068,'chassis part2:4');
#34=NEXT_ASSEMBLY_USAGE_OCCURRENCE('base:1','base:1','base:1',#7066,#7069,
'base:1');
#35=SHAPE_REPRESENTATION_RELATIONSHIP('SRR','None',#7062,#38);
#36=SHAPE_REPRESENTATION_RELATIONSHIP('SRR','None',#7063,#39);
#37=SHAPE_REPRESENTATION_RELATIONSHIP('SRR','None',#7064,#40);
#38=ADVANCED_BREP_SHAPE_REPRESENTATION('',(#47,#48,#49,#50),#7039);
#39=ADVANCED_BREP_SHAPE_REPRESENTATION('',(#51),#7040);
#40=ADVANCED_BREP_SHAPE_REPRESENTATION('',(#52),#7041);
#41=STYLED_ITEM('',(#7086),#47);
#42=STYLED_ITEM('',(#7086),#48);
#43=STYLED_ITEM('',(#7086),#49);
#44=STYLED_ITEM('',(#7086),#50);
#45=STYLED_ITEM('',(#7086),#51);
#46=STYLED_ITEM('',(#7086),#52);
#47=MANIFOLD_SOLID_BREP('Body3',#4297);
#48=MANIFOLD_SOLID_BREP('Body4',#4298);
#49=MANIFOLD_SOLID_BREP('Body1',#4299);
#50=MANIFOLD_SOLID_BREP('Body2',#4300);
#51=MANIFOLD_SOLID_BREP('Body1',#4301);
#52=MANIFOLD_SOLID_BREP('Body1',#4302);
#53=FACE_BOUND('',#563,.T.);
#54=FACE_BOUND('',#564,.T.);
#55=FACE_BOUND('',#565,.T.);
#56=FACE_BOUND('',#568,.T.);
#57=FACE_BOUND('',#569,.T.);
#58=FACE_BOUND('',#570,.T.);
#59=FACE_BOUND('',#572,.T.);
#60=FACE_BOUND('',#573,.T.);
#61=FACE_BOUND('',#574,.T.);
#62=FACE_BOUND('',#577,.T.);
#63=FACE_BOUND('',#578,.T.);
#64=FACE_BOUND('',#579,.T.);
#65=FACE_BOUND('',#582,.T.);
#66=FACE_BOUND('',#583,.T.);
#67=FACE_BOUND('',#584,.T.);
#68=FACE_BOUND('',#592,.T.);
#69=FACE_BOUND('',#593,.T.);
#70=FACE_BOUND('',#594,.T.);
#71=FACE_BOUND('',#617,.T.);
#72=FACE_BOUND('',#618,.T.);
#73=FACE_BOUND('',#619,.T.);
#74=FACE_BOUND('',#622,.T.);
#75=FACE_BOUND('',#623,.T.);
#76=FACE_BOUND('',#624,.T.);
#77=FACE_BOUND('',#626,.T.);
#78=FACE_BOUND('',#627,.T.);
#79=FACE_BOUND('',#628,.T.);
#80=FACE_BOUND('',#631,.T.);
#81=FACE_BOUND('',#632,.T.);
#82=FACE_BOUND('',#633,.T.);
#83=FACE_BOUND('',#636,.T.);
#84=FACE_BOUND('',#637,.T.);
#85=FACE_BOUND('',#638,.T.);
#86=FACE_BOUND('',#646,.T.);
#87=FACE_BOUND('',#647,.T.);
#88=FACE_BOUND('',#648,.T.);
#89=FACE_BOUND('',#672,.T.);
#90=FACE_BOUND('',#673,.T.);
#91=FACE_BOUND('',#674,.T.);
#92=FACE_BOUND('',#677,.T.);
#93=FACE_BOUND('',#678,.T.);
#94=FACE_BOUND('',#679,.T.);
#95=FACE_BOUND('',#682,.T.);
#96=FACE_BOUND('',#683,.T.);
#97=FACE_BOUND('',#684,.T.);
#98=FACE_BOUND('',#686,.T.);
#99=FACE_BOUND('',#687,.T.);
#100=FACE_BOUND('',#688,.T.);
#101=FACE_BOUND('',#691,.T.);
#102=FACE_BOUND('',#692,.T.);
#103=FACE_BOUND('',#693,.T.);
#104=FACE_BOUND('',#696,.T.);
#105=FACE_BOUND('',#697,.T.);
#106=FACE_BOUND('',#698,.T.);
#107=FACE_BOUND('',#724,.T.);
#108=FACE_BOUND('',#725,.T.);
#109=FACE_BOUND('',#726,.T.);
#110=FACE_BOUND('',#734,.T.);
#111=FACE_BOUND('',#735,.T.);
#112=FACE_BOUND('',#736,.T.);
#113=FACE_BOUND('',#739,.T.);
#114=FACE_BOUND('',#740,.T.);
#115=FACE_BOUND('',#741,.T.);
#116=FACE_BOUND('',#744,.T.);
#117=FACE_BOUND('',#745,.T.);
#118=FACE_BOUND('',#746,.T.);
#119=FACE_BOUND('',#748,.T.);
#120=FACE_BOUND('',#749,.T.);
#121=FACE_BOUND('',#750,.T.);
#122=FACE_BOUND('',#753,.T.);
#123=FACE_BOUND('',#754,.T.);
#124=FACE_BOUND('',#755,.T.);
#125=FACE_BOUND('',#780,.T.);
#126=FACE_BOUND('',#781,.T.);
#127=FACE_BOUND('',#782,.T.);
#128=FACE_BOUND('',#783,.T.);
#129=FACE_BOUND('',#784,.T.);
#130=FACE_BOUND('',#785,.T.);
#131=FACE_BOUND('',#786,.T.);
#132=FACE_BOUND('',#788,.T.);
#133=FACE_BOUND('',#789,.T.);
#134=FACE_BOUND('',#790,.T.);
#135=FACE_BOUND('',#791,.T.);
#136=FACE_BOUND('',#792,.T.);
#137=FACE_BOUND('',#793,.T.);
#138=FACE_BOUND('',#794,.T.);
#139=PLANE('',#4345);
#140=PLANE('',#4352);
#141=PLANE('',#4359);
#142=PLANE('',#4366);
#143=PLANE('',#4373);
#144=PLANE('',#4380);
#145=PLANE('',#4381);
#146=PLANE('',#4382);
#147=PLANE('',#4383);
#148=PLANE('',#4384);
#149=PLANE('',#4385);
#150=PLANE('',#4386);
#151=PLANE('',#4387);
#152=PLANE('',#4388);
#153=PLANE('',#4389);
#154=PLANE('',#4390);
#155=PLANE('',#4391);
#156=PLANE('',#4392);
#157=PLANE('',#4393);
#158=PLANE('',#4394);
#159=PLANE('',#4395);
#160=PLANE('',#4396);
#161=PLANE('',#4397);
#162=PLANE('',#4398);
#163=PLANE('',#4405);
#164=PLANE('',#4412);
#165=PLANE('',#4419);
#166=PLANE('',#4426);
#167=PLANE('',#4433);
#168=PLANE('',#4440);
#169=PLANE('',#4441);
#170=PLANE('',#4442);
#171=PLANE('',#4443);
#172=PLANE('',#4444);
#173=PLANE('',#4445);
#174=PLANE('',#4446);
#175=PLANE('',#4447);
#176=PLANE('',#4448);
#177=PLANE('',#4449);
#178=PLANE('',#4450);
#179=PLANE('',#4451);
#180=PLANE('',#4452);
#181=PLANE('',#4453);
#182=PLANE('',#4454);
#183=PLANE('',#4455);
#184=PLANE('',#4456);
#185=PLANE('',#4457);
#186=PLANE('',#4458);
#187=PLANE('',#4465);
#188=PLANE('',#4472);
#189=PLANE('',#4479);
#190=PLANE('',#4486);
#191=PLANE('',#4493);
#192=PLANE('',#4500);
#193=PLANE('',#4501);
#194=PLANE('',#4502);
#195=PLANE('',#4503);
#196=PLANE('',#4504);
#197=PLANE('',#4505);
#198=PLANE('',#4506);
#199=PLANE('',#4507);
#200=PLANE('',#4508);
#201=PLANE('',#4509);
#202=PLANE('',#4510);
#203=PLANE('',#4511);
#204=PLANE('',#4512);
#205=PLANE('',#4513);
#206=PLANE('',#4514);
#207=PLANE('',#4515);
#208=PLANE('',#4516);
#209=PLANE('',#4517);
#210=PLANE('',#4518);
#211=PLANE('',#4525);
#212=PLANE('',#4532);
#213=PLANE('',#4539);
#214=PLANE('',#4546);
#215=PLANE('',#4553);
#216=PLANE('',#4560);
#217=PLANE('',#4561);
#218=PLANE('',#4562);
#219=PLANE('',#4563);
#220=PLANE('',#4564);
#221=PLANE('',#4565);
#222=PLANE('',#4566);
#223=PLANE('',#4567);
#224=PLANE('',#4568);
#225=PLANE('',#4569);
#226=PLANE('',#4570);
#227=PLANE('',#4571);
#228=PLANE('',#4572);
#229=PLANE('',#4573);
#230=PLANE('',#4574);
#231=PLANE('',#4575);
#232=PLANE('',#4576);
#233=PLANE('',#4577);
#234=PLANE('',#4578);
#235=PLANE('',#4592);
#236=PLANE('',#4593);
#237=PLANE('',#4594);
#238=PLANE('',#4595);
#239=PLANE('',#4596);
#240=PLANE('',#4597);
#241=PLANE('',#4598);
#242=PLANE('',#4599);
#243=PLANE('',#4600);
#244=PLANE('',#4601);
#245=PLANE('',#4602);
#246=PLANE('',#4603);
#247=PLANE('',#4604);
#248=PLANE('',#4605);
#249=PLANE('',#4606);
#250=PLANE('',#4607);
#251=PLANE('',#4608);
#252=PLANE('',#4609);
#253=PLANE('',#4611);
#254=PLANE('',#4612);
#255=PLANE('',#4613);
#256=PLANE('',#4614);
#257=PLANE('',#4615);
#258=PLANE('',#4616);
#259=PLANE('',#4617);
#260=PLANE('',#4618);
#261=PLANE('',#4619);
#262=PLANE('',#4620);
#263=PLANE('',#4621);
#264=PLANE('',#4622);
#265=PLANE('',#4623);
#266=PLANE('',#4624);
#267=PLANE('',#4625);
#268=PLANE('',#4626);
#269=PLANE('',#4627);
#270=PLANE('',#4628);
#271=PLANE('',#4629);
#272=PLANE('',#4630);
#273=PLANE('',#4631);
#274=PLANE('',#4632);
#275=PLANE('',#4633);
#276=PLANE('',#4634);
#277=PLANE('',#4635);
#278=PLANE('',#4636);
#279=PLANE('',#4637);
#280=PLANE('',#4638);
#281=PLANE('',#4639);
#282=PLANE('',#4640);
#283=PLANE('',#4641);
#284=PLANE('',#4642);
#285=PLANE('',#4643);
#286=PLANE('',#4644);
#287=PLANE('',#4645);
#288=PLANE('',#4646);
#289=PLANE('',#4647);
#290=PLANE('',#4648);
#291=PLANE('',#4649);
#292=PLANE('',#4650);
#293=PLANE('',#4651);
#294=PLANE('',#4652);
#295=PLANE('',#4653);
#296=PLANE('',#4654);
#297=PLANE('',#4655);
#298=PLANE('',#4656);
#299=PLANE('',#4657);
#300=PLANE('',#4658);
#301=PLANE('',#4659);
#302=PLANE('',#4660);
#303=PLANE('',#4661);
#304=PLANE('',#4662);
#305=PLANE('',#4663);
#306=PLANE('',#4664);
#307=PLANE('',#4665);
#308=PLANE('',#4666);
#309=PLANE('',#4667);
#310=PLANE('',#4668);
#311=PLANE('',#4669);
#312=PLANE('',#4670);
#313=PLANE('',#4671);
#314=PLANE('',#4672);
#315=FACE_OUTER_BOUND('',#543,.T.);
#316=FACE_OUTER_BOUND('',#544,.T.);
#317=FACE_OUTER_BOUND('',#545,.T.);
#318=FACE_OUTER_BOUND('',#546,.T.);
#319=FACE_OUTER_BOUND('',#547,.T.);
#320=FACE_OUTER_BOUND('',#548,.T.);
#321=FACE_OUTER_BOUND('',#549,.T.);
#322=FACE_OUTER_BOUND('',#550,.T.);
#323=FACE_OUTER_BOUND('',#551,.T.);
#324=FACE_OUTER_BOUND('',#552,.T.);
#325=FACE_OUTER_BOUND('',#553,.T.);
#326=FACE_OUTER_BOUND('',#554,.T.);
#327=FACE_OUTER_BOUND('',#555,.T.);
#328=FACE_OUTER_BOUND('',#556,.T.);
#329=FACE_OUTER_BOUND('',#557,.T.);
#330=FACE_OUTER_BOUND('',#558,.T.);
#331=FACE_OUTER_BOUND('',#559,.T.);
#332=FACE_OUTER_BOUND('',#560,.T.);
#333=FACE_OUTER_BOUND('',#561,.T.);
#334=FACE_OUTER_BOUND('',#562,.T.);
#335=FACE_OUTER_BOUND('',#566,.T.);
#336=FACE_OUTER_BOUND('',#567,.T.);
#337=FACE_OUTER_BOUND('',#571,.T.);
#338=FACE_OUTER_BOUND('',#575,.T.);
#339=FACE_OUTER_BOUND('',#576,.T.);
#340=FACE_OUTER_BOUND('',#580,.T.);
#341=FACE_OUTER_BOUND('',#581,.T.);
#342=FACE_OUTER_BOUND('',#585,.T.);
#343=FACE_OUTER_BOUND('',#586,.T.);
#344=FACE_OUTER_BOUND('',#587,.T.);
#345=FACE_OUTER_BOUND('',#588,.T.);
#346=FACE_OUTER_BOUND('',#589,.T.);
#347=FACE_OUTER_BOUND('',#590,.T.);
#348=FACE_OUTER_BOUND('',#591,.T.);
#349=FACE_OUTER_BOUND('',#595,.T.);
#350=FACE_OUTER_BOUND('',#596,.T.);
#351=FACE_OUTER_BOUND('',#597,.T.);
#352=FACE_OUTER_BOUND('',#598,.T.);
#353=FACE_OUTER_BOUND('',#599,.T.);
#354=FACE_OUTER_BOUND('',#600,.T.);
#355=FACE_OUTER_BOUND('',#601,.T.);
#356=FACE_OUTER_BOUND('',#602,.T.);
#357=FACE_OUTER_BOUND('',#603,.T.);
#358=FACE_OUTER_BOUND('',#604,.T.);
#359=FACE_OUTER_BOUND('',#605,.T.);
#360=FACE_OUTER_BOUND('',#606,.T.);
#361=FACE_OUTER_BOUND('',#607,.T.);
#362=FACE_OUTER_BOUND('',#608,.T.);
#363=FACE_OUTER_BOUND('',#609,.T.);
#364=FACE_OUTER_BOUND('',#610,.T.);
#365=FACE_OUTER_BOUND('',#611,.T.);
#366=FACE_OUTER_BOUND('',#612,.T.);
#367=FACE_OUTER_BOUND('',#613,.T.);
#368=FACE_OUTER_BOUND('',#614,.T.);
#369=FACE_OUTER_BOUND('',#615,.T.);
#370=FACE_OUTER_BOUND('',#616,.T.);
#371=FACE_OUTER_BOUND('',#620,.T.);
#372=FACE_OUTER_BOUND('',#621,.T.);
#373=FACE_OUTER_BOUND('',#625,.T.);
#374=FACE_OUTER_BOUND('',#629,.T.);
#375=FACE_OUTER_BOUND('',#630,.T.);
#376=FACE_OUTER_BOUND('',#634,.T.);
#377=FACE_OUTER_BOUND('',#635,.T.);
#378=FACE_OUTER_BOUND('',#639,.T.);
#379=FACE_OUTER_BOUND('',#640,.T.);
#380=FACE_OUTER_BOUND('',#641,.T.);
#381=FACE_OUTER_BOUND('',#642,.T.);
#382=FACE_OUTER_BOUND('',#643,.T.);
#383=FACE_OUTER_BOUND('',#644,.T.);
#384=FACE_OUTER_BOUND('',#645,.T.);
#385=FACE_OUTER_BOUND('',#649,.T.);
#386=FACE_OUTER_BOUND('',#650,.T.);
#387=FACE_OUTER_BOUND('',#651,.T.);
#388=FACE_OUTER_BOUND('',#652,.T.);
#389=FACE_OUTER_BOUND('',#653,.T.);
#390=FACE_OUTER_BOUND('',#654,.T.);
#391=FACE_OUTER_BOUND('',#655,.T.);
#392=FACE_OUTER_BOUND('',#656,.T.);
#393=FACE_OUTER_BOUND('',#657,.T.);
#394=FACE_OUTER_BOUND('',#658,.T.);
#395=FACE_OUTER_BOUND('',#659,.T.);
#396=FACE_OUTER_BOUND('',#660,.T.);
#397=FACE_OUTER_BOUND('',#661,.T.);
#398=FACE_OUTER_BOUND('',#662,.T.);
#399=FACE_OUTER_BOUND('',#663,.T.);
#400=FACE_OUTER_BOUND('',#664,.T.);
#401=FACE_OUTER_BOUND('',#665,.T.);
#402=FACE_OUTER_BOUND('',#666,.T.);
#403=FACE_OUTER_BOUND('',#667,.T.);
#404=FACE_OUTER_BOUND('',#668,.T.);
#405=FACE_OUTER_BOUND('',#669,.T.);
#406=FACE_OUTER_BOUND('',#670,.T.);
#407=FACE_OUTER_BOUND('',#671,.T.);
#408=FACE_OUTER_BOUND('',#675,.T.);
#409=FACE_OUTER_BOUND('',#676,.T.);
#410=FACE_OUTER_BOUND('',#680,.T.);
#411=FACE_OUTER_BOUND('',#681,.T.);
#412=FACE_OUTER_BOUND('',#685,.T.);
#413=FACE_OUTER_BOUND('',#689,.T.);
#414=FACE_OUTER_BOUND('',#690,.T.);
#415=FACE_OUTER_BOUND('',#694,.T.);
#416=FACE_OUTER_BOUND('',#695,.T.);
#417=FACE_OUTER_BOUND('',#699,.T.);
#418=FACE_OUTER_BOUND('',#700,.T.);
#419=FACE_OUTER_BOUND('',#701,.T.);
#420=FACE_OUTER_BOUND('',#702,.T.);
#421=FACE_OUTER_BOUND('',#703,.T.);
#422=FACE_OUTER_BOUND('',#704,.T.);
#423=FACE_OUTER_BOUND('',#705,.T.);
#424=FACE_OUTER_BOUND('',#706,.T.);
#425=FACE_OUTER_BOUND('',#707,.T.);
#426=FACE_OUTER_BOUND('',#708,.T.);
#427=FACE_OUTER_BOUND('',#709,.T.);
#428=FACE_OUTER_BOUND('',#710,.T.);
#429=FACE_OUTER_BOUND('',#711,.T.);
#430=FACE_OUTER_BOUND('',#712,.T.);
#431=FACE_OUTER_BOUND('',#713,.T.);
#432=FACE_OUTER_BOUND('',#714,.T.);
#433=FACE_OUTER_BOUND('',#715,.T.);
#434=FACE_OUTER_BOUND('',#716,.T.);
#435=FACE_OUTER_BOUND('',#717,.T.);
#436=FACE_OUTER_BOUND('',#718,.T.);
#437=FACE_OUTER_BOUND('',#719,.T.);
#438=FACE_OUTER_BOUND('',#720,.T.);
#439=FACE_OUTER_BOUND('',#721,.T.);
#440=FACE_OUTER_BOUND('',#722,.T.);
#441=FACE_OUTER_BOUND('',#723,.T.);
#442=FACE_OUTER_BOUND('',#727,.T.);
#443=FACE_OUTER_BOUND('',#728,.T.);
#444=FACE_OUTER_BOUND('',#729,.T.);
#445=FACE_OUTER_BOUND('',#730,.T.);
#446=FACE_OUTER_BOUND('',#731,.T.);
#447=FACE_OUTER_BOUND('',#732,.T.);
#448=FACE_OUTER_BOUND('',#733,.T.);
#449=FACE_OUTER_BOUND('',#737,.T.);
#450=FACE_OUTER_BOUND('',#738,.T.);
#451=FACE_OUTER_BOUND('',#742,.T.);
#452=FACE_OUTER_BOUND('',#743,.T.);
#453=FACE_OUTER_BOUND('',#747,.T.);
#454=FACE_OUTER_BOUND('',#751,.T.);
#455=FACE_OUTER_BOUND('',#752,.T.);
#456=FACE_OUTER_BOUND('',#756,.T.);
#457=FACE_OUTER_BOUND('',#757,.T.);
#458=FACE_OUTER_BOUND('',#758,.T.);
#459=FACE_OUTER_BOUND('',#759,.T.);
#460=FACE_OUTER_BOUND('',#760,.T.);
#461=FACE_OUTER_BOUND('',#761,.T.);
#462=FACE_OUTER_BOUND('',#762,.T.);
#463=FACE_OUTER_BOUND('',#763,.T.);
#464=FACE_OUTER_BOUND('',#764,.T.);
#465=FACE_OUTER_BOUND('',#765,.T.);
#466=FACE_OUTER_BOUND('',#766,.T.);
#467=FACE_OUTER_BOUND('',#767,.T.);
#468=FACE_OUTER_BOUND('',#768,.T.);
#469=FACE_OUTER_BOUND('',#769,.T.);
#470=FACE_OUTER_BOUND('',#770,.T.);
#471=FACE_OUTER_BOUND('',#771,.T.);
#472=FACE_OUTER_BOUND('',#772,.T.);
#473=FACE_OUTER_BOUND('',#773,.T.);
#474=FACE_OUTER_BOUND('',#774,.T.);
#475=FACE_OUTER_BOUND('',#775,.T.);
#476=FACE_OUTER_BOUND('',#776,.T.);
#477=FACE_OUTER_BOUND('',#777,.T.);
#478=FACE_OUTER_BOUND('',#778,.T.);
#479=FACE_OUTER_BOUND('',#779,.T.);
#480=FACE_OUTER_BOUND('',#787,.T.);
#481=FACE_OUTER_BOUND('',#795,.T.);
#482=FACE_OUTER_BOUND('',#796,.T.);
#483=FACE_OUTER_BOUND('',#797,.T.);
#484=FACE_OUTER_BOUND('',#798,.T.);
#485=FACE_OUTER_BOUND('',#799,.T.);
#486=FACE_OUTER_BOUND('',#800,.T.);
#487=FACE_OUTER_BOUND('',#801,.T.);
#488=FACE_OUTER_BOUND('',#802,.T.);
#489=FACE_OUTER_BOUND('',#803,.T.);
#490=FACE_OUTER_BOUND('',#804,.T.);
#491=FACE_OUTER_BOUND('',#805,.T.);
#492=FACE_OUTER_BOUND('',#806,.T.);
#493=FACE_OUTER_BOUND('',#807,.T.);
#494=FACE_OUTER_BOUND('',#808,.T.);
#495=FACE_OUTER_BOUND('',#809,.T.);
#496=FACE_OUTER_BOUND('',#810,.T.);
#497=FACE_OUTER_BOUND('',#811,.T.);
#498=FACE_OUTER_BOUND('',#812,.T.);
#499=FACE_OUTER_BOUND('',#813,.T.);
#500=FACE_OUTER_BOUND('',#814,.T.);
#501=FACE_OUTER_BOUND('',#815,.T.);
#502=FACE_OUTER_BOUND('',#816,.T.);
#503=FACE_OUTER_BOUND('',#817,.T.);
#504=FACE_OUTER_BOUND('',#818,.T.);
#505=FACE_OUTER_BOUND('',#819,.T.);
#506=FACE_OUTER_BOUND('',#820,.T.);
#507=FACE_OUTER_BOUND('',#821,.T.);
#508=FACE_OUTER_BOUND('',#822,.T.);
#509=FACE_OUTER_BOUND('',#823,.T.);
#510=FACE_OUTER_BOUND('',#824,.T.);
#511=FACE_OUTER_BOUND('',#825,.T.);
#512=FACE_OUTER_BOUND('',#826,.T.);
#513=FACE_OUTER_BOUND('',#827,.T.);
#514=FACE_OUTER_BOUND('',#828,.T.);
#515=FACE_OUTER_BOUND('',#829,.T.);
#516=FACE_OUTER_BOUND('',#830,.T.);
#517=FACE_OUTER_BOUND('',#831,.T.);
#518=FACE_OUTER_BOUND('',#832,.T.);
#519=FACE_OUTER_BOUND('',#833,.T.);
#520=FACE_OUTER_BOUND('',#834,.T.);
#521=FACE_OUTER_BOUND('',#835,.T.);
#522=FACE_OUTER_BOUND('',#836,.T.);
#523=FACE_OUTER_BOUND('',#837,.T.);
#524=FACE_OUTER_BOUND('',#838,.T.);
#525=FACE_OUTER_BOUND('',#839,.T.);
#526=FACE_OUTER_BOUND('',#840,.T.);
#527=FACE_OUTER_BOUND('',#841,.T.);
#528=FACE_OUTER_BOUND('',#842,.T.);
#529=FACE_OUTER_BOUND('',#843,.T.);
#530=FACE_OUTER_BOUND('',#844,.T.);
#531=FACE_OUTER_BOUND('',#845,.T.);
#532=FACE_OUTER_BOUND('',#846,.T.);
#533=FACE_OUTER_BOUND('',#847,.T.);
#534=FACE_OUTER_BOUND('',#848,.T.);
#535=FACE_OUTER_BOUND('',#849,.T.);
#536=FACE_OUTER_BOUND('',#850,.T.);
#537=FACE_OUTER_BOUND('',#851,.T.);
#538=FACE_OUTER_BOUND('',#852,.T.);
#539=FACE_OUTER_BOUND('',#853,.T.);
#540=FACE_OUTER_BOUND('',#854,.T.);
#541=FACE_OUTER_BOUND('',#855,.T.);
#542=FACE_OUTER_BOUND('',#856,.T.);
#543=EDGE_LOOP('',(#2865,#2866,#2867,#2868));
#544=EDGE_LOOP('',(#2869,#2870,#2871,#2872));
#545=EDGE_LOOP('',(#2873));
#546=EDGE_LOOP('',(#2874,#2875,#2876,#2877));
#547=EDGE_LOOP('',(#2878,#2879,#2880,#2881));
#548=EDGE_LOOP('',(#2882));
#549=EDGE_LOOP('',(#2883,#2884,#2885,#2886));
#550=EDGE_LOOP('',(#2887,#2888,#2889,#2890));
#551=EDGE_LOOP('',(#2891));
#552=EDGE_LOOP('',(#2892,#2893,#2894,#2895));
#553=EDGE_LOOP('',(#2896,#2897,#2898,#2899));
#554=EDGE_LOOP('',(#2900));
#555=EDGE_LOOP('',(#2901,#2902,#2903,#2904));
#556=EDGE_LOOP('',(#2905,#2906,#2907,#2908));
#557=EDGE_LOOP('',(#2909));
#558=EDGE_LOOP('',(#2910,#2911,#2912,#2913));
#559=EDGE_LOOP('',(#2914,#2915,#2916,#2917));
#560=EDGE_LOOP('',(#2918));
#561=EDGE_LOOP('',(#2919,#2920,#2921,#2922));
#562=EDGE_LOOP('',(#2923,#2924,#2925,#2926));
#563=EDGE_LOOP('',(#2927));
#564=EDGE_LOOP('',(#2928));
#565=EDGE_LOOP('',(#2929));
#566=EDGE_LOOP('',(#2930,#2931,#2932,#2933));
#567=EDGE_LOOP('',(#2934,#2935,#2936,#2937));
#568=EDGE_LOOP('',(#2938));
#569=EDGE_LOOP('',(#2939));
#570=EDGE_LOOP('',(#2940));
#571=EDGE_LOOP('',(#2941,#2942,#2943,#2944));
#572=EDGE_LOOP('',(#2945));
#573=EDGE_LOOP('',(#2946));
#574=EDGE_LOOP('',(#2947));
#575=EDGE_LOOP('',(#2948,#2949,#2950,#2951));
#576=EDGE_LOOP('',(#2952,#2953,#2954,#2955));
#577=EDGE_LOOP('',(#2956));
#578=EDGE_LOOP('',(#2957));
#579=EDGE_LOOP('',(#2958));
#580=EDGE_LOOP('',(#2959,#2960,#2961,#2962));
#581=EDGE_LOOP('',(#2963,#2964,#2965,#2966));
#582=EDGE_LOOP('',(#2967));
#583=EDGE_LOOP('',(#2968));
#584=EDGE_LOOP('',(#2969));
#585=EDGE_LOOP('',(#2970,#2971,#2972,#2973));
#586=EDGE_LOOP('',(#2974,#2975,#2976,#2977));
#587=EDGE_LOOP('',(#2978,#2979,#2980,#2981));
#588=EDGE_LOOP('',(#2982,#2983,#2984,#2985));
#589=EDGE_LOOP('',(#2986,#2987,#2988,#2989));
#590=EDGE_LOOP('',(#2990,#2991,#2992,#2993));
#591=EDGE_LOOP('',(#2994,#2995,#2996,#2997));
#592=EDGE_LOOP('',(#2998));
#593=EDGE_LOOP('',(#2999));
#594=EDGE_LOOP('',(#3000));
#595=EDGE_LOOP('',(#3001,#3002,#3003,#3004,#3005,#3006,#3007,#3008,#3009,
#3010,#3011,#3012,#3013,#3014,#3015,#3016));
#596=EDGE_LOOP('',(#3017,#3018,#3019,#3020,#3021,#3022,#3023,#3024,#3025,
#3026,#3027,#3028,#3029,#3030,#3031,#3032));
#597=EDGE_LOOP('',(#3033,#3034,#3035,#3036));
#598=EDGE_LOOP('',(#3037,#3038,#3039,#3040));
#599=EDGE_LOOP('',(#3041));
#600=EDGE_LOOP('',(#3042,#3043,#3044,#3045));
#601=EDGE_LOOP('',(#3046,#3047,#3048,#3049));
#602=EDGE_LOOP('',(#3050));
#603=EDGE_LOOP('',(#3051,#3052,#3053,#3054));
#604=EDGE_LOOP('',(#3055,#3056,#3057,#3058));
#605=EDGE_LOOP('',(#3059));
#606=EDGE_LOOP('',(#3060,#3061,#3062,#3063));
#607=EDGE_LOOP('',(#3064,#3065,#3066,#3067));
#608=EDGE_LOOP('',(#3068));
#609=EDGE_LOOP('',(#3069,#3070,#3071,#3072));
#610=EDGE_LOOP('',(#3073,#3074,#3075,#3076));
#611=EDGE_LOOP('',(#3077));
#612=EDGE_LOOP('',(#3078,#3079,#3080,#3081));
#613=EDGE_LOOP('',(#3082,#3083,#3084,#3085));
#614=EDGE_LOOP('',(#3086));
#615=EDGE_LOOP('',(#3087,#3088,#3089,#3090));
#616=EDGE_LOOP('',(#3091,#3092,#3093,#3094));
#617=EDGE_LOOP('',(#3095));
#618=EDGE_LOOP('',(#3096));
#619=EDGE_LOOP('',(#3097));
#620=EDGE_LOOP('',(#3098,#3099,#3100,#3101));
#621=EDGE_LOOP('',(#3102,#3103,#3104,#3105));
#622=EDGE_LOOP('',(#3106));
#623=EDGE_LOOP('',(#3107));
#624=EDGE_LOOP('',(#3108));
#625=EDGE_LOOP('',(#3109,#3110,#3111,#3112));
#626=EDGE_LOOP('',(#3113));
#627=EDGE_LOOP('',(#3114));
#628=EDGE_LOOP('',(#3115));
#629=EDGE_LOOP('',(#3116,#3117,#3118,#3119));
#630=EDGE_LOOP('',(#3120,#3121,#3122,#3123));
#631=EDGE_LOOP('',(#3124));
#632=EDGE_LOOP('',(#3125));
#633=EDGE_LOOP('',(#3126));
#634=EDGE_LOOP('',(#3127,#3128,#3129,#3130));
#635=EDGE_LOOP('',(#3131,#3132,#3133,#3134));
#636=EDGE_LOOP('',(#3135));
#637=EDGE_LOOP('',(#3136));
#638=EDGE_LOOP('',(#3137));
#639=EDGE_LOOP('',(#3138,#3139,#3140,#3141));
#640=EDGE_LOOP('',(#3142,#3143,#3144,#3145));
#641=EDGE_LOOP('',(#3146,#3147,#3148,#3149));
#642=EDGE_LOOP('',(#3150,#3151,#3152,#3153));
#643=EDGE_LOOP('',(#3154,#3155,#3156,#3157));
#644=EDGE_LOOP('',(#3158,#3159,#3160,#3161));
#645=EDGE_LOOP('',(#3162,#3163,#3164,#3165));
#646=EDGE_LOOP('',(#3166));
#647=EDGE_LOOP('',(#3167));
#648=EDGE_LOOP('',(#3168));
#649=EDGE_LOOP('',(#3169,#3170,#3171,#3172,#3173,#3174,#3175,#3176,#3177,
#3178,#3179,#3180,#3181,#3182,#3183,#3184));
#650=EDGE_LOOP('',(#3185,#3186,#3187,#3188,#3189,#3190,#3191,#3192,#3193,
#3194,#3195,#3196,#3197,#3198,#3199,#3200));
#651=EDGE_LOOP('',(#3201,#3202,#3203,#3204));
#652=EDGE_LOOP('',(#3205,#3206,#3207,#3208));
#653=EDGE_LOOP('',(#3209));
#654=EDGE_LOOP('',(#3210,#3211,#3212,#3213));
#655=EDGE_LOOP('',(#3214,#3215,#3216,#3217));
#656=EDGE_LOOP('',(#3218));
#657=EDGE_LOOP('',(#3219,#3220,#3221,#3222));
#658=EDGE_LOOP('',(#3223,#3224,#3225,#3226));
#659=EDGE_LOOP('',(#3227));
#660=EDGE_LOOP('',(#3228,#3229,#3230,#3231));
#661=EDGE_LOOP('',(#3232,#3233,#3234,#3235));
#662=EDGE_LOOP('',(#3236));
#663=EDGE_LOOP('',(#3237,#3238,#3239,#3240));
#664=EDGE_LOOP('',(#3241,#3242,#3243,#3244));
#665=EDGE_LOOP('',(#3245));
#666=EDGE_LOOP('',(#3246,#3247,#3248,#3249));
#667=EDGE_LOOP('',(#3250,#3251,#3252,#3253));
#668=EDGE_LOOP('',(#3254));
#669=EDGE_LOOP('',(#3255,#3256,#3257,#3258));
#670=EDGE_LOOP('',(#3259,#3260,#3261,#3262));
#671=EDGE_LOOP('',(#3263,#3264,#3265,#3266));
#672=EDGE_LOOP('',(#3267));
#673=EDGE_LOOP('',(#3268));
#674=EDGE_LOOP('',(#3269));
#675=EDGE_LOOP('',(#3270,#3271,#3272,#3273));
#676=EDGE_LOOP('',(#3274,#3275,#3276,#3277));
#677=EDGE_LOOP('',(#3278));
#678=EDGE_LOOP('',(#3279));
#679=EDGE_LOOP('',(#3280));
#680=EDGE_LOOP('',(#3281,#3282,#3283,#3284));
#681=EDGE_LOOP('',(#3285,#3286,#3287,#3288));
#682=EDGE_LOOP('',(#3289));
#683=EDGE_LOOP('',(#3290));
#684=EDGE_LOOP('',(#3291));
#685=EDGE_LOOP('',(#3292,#3293,#3294,#3295));
#686=EDGE_LOOP('',(#3296));
#687=EDGE_LOOP('',(#3297));
#688=EDGE_LOOP('',(#3298));
#689=EDGE_LOOP('',(#3299,#3300,#3301,#3302));
#690=EDGE_LOOP('',(#3303,#3304,#3305,#3306));
#691=EDGE_LOOP('',(#3307));
#692=EDGE_LOOP('',(#3308));
#693=EDGE_LOOP('',(#3309));
#694=EDGE_LOOP('',(#3310,#3311,#3312,#3313));
#695=EDGE_LOOP('',(#3314,#3315,#3316,#3317));
#696=EDGE_LOOP('',(#3318));
#697=EDGE_LOOP('',(#3319));
#698=EDGE_LOOP('',(#3320));
#699=EDGE_LOOP('',(#3321,#3322,#3323,#3324));
#700=EDGE_LOOP('',(#3325,#3326,#3327,#3328));
#701=EDGE_LOOP('',(#3329,#3330,#3331,#3332));
#702=EDGE_LOOP('',(#3333,#3334,#3335,#3336));
#703=EDGE_LOOP('',(#3337,#3338,#3339,#3340,#3341,#3342,#3343,#3344,#3345,
#3346,#3347,#3348,#3349,#3350,#3351,#3352));
#704=EDGE_LOOP('',(#3353,#3354,#3355,#3356,#3357,#3358,#3359,#3360,#3361,
#3362,#3363,#3364,#3365,#3366,#3367,#3368));
#705=EDGE_LOOP('',(#3369,#3370,#3371,#3372));
#706=EDGE_LOOP('',(#3373,#3374,#3375,#3376));
#707=EDGE_LOOP('',(#3377));
#708=EDGE_LOOP('',(#3378,#3379,#3380,#3381));
#709=EDGE_LOOP('',(#3382,#3383,#3384,#3385));
#710=EDGE_LOOP('',(#3386));
#711=EDGE_LOOP('',(#3387,#3388,#3389,#3390));
#712=EDGE_LOOP('',(#3391,#3392,#3393,#3394));
#713=EDGE_LOOP('',(#3395));
#714=EDGE_LOOP('',(#3396,#3397,#3398,#3399));
#715=EDGE_LOOP('',(#3400,#3401,#3402,#3403));
#716=EDGE_LOOP('',(#3404));
#717=EDGE_LOOP('',(#3405,#3406,#3407,#3408));
#718=EDGE_LOOP('',(#3409,#3410,#3411,#3412));
#719=EDGE_LOOP('',(#3413));
#720=EDGE_LOOP('',(#3414,#3415,#3416,#3417));
#721=EDGE_LOOP('',(#3418,#3419,#3420,#3421));
#722=EDGE_LOOP('',(#3422));
#723=EDGE_LOOP('',(#3423,#3424,#3425,#3426));
#724=EDGE_LOOP('',(#3427));
#725=EDGE_LOOP('',(#3428));
#726=EDGE_LOOP('',(#3429));
#727=EDGE_LOOP('',(#3430,#3431,#3432,#3433));
#728=EDGE_LOOP('',(#3434,#3435,#3436,#3437));
#729=EDGE_LOOP('',(#3438,#3439,#3440,#3441));
#730=EDGE_LOOP('',(#3442,#3443,#3444,#3445));
#731=EDGE_LOOP('',(#3446,#3447,#3448,#3449));
#732=EDGE_LOOP('',(#3450,#3451,#3452,#3453));
#733=EDGE_LOOP('',(#3454,#3455,#3456,#3457));
#734=EDGE_LOOP('',(#3458));
#735=EDGE_LOOP('',(#3459));
#736=EDGE_LOOP('',(#3460));
#737=EDGE_LOOP('',(#3461,#3462,#3463,#3464));
#738=EDGE_LOOP('',(#3465,#3466,#3467,#3468));
#739=EDGE_LOOP('',(#3469));
#740=EDGE_LOOP('',(#3470));
#741=EDGE_LOOP('',(#3471));
#742=EDGE_LOOP('',(#3472,#3473,#3474,#3475));
#743=EDGE_LOOP('',(#3476,#3477,#3478,#3479));
#744=EDGE_LOOP('',(#3480));
#745=EDGE_LOOP('',(#3481));
#746=EDGE_LOOP('',(#3482));
#747=EDGE_LOOP('',(#3483,#3484,#3485,#3486));
#748=EDGE_LOOP('',(#3487));
#749=EDGE_LOOP('',(#3488));
#750=EDGE_LOOP('',(#3489));
#751=EDGE_LOOP('',(#3490,#3491,#3492,#3493));
#752=EDGE_LOOP('',(#3494,#3495,#3496,#3497));
#753=EDGE_LOOP('',(#3498));
#754=EDGE_LOOP('',(#3499));
#755=EDGE_LOOP('',(#3500));
#756=EDGE_LOOP('',(#3501,#3502,#3503,#3504));
#757=EDGE_LOOP('',(#3505,#3506,#3507,#3508,#3509,#3510,#3511,#3512,#3513,
#3514,#3515,#3516,#3517,#3518,#3519,#3520));
#758=EDGE_LOOP('',(#3521,#3522,#3523,#3524,#3525,#3526,#3527,#3528,#3529,
#3530,#3531,#3532,#3533,#3534,#3535,#3536));
#759=EDGE_LOOP('',(#3537,#3538,#3539,#3540));
#760=EDGE_LOOP('',(#3541,#3542,#3543,#3544));
#761=EDGE_LOOP('',(#3545,#3546,#3547,#3548));
#762=EDGE_LOOP('',(#3549,#3550,#3551,#3552));
#763=EDGE_LOOP('',(#3553,#3554,#3555,#3556));
#764=EDGE_LOOP('',(#3557,#3558,#3559,#3560));
#765=EDGE_LOOP('',(#3561,#3562,#3563,#3564));
#766=EDGE_LOOP('',(#3565,#3566,#3567,#3568));
#767=EDGE_LOOP('',(#3569,#3570,#3571,#3572));
#768=EDGE_LOOP('',(#3573,#3574,#3575,#3576));
#769=EDGE_LOOP('',(#3577,#3578,#3579,#3580));
#770=EDGE_LOOP('',(#3581,#3582,#3583,#3584));
#771=EDGE_LOOP('',(#3585,#3586,#3587,#3588));
#772=EDGE_LOOP('',(#3589,#3590,#3591,#3592));
#773=EDGE_LOOP('',(#3593,#3594,#3595,#3596));
#774=EDGE_LOOP('',(#3597,#3598,#3599,#3600));
#775=EDGE_LOOP('',(#3601,#3602,#3603,#3604));
#776=EDGE_LOOP('',(#3605,#3606,#3607,#3608));
#777=EDGE_LOOP('',(#3609,#3610,#3611,#3612));
#778=EDGE_LOOP('',(#3613,#3614,#3615,#3616));
#779=EDGE_LOOP('',(#3617,#3618,#3619,#3620));
#780=EDGE_LOOP('',(#3621,#3622,#3623,#3624));
#781=EDGE_LOOP('',(#3625,#3626,#3627,#3628));
#782=EDGE_LOOP('',(#3629,#3630,#3631,#3632));
#783=EDGE_LOOP('',(#3633));
#784=EDGE_LOOP('',(#3634));
#785=EDGE_LOOP('',(#3635));
#786=EDGE_LOOP('',(#3636));
#787=EDGE_LOOP('',(#3637,#3638,#3639,#3640));
#788=EDGE_LOOP('',(#3641,#3642,#3643,#3644));
#789=EDGE_LOOP('',(#3645,#3646,#3647,#3648));
#790=EDGE_LOOP('',(#3649,#3650,#3651,#3652));
#791=EDGE_LOOP('',(#3653));
#792=EDGE_LOOP('',(#3654));
#793=EDGE_LOOP('',(#3655));
#794=EDGE_LOOP('',(#3656));
#795=EDGE_LOOP('',(#3657,#3658,#3659,#3660));
#796=EDGE_LOOP('',(#3661,#3662,#3663,#3664));
#797=EDGE_LOOP('',(#3665,#3666,#3667,#3668));
#798=EDGE_LOOP('',(#3669,#3670,#3671,#3672));
#799=EDGE_LOOP('',(#3673,#3674,#3675,#3676));
#800=EDGE_LOOP('',(#3677,#3678,#3679,#3680));
#801=EDGE_LOOP('',(#3681,#3682,#3683,#3684));
#802=EDGE_LOOP('',(#3685,#3686,#3687,#3688));
#803=EDGE_LOOP('',(#3689,#3690,#3691,#3692));
#804=EDGE_LOOP('',(#3693,#3694,#3695,#3696));
#805=EDGE_LOOP('',(#3697,#3698,#3699,#3700));
#806=EDGE_LOOP('',(#3701,#3702,#3703,#3704));
#807=EDGE_LOOP('',(#3705,#3706,#3707,#3708));
#808=EDGE_LOOP('',(#3709,#3710,#3711,#3712));
#809=EDGE_LOOP('',(#3713,#3714,#3715,#3716));
#810=EDGE_LOOP('',(#3717,#3718,#3719,#3720));
#811=EDGE_LOOP('',(#3721,#3722,#3723,#3724));
#812=EDGE_LOOP('',(#3725,#3726,#3727,#3728));
#813=EDGE_LOOP('',(#3729,#3730,#3731,#3732));
#814=EDGE_LOOP('',(#3733,#3734,#3735,#3736));
#815=EDGE_LOOP('',(#3737,#3738,#3739,#3740));
#816=EDGE_LOOP('',(#3741,#3742,#3743,#3744));
#817=EDGE_LOOP('',(#3745,#3746,#3747,#3748));
#818=EDGE_LOOP('',(#3749,#3750,#3751,#3752));
#819=EDGE_LOOP('',(#3753,#3754,#3755,#3756));
#820=EDGE_LOOP('',(#3757,#3758,#3759,#3760));
#821=EDGE_LOOP('',(#3761,#3762,#3763,#3764));
#822=EDGE_LOOP('',(#3765,#3766,#3767,#3768));
#823=EDGE_LOOP('',(#3769,#3770,#3771,#3772));
#824=EDGE_LOOP('',(#3773,#3774,#3775,#3776));
#825=EDGE_LOOP('',(#3777,#3778,#3779,#3780));
#826=EDGE_LOOP('',(#3781,#3782,#3783,#3784));
#827=EDGE_LOOP('',(#3785,#3786,#3787,#3788));
#828=EDGE_LOOP('',(#3789,#3790,#3791,#3792));
#829=EDGE_LOOP('',(#3793,#3794,#3795,#3796));
#830=EDGE_LOOP('',(#3797,#3798,#3799,#3800));
#831=EDGE_LOOP('',(#3801,#3802,#3803,#3804));
#832=EDGE_LOOP('',(#3805,#3806,#3807,#3808));
#833=EDGE_LOOP('',(#3809,#3810,#3811,#3812));
#834=EDGE_LOOP('',(#3813,#3814,#3815,#3816));
#835=EDGE_LOOP('',(#3817,#3818,#3819,#3820));
#836=EDGE_LOOP('',(#3821,#3822,#3823,#3824));
#837=EDGE_LOOP('',(#3825,#3826,#3827,#3828));
#838=EDGE_LOOP('',(#3829,#3830,#3831,#3832));
#839=EDGE_LOOP('',(#3833,#3834,#3835,#3836));
#840=EDGE_LOOP('',(#3837,#3838,#3839,#3840));
#841=EDGE_LOOP('',(#3841,#3842,#3843,#3844));
#842=EDGE_LOOP('',(#3845,#3846,#3847,#3848));
#843=EDGE_LOOP('',(#3849,#3850,#3851,#3852));
#844=EDGE_LOOP('',(#3853,#3854,#3855,#3856));
#845=EDGE_LOOP('',(#3857,#3858,#3859,#3860));
#846=EDGE_LOOP('',(#3861,#3862,#3863,#3864));
#847=EDGE_LOOP('',(#3865,#3866,#3867,#3868));
#848=EDGE_LOOP('',(#3869,#3870,#3871,#3872));
#849=EDGE_LOOP('',(#3873,#3874,#3875,#3876));
#850=EDGE_LOOP('',(#3877,#3878,#3879,#3880));
#851=EDGE_LOOP('',(#3881,#3882,#3883,#3884));
#852=EDGE_LOOP('',(#3885,#3886,#3887,#3888));
#853=EDGE_LOOP('',(#3889,#3890,#3891,#3892));
#854=EDGE_LOOP('',(#3893,#3894,#3895,#3896));
#855=EDGE_LOOP('',(#3897,#3898,#3899,#3900,#3901,#3902,#3903,#3904,#3905,
#3906,#3907,#3908,#3909,#3910,#3911,#3912,#3913,#3914,#3915,#3916,#3917,
#3918,#3919,#3920,#3921,#3922,#3923,#3924,#3925,#3926,#3927,#3928,#3929,
#3930,#3931,#3932,#3933,#3934,#3935,#3936,#3937,#3938,#3939,#3940,#3941,
#3942,#3943,#3944,#3945,#3946,#3947,#3948,#3949,#3950,#3951,#3952,#3953,
#3954,#3955,#3956));
#856=EDGE_LOOP('',(#3957,#3958,#3959,#3960,#3961,#3962,#3963,#3964,#3965,
#3966,#3967,#3968,#3969,#3970,#3971,#3972,#3973,#3974,#3975,#3976,#3977,
#3978,#3979,#3980,#3981,#3982,#3983,#3984,#3985,#3986,#3987,#3988,#3989,
#3990,#3991,#3992,#3993,#3994,#3995,#3996,#3997,#3998,#3999,#4000,#4001,
#4002,#4003,#4004,#4005,#4006,#4007,#4008,#4009,#4010,#4011,#4012,#4013,
#4014,#4015,#4016));
#857=LINE('',#5841,#1329);
#858=LINE('',#5847,#1330);
#859=LINE('',#5854,#1331);
#860=LINE('',#5860,#1332);
#861=LINE('',#5867,#1333);
#862=LINE('',#5873,#1334);
#863=LINE('',#5880,#1335);
#864=LINE('',#5886,#1336);
#865=LINE('',#5893,#1337);
#866=LINE('',#5899,#1338);
#867=LINE('',#5906,#1339);
#868=LINE('',#5912,#1340);
#869=LINE('',#5918,#1341);
#870=LINE('',#5920,#1342);
#871=LINE('',#5922,#1343);
#872=LINE('',#5923,#1344);
#873=LINE('',#5926,#1345);
#874=LINE('',#5928,#1346);
#875=LINE('',#5929,#1347);
#876=LINE('',#5932,#1348);
#877=LINE('',#5934,#1349);
#878=LINE('',#5935,#1350);
#879=LINE('',#5938,#1351);
#880=LINE('',#5940,#1352);
#881=LINE('',#5941,#1353);
#882=LINE('',#5944,#1354);
#883=LINE('',#5946,#1355);
#884=LINE('',#5947,#1356);
#885=LINE('',#5950,#1357);
#886=LINE('',#5952,#1358);
#887=LINE('',#5953,#1359);
#888=LINE('',#5956,#1360);
#889=LINE('',#5958,#1361);
#890=LINE('',#5959,#1362);
#891=LINE('',#5962,#1363);
#892=LINE('',#5964,#1364);
#893=LINE('',#5965,#1365);
#894=LINE('',#5968,#1366);
#895=LINE('',#5970,#1367);
#896=LINE('',#5971,#1368);
#897=LINE('',#5974,#1369);
#898=LINE('',#5976,#1370);
#899=LINE('',#5977,#1371);
#900=LINE('',#5980,#1372);
#901=LINE('',#5982,#1373);
#902=LINE('',#5983,#1374);
#903=LINE('',#5986,#1375);
#904=LINE('',#5988,#1376);
#905=LINE('',#5989,#1377);
#906=LINE('',#5992,#1378);
#907=LINE('',#5994,#1379);
#908=LINE('',#5995,#1380);
#909=LINE('',#5998,#1381);
#910=LINE('',#6000,#1382);
#911=LINE('',#6001,#1383);
#912=LINE('',#6004,#1384);
#913=LINE('',#6006,#1385);
#914=LINE('',#6007,#1386);
#915=LINE('',#6009,#1387);
#916=LINE('',#6010,#1388);
#917=LINE('',#6017,#1389);
#918=LINE('',#6023,#1390);
#919=LINE('',#6030,#1391);
#920=LINE('',#6036,#1392);
#921=LINE('',#6043,#1393);
#922=LINE('',#6049,#1394);
#923=LINE('',#6056,#1395);
#924=LINE('',#6062,#1396);
#925=LINE('',#6069,#1397);
#926=LINE('',#6075,#1398);
#927=LINE('',#6082,#1399);
#928=LINE('',#6088,#1400);
#929=LINE('',#6094,#1401);
#930=LINE('',#6096,#1402);
#931=LINE('',#6098,#1403);
#932=LINE('',#6099,#1404);
#933=LINE('',#6102,#1405);
#934=LINE('',#6104,#1406);
#935=LINE('',#6105,#1407);
#936=LINE('',#6108,#1408);
#937=LINE('',#6110,#1409);
#938=LINE('',#6111,#1410);
#939=LINE('',#6114,#1411);
#940=LINE('',#6116,#1412);
#941=LINE('',#6117,#1413);
#942=LINE('',#6120,#1414);
#943=LINE('',#6122,#1415);
#944=LINE('',#6123,#1416);
#945=LINE('',#6126,#1417);
#946=LINE('',#6128,#1418);
#947=LINE('',#6129,#1419);
#948=LINE('',#6132,#1420);
#949=LINE('',#6134,#1421);
#950=LINE('',#6135,#1422);
#951=LINE('',#6138,#1423);
#952=LINE('',#6140,#1424);
#953=LINE('',#6141,#1425);
#954=LINE('',#6144,#1426);
#955=LINE('',#6146,#1427);
#956=LINE('',#6147,#1428);
#957=LINE('',#6150,#1429);
#958=LINE('',#6152,#1430);
#959=LINE('',#6153,#1431);
#960=LINE('',#6156,#1432);
#961=LINE('',#6158,#1433);
#962=LINE('',#6159,#1434);
#963=LINE('',#6162,#1435);
#964=LINE('',#6164,#1436);
#965=LINE('',#6165,#1437);
#966=LINE('',#6168,#1438);
#967=LINE('',#6170,#1439);
#968=LINE('',#6171,#1440);
#969=LINE('',#6174,#1441);
#970=LINE('',#6176,#1442);
#971=LINE('',#6177,#1443);
#972=LINE('',#6180,#1444);
#973=LINE('',#6182,#1445);
#974=LINE('',#6183,#1446);
#975=LINE('',#6185,#1447);
#976=LINE('',#6186,#1448);
#977=LINE('',#6193,#1449);
#978=LINE('',#6199,#1450);
#979=LINE('',#6206,#1451);
#980=LINE('',#6212,#1452);
#981=LINE('',#6219,#1453);
#982=LINE('',#6225,#1454);
#983=LINE('',#6232,#1455);
#984=LINE('',#6238,#1456);
#985=LINE('',#6245,#1457);
#986=LINE('',#6251,#1458);
#987=LINE('',#6258,#1459);
#988=LINE('',#6264,#1460);
#989=LINE('',#6270,#1461);
#990=LINE('',#6272,#1462);
#991=LINE('',#6274,#1463);
#992=LINE('',#6275,#1464);
#993=LINE('',#6278,#1465);
#994=LINE('',#6280,#1466);
#995=LINE('',#6281,#1467);
#996=LINE('',#6284,#1468);
#997=LINE('',#6286,#1469);
#998=LINE('',#6287,#1470);
#999=LINE('',#6290,#1471);
#1000=LINE('',#6292,#1472);
#1001=LINE('',#6293,#1473);
#1002=LINE('',#6296,#1474);
#1003=LINE('',#6298,#1475);
#1004=LINE('',#6299,#1476);
#1005=LINE('',#6302,#1477);
#1006=LINE('',#6304,#1478);
#1007=LINE('',#6305,#1479);
#1008=LINE('',#6308,#1480);
#1009=LINE('',#6310,#1481);
#1010=LINE('',#6311,#1482);
#1011=LINE('',#6314,#1483);
#1012=LINE('',#6316,#1484);
#1013=LINE('',#6317,#1485);
#1014=LINE('',#6320,#1486);
#1015=LINE('',#6322,#1487);
#1016=LINE('',#6323,#1488);
#1017=LINE('',#6326,#1489);
#1018=LINE('',#6328,#1490);
#1019=LINE('',#6329,#1491);
#1020=LINE('',#6332,#1492);
#1021=LINE('',#6334,#1493);
#1022=LINE('',#6335,#1494);
#1023=LINE('',#6338,#1495);
#1024=LINE('',#6340,#1496);
#1025=LINE('',#6341,#1497);
#1026=LINE('',#6344,#1498);
#1027=LINE('',#6346,#1499);
#1028=LINE('',#6347,#1500);
#1029=LINE('',#6350,#1501);
#1030=LINE('',#6352,#1502);
#1031=LINE('',#6353,#1503);
#1032=LINE('',#6356,#1504);
#1033=LINE('',#6358,#1505);
#1034=LINE('',#6359,#1506);
#1035=LINE('',#6361,#1507);
#1036=LINE('',#6362,#1508);
#1037=LINE('',#6369,#1509);
#1038=LINE('',#6375,#1510);
#1039=LINE('',#6382,#1511);
#1040=LINE('',#6388,#1512);
#1041=LINE('',#6395,#1513);
#1042=LINE('',#6401,#1514);
#1043=LINE('',#6408,#1515);
#1044=LINE('',#6414,#1516);
#1045=LINE('',#6421,#1517);
#1046=LINE('',#6427,#1518);
#1047=LINE('',#6434,#1519);
#1048=LINE('',#6440,#1520);
#1049=LINE('',#6446,#1521);
#1050=LINE('',#6448,#1522);
#1051=LINE('',#6450,#1523);
#1052=LINE('',#6451,#1524);
#1053=LINE('',#6454,#1525);
#1054=LINE('',#6456,#1526);
#1055=LINE('',#6457,#1527);
#1056=LINE('',#6460,#1528);
#1057=LINE('',#6462,#1529);
#1058=LINE('',#6463,#1530);
#1059=LINE('',#6466,#1531);
#1060=LINE('',#6468,#1532);
#1061=LINE('',#6469,#1533);
#1062=LINE('',#6472,#1534);
#1063=LINE('',#6474,#1535);
#1064=LINE('',#6475,#1536);
#1065=LINE('',#6478,#1537);
#1066=LINE('',#6480,#1538);
#1067=LINE('',#6481,#1539);
#1068=LINE('',#6484,#1540);
#1069=LINE('',#6486,#1541);
#1070=LINE('',#6487,#1542);
#1071=LINE('',#6490,#1543);
#1072=LINE('',#6492,#1544);
#1073=LINE('',#6493,#1545);
#1074=LINE('',#6496,#1546);
#1075=LINE('',#6498,#1547);
#1076=LINE('',#6499,#1548);
#1077=LINE('',#6502,#1549);
#1078=LINE('',#6504,#1550);
#1079=LINE('',#6505,#1551);
#1080=LINE('',#6508,#1552);
#1081=LINE('',#6510,#1553);
#1082=LINE('',#6511,#1554);
#1083=LINE('',#6514,#1555);
#1084=LINE('',#6516,#1556);
#1085=LINE('',#6517,#1557);
#1086=LINE('',#6520,#1558);
#1087=LINE('',#6522,#1559);
#1088=LINE('',#6523,#1560);
#1089=LINE('',#6526,#1561);
#1090=LINE('',#6528,#1562);
#1091=LINE('',#6529,#1563);
#1092=LINE('',#6532,#1564);
#1093=LINE('',#6534,#1565);
#1094=LINE('',#6535,#1566);
#1095=LINE('',#6537,#1567);
#1096=LINE('',#6538,#1568);
#1097=LINE('',#6546,#1569);
#1098=LINE('',#6552,#1570);
#1099=LINE('',#6558,#1571);
#1100=LINE('',#6564,#1572);
#1101=LINE('',#6569,#1573);
#1102=LINE('',#6571,#1574);
#1103=LINE('',#6573,#1575);
#1104=LINE('',#6574,#1576);
#1105=LINE('',#6577,#1577);
#1106=LINE('',#6579,#1578);
#1107=LINE('',#6580,#1579);
#1108=LINE('',#6583,#1580);
#1109=LINE('',#6585,#1581);
#1110=LINE('',#6586,#1582);
#1111=LINE('',#6588,#1583);
#1112=LINE('',#6589,#1584);
#1113=LINE('',#6593,#1585);
#1114=LINE('',#6595,#1586);
#1115=LINE('',#6597,#1587);
#1116=LINE('',#6598,#1588);
#1117=LINE('',#6601,#1589);
#1118=LINE('',#6603,#1590);
#1119=LINE('',#6604,#1591);
#1120=LINE('',#6607,#1592);
#1121=LINE('',#6609,#1593);
#1122=LINE('',#6610,#1594);
#1123=LINE('',#6612,#1595);
#1124=LINE('',#6613,#1596);
#1125=LINE('',#6617,#1597);
#1126=LINE('',#6619,#1598);
#1127=LINE('',#6621,#1599);
#1128=LINE('',#6622,#1600);
#1129=LINE('',#6625,#1601);
#1130=LINE('',#6627,#1602);
#1131=LINE('',#6628,#1603);
#1132=LINE('',#6631,#1604);
#1133=LINE('',#6633,#1605);
#1134=LINE('',#6634,#1606);
#1135=LINE('',#6636,#1607);
#1136=LINE('',#6637,#1608);
#1137=LINE('',#6641,#1609);
#1138=LINE('',#6643,#1610);
#1139=LINE('',#6645,#1611);
#1140=LINE('',#6646,#1612);
#1141=LINE('',#6649,#1613);
#1142=LINE('',#6651,#1614);
#1143=LINE('',#6652,#1615);
#1144=LINE('',#6655,#1616);
#1145=LINE('',#6657,#1617);
#1146=LINE('',#6658,#1618);
#1147=LINE('',#6660,#1619);
#1148=LINE('',#6661,#1620);
#1149=LINE('',#6668,#1621);
#1150=LINE('',#6670,#1622);
#1151=LINE('',#6672,#1623);
#1152=LINE('',#6673,#1624);
#1153=LINE('',#6676,#1625);
#1154=LINE('',#6678,#1626);
#1155=LINE('',#6679,#1627);
#1156=LINE('',#6682,#1628);
#1157=LINE('',#6684,#1629);
#1158=LINE('',#6685,#1630);
#1159=LINE('',#6688,#1631);
#1160=LINE('',#6690,#1632);
#1161=LINE('',#6691,#1633);
#1162=LINE('',#6694,#1634);
#1163=LINE('',#6696,#1635);
#1164=LINE('',#6697,#1636);
#1165=LINE('',#6700,#1637);
#1166=LINE('',#6702,#1638);
#1167=LINE('',#6703,#1639);
#1168=LINE('',#6706,#1640);
#1169=LINE('',#6708,#1641);
#1170=LINE('',#6709,#1642);
#1171=LINE('',#6712,#1643);
#1172=LINE('',#6714,#1644);
#1173=LINE('',#6715,#1645);
#1174=LINE('',#6718,#1646);
#1175=LINE('',#6720,#1647);
#1176=LINE('',#6721,#1648);
#1177=LINE('',#6724,#1649);
#1178=LINE('',#6726,#1650);
#1179=LINE('',#6727,#1651);
#1180=LINE('',#6730,#1652);
#1181=LINE('',#6732,#1653);
#1182=LINE('',#6733,#1654);
#1183=LINE('',#6736,#1655);
#1184=LINE('',#6738,#1656);
#1185=LINE('',#6739,#1657);
#1186=LINE('',#6742,#1658);
#1187=LINE('',#6744,#1659);
#1188=LINE('',#6745,#1660);
#1189=LINE('',#6748,#1661);
#1190=LINE('',#6750,#1662);
#1191=LINE('',#6751,#1663);
#1192=LINE('',#6754,#1664);
#1193=LINE('',#6756,#1665);
#1194=LINE('',#6757,#1666);
#1195=LINE('',#6760,#1667);
#1196=LINE('',#6762,#1668);
#1197=LINE('',#6763,#1669);
#1198=LINE('',#6766,#1670);
#1199=LINE('',#6768,#1671);
#1200=LINE('',#6769,#1672);
#1201=LINE('',#6772,#1673);
#1202=LINE('',#6774,#1674);
#1203=LINE('',#6775,#1675);
#1204=LINE('',#6778,#1676);
#1205=LINE('',#6780,#1677);
#1206=LINE('',#6781,#1678);
#1207=LINE('',#6784,#1679);
#1208=LINE('',#6786,#1680);
#1209=LINE('',#6787,#1681);
#1210=LINE('',#6790,#1682);
#1211=LINE('',#6792,#1683);
#1212=LINE('',#6793,#1684);
#1213=LINE('',#6796,#1685);
#1214=LINE('',#6798,#1686);
#1215=LINE('',#6799,#1687);
#1216=LINE('',#6802,#1688);
#1217=LINE('',#6804,#1689);
#1218=LINE('',#6805,#1690);
#1219=LINE('',#6808,#1691);
#1220=LINE('',#6810,#1692);
#1221=LINE('',#6811,#1693);
#1222=LINE('',#6814,#1694);
#1223=LINE('',#6816,#1695);
#1224=LINE('',#6817,#1696);
#1225=LINE('',#6820,#1697);
#1226=LINE('',#6822,#1698);
#1227=LINE('',#6823,#1699);
#1228=LINE('',#6826,#1700);
#1229=LINE('',#6828,#1701);
#1230=LINE('',#6829,#1702);
#1231=LINE('',#6832,#1703);
#1232=LINE('',#6834,#1704);
#1233=LINE('',#6835,#1705);
#1234=LINE('',#6838,#1706);
#1235=LINE('',#6840,#1707);
#1236=LINE('',#6841,#1708);
#1237=LINE('',#6844,#1709);
#1238=LINE('',#6846,#1710);
#1239=LINE('',#6847,#1711);
#1240=LINE('',#6850,#1712);
#1241=LINE('',#6852,#1713);
#1242=LINE('',#6853,#1714);
#1243=LINE('',#6856,#1715);
#1244=LINE('',#6858,#1716);
#1245=LINE('',#6859,#1717);
#1246=LINE('',#6862,#1718);
#1247=LINE('',#6864,#1719);
#1248=LINE('',#6865,#1720);
#1249=LINE('',#6868,#1721);
#1250=LINE('',#6870,#1722);
#1251=LINE('',#6871,#1723);
#1252=LINE('',#6874,#1724);
#1253=LINE('',#6876,#1725);
#1254=LINE('',#6877,#1726);
#1255=LINE('',#6880,#1727);
#1256=LINE('',#6882,#1728);
#1257=LINE('',#6883,#1729);
#1258=LINE('',#6886,#1730);
#1259=LINE('',#6888,#1731);
#1260=LINE('',#6889,#1732);
#1261=LINE('',#6892,#1733);
#1262=LINE('',#6894,#1734);
#1263=LINE('',#6895,#1735);
#1264=LINE('',#6898,#1736);
#1265=LINE('',#6900,#1737);
#1266=LINE('',#6901,#1738);
#1267=LINE('',#6904,#1739);
#1268=LINE('',#6906,#1740);
#1269=LINE('',#6907,#1741);
#1270=LINE('',#6910,#1742);
#1271=LINE('',#6912,#1743);
#1272=LINE('',#6913,#1744);
#1273=LINE('',#6916,#1745);
#1274=LINE('',#6918,#1746);
#1275=LINE('',#6919,#1747);
#1276=LINE('',#6922,#1748);
#1277=LINE('',#6924,#1749);
#1278=LINE('',#6925,#1750);
#1279=LINE('',#6928,#1751);
#1280=LINE('',#6930,#1752);
#1281=LINE('',#6931,#1753);
#1282=LINE('',#6934,#1754);
#1283=LINE('',#6936,#1755);
#1284=LINE('',#6937,#1756);
#1285=LINE('',#6940,#1757);
#1286=LINE('',#6942,#1758);
#1287=LINE('',#6943,#1759);
#1288=LINE('',#6946,#1760);
#1289=LINE('',#6948,#1761);
#1290=LINE('',#6949,#1762);
#1291=LINE('',#6952,#1763);
#1292=LINE('',#6954,#1764);
#1293=LINE('',#6955,#1765);
#1294=LINE('',#6958,#1766);
#1295=LINE('',#6960,#1767);
#1296=LINE('',#6961,#1768);
#1297=LINE('',#6964,#1769);
#1298=LINE('',#6966,#1770);
#1299=LINE('',#6967,#1771);
#1300=LINE('',#6970,#1772);
#1301=LINE('',#6972,#1773);
#1302=LINE('',#6973,#1774);
#1303=LINE('',#6976,#1775);
#1304=LINE('',#6978,#1776);
#1305=LINE('',#6979,#1777);
#1306=LINE('',#6982,#1778);
#1307=LINE('',#6984,#1779);
#1308=LINE('',#6985,#1780);
#1309=LINE('',#6988,#1781);
#1310=LINE('',#6990,#1782);
#1311=LINE('',#6991,#1783);
#1312=LINE('',#6994,#1784);
#1313=LINE('',#6996,#1785);
#1314=LINE('',#6997,#1786);
#1315=LINE('',#7000,#1787);
#1316=LINE('',#7002,#1788);
#1317=LINE('',#7003,#1789);
#1318=LINE('',#7006,#1790);
#1319=LINE('',#7008,#1791);
#1320=LINE('',#7009,#1792);
#1321=LINE('',#7012,#1793);
#1322=LINE('',#7014,#1794);
#1323=LINE('',#7015,#1795);
#1324=LINE('',#7018,#1796);
#1325=LINE('',#7020,#1797);
#1326=LINE('',#7021,#1798);
#1327=LINE('',#7023,#1799);
#1328=LINE('',#7024,#1800);
#1329=VECTOR('',#4687,1.5);
#1330=VECTOR('',#4694,1.5);
#1331=VECTOR('',#4703,1.5);
#1332=VECTOR('',#4710,1.5);
#1333=VECTOR('',#4719,1.5);
#1334=VECTOR('',#4726,1.5);
#1335=VECTOR('',#4735,1.5);
#1336=VECTOR('',#4742,1.5);
#1337=VECTOR('',#4751,1.5);
#1338=VECTOR('',#4758,1.5);
#1339=VECTOR('',#4767,1.5);
#1340=VECTOR('',#4774,1.5);
#1341=VECTOR('',#4781,10.);
#1342=VECTOR('',#4782,10.);
#1343=VECTOR('',#4783,10.);
#1344=VECTOR('',#4784,10.);
#1345=VECTOR('',#4787,10.);
#1346=VECTOR('',#4788,10.);
#1347=VECTOR('',#4789,10.);
#1348=VECTOR('',#4792,10.);
#1349=VECTOR('',#4793,10.);
#1350=VECTOR('',#4794,10.);
#1351=VECTOR('',#4797,10.);
#1352=VECTOR('',#4798,10.);
#1353=VECTOR('',#4799,10.);
#1354=VECTOR('',#4802,10.);
#1355=VECTOR('',#4803,10.);
#1356=VECTOR('',#4804,10.);
#1357=VECTOR('',#4807,10.);
#1358=VECTOR('',#4808,10.);
#1359=VECTOR('',#4809,10.);
#1360=VECTOR('',#4812,10.);
#1361=VECTOR('',#4813,10.);
#1362=VECTOR('',#4814,10.);
#1363=VECTOR('',#4817,10.);
#1364=VECTOR('',#4818,10.);
#1365=VECTOR('',#4819,10.);
#1366=VECTOR('',#4822,10.);
#1367=VECTOR('',#4823,10.);
#1368=VECTOR('',#4824,10.);
#1369=VECTOR('',#4827,10.);
#1370=VECTOR('',#4828,10.);
#1371=VECTOR('',#4829,10.);
#1372=VECTOR('',#4832,10.);
#1373=VECTOR('',#4833,10.);
#1374=VECTOR('',#4834,10.);
#1375=VECTOR('',#4837,10.);
#1376=VECTOR('',#4838,10.);
#1377=VECTOR('',#4839,10.);
#1378=VECTOR('',#4842,10.);
#1379=VECTOR('',#4843,10.);
#1380=VECTOR('',#4844,10.);
#1381=VECTOR('',#4847,10.);
#1382=VECTOR('',#4848,10.);
#1383=VECTOR('',#4849,10.);
#1384=VECTOR('',#4852,10.);
#1385=VECTOR('',#4853,10.);
#1386=VECTOR('',#4854,10.);
#1387=VECTOR('',#4857,10.);
#1388=VECTOR('',#4858,10.);
#1389=VECTOR('',#4867,1.5);
#1390=VECTOR('',#4874,1.5);
#1391=VECTOR('',#4883,1.5);
#1392=VECTOR('',#4890,1.5);
#1393=VECTOR('',#4899,1.5);
#1394=VECTOR('',#4906,1.5);
#1395=VECTOR('',#4915,1.5);
#1396=VECTOR('',#4922,1.5);
#1397=VECTOR('',#4931,1.5);
#1398=VECTOR('',#4938,1.5);
#1399=VECTOR('',#4947,1.5);
#1400=VECTOR('',#4954,1.5);
#1401=VECTOR('',#4961,10.);
#1402=VECTOR('',#4962,10.);
#1403=VECTOR('',#4963,10.);
#1404=VECTOR('',#4964,10.);
#1405=VECTOR('',#4967,10.);
#1406=VECTOR('',#4968,10.);
#1407=VECTOR('',#4969,10.);
#1408=VECTOR('',#4972,10.);
#1409=VECTOR('',#4973,10.);
#1410=VECTOR('',#4974,10.);
#1411=VECTOR('',#4977,10.);
#1412=VECTOR('',#4978,10.);
#1413=VECTOR('',#4979,10.);
#1414=VECTOR('',#4982,10.);
#1415=VECTOR('',#4983,10.);
#1416=VECTOR('',#4984,10.);
#1417=VECTOR('',#4987,10.);
#1418=VECTOR('',#4988,10.);
#1419=VECTOR('',#4989,10.);
#1420=VECTOR('',#4992,10.);
#1421=VECTOR('',#4993,10.);
#1422=VECTOR('',#4994,10.);
#1423=VECTOR('',#4997,10.);
#1424=VECTOR('',#4998,10.);
#1425=VECTOR('',#4999,10.);
#1426=VECTOR('',#5002,10.);
#1427=VECTOR('',#5003,10.);
#1428=VECTOR('',#5004,10.);
#1429=VECTOR('',#5007,10.);
#1430=VECTOR('',#5008,10.);
#1431=VECTOR('',#5009,10.);
#1432=VECTOR('',#5012,10.);
#1433=VECTOR('',#5013,10.);
#1434=VECTOR('',#5014,10.);
#1435=VECTOR('',#5017,10.);
#1436=VECTOR('',#5018,10.);
#1437=VECTOR('',#5019,10.);
#1438=VECTOR('',#5022,10.);
#1439=VECTOR('',#5023,10.);
#1440=VECTOR('',#5024,10.);
#1441=VECTOR('',#5027,10.);
#1442=VECTOR('',#5028,10.);
#1443=VECTOR('',#5029,10.);
#1444=VECTOR('',#5032,10.);
#1445=VECTOR('',#5033,10.);
#1446=VECTOR('',#5034,10.);
#1447=VECTOR('',#5037,10.);
#1448=VECTOR('',#5038,10.);
#1449=VECTOR('',#5047,1.5);
#1450=VECTOR('',#5054,1.5);
#1451=VECTOR('',#5063,1.5);
#1452=VECTOR('',#5070,1.5);
#1453=VECTOR('',#5079,1.5);
#1454=VECTOR('',#5086,1.5);
#1455=VECTOR('',#5095,1.5);
#1456=VECTOR('',#5102,1.5);
#1457=VECTOR('',#5111,1.5);
#1458=VECTOR('',#5118,1.5);
#1459=VECTOR('',#5127,1.5);
#1460=VECTOR('',#5134,1.5);
#1461=VECTOR('',#5141,10.);
#1462=VECTOR('',#5142,10.);
#1463=VECTOR('',#5143,10.);
#1464=VECTOR('',#5144,10.);
#1465=VECTOR('',#5147,10.);
#1466=VECTOR('',#5148,10.);
#1467=VECTOR('',#5149,10.);
#1468=VECTOR('',#5152,10.);
#1469=VECTOR('',#5153,10.);
#1470=VECTOR('',#5154,10.);
#1471=VECTOR('',#5157,10.);
#1472=VECTOR('',#5158,10.);
#1473=VECTOR('',#5159,10.);
#1474=VECTOR('',#5162,10.);
#1475=VECTOR('',#5163,10.);
#1476=VECTOR('',#5164,10.);
#1477=VECTOR('',#5167,10.);
#1478=VECTOR('',#5168,10.);
#1479=VECTOR('',#5169,10.);
#1480=VECTOR('',#5172,10.);
#1481=VECTOR('',#5173,10.);
#1482=VECTOR('',#5174,10.);
#1483=VECTOR('',#5177,10.);
#1484=VECTOR('',#5178,10.);
#1485=VECTOR('',#5179,10.);
#1486=VECTOR('',#5182,10.);
#1487=VECTOR('',#5183,10.);
#1488=VECTOR('',#5184,10.);
#1489=VECTOR('',#5187,10.);
#1490=VECTOR('',#5188,10.);
#1491=VECTOR('',#5189,10.);
#1492=VECTOR('',#5192,10.);
#1493=VECTOR('',#5193,10.);
#1494=VECTOR('',#5194,10.);
#1495=VECTOR('',#5197,10.);
#1496=VECTOR('',#5198,10.);
#1497=VECTOR('',#5199,10.);
#1498=VECTOR('',#5202,10.);
#1499=VECTOR('',#5203,10.);
#1500=VECTOR('',#5204,10.);
#1501=VECTOR('',#5207,10.);
#1502=VECTOR('',#5208,10.);
#1503=VECTOR('',#5209,10.);
#1504=VECTOR('',#5212,10.);
#1505=VECTOR('',#5213,10.);
#1506=VECTOR('',#5214,10.);
#1507=VECTOR('',#5217,10.);
#1508=VECTOR('',#5218,10.);
#1509=VECTOR('',#5227,1.5);
#1510=VECTOR('',#5234,1.5);
#1511=VECTOR('',#5243,1.5);
#1512=VECTOR('',#5250,1.5);
#1513=VECTOR('',#5259,1.5);
#1514=VECTOR('',#5266,1.5);
#1515=VECTOR('',#5275,1.5);
#1516=VECTOR('',#5282,1.5);
#1517=VECTOR('',#5291,1.5);
#1518=VECTOR('',#5298,1.5);
#1519=VECTOR('',#5307,1.5);
#1520=VECTOR('',#5314,1.5);
#1521=VECTOR('',#5321,10.);
#1522=VECTOR('',#5322,10.);
#1523=VECTOR('',#5323,10.);
#1524=VECTOR('',#5324,10.);
#1525=VECTOR('',#5327,10.);
#1526=VECTOR('',#5328,10.);
#1527=VECTOR('',#5329,10.);
#1528=VECTOR('',#5332,10.);
#1529=VECTOR('',#5333,10.);
#1530=VECTOR('',#5334,10.);
#1531=VECTOR('',#5337,10.);
#1532=VECTOR('',#5338,10.);
#1533=VECTOR('',#5339,10.);
#1534=VECTOR('',#5342,10.);
#1535=VECTOR('',#5343,10.);
#1536=VECTOR('',#5344,10.);
#1537=VECTOR('',#5347,10.);
#1538=VECTOR('',#5348,10.);
#1539=VECTOR('',#5349,10.);
#1540=VECTOR('',#5352,10.);
#1541=VECTOR('',#5353,10.);
#1542=VECTOR('',#5354,10.);
#1543=VECTOR('',#5357,10.);
#1544=VECTOR('',#5358,10.);
#1545=VECTOR('',#5359,10.);
#1546=VECTOR('',#5362,10.);
#1547=VECTOR('',#5363,10.);
#1548=VECTOR('',#5364,10.);
#1549=VECTOR('',#5367,10.);
#1550=VECTOR('',#5368,10.);
#1551=VECTOR('',#5369,10.);
#1552=VECTOR('',#5372,10.);
#1553=VECTOR('',#5373,10.);
#1554=VECTOR('',#5374,10.);
#1555=VECTOR('',#5377,10.);
#1556=VECTOR('',#5378,10.);
#1557=VECTOR('',#5379,10.);
#1558=VECTOR('',#5382,10.);
#1559=VECTOR('',#5383,10.);
#1560=VECTOR('',#5384,10.);
#1561=VECTOR('',#5387,10.);
#1562=VECTOR('',#5388,10.);
#1563=VECTOR('',#5389,10.);
#1564=VECTOR('',#5392,10.);
#1565=VECTOR('',#5393,10.);
#1566=VECTOR('',#5394,10.);
#1567=VECTOR('',#5397,10.);
#1568=VECTOR('',#5398,10.);
#1569=VECTOR('',#5409,1.5);
#1570=VECTOR('',#5416,1.5);
#1571=VECTOR('',#5423,1.5);
#1572=VECTOR('',#5430,1.5);
#1573=VECTOR('',#5435,10.);
#1574=VECTOR('',#5436,10.);
#1575=VECTOR('',#5437,10.);
#1576=VECTOR('',#5438,10.);
#1577=VECTOR('',#5441,10.);
#1578=VECTOR('',#5442,10.);
#1579=VECTOR('',#5443,10.);
#1580=VECTOR('',#5446,10.);
#1581=VECTOR('',#5447,10.);
#1582=VECTOR('',#5448,10.);
#1583=VECTOR('',#5451,10.);
#1584=VECTOR('',#5452,10.);
#1585=VECTOR('',#5455,10.);
#1586=VECTOR('',#5456,10.);
#1587=VECTOR('',#5457,10.);
#1588=VECTOR('',#5458,10.);
#1589=VECTOR('',#5461,10.);
#1590=VECTOR('',#5462,10.);
#1591=VECTOR('',#5463,10.);
#1592=VECTOR('',#5466,10.);
#1593=VECTOR('',#5467,10.);
#1594=VECTOR('',#5468,10.);
#1595=VECTOR('',#5471,10.);
#1596=VECTOR('',#5472,10.);
#1597=VECTOR('',#5475,10.);
#1598=VECTOR('',#5476,10.);
#1599=VECTOR('',#5477,10.);
#1600=VECTOR('',#5478,10.);
#1601=VECTOR('',#5481,10.);
#1602=VECTOR('',#5482,10.);
#1603=VECTOR('',#5483,10.);
#1604=VECTOR('',#5486,10.);
#1605=VECTOR('',#5487,10.);
#1606=VECTOR('',#5488,10.);
#1607=VECTOR('',#5491,10.);
#1608=VECTOR('',#5492,10.);
#1609=VECTOR('',#5495,10.);
#1610=VECTOR('',#5496,10.);
#1611=VECTOR('',#5497,10.);
#1612=VECTOR('',#5498,10.);
#1613=VECTOR('',#5501,10.);
#1614=VECTOR('',#5502,10.);
#1615=VECTOR('',#5503,10.);
#1616=VECTOR('',#5506,10.);
#1617=VECTOR('',#5507,10.);
#1618=VECTOR('',#5508,10.);
#1619=VECTOR('',#5511,10.);
#1620=VECTOR('',#5512,10.);
#1621=VECTOR('',#5521,10.);
#1622=VECTOR('',#5522,10.);
#1623=VECTOR('',#5523,10.);
#1624=VECTOR('',#5524,10.);
#1625=VECTOR('',#5527,10.);
#1626=VECTOR('',#5528,10.);
#1627=VECTOR('',#5529,10.);
#1628=VECTOR('',#5532,10.);
#1629=VECTOR('',#5533,10.);
#1630=VECTOR('',#5534,10.);
#1631=VECTOR('',#5537,10.);
#1632=VECTOR('',#5538,10.);
#1633=VECTOR('',#5539,10.);
#1634=VECTOR('',#5542,10.);
#1635=VECTOR('',#5543,10.);
#1636=VECTOR('',#5544,10.);
#1637=VECTOR('',#5547,10.);
#1638=VECTOR('',#5548,10.);
#1639=VECTOR('',#5549,10.);
#1640=VECTOR('',#5552,10.);
#1641=VECTOR('',#5553,10.);
#1642=VECTOR('',#5554,10.);
#1643=VECTOR('',#5557,10.);
#1644=VECTOR('',#5558,10.);
#1645=VECTOR('',#5559,10.);
#1646=VECTOR('',#5562,10.);
#1647=VECTOR('',#5563,10.);
#1648=VECTOR('',#5564,10.);
#1649=VECTOR('',#5567,10.);
#1650=VECTOR('',#5568,10.);
#1651=VECTOR('',#5569,10.);
#1652=VECTOR('',#5572,10.);
#1653=VECTOR('',#5573,10.);
#1654=VECTOR('',#5574,10.);
#1655=VECTOR('',#5577,10.);
#1656=VECTOR('',#5578,10.);
#1657=VECTOR('',#5579,10.);
#1658=VECTOR('',#5582,10.);
#1659=VECTOR('',#5583,10.);
#1660=VECTOR('',#5584,10.);
#1661=VECTOR('',#5587,10.);
#1662=VECTOR('',#5588,10.);
#1663=VECTOR('',#5589,10.);
#1664=VECTOR('',#5592,10.);
#1665=VECTOR('',#5593,10.);
#1666=VECTOR('',#5594,10.);
#1667=VECTOR('',#5597,10.);
#1668=VECTOR('',#5598,10.);
#1669=VECTOR('',#5599,10.);
#1670=VECTOR('',#5602,10.);
#1671=VECTOR('',#5603,10.);
#1672=VECTOR('',#5604,10.);
#1673=VECTOR('',#5607,10.);
#1674=VECTOR('',#5608,10.);
#1675=VECTOR('',#5609,10.);
#1676=VECTOR('',#5612,10.);
#1677=VECTOR('',#5613,10.);
#1678=VECTOR('',#5614,10.);
#1679=VECTOR('',#5617,10.);
#1680=VECTOR('',#5618,10.);
#1681=VECTOR('',#5619,10.);
#1682=VECTOR('',#5622,10.);
#1683=VECTOR('',#5623,10.);
#1684=VECTOR('',#5624,10.);
#1685=VECTOR('',#5627,10.);
#1686=VECTOR('',#5628,10.);
#1687=VECTOR('',#5629,10.);
#1688=VECTOR('',#5632,10.);
#1689=VECTOR('',#5633,10.);
#1690=VECTOR('',#5634,10.);
#1691=VECTOR('',#5637,10.);
#1692=VECTOR('',#5638,10.);
#1693=VECTOR('',#5639,10.);
#1694=VECTOR('',#5642,10.);
#1695=VECTOR('',#5643,10.);
#1696=VECTOR('',#5644,10.);
#1697=VECTOR('',#5647,10.);
#1698=VECTOR('',#5648,10.);
#1699=VECTOR('',#5649,10.);
#1700=VECTOR('',#5652,10.);
#1701=VECTOR('',#5653,10.);
#1702=VECTOR('',#5654,10.);
#1703=VECTOR('',#5657,10.);
#1704=VECTOR('',#5658,10.);
#1705=VECTOR('',#5659,10.);
#1706=VECTOR('',#5662,10.);
#1707=VECTOR('',#5663,10.);
#1708=VECTOR('',#5664,10.);
#1709=VECTOR('',#5667,10.);
#1710=VECTOR('',#5668,10.);
#1711=VECTOR('',#5669,10.);
#1712=VECTOR('',#5672,10.);
#1713=VECTOR('',#5673,10.);
#1714=VECTOR('',#5674,10.);
#1715=VECTOR('',#5677,10.);
#1716=VECTOR('',#5678,10.);
#1717=VECTOR('',#5679,10.);
#1718=VECTOR('',#5682,10.);
#1719=VECTOR('',#5683,10.);
#1720=VECTOR('',#5684,10.);
#1721=VECTOR('',#5687,10.);
#1722=VECTOR('',#5688,10.);
#1723=VECTOR('',#5689,10.);
#1724=VECTOR('',#5692,10.);
#1725=VECTOR('',#5693,10.);
#1726=VECTOR('',#5694,10.);
#1727=VECTOR('',#5697,10.);
#1728=VECTOR('',#5698,10.);
#1729=VECTOR('',#5699,10.);
#1730=VECTOR('',#5702,10.);
#1731=VECTOR('',#5703,10.);
#1732=VECTOR('',#5704,10.);
#1733=VECTOR('',#5707,10.);
#1734=VECTOR('',#5708,10.);
#1735=VECTOR('',#5709,10.);
#1736=VECTOR('',#5712,10.);
#1737=VECTOR('',#5713,10.);
#1738=VECTOR('',#5714,10.);
#1739=VECTOR('',#5717,10.);
#1740=VECTOR('',#5718,10.);
#1741=VECTOR('',#5719,10.);
#1742=VECTOR('',#5722,10.);
#1743=VECTOR('',#5723,10.);
#1744=VECTOR('',#5724,10.);
#1745=VECTOR('',#5727,10.);
#1746=VECTOR('',#5728,10.);
#1747=VECTOR('',#5729,10.);
#1748=VECTOR('',#5732,10.);
#1749=VECTOR('',#5733,10.);
#1750=VECTOR('',#5734,10.);
#1751=VECTOR('',#5737,10.);
#1752=VECTOR('',#5738,10.);
#1753=VECTOR('',#5739,10.);
#1754=VECTOR('',#5742,10.);
#1755=VECTOR('',#5743,10.);
#1756=VECTOR('',#5744,10.);
#1757=VECTOR('',#5747,10.);
#1758=VECTOR('',#5748,10.);
#1759=VECTOR('',#5749,10.);
#1760=VECTOR('',#5752,10.);
#1761=VECTOR('',#5753,10.);
#1762=VECTOR('',#5754,10.);
#1763=VECTOR('',#5757,10.);
#1764=VECTOR('',#5758,10.);
#1765=VECTOR('',#5759,10.);
#1766=VECTOR('',#5762,10.);
#1767=VECTOR('',#5763,10.);
#1768=VECTOR('',#5764,10.);
#1769=VECTOR('',#5767,10.);
#1770=VECTOR('',#5768,10.);
#1771=VECTOR('',#5769,10.);
#1772=VECTOR('',#5772,10.);
#1773=VECTOR('',#5773,10.);
#1774=VECTOR('',#5774,10.);
#1775=VECTOR('',#5777,10.);
#1776=VECTOR('',#5778,10.);
#1777=VECTOR('',#5779,10.);
#1778=VECTOR('',#5782,10.);
#1779=VECTOR('',#5783,10.);
#1780=VECTOR('',#5784,10.);
#1781=VECTOR('',#5787,10.);
#1782=VECTOR('',#5788,10.);
#1783=VECTOR('',#5789,10.);
#1784=VECTOR('',#5792,10.);
#1785=VECTOR('',#5793,10.);
#1786=VECTOR('',#5794,10.);
#1787=VECTOR('',#5797,10.);
#1788=VECTOR('',#5798,10.);
#1789=VECTOR('',#5799,10.);
#1790=VECTOR('',#5802,10.);
#1791=VECTOR('',#5803,10.);
#1792=VECTOR('',#5804,10.);
#1793=VECTOR('',#5807,10.);
#1794=VECTOR('',#5808,10.);
#1795=VECTOR('',#5809,10.);
#1796=VECTOR('',#5812,10.);
#1797=VECTOR('',#5813,10.);
#1798=VECTOR('',#5814,10.);
#1799=VECTOR('',#5817,10.);
#1800=VECTOR('',#5818,10.);
#1801=CIRCLE('',#4340,1.5);
#1802=CIRCLE('',#4341,1.5);
#1803=CIRCLE('',#4343,1.5);
#1804=CIRCLE('',#4344,1.5);
#1805=CIRCLE('',#4347,1.5);
#1806=CIRCLE('',#4348,1.5);
#1807=CIRCLE('',#4350,1.5);
#1808=CIRCLE('',#4351,1.5);
#1809=CIRCLE('',#4354,1.5);
#1810=CIRCLE('',#4355,1.5);
#1811=CIRCLE('',#4357,1.5);
#1812=CIRCLE('',#4358,1.5);
#1813=CIRCLE('',#4361,1.5);
#1814=CIRCLE('',#4362,1.5);
#1815=CIRCLE('',#4364,1.5);
#1816=CIRCLE('',#4365,1.5);
#1817=CIRCLE('',#4368,1.5);
#1818=CIRCLE('',#4369,1.5);
#1819=CIRCLE('',#4371,1.5);
#1820=CIRCLE('',#4372,1.5);
#1821=CIRCLE('',#4375,1.5);
#1822=CIRCLE('',#4376,1.5);
#1823=CIRCLE('',#4378,1.5);
#1824=CIRCLE('',#4379,1.5);
#1825=CIRCLE('',#4400,1.5);
#1826=CIRCLE('',#4401,1.5);
#1827=CIRCLE('',#4403,1.5);
#1828=CIRCLE('',#4404,1.5);
#1829=CIRCLE('',#4407,1.5);
#1830=CIRCLE('',#4408,1.5);
#1831=CIRCLE('',#4410,1.5);
#1832=CIRCLE('',#4411,1.5);
#1833=CIRCLE('',#4414,1.5);
#1834=CIRCLE('',#4415,1.5);
#1835=CIRCLE('',#4417,1.5);
#1836=CIRCLE('',#4418,1.5);
#1837=CIRCLE('',#4421,1.5);
#1838=CIRCLE('',#4422,1.5);
#1839=CIRCLE('',#4424,1.5);
#1840=CIRCLE('',#4425,1.5);
#1841=CIRCLE('',#4428,1.5);
#1842=CIRCLE('',#4429,1.5);
#1843=CIRCLE('',#4431,1.5);
#1844=CIRCLE('',#4432,1.5);
#1845=CIRCLE('',#4435,1.5);
#1846=CIRCLE('',#4436,1.5);
#1847=CIRCLE('',#4438,1.5);
#1848=CIRCLE('',#4439,1.5);
#1849=CIRCLE('',#4460,1.5);
#1850=CIRCLE('',#4461,1.5);
#1851=CIRCLE('',#4463,1.5);
#1852=CIRCLE('',#4464,1.5);
#1853=CIRCLE('',#4467,1.5);
#1854=CIRCLE('',#4468,1.5);
#1855=CIRCLE('',#4470,1.5);
#1856=CIRCLE('',#4471,1.5);
#1857=CIRCLE('',#4474,1.5);
#1858=CIRCLE('',#4475,1.5);
#1859=CIRCLE('',#4477,1.5);
#1860=CIRCLE('',#4478,1.5);
#1861=CIRCLE('',#4481,1.5);
#1862=CIRCLE('',#4482,1.5);
#1863=CIRCLE('',#4484,1.5);
#1864=CIRCLE('',#4485,1.5);
#1865=CIRCLE('',#4488,1.5);
#1866=CIRCLE('',#4489,1.5);
#1867=CIRCLE('',#4491,1.5);
#1868=CIRCLE('',#4492,1.5);
#1869=CIRCLE('',#4495,1.5);
#1870=CIRCLE('',#4496,1.5);
#1871=CIRCLE('',#4498,1.5);
#1872=CIRCLE('',#4499,1.5);
#1873=CIRCLE('',#4520,1.5);
#1874=CIRCLE('',#4521,1.5);
#1875=CIRCLE('',#4523,1.5);
#1876=CIRCLE('',#4524,1.5);
#1877=CIRCLE('',#4527,1.5);
#1878=CIRCLE('',#4528,1.5);
#1879=CIRCLE('',#4530,1.5);
#1880=CIRCLE('',#4531,1.5);
#1881=CIRCLE('',#4534,1.5);
#1882=CIRCLE('',#4535,1.5);
#1883=CIRCLE('',#4537,1.5);
#1884=CIRCLE('',#4538,1.5);
#1885=CIRCLE('',#4541,1.5);
#1886=CIRCLE('',#4542,1.5);
#1887=CIRCLE('',#4544,1.5);
#1888=CIRCLE('',#4545,1.5);
#1889=CIRCLE('',#4548,1.5);
#1890=CIRCLE('',#4549,1.5);
#1891=CIRCLE('',#4551,1.5);
#1892=CIRCLE('',#4552,1.5);
#1893=CIRCLE('',#4555,1.5);
#1894=CIRCLE('',#4556,1.5);
#1895=CIRCLE('',#4558,1.5);
#1896=CIRCLE('',#4559,1.5);
#1897=CIRCLE('',#4581,1.5);
#1898=CIRCLE('',#4582,1.5);
#1899=CIRCLE('',#4584,1.5);
#1900=CIRCLE('',#4585,1.5);
#1901=CIRCLE('',#4587,1.5);
#1902=CIRCLE('',#4588,1.5);
#1903=CIRCLE('',#4590,1.5);
#1904=CIRCLE('',#4591,1.5);
#1905=VERTEX_POINT('',#5838);
#1906=VERTEX_POINT('',#5840);
#1907=VERTEX_POINT('',#5844);
#1908=VERTEX_POINT('',#5846);
#1909=VERTEX_POINT('',#5851);
#1910=VERTEX_POINT('',#5853);
#1911=VERTEX_POINT('',#5857);
#1912=VERTEX_POINT('',#5859);
#1913=VERTEX_POINT('',#5864);
#1914=VERTEX_POINT('',#5866);
#1915=VERTEX_POINT('',#5870);
#1916=VERTEX_POINT('',#5872);
#1917=VERTEX_POINT('',#5877);
#1918=VERTEX_POINT('',#5879);
#1919=VERTEX_POINT('',#5883);
#1920=VERTEX_POINT('',#5885);
#1921=VERTEX_POINT('',#5890);
#1922=VERTEX_POINT('',#5892);
#1923=VERTEX_POINT('',#5896);
#1924=VERTEX_POINT('',#5898);
#1925=VERTEX_POINT('',#5903);
#1926=VERTEX_POINT('',#5905);
#1927=VERTEX_POINT('',#5909);
#1928=VERTEX_POINT('',#5911);
#1929=VERTEX_POINT('',#5916);
#1930=VERTEX_POINT('',#5917);
#1931=VERTEX_POINT('',#5919);
#1932=VERTEX_POINT('',#5921);
#1933=VERTEX_POINT('',#5925);
#1934=VERTEX_POINT('',#5927);
#1935=VERTEX_POINT('',#5931);
#1936=VERTEX_POINT('',#5933);
#1937=VERTEX_POINT('',#5937);
#1938=VERTEX_POINT('',#5939);
#1939=VERTEX_POINT('',#5943);
#1940=VERTEX_POINT('',#5945);
#1941=VERTEX_POINT('',#5949);
#1942=VERTEX_POINT('',#5951);
#1943=VERTEX_POINT('',#5955);
#1944=VERTEX_POINT('',#5957);
#1945=VERTEX_POINT('',#5961);
#1946=VERTEX_POINT('',#5963);
#1947=VERTEX_POINT('',#5967);
#1948=VERTEX_POINT('',#5969);
#1949=VERTEX_POINT('',#5973);
#1950=VERTEX_POINT('',#5975);
#1951=VERTEX_POINT('',#5979);
#1952=VERTEX_POINT('',#5981);
#1953=VERTEX_POINT('',#5985);
#1954=VERTEX_POINT('',#5987);
#1955=VERTEX_POINT('',#5991);
#1956=VERTEX_POINT('',#5993);
#1957=VERTEX_POINT('',#5997);
#1958=VERTEX_POINT('',#5999);
#1959=VERTEX_POINT('',#6003);
#1960=VERTEX_POINT('',#6005);
#1961=VERTEX_POINT('',#6014);
#1962=VERTEX_POINT('',#6016);
#1963=VERTEX_POINT('',#6020);
#1964=VERTEX_POINT('',#6022);
#1965=VERTEX_POINT('',#6027);
#1966=VERTEX_POINT('',#6029);
#1967=VERTEX_POINT('',#6033);
#1968=VERTEX_POINT('',#6035);
#1969=VERTEX_POINT('',#6040);
#1970=VERTEX_POINT('',#6042);
#1971=VERTEX_POINT('',#6046);
#1972=VERTEX_POINT('',#6048);
#1973=VERTEX_POINT('',#6053);
#1974=VERTEX_POINT('',#6055);
#1975=VERTEX_POINT('',#6059);
#1976=VERTEX_POINT('',#6061);
#1977=VERTEX_POINT('',#6066);
#1978=VERTEX_POINT('',#6068);
#1979=VERTEX_POINT('',#6072);
#1980=VERTEX_POINT('',#6074);
#1981=VERTEX_POINT('',#6079);
#1982=VERTEX_POINT('',#6081);
#1983=VERTEX_POINT('',#6085);
#1984=VERTEX_POINT('',#6087);
#1985=VERTEX_POINT('',#6092);
#1986=VERTEX_POINT('',#6093);
#1987=VERTEX_POINT('',#6095);
#1988=VERTEX_POINT('',#6097);
#1989=VERTEX_POINT('',#6101);
#1990=VERTEX_POINT('',#6103);
#1991=VERTEX_POINT('',#6107);
#1992=VERTEX_POINT('',#6109);
#1993=VERTEX_POINT('',#6113);
#1994=VERTEX_POINT('',#6115);
#1995=VERTEX_POINT('',#6119);
#1996=VERTEX_POINT('',#6121);
#1997=VERTEX_POINT('',#6125);
#1998=VERTEX_POINT('',#6127);
#1999=VERTEX_POINT('',#6131);
#2000=VERTEX_POINT('',#6133);
#2001=VERTEX_POINT('',#6137);
#2002=VERTEX_POINT('',#6139);
#2003=VERTEX_POINT('',#6143);
#2004=VERTEX_POINT('',#6145);
#2005=VERTEX_POINT('',#6149);
#2006=VERTEX_POINT('',#6151);
#2007=VERTEX_POINT('',#6155);
#2008=VERTEX_POINT('',#6157);
#2009=VERTEX_POINT('',#6161);
#2010=VERTEX_POINT('',#6163);
#2011=VERTEX_POINT('',#6167);
#2012=VERTEX_POINT('',#6169);
#2013=VERTEX_POINT('',#6173);
#2014=VERTEX_POINT('',#6175);
#2015=VERTEX_POINT('',#6179);
#2016=VERTEX_POINT('',#6181);
#2017=VERTEX_POINT('',#6190);
#2018=VERTEX_POINT('',#6192);
#2019=VERTEX_POINT('',#6196);
#2020=VERTEX_POINT('',#6198);
#2021=VERTEX_POINT('',#6203);
#2022=VERTEX_POINT('',#6205);
#2023=VERTEX_POINT('',#6209);
#2024=VERTEX_POINT('',#6211);
#2025=VERTEX_POINT('',#6216);
#2026=VERTEX_POINT('',#6218);
#2027=VERTEX_POINT('',#6222);
#2028=VERTEX_POINT('',#6224);
#2029=VERTEX_POINT('',#6229);
#2030=VERTEX_POINT('',#6231);
#2031=VERTEX_POINT('',#6235);
#2032=VERTEX_POINT('',#6237);
#2033=VERTEX_POINT('',#6242);
#2034=VERTEX_POINT('',#6244);
#2035=VERTEX_POINT('',#6248);
#2036=VERTEX_POINT('',#6250);
#2037=VERTEX_POINT('',#6255);
#2038=VERTEX_POINT('',#6257);
#2039=VERTEX_POINT('',#6261);
#2040=VERTEX_POINT('',#6263);
#2041=VERTEX_POINT('',#6268);
#2042=VERTEX_POINT('',#6269);
#2043=VERTEX_POINT('',#6271);
#2044=VERTEX_POINT('',#6273);
#2045=VERTEX_POINT('',#6277);
#2046=VERTEX_POINT('',#6279);
#2047=VERTEX_POINT('',#6283);
#2048=VERTEX_POINT('',#6285);
#2049=VERTEX_POINT('',#6289);
#2050=VERTEX_POINT('',#6291);
#2051=VERTEX_POINT('',#6295);
#2052=VERTEX_POINT('',#6297);
#2053=VERTEX_POINT('',#6301);
#2054=VERTEX_POINT('',#6303);
#2055=VERTEX_POINT('',#6307);
#2056=VERTEX_POINT('',#6309);
#2057=VERTEX_POINT('',#6313);
#2058=VERTEX_POINT('',#6315);
#2059=VERTEX_POINT('',#6319);
#2060=VERTEX_POINT('',#6321);
#2061=VERTEX_POINT('',#6325);
#2062=VERTEX_POINT('',#6327);
#2063=VERTEX_POINT('',#6331);
#2064=VERTEX_POINT('',#6333);
#2065=VERTEX_POINT('',#6337);
#2066=VERTEX_POINT('',#6339);
#2067=VERTEX_POINT('',#6343);
#2068=VERTEX_POINT('',#6345);
#2069=VERTEX_POINT('',#6349);
#2070=VERTEX_POINT('',#6351);
#2071=VERTEX_POINT('',#6355);
#2072=VERTEX_POINT('',#6357);
#2073=VERTEX_POINT('',#6366);
#2074=VERTEX_POINT('',#6368);
#2075=VERTEX_POINT('',#6372);
#2076=VERTEX_POINT('',#6374);
#2077=VERTEX_POINT('',#6379);
#2078=VERTEX_POINT('',#6381);
#2079=VERTEX_POINT('',#6385);
#2080=VERTEX_POINT('',#6387);
#2081=VERTEX_POINT('',#6392);
#2082=VERTEX_POINT('',#6394);
#2083=VERTEX_POINT('',#6398);
#2084=VERTEX_POINT('',#6400);
#2085=VERTEX_POINT('',#6405);
#2086=VERTEX_POINT('',#6407);
#2087=VERTEX_POINT('',#6411);
#2088=VERTEX_POINT('',#6413);
#2089=VERTEX_POINT('',#6418);
#2090=VERTEX_POINT('',#6420);
#2091=VERTEX_POINT('',#6424);
#2092=VERTEX_POINT('',#6426);
#2093=VERTEX_POINT('',#6431);
#2094=VERTEX_POINT('',#6433);
#2095=VERTEX_POINT('',#6437);
#2096=VERTEX_POINT('',#6439);
#2097=VERTEX_POINT('',#6444);
#2098=VERTEX_POINT('',#6445);
#2099=VERTEX_POINT('',#6447);
#2100=VERTEX_POINT('',#6449);
#2101=VERTEX_POINT('',#6453);
#2102=VERTEX_POINT('',#6455);
#2103=VERTEX_POINT('',#6459);
#2104=VERTEX_POINT('',#6461);
#2105=VERTEX_POINT('',#6465);
#2106=VERTEX_POINT('',#6467);
#2107=VERTEX_POINT('',#6471);
#2108=VERTEX_POINT('',#6473);
#2109=VERTEX_POINT('',#6477);
#2110=VERTEX_POINT('',#6479);
#2111=VERTEX_POINT('',#6483);
#2112=VERTEX_POINT('',#6485);
#2113=VERTEX_POINT('',#6489);
#2114=VERTEX_POINT('',#6491);
#2115=VERTEX_POINT('',#6495);
#2116=VERTEX_POINT('',#6497);
#2117=VERTEX_POINT('',#6501);
#2118=VERTEX_POINT('',#6503);
#2119=VERTEX_POINT('',#6507);
#2120=VERTEX_POINT('',#6509);
#2121=VERTEX_POINT('',#6513);
#2122=VERTEX_POINT('',#6515);
#2123=VERTEX_POINT('',#6519);
#2124=VERTEX_POINT('',#6521);
#2125=VERTEX_POINT('',#6525);
#2126=VERTEX_POINT('',#6527);
#2127=VERTEX_POINT('',#6531);
#2128=VERTEX_POINT('',#6533);
#2129=VERTEX_POINT('',#6543);
#2130=VERTEX_POINT('',#6545);
#2131=VERTEX_POINT('',#6549);
#2132=VERTEX_POINT('',#6551);
#2133=VERTEX_POINT('',#6555);
#2134=VERTEX_POINT('',#6557);
#2135=VERTEX_POINT('',#6561);
#2136=VERTEX_POINT('',#6563);
#2137=VERTEX_POINT('',#6567);
#2138=VERTEX_POINT('',#6568);
#2139=VERTEX_POINT('',#6570);
#2140=VERTEX_POINT('',#6572);
#2141=VERTEX_POINT('',#6576);
#2142=VERTEX_POINT('',#6578);
#2143=VERTEX_POINT('',#6582);
#2144=VERTEX_POINT('',#6584);
#2145=VERTEX_POINT('',#6591);
#2146=VERTEX_POINT('',#6592);
#2147=VERTEX_POINT('',#6594);
#2148=VERTEX_POINT('',#6596);
#2149=VERTEX_POINT('',#6600);
#2150=VERTEX_POINT('',#6602);
#2151=VERTEX_POINT('',#6606);
#2152=VERTEX_POINT('',#6608);
#2153=VERTEX_POINT('',#6615);
#2154=VERTEX_POINT('',#6616);
#2155=VERTEX_POINT('',#6618);
#2156=VERTEX_POINT('',#6620);
#2157=VERTEX_POINT('',#6624);
#2158=VERTEX_POINT('',#6626);
#2159=VERTEX_POINT('',#6630);
#2160=VERTEX_POINT('',#6632);
#2161=VERTEX_POINT('',#6639);
#2162=VERTEX_POINT('',#6640);
#2163=VERTEX_POINT('',#6642);
#2164=VERTEX_POINT('',#6644);
#2165=VERTEX_POINT('',#6648);
#2166=VERTEX_POINT('',#6650);
#2167=VERTEX_POINT('',#6654);
#2168=VERTEX_POINT('',#6656);
#2169=VERTEX_POINT('',#6666);
#2170=VERTEX_POINT('',#6667);
#2171=VERTEX_POINT('',#6669);
#2172=VERTEX_POINT('',#6671);
#2173=VERTEX_POINT('',#6675);
#2174=VERTEX_POINT('',#6677);
#2175=VERTEX_POINT('',#6681);
#2176=VERTEX_POINT('',#6683);
#2177=VERTEX_POINT('',#6687);
#2178=VERTEX_POINT('',#6689);
#2179=VERTEX_POINT('',#6693);
#2180=VERTEX_POINT('',#6695);
#2181=VERTEX_POINT('',#6699);
#2182=VERTEX_POINT('',#6701);
#2183=VERTEX_POINT('',#6705);
#2184=VERTEX_POINT('',#6707);
#2185=VERTEX_POINT('',#6711);
#2186=VERTEX_POINT('',#6713);
#2187=VERTEX_POINT('',#6717);
#2188=VERTEX_POINT('',#6719);
#2189=VERTEX_POINT('',#6723);
#2190=VERTEX_POINT('',#6725);
#2191=VERTEX_POINT('',#6729);
#2192=VERTEX_POINT('',#6731);
#2193=VERTEX_POINT('',#6735);
#2194=VERTEX_POINT('',#6737);
#2195=VERTEX_POINT('',#6741);
#2196=VERTEX_POINT('',#6743);
#2197=VERTEX_POINT('',#6747);
#2198=VERTEX_POINT('',#6749);
#2199=VERTEX_POINT('',#6753);
#2200=VERTEX_POINT('',#6755);
#2201=VERTEX_POINT('',#6759);
#2202=VERTEX_POINT('',#6761);
#2203=VERTEX_POINT('',#6765);
#2204=VERTEX_POINT('',#6767);
#2205=VERTEX_POINT('',#6771);
#2206=VERTEX_POINT('',#6773);
#2207=VERTEX_POINT('',#6777);
#2208=VERTEX_POINT('',#6779);
#2209=VERTEX_POINT('',#6783);
#2210=VERTEX_POINT('',#6785);
#2211=VERTEX_POINT('',#6789);
#2212=VERTEX_POINT('',#6791);
#2213=VERTEX_POINT('',#6795);
#2214=VERTEX_POINT('',#6797);
#2215=VERTEX_POINT('',#6801);
#2216=VERTEX_POINT('',#6803);
#2217=VERTEX_POINT('',#6807);
#2218=VERTEX_POINT('',#6809);
#2219=VERTEX_POINT('',#6813);
#2220=VERTEX_POINT('',#6815);
#2221=VERTEX_POINT('',#6819);
#2222=VERTEX_POINT('',#6821);
#2223=VERTEX_POINT('',#6825);
#2224=VERTEX_POINT('',#6827);
#2225=VERTEX_POINT('',#6831);
#2226=VERTEX_POINT('',#6833);
#2227=VERTEX_POINT('',#6837);
#2228=VERTEX_POINT('',#6839);
#2229=VERTEX_POINT('',#6843);
#2230=VERTEX_POINT('',#6845);
#2231=VERTEX_POINT('',#6849);
#2232=VERTEX_POINT('',#6851);
#2233=VERTEX_POINT('',#6855);
#2234=VERTEX_POINT('',#6857);
#2235=VERTEX_POINT('',#6861);
#2236=VERTEX_POINT('',#6863);
#2237=VERTEX_POINT('',#6867);
#2238=VERTEX_POINT('',#6869);
#2239=VERTEX_POINT('',#6873);
#2240=VERTEX_POINT('',#6875);
#2241=VERTEX_POINT('',#6879);
#2242=VERTEX_POINT('',#6881);
#2243=VERTEX_POINT('',#6885);
#2244=VERTEX_POINT('',#6887);
#2245=VERTEX_POINT('',#6891);
#2246=VERTEX_POINT('',#6893);
#2247=VERTEX_POINT('',#6897);
#2248=VERTEX_POINT('',#6899);
#2249=VERTEX_POINT('',#6903);
#2250=VERTEX_POINT('',#6905);
#2251=VERTEX_POINT('',#6909);
#2252=VERTEX_POINT('',#6911);
#2253=VERTEX_POINT('',#6915);
#2254=VERTEX_POINT('',#6917);
#2255=VERTEX_POINT('',#6921);
#2256=VERTEX_POINT('',#6923);
#2257=VERTEX_POINT('',#6927);
#2258=VERTEX_POINT('',#6929);
#2259=VERTEX_POINT('',#6933);
#2260=VERTEX_POINT('',#6935);
#2261=VERTEX_POINT('',#6939);
#2262=VERTEX_POINT('',#6941);
#2263=VERTEX_POINT('',#6945);
#2264=VERTEX_POINT('',#6947);
#2265=VERTEX_POINT('',#6951);
#2266=VERTEX_POINT('',#6953);
#2267=VERTEX_POINT('',#6957);
#2268=VERTEX_POINT('',#6959);
#2269=VERTEX_POINT('',#6963);
#2270=VERTEX_POINT('',#6965);
#2271=VERTEX_POINT('',#6969);
#2272=VERTEX_POINT('',#6971);
#2273=VERTEX_POINT('',#6975);
#2274=VERTEX_POINT('',#6977);
#2275=VERTEX_POINT('',#6981);
#2276=VERTEX_POINT('',#6983);
#2277=VERTEX_POINT('',#6987);
#2278=VERTEX_POINT('',#6989);
#2279=VERTEX_POINT('',#6993);
#2280=VERTEX_POINT('',#6995);
#2281=VERTEX_POINT('',#6999);
#2282=VERTEX_POINT('',#7001);
#2283=VERTEX_POINT('',#7005);
#2284=VERTEX_POINT('',#7007);
#2285=VERTEX_POINT('',#7011);
#2286=VERTEX_POINT('',#7013);
#2287=VERTEX_POINT('',#7017);
#2288=VERTEX_POINT('',#7019);
#2289=EDGE_CURVE('',#1905,#1905,#1801,.T.);
#2290=EDGE_CURVE('',#1905,#1906,#857,.T.);
#2291=EDGE_CURVE('',#1906,#1906,#1802,.T.);
#2292=EDGE_CURVE('',#1907,#1907,#1803,.T.);
#2293=EDGE_CURVE('',#1907,#1908,#858,.T.);
#2294=EDGE_CURVE('',#1908,#1908,#1804,.T.);
#2295=EDGE_CURVE('',#1909,#1909,#1805,.T.);
#2296=EDGE_CURVE('',#1909,#1910,#859,.T.);
#2297=EDGE_CURVE('',#1910,#1910,#1806,.T.);
#2298=EDGE_CURVE('',#1911,#1911,#1807,.T.);
#2299=EDGE_CURVE('',#1911,#1912,#860,.T.);
#2300=EDGE_CURVE('',#1912,#1912,#1808,.T.);
#2301=EDGE_CURVE('',#1913,#1913,#1809,.T.);
#2302=EDGE_CURVE('',#1913,#1914,#861,.T.);
#2303=EDGE_CURVE('',#1914,#1914,#1810,.T.);
#2304=EDGE_CURVE('',#1915,#1915,#1811,.T.);
#2305=EDGE_CURVE('',#1915,#1916,#862,.T.);
#2306=EDGE_CURVE('',#1916,#1916,#1812,.T.);
#2307=EDGE_CURVE('',#1917,#1917,#1813,.T.);
#2308=EDGE_CURVE('',#1917,#1918,#863,.T.);
#2309=EDGE_CURVE('',#1918,#1918,#1814,.T.);
#2310=EDGE_CURVE('',#1919,#1919,#1815,.T.);
#2311=EDGE_CURVE('',#1919,#1920,#864,.T.);
#2312=EDGE_CURVE('',#1920,#1920,#1816,.T.);
#2313=EDGE_CURVE('',#1921,#1921,#1817,.T.);
#2314=EDGE_CURVE('',#1921,#1922,#865,.T.);
#2315=EDGE_CURVE('',#1922,#1922,#1818,.T.);
#2316=EDGE_CURVE('',#1923,#1923,#1819,.T.);
#2317=EDGE_CURVE('',#1923,#1924,#866,.T.);
#2318=EDGE_CURVE('',#1924,#1924,#1820,.T.);
#2319=EDGE_CURVE('',#1925,#1925,#1821,.T.);
#2320=EDGE_CURVE('',#1925,#1926,#867,.T.);
#2321=EDGE_CURVE('',#1926,#1926,#1822,.T.);
#2322=EDGE_CURVE('',#1927,#1927,#1823,.T.);
#2323=EDGE_CURVE('',#1927,#1928,#868,.T.);
#2324=EDGE_CURVE('',#1928,#1928,#1824,.T.);
#2325=EDGE_CURVE('',#1929,#1930,#869,.T.);
#2326=EDGE_CURVE('',#1929,#1931,#870,.T.);
#2327=EDGE_CURVE('',#1932,#1931,#871,.T.);
#2328=EDGE_CURVE('',#1930,#1932,#872,.T.);
#2329=EDGE_CURVE('',#1930,#1933,#873,.T.);
#2330=EDGE_CURVE('',#1934,#1932,#874,.T.);
#2331=EDGE_CURVE('',#1933,#1934,#875,.T.);
#2332=EDGE_CURVE('',#1933,#1935,#876,.T.);
#2333=EDGE_CURVE('',#1936,#1934,#877,.T.);
#2334=EDGE_CURVE('',#1935,#1936,#878,.T.);
#2335=EDGE_CURVE('',#1935,#1937,#879,.T.);
#2336=EDGE_CURVE('',#1938,#1936,#880,.T.);
#2337=EDGE_CURVE('',#1937,#1938,#881,.T.);
#2338=EDGE_CURVE('',#1937,#1939,#882,.T.);
#2339=EDGE_CURVE('',#1940,#1938,#883,.T.);
#2340=EDGE_CURVE('',#1939,#1940,#884,.T.);
#2341=EDGE_CURVE('',#1939,#1941,#885,.T.);
#2342=EDGE_CURVE('',#1942,#1940,#886,.T.);
#2343=EDGE_CURVE('',#1941,#1942,#887,.T.);
#2344=EDGE_CURVE('',#1941,#1943,#888,.T.);
#2345=EDGE_CURVE('',#1944,#1942,#889,.T.);
#2346=EDGE_CURVE('',#1943,#1944,#890,.T.);
#2347=EDGE_CURVE('',#1943,#1945,#891,.T.);
#2348=EDGE_CURVE('',#1946,#1944,#892,.T.);
#2349=EDGE_CURVE('',#1945,#1946,#893,.T.);
#2350=EDGE_CURVE('',#1945,#1947,#894,.T.);
#2351=EDGE_CURVE('',#1948,#1946,#895,.T.);
#2352=EDGE_CURVE('',#1947,#1948,#896,.T.);
#2353=EDGE_CURVE('',#1947,#1949,#897,.T.);
#2354=EDGE_CURVE('',#1950,#1948,#898,.T.);
#2355=EDGE_CURVE('',#1949,#1950,#899,.T.);
#2356=EDGE_CURVE('',#1949,#1951,#900,.T.);
#2357=EDGE_CURVE('',#1952,#1950,#901,.T.);
#2358=EDGE_CURVE('',#1951,#1952,#902,.T.);
#2359=EDGE_CURVE('',#1951,#1953,#903,.T.);
#2360=EDGE_CURVE('',#1954,#1952,#904,.T.);
#2361=EDGE_CURVE('',#1953,#1954,#905,.T.);
#2362=EDGE_CURVE('',#1953,#1955,#906,.T.);
#2363=EDGE_CURVE('',#1956,#1954,#907,.T.);
#2364=EDGE_CURVE('',#1955,#1956,#908,.T.);
#2365=EDGE_CURVE('',#1955,#1957,#909,.T.);
#2366=EDGE_CURVE('',#1958,#1956,#910,.T.);
#2367=EDGE_CURVE('',#1957,#1958,#911,.T.);
#2368=EDGE_CURVE('',#1957,#1959,#912,.T.);
#2369=EDGE_CURVE('',#1960,#1958,#913,.T.);
#2370=EDGE_CURVE('',#1959,#1960,#914,.T.);
#2371=EDGE_CURVE('',#1959,#1929,#915,.T.);
#2372=EDGE_CURVE('',#1931,#1960,#916,.T.);
#2373=EDGE_CURVE('',#1961,#1961,#1825,.T.);
#2374=EDGE_CURVE('',#1961,#1962,#917,.T.);
#2375=EDGE_CURVE('',#1962,#1962,#1826,.T.);
#2376=EDGE_CURVE('',#1963,#1963,#1827,.T.);
#2377=EDGE_CURVE('',#1963,#1964,#918,.T.);
#2378=EDGE_CURVE('',#1964,#1964,#1828,.T.);
#2379=EDGE_CURVE('',#1965,#1965,#1829,.T.);
#2380=EDGE_CURVE('',#1965,#1966,#919,.T.);
#2381=EDGE_CURVE('',#1966,#1966,#1830,.T.);
#2382=EDGE_CURVE('',#1967,#1967,#1831,.T.);
#2383=EDGE_CURVE('',#1967,#1968,#920,.T.);
#2384=EDGE_CURVE('',#1968,#1968,#1832,.T.);
#2385=EDGE_CURVE('',#1969,#1969,#1833,.T.);
#2386=EDGE_CURVE('',#1969,#1970,#921,.T.);
#2387=EDGE_CURVE('',#1970,#1970,#1834,.T.);
#2388=EDGE_CURVE('',#1971,#1971,#1835,.T.);
#2389=EDGE_CURVE('',#1971,#1972,#922,.T.);
#2390=EDGE_CURVE('',#1972,#1972,#1836,.T.);
#2391=EDGE_CURVE('',#1973,#1973,#1837,.T.);
#2392=EDGE_CURVE('',#1973,#1974,#923,.T.);
#2393=EDGE_CURVE('',#1974,#1974,#1838,.T.);
#2394=EDGE_CURVE('',#1975,#1975,#1839,.T.);
#2395=EDGE_CURVE('',#1975,#1976,#924,.T.);
#2396=EDGE_CURVE('',#1976,#1976,#1840,.T.);
#2397=EDGE_CURVE('',#1977,#1977,#1841,.T.);
#2398=EDGE_CURVE('',#1977,#1978,#925,.T.);
#2399=EDGE_CURVE('',#1978,#1978,#1842,.T.);
#2400=EDGE_CURVE('',#1979,#1979,#1843,.T.);
#2401=EDGE_CURVE('',#1979,#1980,#926,.T.);
#2402=EDGE_CURVE('',#1980,#1980,#1844,.T.);
#2403=EDGE_CURVE('',#1981,#1981,#1845,.T.);
#2404=EDGE_CURVE('',#1981,#1982,#927,.T.);
#2405=EDGE_CURVE('',#1982,#1982,#1846,.T.);
#2406=EDGE_CURVE('',#1983,#1983,#1847,.T.);
#2407=EDGE_CURVE('',#1983,#1984,#928,.T.);
#2408=EDGE_CURVE('',#1984,#1984,#1848,.T.);
#2409=EDGE_CURVE('',#1985,#1986,#929,.T.);
#2410=EDGE_CURVE('',#1985,#1987,#930,.T.);
#2411=EDGE_CURVE('',#1988,#1987,#931,.T.);
#2412=EDGE_CURVE('',#1986,#1988,#932,.T.);
#2413=EDGE_CURVE('',#1986,#1989,#933,.T.);
#2414=EDGE_CURVE('',#1990,#1988,#934,.T.);
#2415=EDGE_CURVE('',#1989,#1990,#935,.T.);
#2416=EDGE_CURVE('',#1989,#1991,#936,.T.);
#2417=EDGE_CURVE('',#1992,#1990,#937,.T.);
#2418=EDGE_CURVE('',#1991,#1992,#938,.T.);
#2419=EDGE_CURVE('',#1991,#1993,#939,.T.);
#2420=EDGE_CURVE('',#1994,#1992,#940,.T.);
#2421=EDGE_CURVE('',#1993,#1994,#941,.T.);
#2422=EDGE_CURVE('',#1993,#1995,#942,.T.);
#2423=EDGE_CURVE('',#1996,#1994,#943,.T.);
#2424=EDGE_CURVE('',#1995,#1996,#944,.T.);
#2425=EDGE_CURVE('',#1995,#1997,#945,.T.);
#2426=EDGE_CURVE('',#1998,#1996,#946,.T.);
#2427=EDGE_CURVE('',#1997,#1998,#947,.T.);
#2428=EDGE_CURVE('',#1997,#1999,#948,.T.);
#2429=EDGE_CURVE('',#2000,#1998,#949,.T.);
#2430=EDGE_CURVE('',#1999,#2000,#950,.T.);
#2431=EDGE_CURVE('',#1999,#2001,#951,.T.);
#2432=EDGE_CURVE('',#2002,#2000,#952,.T.);
#2433=EDGE_CURVE('',#2001,#2002,#953,.T.);
#2434=EDGE_CURVE('',#2001,#2003,#954,.T.);
#2435=EDGE_CURVE('',#2004,#2002,#955,.T.);
#2436=EDGE_CURVE('',#2003,#2004,#956,.T.);
#2437=EDGE_CURVE('',#2003,#2005,#957,.T.);
#2438=EDGE_CURVE('',#2006,#2004,#958,.T.);
#2439=EDGE_CURVE('',#2005,#2006,#959,.T.);
#2440=EDGE_CURVE('',#2005,#2007,#960,.T.);
#2441=EDGE_CURVE('',#2008,#2006,#961,.T.);
#2442=EDGE_CURVE('',#2007,#2008,#962,.T.);
#2443=EDGE_CURVE('',#2007,#2009,#963,.T.);
#2444=EDGE_CURVE('',#2010,#2008,#964,.T.);
#2445=EDGE_CURVE('',#2009,#2010,#965,.T.);
#2446=EDGE_CURVE('',#2009,#2011,#966,.T.);
#2447=EDGE_CURVE('',#2012,#2010,#967,.T.);
#2448=EDGE_CURVE('',#2011,#2012,#968,.T.);
#2449=EDGE_CURVE('',#2011,#2013,#969,.T.);
#2450=EDGE_CURVE('',#2014,#2012,#970,.T.);
#2451=EDGE_CURVE('',#2013,#2014,#971,.T.);
#2452=EDGE_CURVE('',#2013,#2015,#972,.T.);
#2453=EDGE_CURVE('',#2016,#2014,#973,.T.);
#2454=EDGE_CURVE('',#2015,#2016,#974,.T.);
#2455=EDGE_CURVE('',#2015,#1985,#975,.T.);
#2456=EDGE_CURVE('',#1987,#2016,#976,.T.);
#2457=EDGE_CURVE('',#2017,#2017,#1849,.T.);
#2458=EDGE_CURVE('',#2017,#2018,#977,.T.);
#2459=EDGE_CURVE('',#2018,#2018,#1850,.T.);
#2460=EDGE_CURVE('',#2019,#2019,#1851,.T.);
#2461=EDGE_CURVE('',#2019,#2020,#978,.T.);
#2462=EDGE_CURVE('',#2020,#2020,#1852,.T.);
#2463=EDGE_CURVE('',#2021,#2021,#1853,.T.);
#2464=EDGE_CURVE('',#2021,#2022,#979,.T.);
#2465=EDGE_CURVE('',#2022,#2022,#1854,.T.);
#2466=EDGE_CURVE('',#2023,#2023,#1855,.T.);
#2467=EDGE_CURVE('',#2023,#2024,#980,.T.);
#2468=EDGE_CURVE('',#2024,#2024,#1856,.T.);
#2469=EDGE_CURVE('',#2025,#2025,#1857,.T.);
#2470=EDGE_CURVE('',#2025,#2026,#981,.T.);
#2471=EDGE_CURVE('',#2026,#2026,#1858,.T.);
#2472=EDGE_CURVE('',#2027,#2027,#1859,.T.);
#2473=EDGE_CURVE('',#2027,#2028,#982,.T.);
#2474=EDGE_CURVE('',#2028,#2028,#1860,.T.);
#2475=EDGE_CURVE('',#2029,#2029,#1861,.T.);
#2476=EDGE_CURVE('',#2029,#2030,#983,.T.);
#2477=EDGE_CURVE('',#2030,#2030,#1862,.T.);
#2478=EDGE_CURVE('',#2031,#2031,#1863,.T.);
#2479=EDGE_CURVE('',#2031,#2032,#984,.T.);
#2480=EDGE_CURVE('',#2032,#2032,#1864,.T.);
#2481=EDGE_CURVE('',#2033,#2033,#1865,.T.);
#2482=EDGE_CURVE('',#2033,#2034,#985,.T.);
#2483=EDGE_CURVE('',#2034,#2034,#1866,.T.);
#2484=EDGE_CURVE('',#2035,#2035,#1867,.T.);
#2485=EDGE_CURVE('',#2035,#2036,#986,.T.);
#2486=EDGE_CURVE('',#2036,#2036,#1868,.T.);
#2487=EDGE_CURVE('',#2037,#2037,#1869,.T.);
#2488=EDGE_CURVE('',#2037,#2038,#987,.T.);
#2489=EDGE_CURVE('',#2038,#2038,#1870,.T.);
#2490=EDGE_CURVE('',#2039,#2039,#1871,.T.);
#2491=EDGE_CURVE('',#2039,#2040,#988,.T.);
#2492=EDGE_CURVE('',#2040,#2040,#1872,.T.);
#2493=EDGE_CURVE('',#2041,#2042,#989,.T.);
#2494=EDGE_CURVE('',#2042,#2043,#990,.T.);
#2495=EDGE_CURVE('',#2044,#2043,#991,.T.);
#2496=EDGE_CURVE('',#2041,#2044,#992,.T.);
#2497=EDGE_CURVE('',#2045,#2041,#993,.T.);
#2498=EDGE_CURVE('',#2046,#2044,#994,.T.);
#2499=EDGE_CURVE('',#2045,#2046,#995,.T.);
#2500=EDGE_CURVE('',#2047,#2045,#996,.T.);
#2501=EDGE_CURVE('',#2048,#2046,#997,.T.);
#2502=EDGE_CURVE('',#2047,#2048,#998,.T.);
#2503=EDGE_CURVE('',#2049,#2047,#999,.T.);
#2504=EDGE_CURVE('',#2050,#2048,#1000,.T.);
#2505=EDGE_CURVE('',#2049,#2050,#1001,.T.);
#2506=EDGE_CURVE('',#2051,#2049,#1002,.T.);
#2507=EDGE_CURVE('',#2052,#2050,#1003,.T.);
#2508=EDGE_CURVE('',#2051,#2052,#1004,.T.);
#2509=EDGE_CURVE('',#2053,#2051,#1005,.T.);
#2510=EDGE_CURVE('',#2054,#2052,#1006,.T.);
#2511=EDGE_CURVE('',#2053,#2054,#1007,.T.);
#2512=EDGE_CURVE('',#2055,#2053,#1008,.T.);
#2513=EDGE_CURVE('',#2056,#2054,#1009,.T.);
#2514=EDGE_CURVE('',#2055,#2056,#1010,.T.);
#2515=EDGE_CURVE('',#2057,#2055,#1011,.T.);
#2516=EDGE_CURVE('',#2058,#2056,#1012,.T.);
#2517=EDGE_CURVE('',#2057,#2058,#1013,.T.);
#2518=EDGE_CURVE('',#2059,#2057,#1014,.T.);
#2519=EDGE_CURVE('',#2060,#2058,#1015,.T.);
#2520=EDGE_CURVE('',#2059,#2060,#1016,.T.);
#2521=EDGE_CURVE('',#2061,#2059,#1017,.T.);
#2522=EDGE_CURVE('',#2062,#2060,#1018,.T.);
#2523=EDGE_CURVE('',#2061,#2062,#1019,.T.);
#2524=EDGE_CURVE('',#2063,#2061,#1020,.T.);
#2525=EDGE_CURVE('',#2064,#2062,#1021,.T.);
#2526=EDGE_CURVE('',#2063,#2064,#1022,.T.);
#2527=EDGE_CURVE('',#2065,#2063,#1023,.T.);
#2528=EDGE_CURVE('',#2066,#2064,#1024,.T.);
#2529=EDGE_CURVE('',#2065,#2066,#1025,.T.);
#2530=EDGE_CURVE('',#2067,#2065,#1026,.T.);
#2531=EDGE_CURVE('',#2068,#2066,#1027,.T.);
#2532=EDGE_CURVE('',#2067,#2068,#1028,.T.);
#2533=EDGE_CURVE('',#2069,#2067,#1029,.T.);
#2534=EDGE_CURVE('',#2070,#2068,#1030,.T.);
#2535=EDGE_CURVE('',#2069,#2070,#1031,.T.);
#2536=EDGE_CURVE('',#2071,#2069,#1032,.T.);
#2537=EDGE_CURVE('',#2072,#2070,#1033,.T.);
#2538=EDGE_CURVE('',#2071,#2072,#1034,.T.);
#2539=EDGE_CURVE('',#2042,#2071,#1035,.T.);
#2540=EDGE_CURVE('',#2043,#2072,#1036,.T.);
#2541=EDGE_CURVE('',#2073,#2073,#1873,.T.);
#2542=EDGE_CURVE('',#2073,#2074,#1037,.T.);
#2543=EDGE_CURVE('',#2074,#2074,#1874,.T.);
#2544=EDGE_CURVE('',#2075,#2075,#1875,.T.);
#2545=EDGE_CURVE('',#2075,#2076,#1038,.T.);
#2546=EDGE_CURVE('',#2076,#2076,#1876,.T.);
#2547=EDGE_CURVE('',#2077,#2077,#1877,.T.);
#2548=EDGE_CURVE('',#2077,#2078,#1039,.T.);
#2549=EDGE_CURVE('',#2078,#2078,#1878,.T.);
#2550=EDGE_CURVE('',#2079,#2079,#1879,.T.);
#2551=EDGE_CURVE('',#2079,#2080,#1040,.T.);
#2552=EDGE_CURVE('',#2080,#2080,#1880,.T.);
#2553=EDGE_CURVE('',#2081,#2081,#1881,.T.);
#2554=EDGE_CURVE('',#2081,#2082,#1041,.T.);
#2555=EDGE_CURVE('',#2082,#2082,#1882,.T.);
#2556=EDGE_CURVE('',#2083,#2083,#1883,.T.);
#2557=EDGE_CURVE('',#2083,#2084,#1042,.T.);
#2558=EDGE_CURVE('',#2084,#2084,#1884,.T.);
#2559=EDGE_CURVE('',#2085,#2085,#1885,.T.);
#2560=EDGE_CURVE('',#2085,#2086,#1043,.T.);
#2561=EDGE_CURVE('',#2086,#2086,#1886,.T.);
#2562=EDGE_CURVE('',#2087,#2087,#1887,.T.);
#2563=EDGE_CURVE('',#2087,#2088,#1044,.T.);
#2564=EDGE_CURVE('',#2088,#2088,#1888,.T.);
#2565=EDGE_CURVE('',#2089,#2089,#1889,.T.);
#2566=EDGE_CURVE('',#2089,#2090,#1045,.T.);
#2567=EDGE_CURVE('',#2090,#2090,#1890,.T.);
#2568=EDGE_CURVE('',#2091,#2091,#1891,.T.);
#2569=EDGE_CURVE('',#2091,#2092,#1046,.T.);
#2570=EDGE_CURVE('',#2092,#2092,#1892,.T.);
#2571=EDGE_CURVE('',#2093,#2093,#1893,.T.);
#2572=EDGE_CURVE('',#2093,#2094,#1047,.T.);
#2573=EDGE_CURVE('',#2094,#2094,#1894,.T.);
#2574=EDGE_CURVE('',#2095,#2095,#1895,.T.);
#2575=EDGE_CURVE('',#2095,#2096,#1048,.T.);
#2576=EDGE_CURVE('',#2096,#2096,#1896,.T.);
#2577=EDGE_CURVE('',#2097,#2098,#1049,.T.);
#2578=EDGE_CURVE('',#2098,#2099,#1050,.T.);
#2579=EDGE_CURVE('',#2100,#2099,#1051,.T.);
#2580=EDGE_CURVE('',#2097,#2100,#1052,.T.);
#2581=EDGE_CURVE('',#2101,#2097,#1053,.T.);
#2582=EDGE_CURVE('',#2102,#2100,#1054,.T.);
#2583=EDGE_CURVE('',#2101,#2102,#1055,.T.);
#2584=EDGE_CURVE('',#2103,#2101,#1056,.T.);
#2585=EDGE_CURVE('',#2104,#2102,#1057,.T.);
#2586=EDGE_CURVE('',#2103,#2104,#1058,.T.);
#2587=EDGE_CURVE('',#2105,#2103,#1059,.T.);
#2588=EDGE_CURVE('',#2106,#2104,#1060,.T.);
#2589=EDGE_CURVE('',#2105,#2106,#1061,.T.);
#2590=EDGE_CURVE('',#2107,#2105,#1062,.T.);
#2591=EDGE_CURVE('',#2108,#2106,#1063,.T.);
#2592=EDGE_CURVE('',#2107,#2108,#1064,.T.);
#2593=EDGE_CURVE('',#2109,#2107,#1065,.T.);
#2594=EDGE_CURVE('',#2110,#2108,#1066,.T.);
#2595=EDGE_CURVE('',#2109,#2110,#1067,.T.);
#2596=EDGE_CURVE('',#2111,#2109,#1068,.T.);
#2597=EDGE_CURVE('',#2112,#2110,#1069,.T.);
#2598=EDGE_CURVE('',#2111,#2112,#1070,.T.);
#2599=EDGE_CURVE('',#2113,#2111,#1071,.T.);
#2600=EDGE_CURVE('',#2114,#2112,#1072,.T.);
#2601=EDGE_CURVE('',#2113,#2114,#1073,.T.);
#2602=EDGE_CURVE('',#2115,#2113,#1074,.T.);
#2603=EDGE_CURVE('',#2116,#2114,#1075,.T.);
#2604=EDGE_CURVE('',#2115,#2116,#1076,.T.);
#2605=EDGE_CURVE('',#2117,#2115,#1077,.T.);
#2606=EDGE_CURVE('',#2118,#2116,#1078,.T.);
#2607=EDGE_CURVE('',#2117,#2118,#1079,.T.);
#2608=EDGE_CURVE('',#2119,#2117,#1080,.T.);
#2609=EDGE_CURVE('',#2120,#2118,#1081,.T.);
#2610=EDGE_CURVE('',#2119,#2120,#1082,.T.);
#2611=EDGE_CURVE('',#2121,#2119,#1083,.T.);
#2612=EDGE_CURVE('',#2122,#2120,#1084,.T.);
#2613=EDGE_CURVE('',#2121,#2122,#1085,.T.);
#2614=EDGE_CURVE('',#2123,#2121,#1086,.T.);
#2615=EDGE_CURVE('',#2124,#2122,#1087,.T.);
#2616=EDGE_CURVE('',#2123,#2124,#1088,.T.);
#2617=EDGE_CURVE('',#2125,#2123,#1089,.T.);
#2618=EDGE_CURVE('',#2126,#2124,#1090,.T.);
#2619=EDGE_CURVE('',#2125,#2126,#1091,.T.);
#2620=EDGE_CURVE('',#2127,#2125,#1092,.T.);
#2621=EDGE_CURVE('',#2128,#2126,#1093,.T.);
#2622=EDGE_CURVE('',#2127,#2128,#1094,.T.);
#2623=EDGE_CURVE('',#2098,#2127,#1095,.T.);
#2624=EDGE_CURVE('',#2099,#2128,#1096,.T.);
#2625=EDGE_CURVE('',#2129,#2129,#1897,.T.);
#2626=EDGE_CURVE('',#2129,#2130,#1097,.T.);
#2627=EDGE_CURVE('',#2130,#2130,#1898,.T.);
#2628=EDGE_CURVE('',#2131,#2131,#1899,.T.);
#2629=EDGE_CURVE('',#2131,#2132,#1098,.T.);
#2630=EDGE_CURVE('',#2132,#2132,#1900,.T.);
#2631=EDGE_CURVE('',#2133,#2133,#1901,.T.);
#2632=EDGE_CURVE('',#2133,#2134,#1099,.T.);
#2633=EDGE_CURVE('',#2134,#2134,#1902,.T.);
#2634=EDGE_CURVE('',#2135,#2135,#1903,.T.);
#2635=EDGE_CURVE('',#2135,#2136,#1100,.T.);
#2636=EDGE_CURVE('',#2136,#2136,#1904,.T.);
#2637=EDGE_CURVE('',#2137,#2138,#1101,.T.);
#2638=EDGE_CURVE('',#2138,#2139,#1102,.T.);
#2639=EDGE_CURVE('',#2140,#2139,#1103,.T.);
#2640=EDGE_CURVE('',#2137,#2140,#1104,.T.);
#2641=EDGE_CURVE('',#2141,#2137,#1105,.T.);
#2642=EDGE_CURVE('',#2142,#2140,#1106,.T.);
#2643=EDGE_CURVE('',#2141,#2142,#1107,.T.);
#2644=EDGE_CURVE('',#2143,#2141,#1108,.T.);
#2645=EDGE_CURVE('',#2144,#2142,#1109,.T.);
#2646=EDGE_CURVE('',#2143,#2144,#1110,.T.);
#2647=EDGE_CURVE('',#2138,#2143,#1111,.T.);
#2648=EDGE_CURVE('',#2139,#2144,#1112,.T.);
#2649=EDGE_CURVE('',#2145,#2146,#1113,.T.);
#2650=EDGE_CURVE('',#2146,#2147,#1114,.T.);
#2651=EDGE_CURVE('',#2148,#2147,#1115,.T.);
#2652=EDGE_CURVE('',#2145,#2148,#1116,.T.);
#2653=EDGE_CURVE('',#2149,#2145,#1117,.T.);
#2654=EDGE_CURVE('',#2150,#2148,#1118,.T.);
#2655=EDGE_CURVE('',#2149,#2150,#1119,.T.);
#2656=EDGE_CURVE('',#2151,#2149,#1120,.T.);
#2657=EDGE_CURVE('',#2152,#2150,#1121,.T.);
#2658=EDGE_CURVE('',#2151,#2152,#1122,.T.);
#2659=EDGE_CURVE('',#2146,#2151,#1123,.T.);
#2660=EDGE_CURVE('',#2147,#2152,#1124,.T.);
#2661=EDGE_CURVE('',#2153,#2154,#1125,.T.);
#2662=EDGE_CURVE('',#2154,#2155,#1126,.T.);
#2663=EDGE_CURVE('',#2156,#2155,#1127,.T.);
#2664=EDGE_CURVE('',#2153,#2156,#1128,.T.);
#2665=EDGE_CURVE('',#2157,#2153,#1129,.T.);
#2666=EDGE_CURVE('',#2158,#2156,#1130,.T.);
#2667=EDGE_CURVE('',#2157,#2158,#1131,.T.);
#2668=EDGE_CURVE('',#2159,#2157,#1132,.T.);
#2669=EDGE_CURVE('',#2160,#2158,#1133,.T.);
#2670=EDGE_CURVE('',#2159,#2160,#1134,.T.);
#2671=EDGE_CURVE('',#2154,#2159,#1135,.T.);
#2672=EDGE_CURVE('',#2155,#2160,#1136,.T.);
#2673=EDGE_CURVE('',#2161,#2162,#1137,.T.);
#2674=EDGE_CURVE('',#2161,#2163,#1138,.T.);
#2675=EDGE_CURVE('',#2164,#2163,#1139,.T.);
#2676=EDGE_CURVE('',#2162,#2164,#1140,.T.);
#2677=EDGE_CURVE('',#2162,#2165,#1141,.T.);
#2678=EDGE_CURVE('',#2166,#2164,#1142,.T.);
#2679=EDGE_CURVE('',#2165,#2166,#1143,.T.);
#2680=EDGE_CURVE('',#2165,#2167,#1144,.T.);
#2681=EDGE_CURVE('',#2168,#2166,#1145,.T.);
#2682=EDGE_CURVE('',#2167,#2168,#1146,.T.);
#2683=EDGE_CURVE('',#2167,#2161,#1147,.T.);
#2684=EDGE_CURVE('',#2163,#2168,#1148,.T.);
#2685=EDGE_CURVE('',#2169,#2170,#1149,.T.);
#2686=EDGE_CURVE('',#2169,#2171,#1150,.T.);
#2687=EDGE_CURVE('',#2172,#2171,#1151,.T.);
#2688=EDGE_CURVE('',#2170,#2172,#1152,.T.);
#2689=EDGE_CURVE('',#2170,#2173,#1153,.T.);
#2690=EDGE_CURVE('',#2174,#2172,#1154,.T.);
#2691=EDGE_CURVE('',#2173,#2174,#1155,.T.);
#2692=EDGE_CURVE('',#2173,#2175,#1156,.T.);
#2693=EDGE_CURVE('',#2176,#2174,#1157,.T.);
#2694=EDGE_CURVE('',#2175,#2176,#1158,.T.);
#2695=EDGE_CURVE('',#2175,#2177,#1159,.T.);
#2696=EDGE_CURVE('',#2178,#2176,#1160,.T.);
#2697=EDGE_CURVE('',#2177,#2178,#1161,.T.);
#2698=EDGE_CURVE('',#2177,#2179,#1162,.T.);
#2699=EDGE_CURVE('',#2180,#2178,#1163,.T.);
#2700=EDGE_CURVE('',#2179,#2180,#1164,.T.);
#2701=EDGE_CURVE('',#2179,#2181,#1165,.T.);
#2702=EDGE_CURVE('',#2182,#2180,#1166,.T.);
#2703=EDGE_CURVE('',#2181,#2182,#1167,.T.);
#2704=EDGE_CURVE('',#2181,#2183,#1168,.T.);
#2705=EDGE_CURVE('',#2184,#2182,#1169,.T.);
#2706=EDGE_CURVE('',#2183,#2184,#1170,.T.);
#2707=EDGE_CURVE('',#2183,#2185,#1171,.T.);
#2708=EDGE_CURVE('',#2186,#2184,#1172,.T.);
#2709=EDGE_CURVE('',#2185,#2186,#1173,.T.);
#2710=EDGE_CURVE('',#2185,#2187,#1174,.T.);
#2711=EDGE_CURVE('',#2188,#2186,#1175,.T.);
#2712=EDGE_CURVE('',#2187,#2188,#1176,.T.);
#2713=EDGE_CURVE('',#2187,#2189,#1177,.T.);
#2714=EDGE_CURVE('',#2190,#2188,#1178,.T.);
#2715=EDGE_CURVE('',#2189,#2190,#1179,.T.);
#2716=EDGE_CURVE('',#2189,#2191,#1180,.T.);
#2717=EDGE_CURVE('',#2192,#2190,#1181,.T.);
#2718=EDGE_CURVE('',#2191,#2192,#1182,.T.);
#2719=EDGE_CURVE('',#2191,#2193,#1183,.T.);
#2720=EDGE_CURVE('',#2194,#2192,#1184,.T.);
#2721=EDGE_CURVE('',#2193,#2194,#1185,.T.);
#2722=EDGE_CURVE('',#2195,#2193,#1186,.T.);
#2723=EDGE_CURVE('',#2196,#2194,#1187,.T.);
#2724=EDGE_CURVE('',#2195,#2196,#1188,.T.);
#2725=EDGE_CURVE('',#2195,#2197,#1189,.T.);
#2726=EDGE_CURVE('',#2198,#2196,#1190,.T.);
#2727=EDGE_CURVE('',#2197,#2198,#1191,.T.);
#2728=EDGE_CURVE('',#2197,#2199,#1192,.T.);
#2729=EDGE_CURVE('',#2200,#2198,#1193,.T.);
#2730=EDGE_CURVE('',#2199,#2200,#1194,.T.);
#2731=EDGE_CURVE('',#2199,#2201,#1195,.T.);
#2732=EDGE_CURVE('',#2202,#2200,#1196,.T.);
#2733=EDGE_CURVE('',#2201,#2202,#1197,.T.);
#2734=EDGE_CURVE('',#2203,#2201,#1198,.T.);
#2735=EDGE_CURVE('',#2204,#2202,#1199,.T.);
#2736=EDGE_CURVE('',#2203,#2204,#1200,.T.);
#2737=EDGE_CURVE('',#2205,#2203,#1201,.T.);
#2738=EDGE_CURVE('',#2206,#2204,#1202,.T.);
#2739=EDGE_CURVE('',#2205,#2206,#1203,.T.);
#2740=EDGE_CURVE('',#2207,#2205,#1204,.T.);
#2741=EDGE_CURVE('',#2208,#2206,#1205,.T.);
#2742=EDGE_CURVE('',#2207,#2208,#1206,.T.);
#2743=EDGE_CURVE('',#2209,#2207,#1207,.T.);
#2744=EDGE_CURVE('',#2210,#2208,#1208,.T.);
#2745=EDGE_CURVE('',#2209,#2210,#1209,.T.);
#2746=EDGE_CURVE('',#2211,#2209,#1210,.T.);
#2747=EDGE_CURVE('',#2212,#2210,#1211,.T.);
#2748=EDGE_CURVE('',#2211,#2212,#1212,.T.);
#2749=EDGE_CURVE('',#2213,#2211,#1213,.T.);
#2750=EDGE_CURVE('',#2214,#2212,#1214,.T.);
#2751=EDGE_CURVE('',#2213,#2214,#1215,.T.);
#2752=EDGE_CURVE('',#2215,#2213,#1216,.T.);
#2753=EDGE_CURVE('',#2216,#2214,#1217,.T.);
#2754=EDGE_CURVE('',#2215,#2216,#1218,.T.);
#2755=EDGE_CURVE('',#2217,#2215,#1219,.T.);
#2756=EDGE_CURVE('',#2218,#2216,#1220,.T.);
#2757=EDGE_CURVE('',#2217,#2218,#1221,.T.);
#2758=EDGE_CURVE('',#2219,#2217,#1222,.T.);
#2759=EDGE_CURVE('',#2220,#2218,#1223,.T.);
#2760=EDGE_CURVE('',#2219,#2220,#1224,.T.);
#2761=EDGE_CURVE('',#2221,#2219,#1225,.T.);
#2762=EDGE_CURVE('',#2222,#2220,#1226,.T.);
#2763=EDGE_CURVE('',#2221,#2222,#1227,.T.);
#2764=EDGE_CURVE('',#2223,#2221,#1228,.T.);
#2765=EDGE_CURVE('',#2224,#2222,#1229,.T.);
#2766=EDGE_CURVE('',#2223,#2224,#1230,.T.);
#2767=EDGE_CURVE('',#2225,#2223,#1231,.T.);
#2768=EDGE_CURVE('',#2226,#2224,#1232,.T.);
#2769=EDGE_CURVE('',#2225,#2226,#1233,.T.);
#2770=EDGE_CURVE('',#2227,#2225,#1234,.T.);
#2771=EDGE_CURVE('',#2228,#2226,#1235,.T.);
#2772=EDGE_CURVE('',#2227,#2228,#1236,.T.);
#2773=EDGE_CURVE('',#2229,#2227,#1237,.T.);
#2774=EDGE_CURVE('',#2230,#2228,#1238,.T.);
#2775=EDGE_CURVE('',#2229,#2230,#1239,.T.);
#2776=EDGE_CURVE('',#2229,#2231,#1240,.T.);
#2777=EDGE_CURVE('',#2232,#2230,#1241,.T.);
#2778=EDGE_CURVE('',#2231,#2232,#1242,.T.);
#2779=EDGE_CURVE('',#2231,#2233,#1243,.T.);
#2780=EDGE_CURVE('',#2234,#2232,#1244,.T.);
#2781=EDGE_CURVE('',#2233,#2234,#1245,.T.);
#2782=EDGE_CURVE('',#2233,#2235,#1246,.T.);
#2783=EDGE_CURVE('',#2236,#2234,#1247,.T.);
#2784=EDGE_CURVE('',#2235,#2236,#1248,.T.);
#2785=EDGE_CURVE('',#2235,#2237,#1249,.T.);
#2786=EDGE_CURVE('',#2238,#2236,#1250,.T.);
#2787=EDGE_CURVE('',#2237,#2238,#1251,.T.);
#2788=EDGE_CURVE('',#2237,#2239,#1252,.T.);
#2789=EDGE_CURVE('',#2240,#2238,#1253,.T.);
#2790=EDGE_CURVE('',#2239,#2240,#1254,.T.);
#2791=EDGE_CURVE('',#2239,#2241,#1255,.T.);
#2792=EDGE_CURVE('',#2242,#2240,#1256,.T.);
#2793=EDGE_CURVE('',#2241,#2242,#1257,.T.);
#2794=EDGE_CURVE('',#2241,#2243,#1258,.T.);
#2795=EDGE_CURVE('',#2244,#2242,#1259,.T.);
#2796=EDGE_CURVE('',#2243,#2244,#1260,.T.);
#2797=EDGE_CURVE('',#2243,#2245,#1261,.T.);
#2798=EDGE_CURVE('',#2246,#2244,#1262,.T.);
#2799=EDGE_CURVE('',#2245,#2246,#1263,.T.);
#2800=EDGE_CURVE('',#2245,#2247,#1264,.T.);
#2801=EDGE_CURVE('',#2248,#2246,#1265,.T.);
#2802=EDGE_CURVE('',#2247,#2248,#1266,.T.);
#2803=EDGE_CURVE('',#2247,#2249,#1267,.T.);
#2804=EDGE_CURVE('',#2250,#2248,#1268,.T.);
#2805=EDGE_CURVE('',#2249,#2250,#1269,.T.);
#2806=EDGE_CURVE('',#2249,#2251,#1270,.T.);
#2807=EDGE_CURVE('',#2252,#2250,#1271,.T.);
#2808=EDGE_CURVE('',#2251,#2252,#1272,.T.);
#2809=EDGE_CURVE('',#2251,#2253,#1273,.T.);
#2810=EDGE_CURVE('',#2254,#2252,#1274,.T.);
#2811=EDGE_CURVE('',#2253,#2254,#1275,.T.);
#2812=EDGE_CURVE('',#2253,#2255,#1276,.T.);
#2813=EDGE_CURVE('',#2256,#2254,#1277,.T.);
#2814=EDGE_CURVE('',#2255,#2256,#1278,.T.);
#2815=EDGE_CURVE('',#2255,#2257,#1279,.T.);
#2816=EDGE_CURVE('',#2258,#2256,#1280,.T.);
#2817=EDGE_CURVE('',#2257,#2258,#1281,.T.);
#2818=EDGE_CURVE('',#2257,#2259,#1282,.T.);
#2819=EDGE_CURVE('',#2260,#2258,#1283,.T.);
#2820=EDGE_CURVE('',#2259,#2260,#1284,.T.);
#2821=EDGE_CURVE('',#2259,#2261,#1285,.T.);
#2822=EDGE_CURVE('',#2262,#2260,#1286,.T.);
#2823=EDGE_CURVE('',#2261,#2262,#1287,.T.);
#2824=EDGE_CURVE('',#2263,#2261,#1288,.T.);
#2825=EDGE_CURVE('',#2264,#2262,#1289,.T.);
#2826=EDGE_CURVE('',#2263,#2264,#1290,.T.);
#2827=EDGE_CURVE('',#2265,#2263,#1291,.T.);
#2828=EDGE_CURVE('',#2266,#2264,#1292,.T.);
#2829=EDGE_CURVE('',#2265,#2266,#1293,.T.);
#2830=EDGE_CURVE('',#2267,#2265,#1294,.T.);
#2831=EDGE_CURVE('',#2268,#2266,#1295,.T.);
#2832=EDGE_CURVE('',#2267,#2268,#1296,.T.);
#2833=EDGE_CURVE('',#2269,#2267,#1297,.T.);
#2834=EDGE_CURVE('',#2270,#2268,#1298,.T.);
#2835=EDGE_CURVE('',#2269,#2270,#1299,.T.);
#2836=EDGE_CURVE('',#2271,#2269,#1300,.T.);
#2837=EDGE_CURVE('',#2272,#2270,#1301,.T.);
#2838=EDGE_CURVE('',#2271,#2272,#1302,.T.);
#2839=EDGE_CURVE('',#2273,#2271,#1303,.T.);
#2840=EDGE_CURVE('',#2274,#2272,#1304,.T.);
#2841=EDGE_CURVE('',#2273,#2274,#1305,.T.);
#2842=EDGE_CURVE('',#2275,#2273,#1306,.T.);
#2843=EDGE_CURVE('',#2276,#2274,#1307,.T.);
#2844=EDGE_CURVE('',#2275,#2276,#1308,.T.);
#2845=EDGE_CURVE('',#2277,#2275,#1309,.T.);
#2846=EDGE_CURVE('',#2278,#2276,#1310,.T.);
#2847=EDGE_CURVE('',#2277,#2278,#1311,.T.);
#2848=EDGE_CURVE('',#2279,#2277,#1312,.T.);
#2849=EDGE_CURVE('',#2280,#2278,#1313,.T.);
#2850=EDGE_CURVE('',#2279,#2280,#1314,.T.);
#2851=EDGE_CURVE('',#2281,#2279,#1315,.T.);
#2852=EDGE_CURVE('',#2282,#2280,#1316,.T.);
#2853=EDGE_CURVE('',#2281,#2282,#1317,.T.);
#2854=EDGE_CURVE('',#2283,#2281,#1318,.T.);
#2855=EDGE_CURVE('',#2284,#2282,#1319,.T.);
#2856=EDGE_CURVE('',#2283,#2284,#1320,.T.);
#2857=EDGE_CURVE('',#2285,#2283,#1321,.T.);
#2858=EDGE_CURVE('',#2286,#2284,#1322,.T.);
#2859=EDGE_CURVE('',#2285,#2286,#1323,.T.);
#2860=EDGE_CURVE('',#2287,#2285,#1324,.T.);
#2861=EDGE_CURVE('',#2288,#2286,#1325,.T.);
#2862=EDGE_CURVE('',#2287,#2288,#1326,.T.);
#2863=EDGE_CURVE('',#2169,#2287,#1327,.T.);
#2864=EDGE_CURVE('',#2171,#2288,#1328,.T.);
#2865=ORIENTED_EDGE('',*,*,#2289,.F.);
#2866=ORIENTED_EDGE('',*,*,#2290,.T.);
#2867=ORIENTED_EDGE('',*,*,#2291,.T.);
#2868=ORIENTED_EDGE('',*,*,#2290,.F.);
#2869=ORIENTED_EDGE('',*,*,#2292,.F.);
#2870=ORIENTED_EDGE('',*,*,#2293,.T.);
#2871=ORIENTED_EDGE('',*,*,#2294,.F.);
#2872=ORIENTED_EDGE('',*,*,#2293,.F.);
#2873=ORIENTED_EDGE('',*,*,#2291,.F.);
#2874=ORIENTED_EDGE('',*,*,#2295,.F.);
#2875=ORIENTED_EDGE('',*,*,#2296,.T.);
#2876=ORIENTED_EDGE('',*,*,#2297,.T.);
#2877=ORIENTED_EDGE('',*,*,#2296,.F.);
#2878=ORIENTED_EDGE('',*,*,#2298,.F.);
#2879=ORIENTED_EDGE('',*,*,#2299,.T.);
#2880=ORIENTED_EDGE('',*,*,#2300,.F.);
#2881=ORIENTED_EDGE('',*,*,#2299,.F.);
#2882=ORIENTED_EDGE('',*,*,#2297,.F.);
#2883=ORIENTED_EDGE('',*,*,#2301,.F.);
#2884=ORIENTED_EDGE('',*,*,#2302,.T.);
#2885=ORIENTED_EDGE('',*,*,#2303,.T.);
#2886=ORIENTED_EDGE('',*,*,#2302,.F.);
#2887=ORIENTED_EDGE('',*,*,#2304,.F.);
#2888=ORIENTED_EDGE('',*,*,#2305,.T.);
#2889=ORIENTED_EDGE('',*,*,#2306,.F.);
#2890=ORIENTED_EDGE('',*,*,#2305,.F.);
#2891=ORIENTED_EDGE('',*,*,#2303,.F.);
#2892=ORIENTED_EDGE('',*,*,#2307,.F.);
#2893=ORIENTED_EDGE('',*,*,#2308,.T.);
#2894=ORIENTED_EDGE('',*,*,#2309,.T.);
#2895=ORIENTED_EDGE('',*,*,#2308,.F.);
#2896=ORIENTED_EDGE('',*,*,#2310,.F.);
#2897=ORIENTED_EDGE('',*,*,#2311,.T.);
#2898=ORIENTED_EDGE('',*,*,#2312,.F.);
#2899=ORIENTED_EDGE('',*,*,#2311,.F.);
#2900=ORIENTED_EDGE('',*,*,#2309,.F.);
#2901=ORIENTED_EDGE('',*,*,#2313,.F.);
#2902=ORIENTED_EDGE('',*,*,#2314,.T.);
#2903=ORIENTED_EDGE('',*,*,#2315,.T.);
#2904=ORIENTED_EDGE('',*,*,#2314,.F.);
#2905=ORIENTED_EDGE('',*,*,#2316,.F.);
#2906=ORIENTED_EDGE('',*,*,#2317,.T.);
#2907=ORIENTED_EDGE('',*,*,#2318,.F.);
#2908=ORIENTED_EDGE('',*,*,#2317,.F.);
#2909=ORIENTED_EDGE('',*,*,#2315,.F.);
#2910=ORIENTED_EDGE('',*,*,#2319,.F.);
#2911=ORIENTED_EDGE('',*,*,#2320,.T.);
#2912=ORIENTED_EDGE('',*,*,#2321,.T.);
#2913=ORIENTED_EDGE('',*,*,#2320,.F.);
#2914=ORIENTED_EDGE('',*,*,#2322,.F.);
#2915=ORIENTED_EDGE('',*,*,#2323,.T.);
#2916=ORIENTED_EDGE('',*,*,#2324,.F.);
#2917=ORIENTED_EDGE('',*,*,#2323,.F.);
#2918=ORIENTED_EDGE('',*,*,#2321,.F.);
#2919=ORIENTED_EDGE('',*,*,#2325,.F.);
#2920=ORIENTED_EDGE('',*,*,#2326,.T.);
#2921=ORIENTED_EDGE('',*,*,#2327,.F.);
#2922=ORIENTED_EDGE('',*,*,#2328,.F.);
#2923=ORIENTED_EDGE('',*,*,#2329,.F.);
#2924=ORIENTED_EDGE('',*,*,#2328,.T.);
#2925=ORIENTED_EDGE('',*,*,#2330,.F.);
#2926=ORIENTED_EDGE('',*,*,#2331,.F.);
#2927=ORIENTED_EDGE('',*,*,#2294,.T.);
#2928=ORIENTED_EDGE('',*,*,#2300,.T.);
#2929=ORIENTED_EDGE('',*,*,#2306,.T.);
#2930=ORIENTED_EDGE('',*,*,#2332,.F.);
#2931=ORIENTED_EDGE('',*,*,#2331,.T.);
#2932=ORIENTED_EDGE('',*,*,#2333,.F.);
#2933=ORIENTED_EDGE('',*,*,#2334,.F.);
#2934=ORIENTED_EDGE('',*,*,#2335,.F.);
#2935=ORIENTED_EDGE('',*,*,#2334,.T.);
#2936=ORIENTED_EDGE('',*,*,#2336,.F.);
#2937=ORIENTED_EDGE('',*,*,#2337,.F.);
#2938=ORIENTED_EDGE('',*,*,#2292,.T.);
#2939=ORIENTED_EDGE('',*,*,#2298,.T.);
#2940=ORIENTED_EDGE('',*,*,#2304,.T.);
#2941=ORIENTED_EDGE('',*,*,#2338,.F.);
#2942=ORIENTED_EDGE('',*,*,#2337,.T.);
#2943=ORIENTED_EDGE('',*,*,#2339,.F.);
#2944=ORIENTED_EDGE('',*,*,#2340,.F.);
#2945=ORIENTED_EDGE('',*,*,#2310,.T.);
#2946=ORIENTED_EDGE('',*,*,#2316,.T.);
#2947=ORIENTED_EDGE('',*,*,#2322,.T.);
#2948=ORIENTED_EDGE('',*,*,#2341,.F.);
#2949=ORIENTED_EDGE('',*,*,#2340,.T.);
#2950=ORIENTED_EDGE('',*,*,#2342,.F.);
#2951=ORIENTED_EDGE('',*,*,#2343,.F.);
#2952=ORIENTED_EDGE('',*,*,#2344,.F.);
#2953=ORIENTED_EDGE('',*,*,#2343,.T.);
#2954=ORIENTED_EDGE('',*,*,#2345,.F.);
#2955=ORIENTED_EDGE('',*,*,#2346,.F.);
#2956=ORIENTED_EDGE('',*,*,#2312,.T.);
#2957=ORIENTED_EDGE('',*,*,#2318,.T.);
#2958=ORIENTED_EDGE('',*,*,#2324,.T.);
#2959=ORIENTED_EDGE('',*,*,#2347,.F.);
#2960=ORIENTED_EDGE('',*,*,#2346,.T.);
#2961=ORIENTED_EDGE('',*,*,#2348,.F.);
#2962=ORIENTED_EDGE('',*,*,#2349,.F.);
#2963=ORIENTED_EDGE('',*,*,#2350,.F.);
#2964=ORIENTED_EDGE('',*,*,#2349,.T.);
#2965=ORIENTED_EDGE('',*,*,#2351,.F.);
#2966=ORIENTED_EDGE('',*,*,#2352,.F.);
#2967=ORIENTED_EDGE('',*,*,#2307,.T.);
#2968=ORIENTED_EDGE('',*,*,#2313,.T.);
#2969=ORIENTED_EDGE('',*,*,#2319,.T.);
#2970=ORIENTED_EDGE('',*,*,#2353,.F.);
#2971=ORIENTED_EDGE('',*,*,#2352,.T.);
#2972=ORIENTED_EDGE('',*,*,#2354,.F.);
#2973=ORIENTED_EDGE('',*,*,#2355,.F.);
#2974=ORIENTED_EDGE('',*,*,#2356,.F.);
#2975=ORIENTED_EDGE('',*,*,#2355,.T.);
#2976=ORIENTED_EDGE('',*,*,#2357,.F.);
#2977=ORIENTED_EDGE('',*,*,#2358,.F.);
#2978=ORIENTED_EDGE('',*,*,#2359,.F.);
#2979=ORIENTED_EDGE('',*,*,#2358,.T.);
#2980=ORIENTED_EDGE('',*,*,#2360,.F.);
#2981=ORIENTED_EDGE('',*,*,#2361,.F.);
#2982=ORIENTED_EDGE('',*,*,#2362,.F.);
#2983=ORIENTED_EDGE('',*,*,#2361,.T.);
#2984=ORIENTED_EDGE('',*,*,#2363,.F.);
#2985=ORIENTED_EDGE('',*,*,#2364,.F.);
#2986=ORIENTED_EDGE('',*,*,#2365,.F.);
#2987=ORIENTED_EDGE('',*,*,#2364,.T.);
#2988=ORIENTED_EDGE('',*,*,#2366,.F.);
#2989=ORIENTED_EDGE('',*,*,#2367,.F.);
#2990=ORIENTED_EDGE('',*,*,#2368,.F.);
#2991=ORIENTED_EDGE('',*,*,#2367,.T.);
#2992=ORIENTED_EDGE('',*,*,#2369,.F.);
#2993=ORIENTED_EDGE('',*,*,#2370,.F.);
#2994=ORIENTED_EDGE('',*,*,#2371,.F.);
#2995=ORIENTED_EDGE('',*,*,#2370,.T.);
#2996=ORIENTED_EDGE('',*,*,#2372,.F.);
#2997=ORIENTED_EDGE('',*,*,#2326,.F.);
#2998=ORIENTED_EDGE('',*,*,#2289,.T.);
#2999=ORIENTED_EDGE('',*,*,#2295,.T.);
#3000=ORIENTED_EDGE('',*,*,#2301,.T.);
#3001=ORIENTED_EDGE('',*,*,#2372,.T.);
#3002=ORIENTED_EDGE('',*,*,#2369,.T.);
#3003=ORIENTED_EDGE('',*,*,#2366,.T.);
#3004=ORIENTED_EDGE('',*,*,#2363,.T.);
#3005=ORIENTED_EDGE('',*,*,#2360,.T.);
#3006=ORIENTED_EDGE('',*,*,#2357,.T.);
#3007=ORIENTED_EDGE('',*,*,#2354,.T.);
#3008=ORIENTED_EDGE('',*,*,#2351,.T.);
#3009=ORIENTED_EDGE('',*,*,#2348,.T.);
#3010=ORIENTED_EDGE('',*,*,#2345,.T.);
#3011=ORIENTED_EDGE('',*,*,#2342,.T.);
#3012=ORIENTED_EDGE('',*,*,#2339,.T.);
#3013=ORIENTED_EDGE('',*,*,#2336,.T.);
#3014=ORIENTED_EDGE('',*,*,#2333,.T.);
#3015=ORIENTED_EDGE('',*,*,#2330,.T.);
#3016=ORIENTED_EDGE('',*,*,#2327,.T.);
#3017=ORIENTED_EDGE('',*,*,#2371,.T.);
#3018=ORIENTED_EDGE('',*,*,#2325,.T.);
#3019=ORIENTED_EDGE('',*,*,#2329,.T.);
#3020=ORIENTED_EDGE('',*,*,#2332,.T.);
#3021=ORIENTED_EDGE('',*,*,#2335,.T.);
#3022=ORIENTED_EDGE('',*,*,#2338,.T.);
#3023=ORIENTED_EDGE('',*,*,#2341,.T.);
#3024=ORIENTED_EDGE('',*,*,#2344,.T.);
#3025=ORIENTED_EDGE('',*,*,#2347,.T.);
#3026=ORIENTED_EDGE('',*,*,#2350,.T.);
#3027=ORIENTED_EDGE('',*,*,#2353,.T.);
#3028=ORIENTED_EDGE('',*,*,#2356,.T.);
#3029=ORIENTED_EDGE('',*,*,#2359,.T.);
#3030=ORIENTED_EDGE('',*,*,#2362,.T.);
#3031=ORIENTED_EDGE('',*,*,#2365,.T.);
#3032=ORIENTED_EDGE('',*,*,#2368,.T.);
#3033=ORIENTED_EDGE('',*,*,#2373,.F.);
#3034=ORIENTED_EDGE('',*,*,#2374,.T.);
#3035=ORIENTED_EDGE('',*,*,#2375,.T.);
#3036=ORIENTED_EDGE('',*,*,#2374,.F.);
#3037=ORIENTED_EDGE('',*,*,#2376,.F.);
#3038=ORIENTED_EDGE('',*,*,#2377,.T.);
#3039=ORIENTED_EDGE('',*,*,#2378,.F.);
#3040=ORIENTED_EDGE('',*,*,#2377,.F.);
#3041=ORIENTED_EDGE('',*,*,#2375,.F.);
#3042=ORIENTED_EDGE('',*,*,#2379,.F.);
#3043=ORIENTED_EDGE('',*,*,#2380,.T.);
#3044=ORIENTED_EDGE('',*,*,#2381,.T.);
#3045=ORIENTED_EDGE('',*,*,#2380,.F.);
#3046=ORIENTED_EDGE('',*,*,#2382,.F.);
#3047=ORIENTED_EDGE('',*,*,#2383,.T.);
#3048=ORIENTED_EDGE('',*,*,#2384,.F.);
#3049=ORIENTED_EDGE('',*,*,#2383,.F.);
#3050=ORIENTED_EDGE('',*,*,#2381,.F.);
#3051=ORIENTED_EDGE('',*,*,#2385,.F.);
#3052=ORIENTED_EDGE('',*,*,#2386,.T.);
#3053=ORIENTED_EDGE('',*,*,#2387,.T.);
#3054=ORIENTED_EDGE('',*,*,#2386,.F.);
#3055=ORIENTED_EDGE('',*,*,#2388,.F.);
#3056=ORIENTED_EDGE('',*,*,#2389,.T.);
#3057=ORIENTED_EDGE('',*,*,#2390,.F.);
#3058=ORIENTED_EDGE('',*,*,#2389,.F.);
#3059=ORIENTED_EDGE('',*,*,#2387,.F.);
#3060=ORIENTED_EDGE('',*,*,#2391,.F.);
#3061=ORIENTED_EDGE('',*,*,#2392,.T.);
#3062=ORIENTED_EDGE('',*,*,#2393,.T.);
#3063=ORIENTED_EDGE('',*,*,#2392,.F.);
#3064=ORIENTED_EDGE('',*,*,#2394,.F.);
#3065=ORIENTED_EDGE('',*,*,#2395,.T.);
#3066=ORIENTED_EDGE('',*,*,#2396,.F.);
#3067=ORIENTED_EDGE('',*,*,#2395,.F.);
#3068=ORIENTED_EDGE('',*,*,#2393,.F.);
#3069=ORIENTED_EDGE('',*,*,#2397,.F.);
#3070=ORIENTED_EDGE('',*,*,#2398,.T.);
#3071=ORIENTED_EDGE('',*,*,#2399,.T.);
#3072=ORIENTED_EDGE('',*,*,#2398,.F.);
#3073=ORIENTED_EDGE('',*,*,#2400,.F.);
#3074=ORIENTED_EDGE('',*,*,#2401,.T.);
#3075=ORIENTED_EDGE('',*,*,#2402,.F.);
#3076=ORIENTED_EDGE('',*,*,#2401,.F.);
#3077=ORIENTED_EDGE('',*,*,#2399,.F.);
#3078=ORIENTED_EDGE('',*,*,#2403,.F.);
#3079=ORIENTED_EDGE('',*,*,#2404,.T.);
#3080=ORIENTED_EDGE('',*,*,#2405,.T.);
#3081=ORIENTED_EDGE('',*,*,#2404,.F.);
#3082=ORIENTED_EDGE('',*,*,#2406,.F.);
#3083=ORIENTED_EDGE('',*,*,#2407,.T.);
#3084=ORIENTED_EDGE('',*,*,#2408,.F.);
#3085=ORIENTED_EDGE('',*,*,#2407,.F.);
#3086=ORIENTED_EDGE('',*,*,#2405,.F.);
#3087=ORIENTED_EDGE('',*,*,#2409,.F.);
#3088=ORIENTED_EDGE('',*,*,#2410,.T.);
#3089=ORIENTED_EDGE('',*,*,#2411,.F.);
#3090=ORIENTED_EDGE('',*,*,#2412,.F.);
#3091=ORIENTED_EDGE('',*,*,#2413,.F.);
#3092=ORIENTED_EDGE('',*,*,#2412,.T.);
#3093=ORIENTED_EDGE('',*,*,#2414,.F.);
#3094=ORIENTED_EDGE('',*,*,#2415,.F.);
#3095=ORIENTED_EDGE('',*,*,#2396,.T.);
#3096=ORIENTED_EDGE('',*,*,#2402,.T.);
#3097=ORIENTED_EDGE('',*,*,#2408,.T.);
#3098=ORIENTED_EDGE('',*,*,#2416,.F.);
#3099=ORIENTED_EDGE('',*,*,#2415,.T.);
#3100=ORIENTED_EDGE('',*,*,#2417,.F.);
#3101=ORIENTED_EDGE('',*,*,#2418,.F.);
#3102=ORIENTED_EDGE('',*,*,#2419,.F.);
#3103=ORIENTED_EDGE('',*,*,#2418,.T.);
#3104=ORIENTED_EDGE('',*,*,#2420,.F.);
#3105=ORIENTED_EDGE('',*,*,#2421,.F.);
#3106=ORIENTED_EDGE('',*,*,#2394,.T.);
#3107=ORIENTED_EDGE('',*,*,#2400,.T.);
#3108=ORIENTED_EDGE('',*,*,#2406,.T.);
#3109=ORIENTED_EDGE('',*,*,#2422,.F.);
#3110=ORIENTED_EDGE('',*,*,#2421,.T.);
#3111=ORIENTED_EDGE('',*,*,#2423,.F.);
#3112=ORIENTED_EDGE('',*,*,#2424,.F.);
#3113=ORIENTED_EDGE('',*,*,#2376,.T.);
#3114=ORIENTED_EDGE('',*,*,#2382,.T.);
#3115=ORIENTED_EDGE('',*,*,#2388,.T.);
#3116=ORIENTED_EDGE('',*,*,#2425,.F.);
#3117=ORIENTED_EDGE('',*,*,#2424,.T.);
#3118=ORIENTED_EDGE('',*,*,#2426,.F.);
#3119=ORIENTED_EDGE('',*,*,#2427,.F.);
#3120=ORIENTED_EDGE('',*,*,#2428,.F.);
#3121=ORIENTED_EDGE('',*,*,#2427,.T.);
#3122=ORIENTED_EDGE('',*,*,#2429,.F.);
#3123=ORIENTED_EDGE('',*,*,#2430,.F.);
#3124=ORIENTED_EDGE('',*,*,#2378,.T.);
#3125=ORIENTED_EDGE('',*,*,#2384,.T.);
#3126=ORIENTED_EDGE('',*,*,#2390,.T.);
#3127=ORIENTED_EDGE('',*,*,#2431,.F.);
#3128=ORIENTED_EDGE('',*,*,#2430,.T.);
#3129=ORIENTED_EDGE('',*,*,#2432,.F.);
#3130=ORIENTED_EDGE('',*,*,#2433,.F.);
#3131=ORIENTED_EDGE('',*,*,#2434,.F.);
#3132=ORIENTED_EDGE('',*,*,#2433,.T.);
#3133=ORIENTED_EDGE('',*,*,#2435,.F.);
#3134=ORIENTED_EDGE('',*,*,#2436,.F.);
#3135=ORIENTED_EDGE('',*,*,#2373,.T.);
#3136=ORIENTED_EDGE('',*,*,#2379,.T.);
#3137=ORIENTED_EDGE('',*,*,#2385,.T.);
#3138=ORIENTED_EDGE('',*,*,#2437,.F.);
#3139=ORIENTED_EDGE('',*,*,#2436,.T.);
#3140=ORIENTED_EDGE('',*,*,#2438,.F.);
#3141=ORIENTED_EDGE('',*,*,#2439,.F.);
#3142=ORIENTED_EDGE('',*,*,#2440,.F.);
#3143=ORIENTED_EDGE('',*,*,#2439,.T.);
#3144=ORIENTED_EDGE('',*,*,#2441,.F.);
#3145=ORIENTED_EDGE('',*,*,#2442,.F.);
#3146=ORIENTED_EDGE('',*,*,#2443,.F.);
#3147=ORIENTED_EDGE('',*,*,#2442,.T.);
#3148=ORIENTED_EDGE('',*,*,#2444,.F.);
#3149=ORIENTED_EDGE('',*,*,#2445,.F.);
#3150=ORIENTED_EDGE('',*,*,#2446,.F.);
#3151=ORIENTED_EDGE('',*,*,#2445,.T.);
#3152=ORIENTED_EDGE('',*,*,#2447,.F.);
#3153=ORIENTED_EDGE('',*,*,#2448,.F.);
#3154=ORIENTED_EDGE('',*,*,#2449,.F.);
#3155=ORIENTED_EDGE('',*,*,#2448,.T.);
#3156=ORIENTED_EDGE('',*,*,#2450,.F.);
#3157=ORIENTED_EDGE('',*,*,#2451,.F.);
#3158=ORIENTED_EDGE('',*,*,#2452,.F.);
#3159=ORIENTED_EDGE('',*,*,#2451,.T.);
#3160=ORIENTED_EDGE('',*,*,#2453,.F.);
#3161=ORIENTED_EDGE('',*,*,#2454,.F.);
#3162=ORIENTED_EDGE('',*,*,#2455,.F.);
#3163=ORIENTED_EDGE('',*,*,#2454,.T.);
#3164=ORIENTED_EDGE('',*,*,#2456,.F.);
#3165=ORIENTED_EDGE('',*,*,#2410,.F.);
#3166=ORIENTED_EDGE('',*,*,#2391,.T.);
#3167=ORIENTED_EDGE('',*,*,#2397,.T.);
#3168=ORIENTED_EDGE('',*,*,#2403,.T.);
#3169=ORIENTED_EDGE('',*,*,#2456,.T.);
#3170=ORIENTED_EDGE('',*,*,#2453,.T.);
#3171=ORIENTED_EDGE('',*,*,#2450,.T.);
#3172=ORIENTED_EDGE('',*,*,#2447,.T.);
#3173=ORIENTED_EDGE('',*,*,#2444,.T.);
#3174=ORIENTED_EDGE('',*,*,#2441,.T.);
#3175=ORIENTED_EDGE('',*,*,#2438,.T.);
#3176=ORIENTED_EDGE('',*,*,#2435,.T.);
#3177=ORIENTED_EDGE('',*,*,#2432,.T.);
#3178=ORIENTED_EDGE('',*,*,#2429,.T.);
#3179=ORIENTED_EDGE('',*,*,#2426,.T.);
#3180=ORIENTED_EDGE('',*,*,#2423,.T.);
#3181=ORIENTED_EDGE('',*,*,#2420,.T.);
#3182=ORIENTED_EDGE('',*,*,#2417,.T.);
#3183=ORIENTED_EDGE('',*,*,#2414,.T.);
#3184=ORIENTED_EDGE('',*,*,#2411,.T.);
#3185=ORIENTED_EDGE('',*,*,#2455,.T.);
#3186=ORIENTED_EDGE('',*,*,#2409,.T.);
#3187=ORIENTED_EDGE('',*,*,#2413,.T.);
#3188=ORIENTED_EDGE('',*,*,#2416,.T.);
#3189=ORIENTED_EDGE('',*,*,#2419,.T.);
#3190=ORIENTED_EDGE('',*,*,#2422,.T.);
#3191=ORIENTED_EDGE('',*,*,#2425,.T.);
#3192=ORIENTED_EDGE('',*,*,#2428,.T.);
#3193=ORIENTED_EDGE('',*,*,#2431,.T.);
#3194=ORIENTED_EDGE('',*,*,#2434,.T.);
#3195=ORIENTED_EDGE('',*,*,#2437,.T.);
#3196=ORIENTED_EDGE('',*,*,#2440,.T.);
#3197=ORIENTED_EDGE('',*,*,#2443,.T.);
#3198=ORIENTED_EDGE('',*,*,#2446,.T.);
#3199=ORIENTED_EDGE('',*,*,#2449,.T.);
#3200=ORIENTED_EDGE('',*,*,#2452,.T.);
#3201=ORIENTED_EDGE('',*,*,#2457,.F.);
#3202=ORIENTED_EDGE('',*,*,#2458,.T.);
#3203=ORIENTED_EDGE('',*,*,#2459,.F.);
#3204=ORIENTED_EDGE('',*,*,#2458,.F.);
#3205=ORIENTED_EDGE('',*,*,#2460,.F.);
#3206=ORIENTED_EDGE('',*,*,#2461,.T.);
#3207=ORIENTED_EDGE('',*,*,#2462,.T.);
#3208=ORIENTED_EDGE('',*,*,#2461,.F.);
#3209=ORIENTED_EDGE('',*,*,#2462,.F.);
#3210=ORIENTED_EDGE('',*,*,#2463,.F.);
#3211=ORIENTED_EDGE('',*,*,#2464,.T.);
#3212=ORIENTED_EDGE('',*,*,#2465,.F.);
#3213=ORIENTED_EDGE('',*,*,#2464,.F.);
#3214=ORIENTED_EDGE('',*,*,#2466,.F.);
#3215=ORIENTED_EDGE('',*,*,#2467,.T.);
#3216=ORIENTED_EDGE('',*,*,#2468,.T.);
#3217=ORIENTED_EDGE('',*,*,#2467,.F.);
#3218=ORIENTED_EDGE('',*,*,#2468,.F.);
#3219=ORIENTED_EDGE('',*,*,#2469,.F.);
#3220=ORIENTED_EDGE('',*,*,#2470,.T.);
#3221=ORIENTED_EDGE('',*,*,#2471,.F.);
#3222=ORIENTED_EDGE('',*,*,#2470,.F.);
#3223=ORIENTED_EDGE('',*,*,#2472,.F.);
#3224=ORIENTED_EDGE('',*,*,#2473,.T.);
#3225=ORIENTED_EDGE('',*,*,#2474,.T.);
#3226=ORIENTED_EDGE('',*,*,#2473,.F.);
#3227=ORIENTED_EDGE('',*,*,#2474,.F.);
#3228=ORIENTED_EDGE('',*,*,#2475,.F.);
#3229=ORIENTED_EDGE('',*,*,#2476,.T.);
#3230=ORIENTED_EDGE('',*,*,#2477,.T.);
#3231=ORIENTED_EDGE('',*,*,#2476,.F.);
#3232=ORIENTED_EDGE('',*,*,#2478,.F.);
#3233=ORIENTED_EDGE('',*,*,#2479,.T.);
#3234=ORIENTED_EDGE('',*,*,#2480,.F.);
#3235=ORIENTED_EDGE('',*,*,#2479,.F.);
#3236=ORIENTED_EDGE('',*,*,#2477,.F.);
#3237=ORIENTED_EDGE('',*,*,#2481,.F.);
#3238=ORIENTED_EDGE('',*,*,#2482,.T.);
#3239=ORIENTED_EDGE('',*,*,#2483,.T.);
#3240=ORIENTED_EDGE('',*,*,#2482,.F.);
#3241=ORIENTED_EDGE('',*,*,#2484,.F.);
#3242=ORIENTED_EDGE('',*,*,#2485,.T.);
#3243=ORIENTED_EDGE('',*,*,#2486,.F.);
#3244=ORIENTED_EDGE('',*,*,#2485,.F.);
#3245=ORIENTED_EDGE('',*,*,#2483,.F.);
#3246=ORIENTED_EDGE('',*,*,#2487,.F.);
#3247=ORIENTED_EDGE('',*,*,#2488,.T.);
#3248=ORIENTED_EDGE('',*,*,#2489,.T.);
#3249=ORIENTED_EDGE('',*,*,#2488,.F.);
#3250=ORIENTED_EDGE('',*,*,#2490,.F.);
#3251=ORIENTED_EDGE('',*,*,#2491,.T.);
#3252=ORIENTED_EDGE('',*,*,#2492,.F.);
#3253=ORIENTED_EDGE('',*,*,#2491,.F.);
#3254=ORIENTED_EDGE('',*,*,#2489,.F.);
#3255=ORIENTED_EDGE('',*,*,#2493,.T.);
#3256=ORIENTED_EDGE('',*,*,#2494,.T.);
#3257=ORIENTED_EDGE('',*,*,#2495,.F.);
#3258=ORIENTED_EDGE('',*,*,#2496,.F.);
#3259=ORIENTED_EDGE('',*,*,#2497,.T.);
#3260=ORIENTED_EDGE('',*,*,#2496,.T.);
#3261=ORIENTED_EDGE('',*,*,#2498,.F.);
#3262=ORIENTED_EDGE('',*,*,#2499,.F.);
#3263=ORIENTED_EDGE('',*,*,#2500,.T.);
#3264=ORIENTED_EDGE('',*,*,#2499,.T.);
#3265=ORIENTED_EDGE('',*,*,#2501,.F.);
#3266=ORIENTED_EDGE('',*,*,#2502,.F.);
#3267=ORIENTED_EDGE('',*,*,#2460,.T.);
#3268=ORIENTED_EDGE('',*,*,#2466,.T.);
#3269=ORIENTED_EDGE('',*,*,#2472,.T.);
#3270=ORIENTED_EDGE('',*,*,#2503,.T.);
#3271=ORIENTED_EDGE('',*,*,#2502,.T.);
#3272=ORIENTED_EDGE('',*,*,#2504,.F.);
#3273=ORIENTED_EDGE('',*,*,#2505,.F.);
#3274=ORIENTED_EDGE('',*,*,#2506,.T.);
#3275=ORIENTED_EDGE('',*,*,#2505,.T.);
#3276=ORIENTED_EDGE('',*,*,#2507,.F.);
#3277=ORIENTED_EDGE('',*,*,#2508,.F.);
#3278=ORIENTED_EDGE('',*,*,#2459,.T.);
#3279=ORIENTED_EDGE('',*,*,#2465,.T.);
#3280=ORIENTED_EDGE('',*,*,#2471,.T.);
#3281=ORIENTED_EDGE('',*,*,#2509,.T.);
#3282=ORIENTED_EDGE('',*,*,#2508,.T.);
#3283=ORIENTED_EDGE('',*,*,#2510,.F.);
#3284=ORIENTED_EDGE('',*,*,#2511,.F.);
#3285=ORIENTED_EDGE('',*,*,#2512,.T.);
#3286=ORIENTED_EDGE('',*,*,#2511,.T.);
#3287=ORIENTED_EDGE('',*,*,#2513,.F.);
#3288=ORIENTED_EDGE('',*,*,#2514,.F.);
#3289=ORIENTED_EDGE('',*,*,#2457,.T.);
#3290=ORIENTED_EDGE('',*,*,#2463,.T.);
#3291=ORIENTED_EDGE('',*,*,#2469,.T.);
#3292=ORIENTED_EDGE('',*,*,#2515,.T.);
#3293=ORIENTED_EDGE('',*,*,#2514,.T.);
#3294=ORIENTED_EDGE('',*,*,#2516,.F.);
#3295=ORIENTED_EDGE('',*,*,#2517,.F.);
#3296=ORIENTED_EDGE('',*,*,#2478,.T.);
#3297=ORIENTED_EDGE('',*,*,#2484,.T.);
#3298=ORIENTED_EDGE('',*,*,#2490,.T.);
#3299=ORIENTED_EDGE('',*,*,#2518,.T.);
#3300=ORIENTED_EDGE('',*,*,#2517,.T.);
#3301=ORIENTED_EDGE('',*,*,#2519,.F.);
#3302=ORIENTED_EDGE('',*,*,#2520,.F.);
#3303=ORIENTED_EDGE('',*,*,#2521,.T.);
#3304=ORIENTED_EDGE('',*,*,#2520,.T.);
#3305=ORIENTED_EDGE('',*,*,#2522,.F.);
#3306=ORIENTED_EDGE('',*,*,#2523,.F.);
#3307=ORIENTED_EDGE('',*,*,#2480,.T.);
#3308=ORIENTED_EDGE('',*,*,#2486,.T.);
#3309=ORIENTED_EDGE('',*,*,#2492,.T.);
#3310=ORIENTED_EDGE('',*,*,#2524,.T.);
#3311=ORIENTED_EDGE('',*,*,#2523,.T.);
#3312=ORIENTED_EDGE('',*,*,#2525,.F.);
#3313=ORIENTED_EDGE('',*,*,#2526,.F.);
#3314=ORIENTED_EDGE('',*,*,#2527,.T.);
#3315=ORIENTED_EDGE('',*,*,#2526,.T.);
#3316=ORIENTED_EDGE('',*,*,#2528,.F.);
#3317=ORIENTED_EDGE('',*,*,#2529,.F.);
#3318=ORIENTED_EDGE('',*,*,#2475,.T.);
#3319=ORIENTED_EDGE('',*,*,#2481,.T.);
#3320=ORIENTED_EDGE('',*,*,#2487,.T.);
#3321=ORIENTED_EDGE('',*,*,#2530,.T.);
#3322=ORIENTED_EDGE('',*,*,#2529,.T.);
#3323=ORIENTED_EDGE('',*,*,#2531,.F.);
#3324=ORIENTED_EDGE('',*,*,#2532,.F.);
#3325=ORIENTED_EDGE('',*,*,#2533,.T.);
#3326=ORIENTED_EDGE('',*,*,#2532,.T.);
#3327=ORIENTED_EDGE('',*,*,#2534,.F.);
#3328=ORIENTED_EDGE('',*,*,#2535,.F.);
#3329=ORIENTED_EDGE('',*,*,#2536,.T.);
#3330=ORIENTED_EDGE('',*,*,#2535,.T.);
#3331=ORIENTED_EDGE('',*,*,#2537,.F.);
#3332=ORIENTED_EDGE('',*,*,#2538,.F.);
#3333=ORIENTED_EDGE('',*,*,#2539,.T.);
#3334=ORIENTED_EDGE('',*,*,#2538,.T.);
#3335=ORIENTED_EDGE('',*,*,#2540,.F.);
#3336=ORIENTED_EDGE('',*,*,#2494,.F.);
#3337=ORIENTED_EDGE('',*,*,#2540,.T.);
#3338=ORIENTED_EDGE('',*,*,#2537,.T.);
#3339=ORIENTED_EDGE('',*,*,#2534,.T.);
#3340=ORIENTED_EDGE('',*,*,#2531,.T.);
#3341=ORIENTED_EDGE('',*,*,#2528,.T.);
#3342=ORIENTED_EDGE('',*,*,#2525,.T.);
#3343=ORIENTED_EDGE('',*,*,#2522,.T.);
#3344=ORIENTED_EDGE('',*,*,#2519,.T.);
#3345=ORIENTED_EDGE('',*,*,#2516,.T.);
#3346=ORIENTED_EDGE('',*,*,#2513,.T.);
#3347=ORIENTED_EDGE('',*,*,#2510,.T.);
#3348=ORIENTED_EDGE('',*,*,#2507,.T.);
#3349=ORIENTED_EDGE('',*,*,#2504,.T.);
#3350=ORIENTED_EDGE('',*,*,#2501,.T.);
#3351=ORIENTED_EDGE('',*,*,#2498,.T.);
#3352=ORIENTED_EDGE('',*,*,#2495,.T.);
#3353=ORIENTED_EDGE('',*,*,#2539,.F.);
#3354=ORIENTED_EDGE('',*,*,#2493,.F.);
#3355=ORIENTED_EDGE('',*,*,#2497,.F.);
#3356=ORIENTED_EDGE('',*,*,#2500,.F.);
#3357=ORIENTED_EDGE('',*,*,#2503,.F.);
#3358=ORIENTED_EDGE('',*,*,#2506,.F.);
#3359=ORIENTED_EDGE('',*,*,#2509,.F.);
#3360=ORIENTED_EDGE('',*,*,#2512,.F.);
#3361=ORIENTED_EDGE('',*,*,#2515,.F.);
#3362=ORIENTED_EDGE('',*,*,#2518,.F.);
#3363=ORIENTED_EDGE('',*,*,#2521,.F.);
#3364=ORIENTED_EDGE('',*,*,#2524,.F.);
#3365=ORIENTED_EDGE('',*,*,#2527,.F.);
#3366=ORIENTED_EDGE('',*,*,#2530,.F.);
#3367=ORIENTED_EDGE('',*,*,#2533,.F.);
#3368=ORIENTED_EDGE('',*,*,#2536,.F.);
#3369=ORIENTED_EDGE('',*,*,#2541,.F.);
#3370=ORIENTED_EDGE('',*,*,#2542,.T.);
#3371=ORIENTED_EDGE('',*,*,#2543,.F.);
#3372=ORIENTED_EDGE('',*,*,#2542,.F.);
#3373=ORIENTED_EDGE('',*,*,#2544,.F.);
#3374=ORIENTED_EDGE('',*,*,#2545,.T.);
#3375=ORIENTED_EDGE('',*,*,#2546,.T.);
#3376=ORIENTED_EDGE('',*,*,#2545,.F.);
#3377=ORIENTED_EDGE('',*,*,#2546,.F.);
#3378=ORIENTED_EDGE('',*,*,#2547,.F.);
#3379=ORIENTED_EDGE('',*,*,#2548,.T.);
#3380=ORIENTED_EDGE('',*,*,#2549,.F.);
#3381=ORIENTED_EDGE('',*,*,#2548,.F.);
#3382=ORIENTED_EDGE('',*,*,#2550,.F.);
#3383=ORIENTED_EDGE('',*,*,#2551,.T.);
#3384=ORIENTED_EDGE('',*,*,#2552,.T.);
#3385=ORIENTED_EDGE('',*,*,#2551,.F.);
#3386=ORIENTED_EDGE('',*,*,#2552,.F.);
#3387=ORIENTED_EDGE('',*,*,#2553,.F.);
#3388=ORIENTED_EDGE('',*,*,#2554,.T.);
#3389=ORIENTED_EDGE('',*,*,#2555,.F.);
#3390=ORIENTED_EDGE('',*,*,#2554,.F.);
#3391=ORIENTED_EDGE('',*,*,#2556,.F.);
#3392=ORIENTED_EDGE('',*,*,#2557,.T.);
#3393=ORIENTED_EDGE('',*,*,#2558,.T.);
#3394=ORIENTED_EDGE('',*,*,#2557,.F.);
#3395=ORIENTED_EDGE('',*,*,#2558,.F.);
#3396=ORIENTED_EDGE('',*,*,#2559,.F.);
#3397=ORIENTED_EDGE('',*,*,#2560,.T.);
#3398=ORIENTED_EDGE('',*,*,#2561,.F.);
#3399=ORIENTED_EDGE('',*,*,#2560,.F.);
#3400=ORIENTED_EDGE('',*,*,#2562,.F.);
#3401=ORIENTED_EDGE('',*,*,#2563,.T.);
#3402=ORIENTED_EDGE('',*,*,#2564,.T.);
#3403=ORIENTED_EDGE('',*,*,#2563,.F.);
#3404=ORIENTED_EDGE('',*,*,#2564,.F.);
#3405=ORIENTED_EDGE('',*,*,#2565,.F.);
#3406=ORIENTED_EDGE('',*,*,#2566,.T.);
#3407=ORIENTED_EDGE('',*,*,#2567,.F.);
#3408=ORIENTED_EDGE('',*,*,#2566,.F.);
#3409=ORIENTED_EDGE('',*,*,#2568,.F.);
#3410=ORIENTED_EDGE('',*,*,#2569,.T.);
#3411=ORIENTED_EDGE('',*,*,#2570,.T.);
#3412=ORIENTED_EDGE('',*,*,#2569,.F.);
#3413=ORIENTED_EDGE('',*,*,#2570,.F.);
#3414=ORIENTED_EDGE('',*,*,#2571,.F.);
#3415=ORIENTED_EDGE('',*,*,#2572,.T.);
#3416=ORIENTED_EDGE('',*,*,#2573,.F.);
#3417=ORIENTED_EDGE('',*,*,#2572,.F.);
#3418=ORIENTED_EDGE('',*,*,#2574,.F.);
#3419=ORIENTED_EDGE('',*,*,#2575,.T.);
#3420=ORIENTED_EDGE('',*,*,#2576,.T.);
#3421=ORIENTED_EDGE('',*,*,#2575,.F.);
#3422=ORIENTED_EDGE('',*,*,#2576,.F.);
#3423=ORIENTED_EDGE('',*,*,#2577,.T.);
#3424=ORIENTED_EDGE('',*,*,#2578,.T.);
#3425=ORIENTED_EDGE('',*,*,#2579,.F.);
#3426=ORIENTED_EDGE('',*,*,#2580,.F.);
#3427=ORIENTED_EDGE('',*,*,#2544,.T.);
#3428=ORIENTED_EDGE('',*,*,#2550,.T.);
#3429=ORIENTED_EDGE('',*,*,#2556,.T.);
#3430=ORIENTED_EDGE('',*,*,#2581,.T.);
#3431=ORIENTED_EDGE('',*,*,#2580,.T.);
#3432=ORIENTED_EDGE('',*,*,#2582,.F.);
#3433=ORIENTED_EDGE('',*,*,#2583,.F.);
#3434=ORIENTED_EDGE('',*,*,#2584,.T.);
#3435=ORIENTED_EDGE('',*,*,#2583,.T.);
#3436=ORIENTED_EDGE('',*,*,#2585,.F.);
#3437=ORIENTED_EDGE('',*,*,#2586,.F.);
#3438=ORIENTED_EDGE('',*,*,#2587,.T.);
#3439=ORIENTED_EDGE('',*,*,#2586,.T.);
#3440=ORIENTED_EDGE('',*,*,#2588,.F.);
#3441=ORIENTED_EDGE('',*,*,#2589,.F.);
#3442=ORIENTED_EDGE('',*,*,#2590,.T.);
#3443=ORIENTED_EDGE('',*,*,#2589,.T.);
#3444=ORIENTED_EDGE('',*,*,#2591,.F.);
#3445=ORIENTED_EDGE('',*,*,#2592,.F.);
#3446=ORIENTED_EDGE('',*,*,#2593,.T.);
#3447=ORIENTED_EDGE('',*,*,#2592,.T.);
#3448=ORIENTED_EDGE('',*,*,#2594,.F.);
#3449=ORIENTED_EDGE('',*,*,#2595,.F.);
#3450=ORIENTED_EDGE('',*,*,#2596,.T.);
#3451=ORIENTED_EDGE('',*,*,#2595,.T.);
#3452=ORIENTED_EDGE('',*,*,#2597,.F.);
#3453=ORIENTED_EDGE('',*,*,#2598,.F.);
#3454=ORIENTED_EDGE('',*,*,#2599,.T.);
#3455=ORIENTED_EDGE('',*,*,#2598,.T.);
#3456=ORIENTED_EDGE('',*,*,#2600,.F.);
#3457=ORIENTED_EDGE('',*,*,#2601,.F.);
#3458=ORIENTED_EDGE('',*,*,#2562,.T.);
#3459=ORIENTED_EDGE('',*,*,#2568,.T.);
#3460=ORIENTED_EDGE('',*,*,#2574,.T.);
#3461=ORIENTED_EDGE('',*,*,#2602,.T.);
#3462=ORIENTED_EDGE('',*,*,#2601,.T.);
#3463=ORIENTED_EDGE('',*,*,#2603,.F.);
#3464=ORIENTED_EDGE('',*,*,#2604,.F.);
#3465=ORIENTED_EDGE('',*,*,#2605,.T.);
#3466=ORIENTED_EDGE('',*,*,#2604,.T.);
#3467=ORIENTED_EDGE('',*,*,#2606,.F.);
#3468=ORIENTED_EDGE('',*,*,#2607,.F.);
#3469=ORIENTED_EDGE('',*,*,#2561,.T.);
#3470=ORIENTED_EDGE('',*,*,#2567,.T.);
#3471=ORIENTED_EDGE('',*,*,#2573,.T.);
#3472=ORIENTED_EDGE('',*,*,#2608,.T.);
#3473=ORIENTED_EDGE('',*,*,#2607,.T.);
#3474=ORIENTED_EDGE('',*,*,#2609,.F.);
#3475=ORIENTED_EDGE('',*,*,#2610,.F.);
#3476=ORIENTED_EDGE('',*,*,#2611,.T.);
#3477=ORIENTED_EDGE('',*,*,#2610,.T.);
#3478=ORIENTED_EDGE('',*,*,#2612,.F.);
#3479=ORIENTED_EDGE('',*,*,#2613,.F.);
#3480=ORIENTED_EDGE('',*,*,#2559,.T.);
#3481=ORIENTED_EDGE('',*,*,#2565,.T.);
#3482=ORIENTED_EDGE('',*,*,#2571,.T.);
#3483=ORIENTED_EDGE('',*,*,#2614,.T.);
#3484=ORIENTED_EDGE('',*,*,#2613,.T.);
#3485=ORIENTED_EDGE('',*,*,#2615,.F.);
#3486=ORIENTED_EDGE('',*,*,#2616,.F.);
#3487=ORIENTED_EDGE('',*,*,#2541,.T.);
#3488=ORIENTED_EDGE('',*,*,#2547,.T.);
#3489=ORIENTED_EDGE('',*,*,#2553,.T.);
#3490=ORIENTED_EDGE('',*,*,#2617,.T.);
#3491=ORIENTED_EDGE('',*,*,#2616,.T.);
#3492=ORIENTED_EDGE('',*,*,#2618,.F.);
#3493=ORIENTED_EDGE('',*,*,#2619,.F.);
#3494=ORIENTED_EDGE('',*,*,#2620,.T.);
#3495=ORIENTED_EDGE('',*,*,#2619,.T.);
#3496=ORIENTED_EDGE('',*,*,#2621,.F.);
#3497=ORIENTED_EDGE('',*,*,#2622,.F.);
#3498=ORIENTED_EDGE('',*,*,#2543,.T.);
#3499=ORIENTED_EDGE('',*,*,#2549,.T.);
#3500=ORIENTED_EDGE('',*,*,#2555,.T.);
#3501=ORIENTED_EDGE('',*,*,#2623,.T.);
#3502=ORIENTED_EDGE('',*,*,#2622,.T.);
#3503=ORIENTED_EDGE('',*,*,#2624,.F.);
#3504=ORIENTED_EDGE('',*,*,#2578,.F.);
#3505=ORIENTED_EDGE('',*,*,#2624,.T.);
#3506=ORIENTED_EDGE('',*,*,#2621,.T.);
#3507=ORIENTED_EDGE('',*,*,#2618,.T.);
#3508=ORIENTED_EDGE('',*,*,#2615,.T.);
#3509=ORIENTED_EDGE('',*,*,#2612,.T.);
#3510=ORIENTED_EDGE('',*,*,#2609,.T.);
#3511=ORIENTED_EDGE('',*,*,#2606,.T.);
#3512=ORIENTED_EDGE('',*,*,#2603,.T.);
#3513=ORIENTED_EDGE('',*,*,#2600,.T.);
#3514=ORIENTED_EDGE('',*,*,#2597,.T.);
#3515=ORIENTED_EDGE('',*,*,#2594,.T.);
#3516=ORIENTED_EDGE('',*,*,#2591,.T.);
#3517=ORIENTED_EDGE('',*,*,#2588,.T.);
#3518=ORIENTED_EDGE('',*,*,#2585,.T.);
#3519=ORIENTED_EDGE('',*,*,#2582,.T.);
#3520=ORIENTED_EDGE('',*,*,#2579,.T.);
#3521=ORIENTED_EDGE('',*,*,#2623,.F.);
#3522=ORIENTED_EDGE('',*,*,#2577,.F.);
#3523=ORIENTED_EDGE('',*,*,#2581,.F.);
#3524=ORIENTED_EDGE('',*,*,#2584,.F.);
#3525=ORIENTED_EDGE('',*,*,#2587,.F.);
#3526=ORIENTED_EDGE('',*,*,#2590,.F.);
#3527=ORIENTED_EDGE('',*,*,#2593,.F.);
#3528=ORIENTED_EDGE('',*,*,#2596,.F.);
#3529=ORIENTED_EDGE('',*,*,#2599,.F.);
#3530=ORIENTED_EDGE('',*,*,#2602,.F.);
#3531=ORIENTED_EDGE('',*,*,#2605,.F.);
#3532=ORIENTED_EDGE('',*,*,#2608,.F.);
#3533=ORIENTED_EDGE('',*,*,#2611,.F.);
#3534=ORIENTED_EDGE('',*,*,#2614,.F.);
#3535=ORIENTED_EDGE('',*,*,#2617,.F.);
#3536=ORIENTED_EDGE('',*,*,#2620,.F.);
#3537=ORIENTED_EDGE('',*,*,#2625,.F.);
#3538=ORIENTED_EDGE('',*,*,#2626,.T.);
#3539=ORIENTED_EDGE('',*,*,#2627,.F.);
#3540=ORIENTED_EDGE('',*,*,#2626,.F.);
#3541=ORIENTED_EDGE('',*,*,#2628,.F.);
#3542=ORIENTED_EDGE('',*,*,#2629,.T.);
#3543=ORIENTED_EDGE('',*,*,#2630,.F.);
#3544=ORIENTED_EDGE('',*,*,#2629,.F.);
#3545=ORIENTED_EDGE('',*,*,#2631,.F.);
#3546=ORIENTED_EDGE('',*,*,#2632,.T.);
#3547=ORIENTED_EDGE('',*,*,#2633,.F.);
#3548=ORIENTED_EDGE('',*,*,#2632,.F.);
#3549=ORIENTED_EDGE('',*,*,#2634,.F.);
#3550=ORIENTED_EDGE('',*,*,#2635,.T.);
#3551=ORIENTED_EDGE('',*,*,#2636,.F.);
#3552=ORIENTED_EDGE('',*,*,#2635,.F.);
#3553=ORIENTED_EDGE('',*,*,#2637,.T.);
#3554=ORIENTED_EDGE('',*,*,#2638,.T.);
#3555=ORIENTED_EDGE('',*,*,#2639,.F.);
#3556=ORIENTED_EDGE('',*,*,#2640,.F.);
#3557=ORIENTED_EDGE('',*,*,#2641,.T.);
#3558=ORIENTED_EDGE('',*,*,#2640,.T.);
#3559=ORIENTED_EDGE('',*,*,#2642,.F.);
#3560=ORIENTED_EDGE('',*,*,#2643,.F.);
#3561=ORIENTED_EDGE('',*,*,#2644,.T.);
#3562=ORIENTED_EDGE('',*,*,#2643,.T.);
#3563=ORIENTED_EDGE('',*,*,#2645,.F.);
#3564=ORIENTED_EDGE('',*,*,#2646,.F.);
#3565=ORIENTED_EDGE('',*,*,#2647,.T.);
#3566=ORIENTED_EDGE('',*,*,#2646,.T.);
#3567=ORIENTED_EDGE('',*,*,#2648,.F.);
#3568=ORIENTED_EDGE('',*,*,#2638,.F.);
#3569=ORIENTED_EDGE('',*,*,#2649,.T.);
#3570=ORIENTED_EDGE('',*,*,#2650,.T.);
#3571=ORIENTED_EDGE('',*,*,#2651,.F.);
#3572=ORIENTED_EDGE('',*,*,#2652,.F.);
#3573=ORIENTED_EDGE('',*,*,#2653,.T.);
#3574=ORIENTED_EDGE('',*,*,#2652,.T.);
#3575=ORIENTED_EDGE('',*,*,#2654,.F.);
#3576=ORIENTED_EDGE('',*,*,#2655,.F.);
#3577=ORIENTED_EDGE('',*,*,#2656,.T.);
#3578=ORIENTED_EDGE('',*,*,#2655,.T.);
#3579=ORIENTED_EDGE('',*,*,#2657,.F.);
#3580=ORIENTED_EDGE('',*,*,#2658,.F.);
#3581=ORIENTED_EDGE('',*,*,#2659,.T.);
#3582=ORIENTED_EDGE('',*,*,#2658,.T.);
#3583=ORIENTED_EDGE('',*,*,#2660,.F.);
#3584=ORIENTED_EDGE('',*,*,#2650,.F.);
#3585=ORIENTED_EDGE('',*,*,#2661,.T.);
#3586=ORIENTED_EDGE('',*,*,#2662,.T.);
#3587=ORIENTED_EDGE('',*,*,#2663,.F.);
#3588=ORIENTED_EDGE('',*,*,#2664,.F.);
#3589=ORIENTED_EDGE('',*,*,#2665,.T.);
#3590=ORIENTED_EDGE('',*,*,#2664,.T.);
#3591=ORIENTED_EDGE('',*,*,#2666,.F.);
#3592=ORIENTED_EDGE('',*,*,#2667,.F.);
#3593=ORIENTED_EDGE('',*,*,#2668,.T.);
#3594=ORIENTED_EDGE('',*,*,#2667,.T.);
#3595=ORIENTED_EDGE('',*,*,#2669,.F.);
#3596=ORIENTED_EDGE('',*,*,#2670,.F.);
#3597=ORIENTED_EDGE('',*,*,#2671,.T.);
#3598=ORIENTED_EDGE('',*,*,#2670,.T.);
#3599=ORIENTED_EDGE('',*,*,#2672,.F.);
#3600=ORIENTED_EDGE('',*,*,#2662,.F.);
#3601=ORIENTED_EDGE('',*,*,#2673,.F.);
#3602=ORIENTED_EDGE('',*,*,#2674,.T.);
#3603=ORIENTED_EDGE('',*,*,#2675,.F.);
#3604=ORIENTED_EDGE('',*,*,#2676,.F.);
#3605=ORIENTED_EDGE('',*,*,#2677,.F.);
#3606=ORIENTED_EDGE('',*,*,#2676,.T.);
#3607=ORIENTED_EDGE('',*,*,#2678,.F.);
#3608=ORIENTED_EDGE('',*,*,#2679,.F.);
#3609=ORIENTED_EDGE('',*,*,#2680,.F.);
#3610=ORIENTED_EDGE('',*,*,#2679,.T.);
#3611=ORIENTED_EDGE('',*,*,#2681,.F.);
#3612=ORIENTED_EDGE('',*,*,#2682,.F.);
#3613=ORIENTED_EDGE('',*,*,#2683,.F.);
#3614=ORIENTED_EDGE('',*,*,#2682,.T.);
#3615=ORIENTED_EDGE('',*,*,#2684,.F.);
#3616=ORIENTED_EDGE('',*,*,#2674,.F.);
#3617=ORIENTED_EDGE('',*,*,#2684,.T.);
#3618=ORIENTED_EDGE('',*,*,#2681,.T.);
#3619=ORIENTED_EDGE('',*,*,#2678,.T.);
#3620=ORIENTED_EDGE('',*,*,#2675,.T.);
#3621=ORIENTED_EDGE('',*,*,#2648,.T.);
#3622=ORIENTED_EDGE('',*,*,#2645,.T.);
#3623=ORIENTED_EDGE('',*,*,#2642,.T.);
#3624=ORIENTED_EDGE('',*,*,#2639,.T.);
#3625=ORIENTED_EDGE('',*,*,#2660,.T.);
#3626=ORIENTED_EDGE('',*,*,#2657,.T.);
#3627=ORIENTED_EDGE('',*,*,#2654,.T.);
#3628=ORIENTED_EDGE('',*,*,#2651,.T.);
#3629=ORIENTED_EDGE('',*,*,#2672,.T.);
#3630=ORIENTED_EDGE('',*,*,#2669,.T.);
#3631=ORIENTED_EDGE('',*,*,#2666,.T.);
#3632=ORIENTED_EDGE('',*,*,#2663,.T.);
#3633=ORIENTED_EDGE('',*,*,#2636,.T.);
#3634=ORIENTED_EDGE('',*,*,#2633,.T.);
#3635=ORIENTED_EDGE('',*,*,#2630,.T.);
#3636=ORIENTED_EDGE('',*,*,#2627,.T.);
#3637=ORIENTED_EDGE('',*,*,#2683,.T.);
#3638=ORIENTED_EDGE('',*,*,#2673,.T.);
#3639=ORIENTED_EDGE('',*,*,#2677,.T.);
#3640=ORIENTED_EDGE('',*,*,#2680,.T.);
#3641=ORIENTED_EDGE('',*,*,#2647,.F.);
#3642=ORIENTED_EDGE('',*,*,#2637,.F.);
#3643=ORIENTED_EDGE('',*,*,#2641,.F.);
#3644=ORIENTED_EDGE('',*,*,#2644,.F.);
#3645=ORIENTED_EDGE('',*,*,#2659,.F.);
#3646=ORIENTED_EDGE('',*,*,#2649,.F.);
#3647=ORIENTED_EDGE('',*,*,#2653,.F.);
#3648=ORIENTED_EDGE('',*,*,#2656,.F.);
#3649=ORIENTED_EDGE('',*,*,#2671,.F.);
#3650=ORIENTED_EDGE('',*,*,#2661,.F.);
#3651=ORIENTED_EDGE('',*,*,#2665,.F.);
#3652=ORIENTED_EDGE('',*,*,#2668,.F.);
#3653=ORIENTED_EDGE('',*,*,#2634,.T.);
#3654=ORIENTED_EDGE('',*,*,#2631,.T.);
#3655=ORIENTED_EDGE('',*,*,#2628,.T.);
#3656=ORIENTED_EDGE('',*,*,#2625,.T.);
#3657=ORIENTED_EDGE('',*,*,#2685,.F.);
#3658=ORIENTED_EDGE('',*,*,#2686,.T.);
#3659=ORIENTED_EDGE('',*,*,#2687,.F.);
#3660=ORIENTED_EDGE('',*,*,#2688,.F.);
#3661=ORIENTED_EDGE('',*,*,#2689,.F.);
#3662=ORIENTED_EDGE('',*,*,#2688,.T.);
#3663=ORIENTED_EDGE('',*,*,#2690,.F.);
#3664=ORIENTED_EDGE('',*,*,#2691,.F.);
#3665=ORIENTED_EDGE('',*,*,#2692,.F.);
#3666=ORIENTED_EDGE('',*,*,#2691,.T.);
#3667=ORIENTED_EDGE('',*,*,#2693,.F.);
#3668=ORIENTED_EDGE('',*,*,#2694,.F.);
#3669=ORIENTED_EDGE('',*,*,#2695,.F.);
#3670=ORIENTED_EDGE('',*,*,#2694,.T.);
#3671=ORIENTED_EDGE('',*,*,#2696,.F.);
#3672=ORIENTED_EDGE('',*,*,#2697,.F.);
#3673=ORIENTED_EDGE('',*,*,#2698,.F.);
#3674=ORIENTED_EDGE('',*,*,#2697,.T.);
#3675=ORIENTED_EDGE('',*,*,#2699,.F.);
#3676=ORIENTED_EDGE('',*,*,#2700,.F.);
#3677=ORIENTED_EDGE('',*,*,#2701,.F.);
#3678=ORIENTED_EDGE('',*,*,#2700,.T.);
#3679=ORIENTED_EDGE('',*,*,#2702,.F.);
#3680=ORIENTED_EDGE('',*,*,#2703,.F.);
#3681=ORIENTED_EDGE('',*,*,#2704,.F.);
#3682=ORIENTED_EDGE('',*,*,#2703,.T.);
#3683=ORIENTED_EDGE('',*,*,#2705,.F.);
#3684=ORIENTED_EDGE('',*,*,#2706,.F.);
#3685=ORIENTED_EDGE('',*,*,#2707,.F.);
#3686=ORIENTED_EDGE('',*,*,#2706,.T.);
#3687=ORIENTED_EDGE('',*,*,#2708,.F.);
#3688=ORIENTED_EDGE('',*,*,#2709,.F.);
#3689=ORIENTED_EDGE('',*,*,#2710,.F.);
#3690=ORIENTED_EDGE('',*,*,#2709,.T.);
#3691=ORIENTED_EDGE('',*,*,#2711,.F.);
#3692=ORIENTED_EDGE('',*,*,#2712,.F.);
#3693=ORIENTED_EDGE('',*,*,#2713,.F.);
#3694=ORIENTED_EDGE('',*,*,#2712,.T.);
#3695=ORIENTED_EDGE('',*,*,#2714,.F.);
#3696=ORIENTED_EDGE('',*,*,#2715,.F.);
#3697=ORIENTED_EDGE('',*,*,#2716,.F.);
#3698=ORIENTED_EDGE('',*,*,#2715,.T.);
#3699=ORIENTED_EDGE('',*,*,#2717,.F.);
#3700=ORIENTED_EDGE('',*,*,#2718,.F.);
#3701=ORIENTED_EDGE('',*,*,#2719,.F.);
#3702=ORIENTED_EDGE('',*,*,#2718,.T.);
#3703=ORIENTED_EDGE('',*,*,#2720,.F.);
#3704=ORIENTED_EDGE('',*,*,#2721,.F.);
#3705=ORIENTED_EDGE('',*,*,#2722,.T.);
#3706=ORIENTED_EDGE('',*,*,#2721,.T.);
#3707=ORIENTED_EDGE('',*,*,#2723,.F.);
#3708=ORIENTED_EDGE('',*,*,#2724,.F.);
#3709=ORIENTED_EDGE('',*,*,#2725,.F.);
#3710=ORIENTED_EDGE('',*,*,#2724,.T.);
#3711=ORIENTED_EDGE('',*,*,#2726,.F.);
#3712=ORIENTED_EDGE('',*,*,#2727,.F.);
#3713=ORIENTED_EDGE('',*,*,#2728,.F.);
#3714=ORIENTED_EDGE('',*,*,#2727,.T.);
#3715=ORIENTED_EDGE('',*,*,#2729,.F.);
#3716=ORIENTED_EDGE('',*,*,#2730,.F.);
#3717=ORIENTED_EDGE('',*,*,#2731,.F.);
#3718=ORIENTED_EDGE('',*,*,#2730,.T.);
#3719=ORIENTED_EDGE('',*,*,#2732,.F.);
#3720=ORIENTED_EDGE('',*,*,#2733,.F.);
#3721=ORIENTED_EDGE('',*,*,#2734,.T.);
#3722=ORIENTED_EDGE('',*,*,#2733,.T.);
#3723=ORIENTED_EDGE('',*,*,#2735,.F.);
#3724=ORIENTED_EDGE('',*,*,#2736,.F.);
#3725=ORIENTED_EDGE('',*,*,#2737,.T.);
#3726=ORIENTED_EDGE('',*,*,#2736,.T.);
#3727=ORIENTED_EDGE('',*,*,#2738,.F.);
#3728=ORIENTED_EDGE('',*,*,#2739,.F.);
#3729=ORIENTED_EDGE('',*,*,#2740,.T.);
#3730=ORIENTED_EDGE('',*,*,#2739,.T.);
#3731=ORIENTED_EDGE('',*,*,#2741,.F.);
#3732=ORIENTED_EDGE('',*,*,#2742,.F.);
#3733=ORIENTED_EDGE('',*,*,#2743,.T.);
#3734=ORIENTED_EDGE('',*,*,#2742,.T.);
#3735=ORIENTED_EDGE('',*,*,#2744,.F.);
#3736=ORIENTED_EDGE('',*,*,#2745,.F.);
#3737=ORIENTED_EDGE('',*,*,#2746,.T.);
#3738=ORIENTED_EDGE('',*,*,#2745,.T.);
#3739=ORIENTED_EDGE('',*,*,#2747,.F.);
#3740=ORIENTED_EDGE('',*,*,#2748,.F.);
#3741=ORIENTED_EDGE('',*,*,#2749,.T.);
#3742=ORIENTED_EDGE('',*,*,#2748,.T.);
#3743=ORIENTED_EDGE('',*,*,#2750,.F.);
#3744=ORIENTED_EDGE('',*,*,#2751,.F.);
#3745=ORIENTED_EDGE('',*,*,#2752,.T.);
#3746=ORIENTED_EDGE('',*,*,#2751,.T.);
#3747=ORIENTED_EDGE('',*,*,#2753,.F.);
#3748=ORIENTED_EDGE('',*,*,#2754,.F.);
#3749=ORIENTED_EDGE('',*,*,#2755,.T.);
#3750=ORIENTED_EDGE('',*,*,#2754,.T.);
#3751=ORIENTED_EDGE('',*,*,#2756,.F.);
#3752=ORIENTED_EDGE('',*,*,#2757,.F.);
#3753=ORIENTED_EDGE('',*,*,#2758,.T.);
#3754=ORIENTED_EDGE('',*,*,#2757,.T.);
#3755=ORIENTED_EDGE('',*,*,#2759,.F.);
#3756=ORIENTED_EDGE('',*,*,#2760,.F.);
#3757=ORIENTED_EDGE('',*,*,#2761,.T.);
#3758=ORIENTED_EDGE('',*,*,#2760,.T.);
#3759=ORIENTED_EDGE('',*,*,#2762,.F.);
#3760=ORIENTED_EDGE('',*,*,#2763,.F.);
#3761=ORIENTED_EDGE('',*,*,#2764,.T.);
#3762=ORIENTED_EDGE('',*,*,#2763,.T.);
#3763=ORIENTED_EDGE('',*,*,#2765,.F.);
#3764=ORIENTED_EDGE('',*,*,#2766,.F.);
#3765=ORIENTED_EDGE('',*,*,#2767,.T.);
#3766=ORIENTED_EDGE('',*,*,#2766,.T.);
#3767=ORIENTED_EDGE('',*,*,#2768,.F.);
#3768=ORIENTED_EDGE('',*,*,#2769,.F.);
#3769=ORIENTED_EDGE('',*,*,#2770,.T.);
#3770=ORIENTED_EDGE('',*,*,#2769,.T.);
#3771=ORIENTED_EDGE('',*,*,#2771,.F.);
#3772=ORIENTED_EDGE('',*,*,#2772,.F.);
#3773=ORIENTED_EDGE('',*,*,#2773,.T.);
#3774=ORIENTED_EDGE('',*,*,#2772,.T.);
#3775=ORIENTED_EDGE('',*,*,#2774,.F.);
#3776=ORIENTED_EDGE('',*,*,#2775,.F.);
#3777=ORIENTED_EDGE('',*,*,#2776,.F.);
#3778=ORIENTED_EDGE('',*,*,#2775,.T.);
#3779=ORIENTED_EDGE('',*,*,#2777,.F.);
#3780=ORIENTED_EDGE('',*,*,#2778,.F.);
#3781=ORIENTED_EDGE('',*,*,#2779,.F.);
#3782=ORIENTED_EDGE('',*,*,#2778,.T.);
#3783=ORIENTED_EDGE('',*,*,#2780,.F.);
#3784=ORIENTED_EDGE('',*,*,#2781,.F.);
#3785=ORIENTED_EDGE('',*,*,#2782,.F.);
#3786=ORIENTED_EDGE('',*,*,#2781,.T.);
#3787=ORIENTED_EDGE('',*,*,#2783,.F.);
#3788=ORIENTED_EDGE('',*,*,#2784,.F.);
#3789=ORIENTED_EDGE('',*,*,#2785,.F.);
#3790=ORIENTED_EDGE('',*,*,#2784,.T.);
#3791=ORIENTED_EDGE('',*,*,#2786,.F.);
#3792=ORIENTED_EDGE('',*,*,#2787,.F.);
#3793=ORIENTED_EDGE('',*,*,#2788,.F.);
#3794=ORIENTED_EDGE('',*,*,#2787,.T.);
#3795=ORIENTED_EDGE('',*,*,#2789,.F.);
#3796=ORIENTED_EDGE('',*,*,#2790,.F.);
#3797=ORIENTED_EDGE('',*,*,#2791,.F.);
#3798=ORIENTED_EDGE('',*,*,#2790,.T.);
#3799=ORIENTED_EDGE('',*,*,#2792,.F.);
#3800=ORIENTED_EDGE('',*,*,#2793,.F.);
#3801=ORIENTED_EDGE('',*,*,#2794,.F.);
#3802=ORIENTED_EDGE('',*,*,#2793,.T.);
#3803=ORIENTED_EDGE('',*,*,#2795,.F.);
#3804=ORIENTED_EDGE('',*,*,#2796,.F.);
#3805=ORIENTED_EDGE('',*,*,#2797,.F.);
#3806=ORIENTED_EDGE('',*,*,#2796,.T.);
#3807=ORIENTED_EDGE('',*,*,#2798,.F.);
#3808=ORIENTED_EDGE('',*,*,#2799,.F.);
#3809=ORIENTED_EDGE('',*,*,#2800,.F.);
#3810=ORIENTED_EDGE('',*,*,#2799,.T.);
#3811=ORIENTED_EDGE('',*,*,#2801,.F.);
#3812=ORIENTED_EDGE('',*,*,#2802,.F.);
#3813=ORIENTED_EDGE('',*,*,#2803,.F.);
#3814=ORIENTED_EDGE('',*,*,#2802,.T.);
#3815=ORIENTED_EDGE('',*,*,#2804,.F.);
#3816=ORIENTED_EDGE('',*,*,#2805,.F.);
#3817=ORIENTED_EDGE('',*,*,#2806,.F.);
#3818=ORIENTED_EDGE('',*,*,#2805,.T.);
#3819=ORIENTED_EDGE('',*,*,#2807,.F.);
#3820=ORIENTED_EDGE('',*,*,#2808,.F.);
#3821=ORIENTED_EDGE('',*,*,#2809,.F.);
#3822=ORIENTED_EDGE('',*,*,#2808,.T.);
#3823=ORIENTED_EDGE('',*,*,#2810,.F.);
#3824=ORIENTED_EDGE('',*,*,#2811,.F.);
#3825=ORIENTED_EDGE('',*,*,#2812,.F.);
#3826=ORIENTED_EDGE('',*,*,#2811,.T.);
#3827=ORIENTED_EDGE('',*,*,#2813,.F.);
#3828=ORIENTED_EDGE('',*,*,#2814,.F.);
#3829=ORIENTED_EDGE('',*,*,#2815,.F.);
#3830=ORIENTED_EDGE('',*,*,#2814,.T.);
#3831=ORIENTED_EDGE('',*,*,#2816,.F.);
#3832=ORIENTED_EDGE('',*,*,#2817,.F.);
#3833=ORIENTED_EDGE('',*,*,#2818,.F.);
#3834=ORIENTED_EDGE('',*,*,#2817,.T.);
#3835=ORIENTED_EDGE('',*,*,#2819,.F.);
#3836=ORIENTED_EDGE('',*,*,#2820,.F.);
#3837=ORIENTED_EDGE('',*,*,#2821,.F.);
#3838=ORIENTED_EDGE('',*,*,#2820,.T.);
#3839=ORIENTED_EDGE('',*,*,#2822,.F.);
#3840=ORIENTED_EDGE('',*,*,#2823,.F.);
#3841=ORIENTED_EDGE('',*,*,#2824,.T.);
#3842=ORIENTED_EDGE('',*,*,#2823,.T.);
#3843=ORIENTED_EDGE('',*,*,#2825,.F.);
#3844=ORIENTED_EDGE('',*,*,#2826,.F.);
#3845=ORIENTED_EDGE('',*,*,#2827,.T.);
#3846=ORIENTED_EDGE('',*,*,#2826,.T.);
#3847=ORIENTED_EDGE('',*,*,#2828,.F.);
#3848=ORIENTED_EDGE('',*,*,#2829,.F.);
#3849=ORIENTED_EDGE('',*,*,#2830,.T.);
#3850=ORIENTED_EDGE('',*,*,#2829,.T.);
#3851=ORIENTED_EDGE('',*,*,#2831,.F.);
#3852=ORIENTED_EDGE('',*,*,#2832,.F.);
#3853=ORIENTED_EDGE('',*,*,#2833,.T.);
#3854=ORIENTED_EDGE('',*,*,#2832,.T.);
#3855=ORIENTED_EDGE('',*,*,#2834,.F.);
#3856=ORIENTED_EDGE('',*,*,#2835,.F.);
#3857=ORIENTED_EDGE('',*,*,#2836,.T.);
#3858=ORIENTED_EDGE('',*,*,#2835,.T.);
#3859=ORIENTED_EDGE('',*,*,#2837,.F.);
#3860=ORIENTED_EDGE('',*,*,#2838,.F.);
#3861=ORIENTED_EDGE('',*,*,#2839,.T.);
#3862=ORIENTED_EDGE('',*,*,#2838,.T.);
#3863=ORIENTED_EDGE('',*,*,#2840,.F.);
#3864=ORIENTED_EDGE('',*,*,#2841,.F.);
#3865=ORIENTED_EDGE('',*,*,#2842,.T.);
#3866=ORIENTED_EDGE('',*,*,#2841,.T.);
#3867=ORIENTED_EDGE('',*,*,#2843,.F.);
#3868=ORIENTED_EDGE('',*,*,#2844,.F.);
#3869=ORIENTED_EDGE('',*,*,#2845,.T.);
#3870=ORIENTED_EDGE('',*,*,#2844,.T.);
#3871=ORIENTED_EDGE('',*,*,#2846,.F.);
#3872=ORIENTED_EDGE('',*,*,#2847,.F.);
#3873=ORIENTED_EDGE('',*,*,#2848,.T.);
#3874=ORIENTED_EDGE('',*,*,#2847,.T.);
#3875=ORIENTED_EDGE('',*,*,#2849,.F.);
#3876=ORIENTED_EDGE('',*,*,#2850,.F.);
#3877=ORIENTED_EDGE('',*,*,#2851,.T.);
#3878=ORIENTED_EDGE('',*,*,#2850,.T.);
#3879=ORIENTED_EDGE('',*,*,#2852,.F.);
#3880=ORIENTED_EDGE('',*,*,#2853,.F.);
#3881=ORIENTED_EDGE('',*,*,#2854,.T.);
#3882=ORIENTED_EDGE('',*,*,#2853,.T.);
#3883=ORIENTED_EDGE('',*,*,#2855,.F.);
#3884=ORIENTED_EDGE('',*,*,#2856,.F.);
#3885=ORIENTED_EDGE('',*,*,#2857,.T.);
#3886=ORIENTED_EDGE('',*,*,#2856,.T.);
#3887=ORIENTED_EDGE('',*,*,#2858,.F.);
#3888=ORIENTED_EDGE('',*,*,#2859,.F.);
#3889=ORIENTED_EDGE('',*,*,#2860,.T.);
#3890=ORIENTED_EDGE('',*,*,#2859,.T.);
#3891=ORIENTED_EDGE('',*,*,#2861,.F.);
#3892=ORIENTED_EDGE('',*,*,#2862,.F.);
#3893=ORIENTED_EDGE('',*,*,#2863,.T.);
#3894=ORIENTED_EDGE('',*,*,#2862,.T.);
#3895=ORIENTED_EDGE('',*,*,#2864,.F.);
#3896=ORIENTED_EDGE('',*,*,#2686,.F.);
#3897=ORIENTED_EDGE('',*,*,#2864,.T.);
#3898=ORIENTED_EDGE('',*,*,#2861,.T.);
#3899=ORIENTED_EDGE('',*,*,#2858,.T.);
#3900=ORIENTED_EDGE('',*,*,#2855,.T.);
#3901=ORIENTED_EDGE('',*,*,#2852,.T.);
#3902=ORIENTED_EDGE('',*,*,#2849,.T.);
#3903=ORIENTED_EDGE('',*,*,#2846,.T.);
#3904=ORIENTED_EDGE('',*,*,#2843,.T.);
#3905=ORIENTED_EDGE('',*,*,#2840,.T.);
#3906=ORIENTED_EDGE('',*,*,#2837,.T.);
#3907=ORIENTED_EDGE('',*,*,#2834,.T.);
#3908=ORIENTED_EDGE('',*,*,#2831,.T.);
#3909=ORIENTED_EDGE('',*,*,#2828,.T.);
#3910=ORIENTED_EDGE('',*,*,#2825,.T.);
#3911=ORIENTED_EDGE('',*,*,#2822,.T.);
#3912=ORIENTED_EDGE('',*,*,#2819,.T.);
#3913=ORIENTED_EDGE('',*,*,#2816,.T.);
#3914=ORIENTED_EDGE('',*,*,#2813,.T.);
#3915=ORIENTED_EDGE('',*,*,#2810,.T.);
#3916=ORIENTED_EDGE('',*,*,#2807,.T.);
#3917=ORIENTED_EDGE('',*,*,#2804,.T.);
#3918=ORIENTED_EDGE('',*,*,#2801,.T.);
#3919=ORIENTED_EDGE('',*,*,#2798,.T.);
#3920=ORIENTED_EDGE('',*,*,#2795,.T.);
#3921=ORIENTED_EDGE('',*,*,#2792,.T.);
#3922=ORIENTED_EDGE('',*,*,#2789,.T.);
#3923=ORIENTED_EDGE('',*,*,#2786,.T.);
#3924=ORIENTED_EDGE('',*,*,#2783,.T.);
#3925=ORIENTED_EDGE('',*,*,#2780,.T.);
#3926=ORIENTED_EDGE('',*,*,#2777,.T.);
#3927=ORIENTED_EDGE('',*,*,#2774,.T.);
#3928=ORIENTED_EDGE('',*,*,#2771,.T.);
#3929=ORIENTED_EDGE('',*,*,#2768,.T.);
#3930=ORIENTED_EDGE('',*,*,#2765,.T.);
#3931=ORIENTED_EDGE('',*,*,#2762,.T.);
#3932=ORIENTED_EDGE('',*,*,#2759,.T.);
#3933=ORIENTED_EDGE('',*,*,#2756,.T.);
#3934=ORIENTED_EDGE('',*,*,#2753,.T.);
#3935=ORIENTED_EDGE('',*,*,#2750,.T.);
#3936=ORIENTED_EDGE('',*,*,#2747,.T.);
#3937=ORIENTED_EDGE('',*,*,#2744,.T.);
#3938=ORIENTED_EDGE('',*,*,#2741,.T.);
#3939=ORIENTED_EDGE('',*,*,#2738,.T.);
#3940=ORIENTED_EDGE('',*,*,#2735,.T.);
#3941=ORIENTED_EDGE('',*,*,#2732,.T.);
#3942=ORIENTED_EDGE('',*,*,#2729,.T.);
#3943=ORIENTED_EDGE('',*,*,#2726,.T.);
#3944=ORIENTED_EDGE('',*,*,#2723,.T.);
#3945=ORIENTED_EDGE('',*,*,#2720,.T.);
#3946=ORIENTED_EDGE('',*,*,#2717,.T.);
#3947=ORIENTED_EDGE('',*,*,#2714,.T.);
#3948=ORIENTED_EDGE('',*,*,#2711,.T.);
#3949=ORIENTED_EDGE('',*,*,#2708,.T.);
#3950=ORIENTED_EDGE('',*,*,#2705,.T.);
#3951=ORIENTED_EDGE('',*,*,#2702,.T.);
#3952=ORIENTED_EDGE('',*,*,#2699,.T.);
#3953=ORIENTED_EDGE('',*,*,#2696,.T.);
#3954=ORIENTED_EDGE('',*,*,#2693,.T.);
#3955=ORIENTED_EDGE('',*,*,#2690,.T.);
#3956=ORIENTED_EDGE('',*,*,#2687,.T.);
#3957=ORIENTED_EDGE('',*,*,#2863,.F.);
#3958=ORIENTED_EDGE('',*,*,#2685,.T.);
#3959=ORIENTED_EDGE('',*,*,#2689,.T.);
#3960=ORIENTED_EDGE('',*,*,#2692,.T.);
#3961=ORIENTED_EDGE('',*,*,#2695,.T.);
#3962=ORIENTED_EDGE('',*,*,#2698,.T.);
#3963=ORIENTED_EDGE('',*,*,#2701,.T.);
#3964=ORIENTED_EDGE('',*,*,#2704,.T.);
#3965=ORIENTED_EDGE('',*,*,#2707,.T.);
#3966=ORIENTED_EDGE('',*,*,#2710,.T.);
#3967=ORIENTED_EDGE('',*,*,#2713,.T.);
#3968=ORIENTED_EDGE('',*,*,#2716,.T.);
#3969=ORIENTED_EDGE('',*,*,#2719,.T.);
#3970=ORIENTED_EDGE('',*,*,#2722,.F.);
#3971=ORIENTED_EDGE('',*,*,#2725,.T.);
#3972=ORIENTED_EDGE('',*,*,#2728,.T.);
#3973=ORIENTED_EDGE('',*,*,#2731,.T.);
#3974=ORIENTED_EDGE('',*,*,#2734,.F.);
#3975=ORIENTED_EDGE('',*,*,#2737,.F.);
#3976=ORIENTED_EDGE('',*,*,#2740,.F.);
#3977=ORIENTED_EDGE('',*,*,#2743,.F.);
#3978=ORIENTED_EDGE('',*,*,#2746,.F.);
#3979=ORIENTED_EDGE('',*,*,#2749,.F.);
#3980=ORIENTED_EDGE('',*,*,#2752,.F.);
#3981=ORIENTED_EDGE('',*,*,#2755,.F.);
#3982=ORIENTED_EDGE('',*,*,#2758,.F.);
#3983=ORIENTED_EDGE('',*,*,#2761,.F.);
#3984=ORIENTED_EDGE('',*,*,#2764,.F.);
#3985=ORIENTED_EDGE('',*,*,#2767,.F.);
#3986=ORIENTED_EDGE('',*,*,#2770,.F.);
#3987=ORIENTED_EDGE('',*,*,#2773,.F.);
#3988=ORIENTED_EDGE('',*,*,#2776,.T.);
#3989=ORIENTED_EDGE('',*,*,#2779,.T.);
#3990=ORIENTED_EDGE('',*,*,#2782,.T.);
#3991=ORIENTED_EDGE('',*,*,#2785,.T.);
#3992=ORIENTED_EDGE('',*,*,#2788,.T.);
#3993=ORIENTED_EDGE('',*,*,#2791,.T.);
#3994=ORIENTED_EDGE('',*,*,#2794,.T.);
#3995=ORIENTED_EDGE('',*,*,#2797,.T.);
#3996=ORIENTED_EDGE('',*,*,#2800,.T.);
#3997=ORIENTED_EDGE('',*,*,#2803,.T.);
#3998=ORIENTED_EDGE('',*,*,#2806,.T.);
#3999=ORIENTED_EDGE('',*,*,#2809,.T.);
#4000=ORIENTED_EDGE('',*,*,#2812,.T.);
#4001=ORIENTED_EDGE('',*,*,#2815,.T.);
#4002=ORIENTED_EDGE('',*,*,#2818,.T.);
#4003=ORIENTED_EDGE('',*,*,#2821,.T.);
#4004=ORIENTED_EDGE('',*,*,#2824,.F.);
#4005=ORIENTED_EDGE('',*,*,#2827,.F.);
#4006=ORIENTED_EDGE('',*,*,#2830,.F.);
#4007=ORIENTED_EDGE('',*,*,#2833,.F.);
#4008=ORIENTED_EDGE('',*,*,#2836,.F.);
#4009=ORIENTED_EDGE('',*,*,#2839,.F.);
#4010=ORIENTED_EDGE('',*,*,#2842,.F.);
#4011=ORIENTED_EDGE('',*,*,#2845,.F.);
#4012=ORIENTED_EDGE('',*,*,#2848,.F.);
#4013=ORIENTED_EDGE('',*,*,#2851,.F.);
#4014=ORIENTED_EDGE('',*,*,#2854,.F.);
#4015=ORIENTED_EDGE('',*,*,#2857,.F.);
#4016=ORIENTED_EDGE('',*,*,#2860,.F.);
#4017=CYLINDRICAL_SURFACE('',#4339,1.5);
#4018=CYLINDRICAL_SURFACE('',#4342,1.5);
#4019=CYLINDRICAL_SURFACE('',#4346,1.5);
#4020=CYLINDRICAL_SURFACE('',#4349,1.5);
#4021=CYLINDRICAL_SURFACE('',#4353,1.5);
#4022=CYLINDRICAL_SURFACE('',#4356,1.5);
#4023=CYLINDRICAL_SURFACE('',#4360,1.5);
#4024=CYLINDRICAL_SURFACE('',#4363,1.5);
#4025=CYLINDRICAL_SURFACE('',#4367,1.5);
#4026=CYLINDRICAL_SURFACE('',#4370,1.5);
#4027=CYLINDRICAL_SURFACE('',#4374,1.5);
#4028=CYLINDRICAL_SURFACE('',#4377,1.5);
#4029=CYLINDRICAL_SURFACE('',#4399,1.5);
#4030=CYLINDRICAL_SURFACE('',#4402,1.5);
#4031=CYLINDRICAL_SURFACE('',#4406,1.5);
#4032=CYLINDRICAL_SURFACE('',#4409,1.5);
#4033=CYLINDRICAL_SURFACE('',#4413,1.5);
#4034=CYLINDRICAL_SURFACE('',#4416,1.5);
#4035=CYLINDRICAL_SURFACE('',#4420,1.5);
#4036=CYLINDRICAL_SURFACE('',#4423,1.5);
#4037=CYLINDRICAL_SURFACE('',#4427,1.5);
#4038=CYLINDRICAL_SURFACE('',#4430,1.5);
#4039=CYLINDRICAL_SURFACE('',#4434,1.5);
#4040=CYLINDRICAL_SURFACE('',#4437,1.5);
#4041=CYLINDRICAL_SURFACE('',#4459,1.5);
#4042=CYLINDRICAL_SURFACE('',#4462,1.5);
#4043=CYLINDRICAL_SURFACE('',#4466,1.5);
#4044=CYLINDRICAL_SURFACE('',#4469,1.5);
#4045=CYLINDRICAL_SURFACE('',#4473,1.5);
#4046=CYLINDRICAL_SURFACE('',#4476,1.5);
#4047=CYLINDRICAL_SURFACE('',#4480,1.5);
#4048=CYLINDRICAL_SURFACE('',#4483,1.5);
#4049=CYLINDRICAL_SURFACE('',#4487,1.5);
#4050=CYLINDRICAL_SURFACE('',#4490,1.5);
#4051=CYLINDRICAL_SURFACE('',#4494,1.5);
#4052=CYLINDRICAL_SURFACE('',#4497,1.5);
#4053=CYLINDRICAL_SURFACE('',#4519,1.5);
#4054=CYLINDRICAL_SURFACE('',#4522,1.5);
#4055=CYLINDRICAL_SURFACE('',#4526,1.5);
#4056=CYLINDRICAL_SURFACE('',#4529,1.5);
#4057=CYLINDRICAL_SURFACE('',#4533,1.5);
#4058=CYLINDRICAL_SURFACE('',#4536,1.5);
#4059=CYLINDRICAL_SURFACE('',#4540,1.5);
#4060=CYLINDRICAL_SURFACE('',#4543,1.5);
#4061=CYLINDRICAL_SURFACE('',#4547,1.5);
#4062=CYLINDRICAL_SURFACE('',#4550,1.5);
#4063=CYLINDRICAL_SURFACE('',#4554,1.5);
#4064=CYLINDRICAL_SURFACE('',#4557,1.5);
#4065=CYLINDRICAL_SURFACE('',#4580,1.5);
#4066=CYLINDRICAL_SURFACE('',#4583,1.5);
#4067=CYLINDRICAL_SURFACE('',#4586,1.5);
#4068=CYLINDRICAL_SURFACE('',#4589,1.5);
#4069=ADVANCED_FACE('',(#315),#4017,.F.);
#4070=ADVANCED_FACE('',(#316),#4018,.F.);
#4071=ADVANCED_FACE('',(#317),#139,.F.);
#4072=ADVANCED_FACE('',(#318),#4019,.F.);
#4073=ADVANCED_FACE('',(#319),#4020,.F.);
#4074=ADVANCED_FACE('',(#320),#140,.F.);
#4075=ADVANCED_FACE('',(#321),#4021,.F.);
#4076=ADVANCED_FACE('',(#322),#4022,.F.);
#4077=ADVANCED_FACE('',(#323),#141,.F.);
#4078=ADVANCED_FACE('',(#324),#4023,.F.);
#4079=ADVANCED_FACE('',(#325),#4024,.F.);
#4080=ADVANCED_FACE('',(#326),#142,.F.);
#4081=ADVANCED_FACE('',(#327),#4025,.F.);
#4082=ADVANCED_FACE('',(#328),#4026,.F.);
#4083=ADVANCED_FACE('',(#329),#143,.F.);
#4084=ADVANCED_FACE('',(#330),#4027,.F.);
#4085=ADVANCED_FACE('',(#331),#4028,.F.);
#4086=ADVANCED_FACE('',(#332),#144,.F.);
#4087=ADVANCED_FACE('',(#333),#145,.T.);
#4088=ADVANCED_FACE('',(#334,#53,#54,#55),#146,.T.);
#4089=ADVANCED_FACE('',(#335),#147,.T.);
#4090=ADVANCED_FACE('',(#336,#56,#57,#58),#148,.T.);
#4091=ADVANCED_FACE('',(#337,#59,#60,#61),#149,.T.);
#4092=ADVANCED_FACE('',(#338),#150,.T.);
#4093=ADVANCED_FACE('',(#339,#62,#63,#64),#151,.T.);
#4094=ADVANCED_FACE('',(#340),#152,.T.);
#4095=ADVANCED_FACE('',(#341,#65,#66,#67),#153,.T.);
#4096=ADVANCED_FACE('',(#342),#154,.T.);
#4097=ADVANCED_FACE('',(#343),#155,.T.);
#4098=ADVANCED_FACE('',(#344),#156,.T.);
#4099=ADVANCED_FACE('',(#345),#157,.T.);
#4100=ADVANCED_FACE('',(#346),#158,.T.);
#4101=ADVANCED_FACE('',(#347),#159,.T.);
#4102=ADVANCED_FACE('',(#348,#68,#69,#70),#160,.T.);
#4103=ADVANCED_FACE('',(#349),#161,.T.);
#4104=ADVANCED_FACE('',(#350),#162,.F.);
#4105=ADVANCED_FACE('',(#351),#4029,.F.);
#4106=ADVANCED_FACE('',(#352),#4030,.F.);
#4107=ADVANCED_FACE('',(#353),#163,.F.);
#4108=ADVANCED_FACE('',(#354),#4031,.F.);
#4109=ADVANCED_FACE('',(#355),#4032,.F.);
#4110=ADVANCED_FACE('',(#356),#164,.F.);
#4111=ADVANCED_FACE('',(#357),#4033,.F.);
#4112=ADVANCED_FACE('',(#358),#4034,.F.);
#4113=ADVANCED_FACE('',(#359),#165,.F.);
#4114=ADVANCED_FACE('',(#360),#4035,.F.);
#4115=ADVANCED_FACE('',(#361),#4036,.F.);
#4116=ADVANCED_FACE('',(#362),#166,.F.);
#4117=ADVANCED_FACE('',(#363),#4037,.F.);
#4118=ADVANCED_FACE('',(#364),#4038,.F.);
#4119=ADVANCED_FACE('',(#365),#167,.F.);
#4120=ADVANCED_FACE('',(#366),#4039,.F.);
#4121=ADVANCED_FACE('',(#367),#4040,.F.);
#4122=ADVANCED_FACE('',(#368),#168,.F.);
#4123=ADVANCED_FACE('',(#369),#169,.T.);
#4124=ADVANCED_FACE('',(#370,#71,#72,#73),#170,.T.);
#4125=ADVANCED_FACE('',(#371),#171,.T.);
#4126=ADVANCED_FACE('',(#372,#74,#75,#76),#172,.T.);
#4127=ADVANCED_FACE('',(#373,#77,#78,#79),#173,.T.);
#4128=ADVANCED_FACE('',(#374),#174,.T.);
#4129=ADVANCED_FACE('',(#375,#80,#81,#82),#175,.T.);
#4130=ADVANCED_FACE('',(#376),#176,.T.);
#4131=ADVANCED_FACE('',(#377,#83,#84,#85),#177,.T.);
#4132=ADVANCED_FACE('',(#378),#178,.T.);
#4133=ADVANCED_FACE('',(#379),#179,.T.);
#4134=ADVANCED_FACE('',(#380),#180,.T.);
#4135=ADVANCED_FACE('',(#381),#181,.T.);
#4136=ADVANCED_FACE('',(#382),#182,.T.);
#4137=ADVANCED_FACE('',(#383),#183,.T.);
#4138=ADVANCED_FACE('',(#384,#86,#87,#88),#184,.T.);
#4139=ADVANCED_FACE('',(#385),#185,.T.);
#4140=ADVANCED_FACE('',(#386),#186,.F.);
#4141=ADVANCED_FACE('',(#387),#4041,.F.);
#4142=ADVANCED_FACE('',(#388),#4042,.F.);
#4143=ADVANCED_FACE('',(#389),#187,.F.);
#4144=ADVANCED_FACE('',(#390),#4043,.F.);
#4145=ADVANCED_FACE('',(#391),#4044,.F.);
#4146=ADVANCED_FACE('',(#392),#188,.F.);
#4147=ADVANCED_FACE('',(#393),#4045,.F.);
#4148=ADVANCED_FACE('',(#394),#4046,.F.);
#4149=ADVANCED_FACE('',(#395),#189,.F.);
#4150=ADVANCED_FACE('',(#396),#4047,.F.);
#4151=ADVANCED_FACE('',(#397),#4048,.F.);
#4152=ADVANCED_FACE('',(#398),#190,.F.);
#4153=ADVANCED_FACE('',(#399),#4049,.F.);
#4154=ADVANCED_FACE('',(#400),#4050,.F.);
#4155=ADVANCED_FACE('',(#401),#191,.F.);
#4156=ADVANCED_FACE('',(#402),#4051,.F.);
#4157=ADVANCED_FACE('',(#403),#4052,.F.);
#4158=ADVANCED_FACE('',(#404),#192,.F.);
#4159=ADVANCED_FACE('',(#405),#193,.T.);
#4160=ADVANCED_FACE('',(#406),#194,.T.);
#4161=ADVANCED_FACE('',(#407,#89,#90,#91),#195,.T.);
#4162=ADVANCED_FACE('',(#408),#196,.T.);
#4163=ADVANCED_FACE('',(#409,#92,#93,#94),#197,.T.);
#4164=ADVANCED_FACE('',(#410),#198,.T.);
#4165=ADVANCED_FACE('',(#411,#95,#96,#97),#199,.T.);
#4166=ADVANCED_FACE('',(#412,#98,#99,#100),#200,.T.);
#4167=ADVANCED_FACE('',(#413),#201,.T.);
#4168=ADVANCED_FACE('',(#414,#101,#102,#103),#202,.T.);
#4169=ADVANCED_FACE('',(#415),#203,.T.);
#4170=ADVANCED_FACE('',(#416,#104,#105,#106),#204,.T.);
#4171=ADVANCED_FACE('',(#417),#205,.T.);
#4172=ADVANCED_FACE('',(#418),#206,.T.);
#4173=ADVANCED_FACE('',(#419),#207,.T.);
#4174=ADVANCED_FACE('',(#420),#208,.T.);
#4175=ADVANCED_FACE('',(#421),#209,.T.);
#4176=ADVANCED_FACE('',(#422),#210,.F.);
#4177=ADVANCED_FACE('',(#423),#4053,.F.);
#4178=ADVANCED_FACE('',(#424),#4054,.F.);
#4179=ADVANCED_FACE('',(#425),#211,.F.);
#4180=ADVANCED_FACE('',(#426),#4055,.F.);
#4181=ADVANCED_FACE('',(#427),#4056,.F.);
#4182=ADVANCED_FACE('',(#428),#212,.F.);
#4183=ADVANCED_FACE('',(#429),#4057,.F.);
#4184=ADVANCED_FACE('',(#430),#4058,.F.);
#4185=ADVANCED_FACE('',(#431),#213,.F.);
#4186=ADVANCED_FACE('',(#432),#4059,.F.);
#4187=ADVANCED_FACE('',(#433),#4060,.F.);
#4188=ADVANCED_FACE('',(#434),#214,.F.);
#4189=ADVANCED_FACE('',(#435),#4061,.F.);
#4190=ADVANCED_FACE('',(#436),#4062,.F.);
#4191=ADVANCED_FACE('',(#437),#215,.F.);
#4192=ADVANCED_FACE('',(#438),#4063,.F.);
#4193=ADVANCED_FACE('',(#439),#4064,.F.);
#4194=ADVANCED_FACE('',(#440),#216,.F.);
#4195=ADVANCED_FACE('',(#441,#107,#108,#109),#217,.T.);
#4196=ADVANCED_FACE('',(#442),#218,.T.);
#4197=ADVANCED_FACE('',(#443),#219,.T.);
#4198=ADVANCED_FACE('',(#444),#220,.T.);
#4199=ADVANCED_FACE('',(#445),#221,.T.);
#4200=ADVANCED_FACE('',(#446),#222,.T.);
#4201=ADVANCED_FACE('',(#447),#223,.T.);
#4202=ADVANCED_FACE('',(#448,#110,#111,#112),#224,.T.);
#4203=ADVANCED_FACE('',(#449),#225,.T.);
#4204=ADVANCED_FACE('',(#450,#113,#114,#115),#226,.T.);
#4205=ADVANCED_FACE('',(#451),#227,.T.);
#4206=ADVANCED_FACE('',(#452,#116,#117,#118),#228,.T.);
#4207=ADVANCED_FACE('',(#453,#119,#120,#121),#229,.T.);
#4208=ADVANCED_FACE('',(#454),#230,.T.);
#4209=ADVANCED_FACE('',(#455,#122,#123,#124),#231,.T.);
#4210=ADVANCED_FACE('',(#456),#232,.T.);
#4211=ADVANCED_FACE('',(#457),#233,.T.);
#4212=ADVANCED_FACE('',(#458),#234,.F.);
#4213=ADVANCED_FACE('',(#459),#4065,.F.);
#4214=ADVANCED_FACE('',(#460),#4066,.F.);
#4215=ADVANCED_FACE('',(#461),#4067,.F.);
#4216=ADVANCED_FACE('',(#462),#4068,.F.);
#4217=ADVANCED_FACE('',(#463),#235,.T.);
#4218=ADVANCED_FACE('',(#464),#236,.T.);
#4219=ADVANCED_FACE('',(#465),#237,.T.);
#4220=ADVANCED_FACE('',(#466),#238,.T.);
#4221=ADVANCED_FACE('',(#467),#239,.T.);
#4222=ADVANCED_FACE('',(#468),#240,.T.);
#4223=ADVANCED_FACE('',(#469),#241,.T.);
#4224=ADVANCED_FACE('',(#470),#242,.T.);
#4225=ADVANCED_FACE('',(#471),#243,.T.);
#4226=ADVANCED_FACE('',(#472),#244,.T.);
#4227=ADVANCED_FACE('',(#473),#245,.T.);
#4228=ADVANCED_FACE('',(#474),#246,.T.);
#4229=ADVANCED_FACE('',(#475),#247,.T.);
#4230=ADVANCED_FACE('',(#476),#248,.T.);
#4231=ADVANCED_FACE('',(#477),#249,.T.);
#4232=ADVANCED_FACE('',(#478),#250,.T.);
#4233=ADVANCED_FACE('',(#479,#125,#126,#127,#128,#129,#130,#131),#251,.T.);
#4234=ADVANCED_FACE('',(#480,#132,#133,#134,#135,#136,#137,#138),#252,.F.);
#4235=ADVANCED_FACE('',(#481),#253,.T.);
#4236=ADVANCED_FACE('',(#482),#254,.T.);
#4237=ADVANCED_FACE('',(#483),#255,.T.);
#4238=ADVANCED_FACE('',(#484),#256,.T.);
#4239=ADVANCED_FACE('',(#485),#257,.T.);
#4240=ADVANCED_FACE('',(#486),#258,.T.);
#4241=ADVANCED_FACE('',(#487),#259,.T.);
#4242=ADVANCED_FACE('',(#488),#260,.T.);
#4243=ADVANCED_FACE('',(#489),#261,.T.);
#4244=ADVANCED_FACE('',(#490),#262,.T.);
#4245=ADVANCED_FACE('',(#491),#263,.T.);
#4246=ADVANCED_FACE('',(#492),#264,.T.);
#4247=ADVANCED_FACE('',(#493),#265,.T.);
#4248=ADVANCED_FACE('',(#494),#266,.T.);
#4249=ADVANCED_FACE('',(#495),#267,.T.);
#4250=ADVANCED_FACE('',(#496),#268,.T.);
#4251=ADVANCED_FACE('',(#497),#269,.T.);
#4252=ADVANCED_FACE('',(#498),#270,.T.);
#4253=ADVANCED_FACE('',(#499),#271,.T.);
#4254=ADVANCED_FACE('',(#500),#272,.T.);
#4255=ADVANCED_FACE('',(#501),#273,.T.);
#4256=ADVANCED_FACE('',(#502),#274,.T.);
#4257=ADVANCED_FACE('',(#503),#275,.T.);
#4258=ADVANCED_FACE('',(#504),#276,.T.);
#4259=ADVANCED_FACE('',(#505),#277,.T.);
#4260=ADVANCED_FACE('',(#506),#278,.T.);
#4261=ADVANCED_FACE('',(#507),#279,.T.);
#4262=ADVANCED_FACE('',(#508),#280,.T.);
#4263=ADVANCED_FACE('',(#509),#281,.T.);
#4264=ADVANCED_FACE('',(#510),#282,.T.);
#4265=ADVANCED_FACE('',(#511),#283,.T.);
#4266=ADVANCED_FACE('',(#512),#284,.T.);
#4267=ADVANCED_FACE('',(#513),#285,.T.);
#4268=ADVANCED_FACE('',(#514),#286,.T.);
#4269=ADVANCED_FACE('',(#515),#287,.T.);
#4270=ADVANCED_FACE('',(#516),#288,.T.);
#4271=ADVANCED_FACE('',(#517),#289,.T.);
#4272=ADVANCED_FACE('',(#518),#290,.T.);
#4273=ADVANCED_FACE('',(#519),#291,.T.);
#4274=ADVANCED_FACE('',(#520),#292,.T.);
#4275=ADVANCED_FACE('',(#521),#293,.T.);
#4276=ADVANCED_FACE('',(#522),#294,.T.);
#4277=ADVANCED_FACE('',(#523),#295,.T.);
#4278=ADVANCED_FACE('',(#524),#296,.T.);
#4279=ADVANCED_FACE('',(#525),#297,.T.);
#4280=ADVANCED_FACE('',(#526),#298,.T.);
#4281=ADVANCED_FACE('',(#527),#299,.T.);
#4282=ADVANCED_FACE('',(#528),#300,.T.);
#4283=ADVANCED_FACE('',(#529),#301,.T.);
#4284=ADVANCED_FACE('',(#530),#302,.T.);
#4285=ADVANCED_FACE('',(#531),#303,.T.);
#4286=ADVANCED_FACE('',(#532),#304,.T.);
#4287=ADVANCED_FACE('',(#533),#305,.T.);
#4288=ADVANCED_FACE('',(#534),#306,.T.);
#4289=ADVANCED_FACE('',(#535),#307,.T.);
#4290=ADVANCED_FACE('',(#536),#308,.T.);
#4291=ADVANCED_FACE('',(#537),#309,.T.);
#4292=ADVANCED_FACE('',(#538),#310,.T.);
#4293=ADVANCED_FACE('',(#539),#311,.T.);
#4294=ADVANCED_FACE('',(#540),#312,.T.);
#4295=ADVANCED_FACE('',(#541),#313,.T.);
#4296=ADVANCED_FACE('',(#542),#314,.F.);
#4297=CLOSED_SHELL('',(#4069,#4070,#4071,#4072,#4073,#4074,#4075,#4076,
#4077,#4078,#4079,#4080,#4081,#4082,#4083,#4084,#4085,#4086,#4087,#4088,
#4089,#4090,#4091,#4092,#4093,#4094,#4095,#4096,#4097,#4098,#4099,#4100,
#4101,#4102,#4103,#4104));
#4298=CLOSED_SHELL('',(#4105,#4106,#4107,#4108,#4109,#4110,#4111,#4112,
#4113,#4114,#4115,#4116,#4117,#4118,#4119,#4120,#4121,#4122,#4123,#4124,
#4125,#4126,#4127,#4128,#4129,#4130,#4131,#4132,#4133,#4134,#4135,#4136,
#4137,#4138,#4139,#4140));
#4299=CLOSED_SHELL('',(#4141,#4142,#4143,#4144,#4145,#4146,#4147,#4148,
#4149,#4150,#4151,#4152,#4153,#4154,#4155,#4156,#4157,#4158,#4159,#4160,
#4161,#4162,#4163,#4164,#4165,#4166,#4167,#4168,#4169,#4170,#4171,#4172,
#4173,#4174,#4175,#4176));
#4300=CLOSED_SHELL('',(#4177,#4178,#4179,#4180,#4181,#4182,#4183,#4184,
#4185,#4186,#4187,#4188,#4189,#4190,#4191,#4192,#4193,#4194,#4195,#4196,
#4197,#4198,#4199,#4200,#4201,#4202,#4203,#4204,#4205,#4206,#4207,#4208,
#4209,#4210,#4211,#4212));
#4301=CLOSED_SHELL('',(#4213,#4214,#4215,#4216,#4217,#4218,#4219,#4220,
#4221,#4222,#4223,#4224,#4225,#4226,#4227,#4228,#4229,#4230,#4231,#4232,
#4233,#4234));
#4302=CLOSED_SHELL('',(#4235,#4236,#4237,#4238,#4239,#4240,#4241,#4242,
#4243,#4244,#4245,#4246,#4247,#4248,#4249,#4250,#4251,#4252,#4253,#4254,
#4255,#4256,#4257,#4258,#4259,#4260,#4261,#4262,#4263,#4264,#4265,#4266,
#4267,#4268,#4269,#4270,#4271,#4272,#4273,#4274,#4275,#4276,#4277,#4278,
#4279,#4280,#4281,#4282,#4283,#4284,#4285,#4286,#4287,#4288,#4289,#4290,
#4291,#4292,#4293,#4294,#4295,#4296));
#4303=DERIVED_UNIT_ELEMENT(#4309,1.);
#4304=DERIVED_UNIT_ELEMENT(#7044,-3.);
#4305=DERIVED_UNIT_ELEMENT(#4309,1.);
#4306=DERIVED_UNIT_ELEMENT(#7044,-3.);
#4307=DERIVED_UNIT_ELEMENT(#4309,1.);
#4308=DERIVED_UNIT_ELEMENT(#7044,-3.);
#4309=(
MASS_UNIT()
NAMED_UNIT(*)
SI_UNIT(.KILO.,.GRAM.)
);
#4310=DERIVED_UNIT((#4303,#4304));
#4311=DERIVED_UNIT((#4305,#4306));
#4312=DERIVED_UNIT((#4307,#4308));
#4313=MEASURE_REPRESENTATION_ITEM('density measure',
POSITIVE_RATIO_MEASURE(7850.),#4310);
#4314=MEASURE_REPRESENTATION_ITEM('density measure',
POSITIVE_RATIO_MEASURE(2700.),#4311);
#4315=MEASURE_REPRESENTATION_ITEM('density measure',
POSITIVE_RATIO_MEASURE(2700.),#4312);
#4316=PROPERTY_DEFINITION_REPRESENTATION(#4331,#4322);
#4317=PROPERTY_DEFINITION_REPRESENTATION(#4332,#4323);
#4318=PROPERTY_DEFINITION_REPRESENTATION(#4333,#4324);
#4319=PROPERTY_DEFINITION_REPRESENTATION(#4334,#4325);
#4320=PROPERTY_DEFINITION_REPRESENTATION(#4335,#4326);
#4321=PROPERTY_DEFINITION_REPRESENTATION(#4336,#4327);
#4322=REPRESENTATION('material name',(#4328),#7039);
#4323=REPRESENTATION('density',(#4313),#7039);
#4324=REPRESENTATION('material name',(#4329),#7040);
#4325=REPRESENTATION('density',(#4314),#7040);
#4326=REPRESENTATION('material name',(#4330),#7041);
#4327=REPRESENTATION('density',(#4315),#7041);
#4328=DESCRIPTIVE_REPRESENTATION_ITEM('Steel','Steel');
#4329=DESCRIPTIVE_REPRESENTATION_ITEM('Aluminum 6061','Aluminum 6061');
#4330=DESCRIPTIVE_REPRESENTATION_ITEM('Aluminum 6061','Aluminum 6061');
#4331=PROPERTY_DEFINITION('material property','material name',#7067);
#4332=PROPERTY_DEFINITION('material property','density of part',#7067);
#4333=PROPERTY_DEFINITION('material property','material name',#7068);
#4334=PROPERTY_DEFINITION('material property','density of part',#7068);
#4335=PROPERTY_DEFINITION('material property','material name',#7069);
#4336=PROPERTY_DEFINITION('material property','density of part',#7069);
#4337=AXIS2_PLACEMENT_3D('',#5835,#4679,#4680);
#4338=AXIS2_PLACEMENT_3D('',#5836,#4681,#4682);
#4339=AXIS2_PLACEMENT_3D('',#5837,#4683,#4684);
#4340=AXIS2_PLACEMENT_3D('',#5839,#4685,#4686);
#4341=AXIS2_PLACEMENT_3D('',#5842,#4688,#4689);
#4342=AXIS2_PLACEMENT_3D('',#5843,#4690,#4691);
#4343=AXIS2_PLACEMENT_3D('',#5845,#4692,#4693);
#4344=AXIS2_PLACEMENT_3D('',#5848,#4695,#4696);
#4345=AXIS2_PLACEMENT_3D('',#5849,#4697,#4698);
#4346=AXIS2_PLACEMENT_3D('',#5850,#4699,#4700);
#4347=AXIS2_PLACEMENT_3D('',#5852,#4701,#4702);
#4348=AXIS2_PLACEMENT_3D('',#5855,#4704,#4705);
#4349=AXIS2_PLACEMENT_3D('',#5856,#4706,#4707);
#4350=AXIS2_PLACEMENT_3D('',#5858,#4708,#4709);
#4351=AXIS2_PLACEMENT_3D('',#5861,#4711,#4712);
#4352=AXIS2_PLACEMENT_3D('',#5862,#4713,#4714);
#4353=AXIS2_PLACEMENT_3D('',#5863,#4715,#4716);
#4354=AXIS2_PLACEMENT_3D('',#5865,#4717,#4718);
#4355=AXIS2_PLACEMENT_3D('',#5868,#4720,#4721);
#4356=AXIS2_PLACEMENT_3D('',#5869,#4722,#4723);
#4357=AXIS2_PLACEMENT_3D('',#5871,#4724,#4725);
#4358=AXIS2_PLACEMENT_3D('',#5874,#4727,#4728);
#4359=AXIS2_PLACEMENT_3D('',#5875,#4729,#4730);
#4360=AXIS2_PLACEMENT_3D('',#5876,#4731,#4732);
#4361=AXIS2_PLACEMENT_3D('',#5878,#4733,#4734);
#4362=AXIS2_PLACEMENT_3D('',#5881,#4736,#4737);
#4363=AXIS2_PLACEMENT_3D('',#5882,#4738,#4739);
#4364=AXIS2_PLACEMENT_3D('',#5884,#4740,#4741);
#4365=AXIS2_PLACEMENT_3D('',#5887,#4743,#4744);
#4366=AXIS2_PLACEMENT_3D('',#5888,#4745,#4746);
#4367=AXIS2_PLACEMENT_3D('',#5889,#4747,#4748);
#4368=AXIS2_PLACEMENT_3D('',#5891,#4749,#4750);
#4369=AXIS2_PLACEMENT_3D('',#5894,#4752,#4753);
#4370=AXIS2_PLACEMENT_3D('',#5895,#4754,#4755);
#4371=AXIS2_PLACEMENT_3D('',#5897,#4756,#4757);
#4372=AXIS2_PLACEMENT_3D('',#5900,#4759,#4760);
#4373=AXIS2_PLACEMENT_3D('',#5901,#4761,#4762);
#4374=AXIS2_PLACEMENT_3D('',#5902,#4763,#4764);
#4375=AXIS2_PLACEMENT_3D('',#5904,#4765,#4766);
#4376=AXIS2_PLACEMENT_3D('',#5907,#4768,#4769);
#4377=AXIS2_PLACEMENT_3D('',#5908,#4770,#4771);
#4378=AXIS2_PLACEMENT_3D('',#5910,#4772,#4773);
#4379=AXIS2_PLACEMENT_3D('',#5913,#4775,#4776);
#4380=AXIS2_PLACEMENT_3D('',#5914,#4777,#4778);
#4381=AXIS2_PLACEMENT_3D('',#5915,#4779,#4780);
#4382=AXIS2_PLACEMENT_3D('',#5924,#4785,#4786);
#4383=AXIS2_PLACEMENT_3D('',#5930,#4790,#4791);
#4384=AXIS2_PLACEMENT_3D('',#5936,#4795,#4796);
#4385=AXIS2_PLACEMENT_3D('',#5942,#4800,#4801);
#4386=AXIS2_PLACEMENT_3D('',#5948,#4805,#4806);
#4387=AXIS2_PLACEMENT_3D('',#5954,#4810,#4811);
#4388=AXIS2_PLACEMENT_3D('',#5960,#4815,#4816);
#4389=AXIS2_PLACEMENT_3D('',#5966,#4820,#4821);
#4390=AXIS2_PLACEMENT_3D('',#5972,#4825,#4826);
#4391=AXIS2_PLACEMENT_3D('',#5978,#4830,#4831);
#4392=AXIS2_PLACEMENT_3D('',#5984,#4835,#4836);
#4393=AXIS2_PLACEMENT_3D('',#5990,#4840,#4841);
#4394=AXIS2_PLACEMENT_3D('',#5996,#4845,#4846);
#4395=AXIS2_PLACEMENT_3D('',#6002,#4850,#4851);
#4396=AXIS2_PLACEMENT_3D('',#6008,#4855,#4856);
#4397=AXIS2_PLACEMENT_3D('',#6011,#4859,#4860);
#4398=AXIS2_PLACEMENT_3D('',#6012,#4861,#4862);
#4399=AXIS2_PLACEMENT_3D('',#6013,#4863,#4864);
#4400=AXIS2_PLACEMENT_3D('',#6015,#4865,#4866);
#4401=AXIS2_PLACEMENT_3D('',#6018,#4868,#4869);
#4402=AXIS2_PLACEMENT_3D('',#6019,#4870,#4871);
#4403=AXIS2_PLACEMENT_3D('',#6021,#4872,#4873);
#4404=AXIS2_PLACEMENT_3D('',#6024,#4875,#4876);
#4405=AXIS2_PLACEMENT_3D('',#6025,#4877,#4878);
#4406=AXIS2_PLACEMENT_3D('',#6026,#4879,#4880);
#4407=AXIS2_PLACEMENT_3D('',#6028,#4881,#4882);
#4408=AXIS2_PLACEMENT_3D('',#6031,#4884,#4885);
#4409=AXIS2_PLACEMENT_3D('',#6032,#4886,#4887);
#4410=AXIS2_PLACEMENT_3D('',#6034,#4888,#4889);
#4411=AXIS2_PLACEMENT_3D('',#6037,#4891,#4892);
#4412=AXIS2_PLACEMENT_3D('',#6038,#4893,#4894);
#4413=AXIS2_PLACEMENT_3D('',#6039,#4895,#4896);
#4414=AXIS2_PLACEMENT_3D('',#6041,#4897,#4898);
#4415=AXIS2_PLACEMENT_3D('',#6044,#4900,#4901);
#4416=AXIS2_PLACEMENT_3D('',#6045,#4902,#4903);
#4417=AXIS2_PLACEMENT_3D('',#6047,#4904,#4905);
#4418=AXIS2_PLACEMENT_3D('',#6050,#4907,#4908);
#4419=AXIS2_PLACEMENT_3D('',#6051,#4909,#4910);
#4420=AXIS2_PLACEMENT_3D('',#6052,#4911,#4912);
#4421=AXIS2_PLACEMENT_3D('',#6054,#4913,#4914);
#4422=AXIS2_PLACEMENT_3D('',#6057,#4916,#4917);
#4423=AXIS2_PLACEMENT_3D('',#6058,#4918,#4919);
#4424=AXIS2_PLACEMENT_3D('',#6060,#4920,#4921);
#4425=AXIS2_PLACEMENT_3D('',#6063,#4923,#4924);
#4426=AXIS2_PLACEMENT_3D('',#6064,#4925,#4926);
#4427=AXIS2_PLACEMENT_3D('',#6065,#4927,#4928);
#4428=AXIS2_PLACEMENT_3D('',#6067,#4929,#4930);
#4429=AXIS2_PLACEMENT_3D('',#6070,#4932,#4933);
#4430=AXIS2_PLACEMENT_3D('',#6071,#4934,#4935);
#4431=AXIS2_PLACEMENT_3D('',#6073,#4936,#4937);
#4432=AXIS2_PLACEMENT_3D('',#6076,#4939,#4940);
#4433=AXIS2_PLACEMENT_3D('',#6077,#4941,#4942);
#4434=AXIS2_PLACEMENT_3D('',#6078,#4943,#4944);
#4435=AXIS2_PLACEMENT_3D('',#6080,#4945,#4946);
#4436=AXIS2_PLACEMENT_3D('',#6083,#4948,#4949);
#4437=AXIS2_PLACEMENT_3D('',#6084,#4950,#4951);
#4438=AXIS2_PLACEMENT_3D('',#6086,#4952,#4953);
#4439=AXIS2_PLACEMENT_3D('',#6089,#4955,#4956);
#4440=AXIS2_PLACEMENT_3D('',#6090,#4957,#4958);
#4441=AXIS2_PLACEMENT_3D('',#6091,#4959,#4960);
#4442=AXIS2_PLACEMENT_3D('',#6100,#4965,#4966);
#4443=AXIS2_PLACEMENT_3D('',#6106,#4970,#4971);
#4444=AXIS2_PLACEMENT_3D('',#6112,#4975,#4976);
#4445=AXIS2_PLACEMENT_3D('',#6118,#4980,#4981);
#4446=AXIS2_PLACEMENT_3D('',#6124,#4985,#4986);
#4447=AXIS2_PLACEMENT_3D('',#6130,#4990,#4991);
#4448=AXIS2_PLACEMENT_3D('',#6136,#4995,#4996);
#4449=AXIS2_PLACEMENT_3D('',#6142,#5000,#5001);
#4450=AXIS2_PLACEMENT_3D('',#6148,#5005,#5006);
#4451=AXIS2_PLACEMENT_3D('',#6154,#5010,#5011);
#4452=AXIS2_PLACEMENT_3D('',#6160,#5015,#5016);
#4453=AXIS2_PLACEMENT_3D('',#6166,#5020,#5021);
#4454=AXIS2_PLACEMENT_3D('',#6172,#5025,#5026);
#4455=AXIS2_PLACEMENT_3D('',#6178,#5030,#5031);
#4456=AXIS2_PLACEMENT_3D('',#6184,#5035,#5036);
#4457=AXIS2_PLACEMENT_3D('',#6187,#5039,#5040);
#4458=AXIS2_PLACEMENT_3D('',#6188,#5041,#5042);
#4459=AXIS2_PLACEMENT_3D('',#6189,#5043,#5044);
#4460=AXIS2_PLACEMENT_3D('',#6191,#5045,#5046);
#4461=AXIS2_PLACEMENT_3D('',#6194,#5048,#5049);
#4462=AXIS2_PLACEMENT_3D('',#6195,#5050,#5051);
#4463=AXIS2_PLACEMENT_3D('',#6197,#5052,#5053);
#4464=AXIS2_PLACEMENT_3D('',#6200,#5055,#5056);
#4465=AXIS2_PLACEMENT_3D('',#6201,#5057,#5058);
#4466=AXIS2_PLACEMENT_3D('',#6202,#5059,#5060);
#4467=AXIS2_PLACEMENT_3D('',#6204,#5061,#5062);
#4468=AXIS2_PLACEMENT_3D('',#6207,#5064,#5065);
#4469=AXIS2_PLACEMENT_3D('',#6208,#5066,#5067);
#4470=AXIS2_PLACEMENT_3D('',#6210,#5068,#5069);
#4471=AXIS2_PLACEMENT_3D('',#6213,#5071,#5072);
#4472=AXIS2_PLACEMENT_3D('',#6214,#5073,#5074);
#4473=AXIS2_PLACEMENT_3D('',#6215,#5075,#5076);
#4474=AXIS2_PLACEMENT_3D('',#6217,#5077,#5078);
#4475=AXIS2_PLACEMENT_3D('',#6220,#5080,#5081);
#4476=AXIS2_PLACEMENT_3D('',#6221,#5082,#5083);
#4477=AXIS2_PLACEMENT_3D('',#6223,#5084,#5085);
#4478=AXIS2_PLACEMENT_3D('',#6226,#5087,#5088);
#4479=AXIS2_PLACEMENT_3D('',#6227,#5089,#5090);
#4480=AXIS2_PLACEMENT_3D('',#6228,#5091,#5092);
#4481=AXIS2_PLACEMENT_3D('',#6230,#5093,#5094);
#4482=AXIS2_PLACEMENT_3D('',#6233,#5096,#5097);
#4483=AXIS2_PLACEMENT_3D('',#6234,#5098,#5099);
#4484=AXIS2_PLACEMENT_3D('',#6236,#5100,#5101);
#4485=AXIS2_PLACEMENT_3D('',#6239,#5103,#5104);
#4486=AXIS2_PLACEMENT_3D('',#6240,#5105,#5106);
#4487=AXIS2_PLACEMENT_3D('',#6241,#5107,#5108);
#4488=AXIS2_PLACEMENT_3D('',#6243,#5109,#5110);
#4489=AXIS2_PLACEMENT_3D('',#6246,#5112,#5113);
#4490=AXIS2_PLACEMENT_3D('',#6247,#5114,#5115);
#4491=AXIS2_PLACEMENT_3D('',#6249,#5116,#5117);
#4492=AXIS2_PLACEMENT_3D('',#6252,#5119,#5120);
#4493=AXIS2_PLACEMENT_3D('',#6253,#5121,#5122);
#4494=AXIS2_PLACEMENT_3D('',#6254,#5123,#5124);
#4495=AXIS2_PLACEMENT_3D('',#6256,#5125,#5126);
#4496=AXIS2_PLACEMENT_3D('',#6259,#5128,#5129);
#4497=AXIS2_PLACEMENT_3D('',#6260,#5130,#5131);
#4498=AXIS2_PLACEMENT_3D('',#6262,#5132,#5133);
#4499=AXIS2_PLACEMENT_3D('',#6265,#5135,#5136);
#4500=AXIS2_PLACEMENT_3D('',#6266,#5137,#5138);
#4501=AXIS2_PLACEMENT_3D('',#6267,#5139,#5140);
#4502=AXIS2_PLACEMENT_3D('',#6276,#5145,#5146);
#4503=AXIS2_PLACEMENT_3D('',#6282,#5150,#5151);
#4504=AXIS2_PLACEMENT_3D('',#6288,#5155,#5156);
#4505=AXIS2_PLACEMENT_3D('',#6294,#5160,#5161);
#4506=AXIS2_PLACEMENT_3D('',#6300,#5165,#5166);
#4507=AXIS2_PLACEMENT_3D('',#6306,#5170,#5171);
#4508=AXIS2_PLACEMENT_3D('',#6312,#5175,#5176);
#4509=AXIS2_PLACEMENT_3D('',#6318,#5180,#5181);
#4510=AXIS2_PLACEMENT_3D('',#6324,#5185,#5186);
#4511=AXIS2_PLACEMENT_3D('',#6330,#5190,#5191);
#4512=AXIS2_PLACEMENT_3D('',#6336,#5195,#5196);
#4513=AXIS2_PLACEMENT_3D('',#6342,#5200,#5201);
#4514=AXIS2_PLACEMENT_3D('',#6348,#5205,#5206);
#4515=AXIS2_PLACEMENT_3D('',#6354,#5210,#5211);
#4516=AXIS2_PLACEMENT_3D('',#6360,#5215,#5216);
#4517=AXIS2_PLACEMENT_3D('',#6363,#5219,#5220);
#4518=AXIS2_PLACEMENT_3D('',#6364,#5221,#5222);
#4519=AXIS2_PLACEMENT_3D('',#6365,#5223,#5224);
#4520=AXIS2_PLACEMENT_3D('',#6367,#5225,#5226);
#4521=AXIS2_PLACEMENT_3D('',#6370,#5228,#5229);
#4522=AXIS2_PLACEMENT_3D('',#6371,#5230,#5231);
#4523=AXIS2_PLACEMENT_3D('',#6373,#5232,#5233);
#4524=AXIS2_PLACEMENT_3D('',#6376,#5235,#5236);
#4525=AXIS2_PLACEMENT_3D('',#6377,#5237,#5238);
#4526=AXIS2_PLACEMENT_3D('',#6378,#5239,#5240);
#4527=AXIS2_PLACEMENT_3D('',#6380,#5241,#5242);
#4528=AXIS2_PLACEMENT_3D('',#6383,#5244,#5245);
#4529=AXIS2_PLACEMENT_3D('',#6384,#5246,#5247);
#4530=AXIS2_PLACEMENT_3D('',#6386,#5248,#5249);
#4531=AXIS2_PLACEMENT_3D('',#6389,#5251,#5252);
#4532=AXIS2_PLACEMENT_3D('',#6390,#5253,#5254);
#4533=AXIS2_PLACEMENT_3D('',#6391,#5255,#5256);
#4534=AXIS2_PLACEMENT_3D('',#6393,#5257,#5258);
#4535=AXIS2_PLACEMENT_3D('',#6396,#5260,#5261);
#4536=AXIS2_PLACEMENT_3D('',#6397,#5262,#5263);
#4537=AXIS2_PLACEMENT_3D('',#6399,#5264,#5265);
#4538=AXIS2_PLACEMENT_3D('',#6402,#5267,#5268);
#4539=AXIS2_PLACEMENT_3D('',#6403,#5269,#5270);
#4540=AXIS2_PLACEMENT_3D('',#6404,#5271,#5272);
#4541=AXIS2_PLACEMENT_3D('',#6406,#5273,#5274);
#4542=AXIS2_PLACEMENT_3D('',#6409,#5276,#5277);
#4543=AXIS2_PLACEMENT_3D('',#6410,#5278,#5279);
#4544=AXIS2_PLACEMENT_3D('',#6412,#5280,#5281);
#4545=AXIS2_PLACEMENT_3D('',#6415,#5283,#5284);
#4546=AXIS2_PLACEMENT_3D('',#6416,#5285,#5286);
#4547=AXIS2_PLACEMENT_3D('',#6417,#5287,#5288);
#4548=AXIS2_PLACEMENT_3D('',#6419,#5289,#5290);
#4549=AXIS2_PLACEMENT_3D('',#6422,#5292,#5293);
#4550=AXIS2_PLACEMENT_3D('',#6423,#5294,#5295);
#4551=AXIS2_PLACEMENT_3D('',#6425,#5296,#5297);
#4552=AXIS2_PLACEMENT_3D('',#6428,#5299,#5300);
#4553=AXIS2_PLACEMENT_3D('',#6429,#5301,#5302);
#4554=AXIS2_PLACEMENT_3D('',#6430,#5303,#5304);
#4555=AXIS2_PLACEMENT_3D('',#6432,#5305,#5306);
#4556=AXIS2_PLACEMENT_3D('',#6435,#5308,#5309);
#4557=AXIS2_PLACEMENT_3D('',#6436,#5310,#5311);
#4558=AXIS2_PLACEMENT_3D('',#6438,#5312,#5313);
#4559=AXIS2_PLACEMENT_3D('',#6441,#5315,#5316);
#4560=AXIS2_PLACEMENT_3D('',#6442,#5317,#5318);
#4561=AXIS2_PLACEMENT_3D('',#6443,#5319,#5320);
#4562=AXIS2_PLACEMENT_3D('',#6452,#5325,#5326);
#4563=AXIS2_PLACEMENT_3D('',#6458,#5330,#5331);
#4564=AXIS2_PLACEMENT_3D('',#6464,#5335,#5336);
#4565=AXIS2_PLACEMENT_3D('',#6470,#5340,#5341);
#4566=AXIS2_PLACEMENT_3D('',#6476,#5345,#5346);
#4567=AXIS2_PLACEMENT_3D('',#6482,#5350,#5351);
#4568=AXIS2_PLACEMENT_3D('',#6488,#5355,#5356);
#4569=AXIS2_PLACEMENT_3D('',#6494,#5360,#5361);
#4570=AXIS2_PLACEMENT_3D('',#6500,#5365,#5366);
#4571=AXIS2_PLACEMENT_3D('',#6506,#5370,#5371);
#4572=AXIS2_PLACEMENT_3D('',#6512,#5375,#5376);
#4573=AXIS2_PLACEMENT_3D('',#6518,#5380,#5381);
#4574=AXIS2_PLACEMENT_3D('',#6524,#5385,#5386);
#4575=AXIS2_PLACEMENT_3D('',#6530,#5390,#5391);
#4576=AXIS2_PLACEMENT_3D('',#6536,#5395,#5396);
#4577=AXIS2_PLACEMENT_3D('',#6539,#5399,#5400);
#4578=AXIS2_PLACEMENT_3D('',#6540,#5401,#5402);
#4579=AXIS2_PLACEMENT_3D('',#6541,#5403,#5404);
#4580=AXIS2_PLACEMENT_3D('',#6542,#5405,#5406);
#4581=AXIS2_PLACEMENT_3D('',#6544,#5407,#5408);
#4582=AXIS2_PLACEMENT_3D('',#6547,#5410,#5411);
#4583=AXIS2_PLACEMENT_3D('',#6548,#5412,#5413);
#4584=AXIS2_PLACEMENT_3D('',#6550,#5414,#5415);
#4585=AXIS2_PLACEMENT_3D('',#6553,#5417,#5418);
#4586=AXIS2_PLACEMENT_3D('',#6554,#5419,#5420);
#4587=AXIS2_PLACEMENT_3D('',#6556,#5421,#5422);
#4588=AXIS2_PLACEMENT_3D('',#6559,#5424,#5425);
#4589=AXIS2_PLACEMENT_3D('',#6560,#5426,#5427);
#4590=AXIS2_PLACEMENT_3D('',#6562,#5428,#5429);
#4591=AXIS2_PLACEMENT_3D('',#6565,#5431,#5432);
#4592=AXIS2_PLACEMENT_3D('',#6566,#5433,#5434);
#4593=AXIS2_PLACEMENT_3D('',#6575,#5439,#5440);
#4594=AXIS2_PLACEMENT_3D('',#6581,#5444,#5445);
#4595=AXIS2_PLACEMENT_3D('',#6587,#5449,#5450);
#4596=AXIS2_PLACEMENT_3D('',#6590,#5453,#5454);
#4597=AXIS2_PLACEMENT_3D('',#6599,#5459,#5460);
#4598=AXIS2_PLACEMENT_3D('',#6605,#5464,#5465);
#4599=AXIS2_PLACEMENT_3D('',#6611,#5469,#5470);
#4600=AXIS2_PLACEMENT_3D('',#6614,#5473,#5474);
#4601=AXIS2_PLACEMENT_3D('',#6623,#5479,#5480);
#4602=AXIS2_PLACEMENT_3D('',#6629,#5484,#5485);
#4603=AXIS2_PLACEMENT_3D('',#6635,#5489,#5490);
#4604=AXIS2_PLACEMENT_3D('',#6638,#5493,#5494);
#4605=AXIS2_PLACEMENT_3D('',#6647,#5499,#5500);
#4606=AXIS2_PLACEMENT_3D('',#6653,#5504,#5505);
#4607=AXIS2_PLACEMENT_3D('',#6659,#5509,#5510);
#4608=AXIS2_PLACEMENT_3D('',#6662,#5513,#5514);
#4609=AXIS2_PLACEMENT_3D('',#6663,#5515,#5516);
#4610=AXIS2_PLACEMENT_3D('',#6664,#5517,#5518);
#4611=AXIS2_PLACEMENT_3D('',#6665,#5519,#5520);
#4612=AXIS2_PLACEMENT_3D('',#6674,#5525,#5526);
#4613=AXIS2_PLACEMENT_3D('',#6680,#5530,#5531);
#4614=AXIS2_PLACEMENT_3D('',#6686,#5535,#5536);
#4615=AXIS2_PLACEMENT_3D('',#6692,#5540,#5541);
#4616=AXIS2_PLACEMENT_3D('',#6698,#5545,#5546);
#4617=AXIS2_PLACEMENT_3D('',#6704,#5550,#5551);
#4618=AXIS2_PLACEMENT_3D('',#6710,#5555,#5556);
#4619=AXIS2_PLACEMENT_3D('',#6716,#5560,#5561);
#4620=AXIS2_PLACEMENT_3D('',#6722,#5565,#5566);
#4621=AXIS2_PLACEMENT_3D('',#6728,#5570,#5571);
#4622=AXIS2_PLACEMENT_3D('',#6734,#5575,#5576);
#4623=AXIS2_PLACEMENT_3D('',#6740,#5580,#5581);
#4624=AXIS2_PLACEMENT_3D('',#6746,#5585,#5586);
#4625=AXIS2_PLACEMENT_3D('',#6752,#5590,#5591);
#4626=AXIS2_PLACEMENT_3D('',#6758,#5595,#5596);
#4627=AXIS2_PLACEMENT_3D('',#6764,#5600,#5601);
#4628=AXIS2_PLACEMENT_3D('',#6770,#5605,#5606);
#4629=AXIS2_PLACEMENT_3D('',#6776,#5610,#5611);
#4630=AXIS2_PLACEMENT_3D('',#6782,#5615,#5616);
#4631=AXIS2_PLACEMENT_3D('',#6788,#5620,#5621);
#4632=AXIS2_PLACEMENT_3D('',#6794,#5625,#5626);
#4633=AXIS2_PLACEMENT_3D('',#6800,#5630,#5631);
#4634=AXIS2_PLACEMENT_3D('',#6806,#5635,#5636);
#4635=AXIS2_PLACEMENT_3D('',#6812,#5640,#5641);
#4636=AXIS2_PLACEMENT_3D('',#6818,#5645,#5646);
#4637=AXIS2_PLACEMENT_3D('',#6824,#5650,#5651);
#4638=AXIS2_PLACEMENT_3D('',#6830,#5655,#5656);
#4639=AXIS2_PLACEMENT_3D('',#6836,#5660,#5661);
#4640=AXIS2_PLACEMENT_3D('',#6842,#5665,#5666);
#4641=AXIS2_PLACEMENT_3D('',#6848,#5670,#5671);
#4642=AXIS2_PLACEMENT_3D('',#6854,#5675,#5676);
#4643=AXIS2_PLACEMENT_3D('',#6860,#5680,#5681);
#4644=AXIS2_PLACEMENT_3D('',#6866,#5685,#5686);
#4645=AXIS2_PLACEMENT_3D('',#6872,#5690,#5691);
#4646=AXIS2_PLACEMENT_3D('',#6878,#5695,#5696);
#4647=AXIS2_PLACEMENT_3D('',#6884,#5700,#5701);
#4648=AXIS2_PLACEMENT_3D('',#6890,#5705,#5706);
#4649=AXIS2_PLACEMENT_3D('',#6896,#5710,#5711);
#4650=AXIS2_PLACEMENT_3D('',#6902,#5715,#5716);
#4651=AXIS2_PLACEMENT_3D('',#6908,#5720,#5721);
#4652=AXIS2_PLACEMENT_3D('',#6914,#5725,#5726);
#4653=AXIS2_PLACEMENT_3D('',#6920,#5730,#5731);
#4654=AXIS2_PLACEMENT_3D('',#6926,#5735,#5736);
#4655=AXIS2_PLACEMENT_3D('',#6932,#5740,#5741);
#4656=AXIS2_PLACEMENT_3D('',#6938,#5745,#5746);
#4657=AXIS2_PLACEMENT_3D('',#6944,#5750,#5751);
#4658=AXIS2_PLACEMENT_3D('',#6950,#5755,#5756);
#4659=AXIS2_PLACEMENT_3D('',#6956,#5760,#5761);
#4660=AXIS2_PLACEMENT_3D('',#6962,#5765,#5766);
#4661=AXIS2_PLACEMENT_3D('',#6968,#5770,#5771);
#4662=AXIS2_PLACEMENT_3D('',#6974,#5775,#5776);
#4663=AXIS2_PLACEMENT_3D('',#6980,#5780,#5781);
#4664=AXIS2_PLACEMENT_3D('',#6986,#5785,#5786);
#4665=AXIS2_PLACEMENT_3D('',#6992,#5790,#5791);
#4666=AXIS2_PLACEMENT_3D('',#6998,#5795,#5796);
#4667=AXIS2_PLACEMENT_3D('',#7004,#5800,#5801);
#4668=AXIS2_PLACEMENT_3D('',#7010,#5805,#5806);
#4669=AXIS2_PLACEMENT_3D('',#7016,#5810,#5811);
#4670=AXIS2_PLACEMENT_3D('',#7022,#5815,#5816);
#4671=AXIS2_PLACEMENT_3D('',#7025,#5819,#5820);
#4672=AXIS2_PLACEMENT_3D('',#7026,#5821,#5822);
#4673=AXIS2_PLACEMENT_3D('',#7027,#5823,#5824);
#4674=AXIS2_PLACEMENT_3D('',#7028,#5825,#5826);
#4675=AXIS2_PLACEMENT_3D('',#7029,#5827,#5828);
#4676=AXIS2_PLACEMENT_3D('',#7030,#5829,#5830);
#4677=AXIS2_PLACEMENT_3D('',#7031,#5831,#5832);
#4678=AXIS2_PLACEMENT_3D('',#7032,#5833,#5834);
#4679=DIRECTION('axis',(0.,0.,1.));
#4680=DIRECTION('refdir',(1.,0.,0.));
#4681=DIRECTION('axis',(0.,0.,1.));
#4682=DIRECTION('refdir',(1.,0.,0.));
#4683=DIRECTION('center_axis',(1.,0.,0.));
#4684=DIRECTION('ref_axis',(0.,-1.,0.));
#4685=DIRECTION('center_axis',(1.,0.,0.));
#4686=DIRECTION('ref_axis',(0.,-1.,0.));
#4687=DIRECTION('',(1.,0.,0.));
#4688=DIRECTION('center_axis',(1.,0.,0.));
#4689=DIRECTION('ref_axis',(0.,-1.,0.));
#4690=DIRECTION('center_axis',(1.,0.,0.));
#4691=DIRECTION('ref_axis',(0.,-1.,0.));
#4692=DIRECTION('center_axis',(1.,0.,0.));
#4693=DIRECTION('ref_axis',(0.,-1.,0.));
#4694=DIRECTION('',(1.,0.,0.));
#4695=DIRECTION('center_axis',(-1.,0.,0.));
#4696=DIRECTION('ref_axis',(0.,-1.,0.));
#4697=DIRECTION('center_axis',(1.,0.,0.));
#4698=DIRECTION('ref_axis',(0.,-1.,0.));
#4699=DIRECTION('center_axis',(1.,0.,0.));
#4700=DIRECTION('ref_axis',(0.,-1.,0.));
#4701=DIRECTION('center_axis',(1.,0.,0.));
#4702=DIRECTION('ref_axis',(0.,-1.,0.));
#4703=DIRECTION('',(1.,0.,0.));
#4704=DIRECTION('center_axis',(1.,0.,0.));
#4705=DIRECTION('ref_axis',(0.,-1.,0.));
#4706=DIRECTION('center_axis',(1.,0.,0.));
#4707=DIRECTION('ref_axis',(0.,-1.,0.));
#4708=DIRECTION('center_axis',(1.,0.,0.));
#4709=DIRECTION('ref_axis',(0.,-1.,0.));
#4710=DIRECTION('',(1.,0.,0.));
#4711=DIRECTION('center_axis',(-1.,0.,0.));
#4712=DIRECTION('ref_axis',(0.,-1.,0.));
#4713=DIRECTION('center_axis',(1.,0.,0.));
#4714=DIRECTION('ref_axis',(0.,-1.,0.));
#4715=DIRECTION('center_axis',(1.,0.,0.));
#4716=DIRECTION('ref_axis',(0.,-1.,0.));
#4717=DIRECTION('center_axis',(1.,0.,0.));
#4718=DIRECTION('ref_axis',(0.,-1.,0.));
#4719=DIRECTION('',(1.,0.,0.));
#4720=DIRECTION('center_axis',(1.,0.,0.));
#4721=DIRECTION('ref_axis',(0.,-1.,0.));
#4722=DIRECTION('center_axis',(1.,0.,0.));
#4723=DIRECTION('ref_axis',(0.,-1.,0.));
#4724=DIRECTION('center_axis',(1.,0.,0.));
#4725=DIRECTION('ref_axis',(0.,-1.,0.));
#4726=DIRECTION('',(1.,0.,0.));
#4727=DIRECTION('center_axis',(-1.,0.,0.));
#4728=DIRECTION('ref_axis',(0.,-1.,0.));
#4729=DIRECTION('center_axis',(1.,0.,0.));
#4730=DIRECTION('ref_axis',(0.,-1.,0.));
#4731=DIRECTION('center_axis',(0.,-1.,0.));
#4732=DIRECTION('ref_axis',(0.,0.,1.));
#4733=DIRECTION('center_axis',(0.,-1.,0.));
#4734=DIRECTION('ref_axis',(0.,0.,1.));
#4735=DIRECTION('',(0.,-1.,0.));
#4736=DIRECTION('center_axis',(0.,-1.,0.));
#4737=DIRECTION('ref_axis',(0.,0.,1.));
#4738=DIRECTION('center_axis',(0.,-1.,0.));
#4739=DIRECTION('ref_axis',(0.,0.,1.));
#4740=DIRECTION('center_axis',(0.,-1.,0.));
#4741=DIRECTION('ref_axis',(0.,0.,1.));
#4742=DIRECTION('',(0.,-1.,0.));
#4743=DIRECTION('center_axis',(0.,1.,0.));
#4744=DIRECTION('ref_axis',(0.,0.,1.));
#4745=DIRECTION('center_axis',(0.,-1.,0.));
#4746=DIRECTION('ref_axis',(0.,0.,1.));
#4747=DIRECTION('center_axis',(0.,-1.,0.));
#4748=DIRECTION('ref_axis',(0.,0.,1.));
#4749=DIRECTION('center_axis',(0.,-1.,0.));
#4750=DIRECTION('ref_axis',(0.,0.,1.));
#4751=DIRECTION('',(0.,-1.,0.));
#4752=DIRECTION('center_axis',(0.,-1.,0.));
#4753=DIRECTION('ref_axis',(0.,0.,1.));
#4754=DIRECTION('center_axis',(0.,-1.,0.));
#4755=DIRECTION('ref_axis',(0.,0.,1.));
#4756=DIRECTION('center_axis',(0.,-1.,0.));
#4757=DIRECTION('ref_axis',(0.,0.,1.));
#4758=DIRECTION('',(0.,-1.,0.));
#4759=DIRECTION('center_axis',(0.,1.,0.));
#4760=DIRECTION('ref_axis',(0.,0.,1.));
#4761=DIRECTION('center_axis',(0.,-1.,0.));
#4762=DIRECTION('ref_axis',(0.,0.,1.));
#4763=DIRECTION('center_axis',(0.,-1.,0.));
#4764=DIRECTION('ref_axis',(0.,0.,1.));
#4765=DIRECTION('center_axis',(0.,-1.,0.));
#4766=DIRECTION('ref_axis',(0.,0.,1.));
#4767=DIRECTION('',(0.,-1.,0.));
#4768=DIRECTION('center_axis',(0.,-1.,0.));
#4769=DIRECTION('ref_axis',(0.,0.,1.));
#4770=DIRECTION('center_axis',(0.,-1.,0.));
#4771=DIRECTION('ref_axis',(0.,0.,1.));
#4772=DIRECTION('center_axis',(0.,-1.,0.));
#4773=DIRECTION('ref_axis',(0.,0.,1.));
#4774=DIRECTION('',(0.,-1.,0.));
#4775=DIRECTION('center_axis',(0.,1.,0.));
#4776=DIRECTION('ref_axis',(0.,0.,1.));
#4777=DIRECTION('center_axis',(0.,-1.,0.));
#4778=DIRECTION('ref_axis',(0.,0.,1.));
#4779=DIRECTION('center_axis',(0.,-1.,0.));
#4780=DIRECTION('ref_axis',(1.,0.,0.));
#4781=DIRECTION('',(-1.,0.,0.));
#4782=DIRECTION('',(0.,0.,1.));
#4783=DIRECTION('',(1.,0.,0.));
#4784=DIRECTION('',(0.,0.,1.));
#4785=DIRECTION('center_axis',(1.,0.,0.));
#4786=DIRECTION('ref_axis',(0.,1.,0.));
#4787=DIRECTION('',(0.,-1.,0.));
#4788=DIRECTION('',(0.,1.,0.));
#4789=DIRECTION('',(0.,0.,1.));
#4790=DIRECTION('center_axis',(0.,-1.,0.));
#4791=DIRECTION('ref_axis',(1.,0.,0.));
#4792=DIRECTION('',(-1.,0.,0.));
#4793=DIRECTION('',(1.,0.,0.));
#4794=DIRECTION('',(0.,0.,1.));
#4795=DIRECTION('center_axis',(-1.,0.,0.));
#4796=DIRECTION('ref_axis',(0.,-1.,0.));
#4797=DIRECTION('',(0.,1.,0.));
#4798=DIRECTION('',(0.,-1.,0.));
#4799=DIRECTION('',(0.,0.,1.));
#4800=DIRECTION('center_axis',(0.,1.,0.));
#4801=DIRECTION('ref_axis',(-1.,0.,0.));
#4802=DIRECTION('',(1.,0.,0.));
#4803=DIRECTION('',(-1.,0.,0.));
#4804=DIRECTION('',(0.,0.,1.));
#4805=DIRECTION('center_axis',(1.,0.,0.));
#4806=DIRECTION('ref_axis',(0.,1.,0.));
#4807=DIRECTION('',(0.,-1.,0.));
#4808=DIRECTION('',(0.,1.,0.));
#4809=DIRECTION('',(0.,0.,1.));
#4810=DIRECTION('center_axis',(0.,-1.,0.));
#4811=DIRECTION('ref_axis',(1.,0.,0.));
#4812=DIRECTION('',(-1.,0.,0.));
#4813=DIRECTION('',(1.,0.,0.));
#4814=DIRECTION('',(0.,0.,1.));
#4815=DIRECTION('center_axis',(1.,0.,0.));
#4816=DIRECTION('ref_axis',(0.,1.,0.));
#4817=DIRECTION('',(0.,-1.,0.));
#4818=DIRECTION('',(0.,1.,0.));
#4819=DIRECTION('',(0.,0.,1.));
#4820=DIRECTION('center_axis',(0.,1.,0.));
#4821=DIRECTION('ref_axis',(-1.,0.,0.));
#4822=DIRECTION('',(1.,0.,0.));
#4823=DIRECTION('',(-1.,0.,0.));
#4824=DIRECTION('',(0.,0.,1.));
#4825=DIRECTION('center_axis',(1.,0.,0.));
#4826=DIRECTION('ref_axis',(0.,1.,0.));
#4827=DIRECTION('',(0.,-1.,0.));
#4828=DIRECTION('',(0.,1.,0.));
#4829=DIRECTION('',(0.,0.,1.));
#4830=DIRECTION('center_axis',(0.,-1.,0.));
#4831=DIRECTION('ref_axis',(1.,0.,0.));
#4832=DIRECTION('',(-1.,0.,0.));
#4833=DIRECTION('',(1.,0.,0.));
#4834=DIRECTION('',(0.,0.,1.));
#4835=DIRECTION('center_axis',(1.,0.,0.));
#4836=DIRECTION('ref_axis',(0.,1.,0.));
#4837=DIRECTION('',(0.,-1.,0.));
#4838=DIRECTION('',(0.,1.,0.));
#4839=DIRECTION('',(0.,0.,1.));
#4840=DIRECTION('center_axis',(0.,-1.,0.));
#4841=DIRECTION('ref_axis',(1.,0.,0.));
#4842=DIRECTION('',(-1.,0.,0.));
#4843=DIRECTION('',(1.,0.,0.));
#4844=DIRECTION('',(0.,0.,1.));
#4845=DIRECTION('center_axis',(1.,0.,0.));
#4846=DIRECTION('ref_axis',(0.,1.,0.));
#4847=DIRECTION('',(0.,-1.,0.));
#4848=DIRECTION('',(0.,1.,0.));
#4849=DIRECTION('',(0.,0.,1.));
#4850=DIRECTION('center_axis',(0.,-1.,0.));
#4851=DIRECTION('ref_axis',(1.,0.,0.));
#4852=DIRECTION('',(-1.,0.,0.));
#4853=DIRECTION('',(1.,0.,0.));
#4854=DIRECTION('',(0.,0.,1.));
#4855=DIRECTION('center_axis',(-1.,0.,0.));
#4856=DIRECTION('ref_axis',(0.,-1.,0.));
#4857=DIRECTION('',(0.,1.,0.));
#4858=DIRECTION('',(0.,-1.,0.));
#4859=DIRECTION('center_axis',(0.,0.,1.));
#4860=DIRECTION('ref_axis',(1.,0.,0.));
#4861=DIRECTION('center_axis',(0.,0.,1.));
#4862=DIRECTION('ref_axis',(1.,0.,0.));
#4863=DIRECTION('center_axis',(0.,1.,0.));
#4864=DIRECTION('ref_axis',(0.,0.,-1.));
#4865=DIRECTION('center_axis',(0.,1.,0.));
#4866=DIRECTION('ref_axis',(0.,0.,-1.));
#4867=DIRECTION('',(0.,1.,0.));
#4868=DIRECTION('center_axis',(0.,1.,0.));
#4869=DIRECTION('ref_axis',(0.,0.,-1.));
#4870=DIRECTION('center_axis',(0.,1.,0.));
#4871=DIRECTION('ref_axis',(0.,0.,-1.));
#4872=DIRECTION('center_axis',(0.,1.,0.));
#4873=DIRECTION('ref_axis',(0.,0.,-1.));
#4874=DIRECTION('',(0.,1.,0.));
#4875=DIRECTION('center_axis',(0.,-1.,0.));
#4876=DIRECTION('ref_axis',(0.,0.,-1.));
#4877=DIRECTION('center_axis',(0.,1.,0.));
#4878=DIRECTION('ref_axis',(0.,0.,-1.));
#4879=DIRECTION('center_axis',(0.,1.,0.));
#4880=DIRECTION('ref_axis',(0.,0.,-1.));
#4881=DIRECTION('center_axis',(0.,1.,0.));
#4882=DIRECTION('ref_axis',(0.,0.,-1.));
#4883=DIRECTION('',(0.,1.,0.));
#4884=DIRECTION('center_axis',(0.,1.,0.));
#4885=DIRECTION('ref_axis',(0.,0.,-1.));
#4886=DIRECTION('center_axis',(0.,1.,0.));
#4887=DIRECTION('ref_axis',(0.,0.,-1.));
#4888=DIRECTION('center_axis',(0.,1.,0.));
#4889=DIRECTION('ref_axis',(0.,0.,-1.));
#4890=DIRECTION('',(0.,1.,0.));
#4891=DIRECTION('center_axis',(0.,-1.,0.));
#4892=DIRECTION('ref_axis',(0.,0.,-1.));
#4893=DIRECTION('center_axis',(0.,1.,0.));
#4894=DIRECTION('ref_axis',(0.,0.,-1.));
#4895=DIRECTION('center_axis',(0.,1.,0.));
#4896=DIRECTION('ref_axis',(0.,0.,-1.));
#4897=DIRECTION('center_axis',(0.,1.,0.));
#4898=DIRECTION('ref_axis',(0.,0.,-1.));
#4899=DIRECTION('',(0.,1.,0.));
#4900=DIRECTION('center_axis',(0.,1.,0.));
#4901=DIRECTION('ref_axis',(0.,0.,-1.));
#4902=DIRECTION('center_axis',(0.,1.,0.));
#4903=DIRECTION('ref_axis',(0.,0.,-1.));
#4904=DIRECTION('center_axis',(0.,1.,0.));
#4905=DIRECTION('ref_axis',(0.,0.,-1.));
#4906=DIRECTION('',(0.,1.,0.));
#4907=DIRECTION('center_axis',(0.,-1.,0.));
#4908=DIRECTION('ref_axis',(0.,0.,-1.));
#4909=DIRECTION('center_axis',(0.,1.,0.));
#4910=DIRECTION('ref_axis',(0.,0.,-1.));
#4911=DIRECTION('center_axis',(-1.,0.,0.));
#4912=DIRECTION('ref_axis',(0.,1.,0.));
#4913=DIRECTION('center_axis',(-1.,0.,0.));
#4914=DIRECTION('ref_axis',(0.,1.,0.));
#4915=DIRECTION('',(-1.,0.,0.));
#4916=DIRECTION('center_axis',(-1.,0.,0.));
#4917=DIRECTION('ref_axis',(0.,1.,0.));
#4918=DIRECTION('center_axis',(-1.,0.,0.));
#4919=DIRECTION('ref_axis',(0.,1.,0.));
#4920=DIRECTION('center_axis',(-1.,0.,0.));
#4921=DIRECTION('ref_axis',(0.,1.,0.));
#4922=DIRECTION('',(-1.,0.,0.));
#4923=DIRECTION('center_axis',(1.,0.,0.));
#4924=DIRECTION('ref_axis',(0.,1.,0.));
#4925=DIRECTION('center_axis',(-1.,0.,0.));
#4926=DIRECTION('ref_axis',(0.,1.,0.));
#4927=DIRECTION('center_axis',(-1.,0.,0.));
#4928=DIRECTION('ref_axis',(0.,1.,0.));
#4929=DIRECTION('center_axis',(-1.,0.,0.));
#4930=DIRECTION('ref_axis',(0.,1.,0.));
#4931=DIRECTION('',(-1.,0.,0.));
#4932=DIRECTION('center_axis',(-1.,0.,0.));
#4933=DIRECTION('ref_axis',(0.,1.,0.));
#4934=DIRECTION('center_axis',(-1.,0.,0.));
#4935=DIRECTION('ref_axis',(0.,1.,0.));
#4936=DIRECTION('center_axis',(-1.,0.,0.));
#4937=DIRECTION('ref_axis',(0.,1.,0.));
#4938=DIRECTION('',(-1.,0.,0.));
#4939=DIRECTION('center_axis',(1.,0.,0.));
#4940=DIRECTION('ref_axis',(0.,1.,0.));
#4941=DIRECTION('center_axis',(-1.,0.,0.));
#4942=DIRECTION('ref_axis',(0.,1.,0.));
#4943=DIRECTION('center_axis',(-1.,0.,0.));
#4944=DIRECTION('ref_axis',(0.,1.,0.));
#4945=DIRECTION('center_axis',(-1.,0.,0.));
#4946=DIRECTION('ref_axis',(0.,1.,0.));
#4947=DIRECTION('',(-1.,0.,0.));
#4948=DIRECTION('center_axis',(-1.,0.,0.));
#4949=DIRECTION('ref_axis',(0.,1.,0.));
#4950=DIRECTION('center_axis',(-1.,0.,0.));
#4951=DIRECTION('ref_axis',(0.,1.,0.));
#4952=DIRECTION('center_axis',(-1.,0.,0.));
#4953=DIRECTION('ref_axis',(0.,1.,0.));
#4954=DIRECTION('',(-1.,0.,0.));
#4955=DIRECTION('center_axis',(1.,0.,0.));
#4956=DIRECTION('ref_axis',(0.,1.,0.));
#4957=DIRECTION('center_axis',(-1.,0.,0.));
#4958=DIRECTION('ref_axis',(0.,1.,0.));
#4959=DIRECTION('center_axis',(0.,1.,0.));
#4960=DIRECTION('ref_axis',(-1.,0.,0.));
#4961=DIRECTION('',(1.,0.,0.));
#4962=DIRECTION('',(0.,0.,1.));
#4963=DIRECTION('',(-1.,0.,0.));
#4964=DIRECTION('',(0.,0.,1.));
#4965=DIRECTION('center_axis',(-1.,0.,0.));
#4966=DIRECTION('ref_axis',(0.,-1.,0.));
#4967=DIRECTION('',(0.,1.,0.));
#4968=DIRECTION('',(0.,-1.,0.));
#4969=DIRECTION('',(0.,0.,1.));
#4970=DIRECTION('center_axis',(0.,1.,0.));
#4971=DIRECTION('ref_axis',(-1.,0.,0.));
#4972=DIRECTION('',(1.,0.,0.));
#4973=DIRECTION('',(-1.,0.,0.));
#4974=DIRECTION('',(0.,0.,1.));
#4975=DIRECTION('center_axis',(1.,0.,0.));
#4976=DIRECTION('ref_axis',(0.,1.,0.));
#4977=DIRECTION('',(0.,-1.,0.));
#4978=DIRECTION('',(0.,1.,0.));
#4979=DIRECTION('',(0.,0.,1.));
#4980=DIRECTION('center_axis',(0.,-1.,0.));
#4981=DIRECTION('ref_axis',(1.,0.,0.));
#4982=DIRECTION('',(-1.,0.,0.));
#4983=DIRECTION('',(1.,0.,0.));
#4984=DIRECTION('',(0.,0.,1.));
#4985=DIRECTION('center_axis',(-1.,0.,0.));
#4986=DIRECTION('ref_axis',(0.,-1.,0.));
#4987=DIRECTION('',(0.,1.,0.));
#4988=DIRECTION('',(0.,-1.,0.));
#4989=DIRECTION('',(0.,0.,1.));
#4990=DIRECTION('center_axis',(0.,1.,0.));
#4991=DIRECTION('ref_axis',(-1.,0.,0.));
#4992=DIRECTION('',(1.,0.,0.));
#4993=DIRECTION('',(-1.,0.,0.));
#4994=DIRECTION('',(0.,0.,1.));
#4995=DIRECTION('center_axis',(-1.,0.,0.));
#4996=DIRECTION('ref_axis',(0.,-1.,0.));
#4997=DIRECTION('',(0.,1.,0.));
#4998=DIRECTION('',(0.,-1.,0.));
#4999=DIRECTION('',(0.,0.,1.));
#5000=DIRECTION('center_axis',(0.,-1.,0.));
#5001=DIRECTION('ref_axis',(1.,0.,0.));
#5002=DIRECTION('',(-1.,0.,0.));
#5003=DIRECTION('',(1.,0.,0.));
#5004=DIRECTION('',(0.,0.,1.));
#5005=DIRECTION('center_axis',(-1.,0.,0.));
#5006=DIRECTION('ref_axis',(0.,-1.,0.));
#5007=DIRECTION('',(0.,1.,0.));
#5008=DIRECTION('',(0.,-1.,0.));
#5009=DIRECTION('',(0.,0.,1.));
#5010=DIRECTION('center_axis',(0.,1.,0.));
#5011=DIRECTION('ref_axis',(-1.,0.,0.));
#5012=DIRECTION('',(1.,0.,0.));
#5013=DIRECTION('',(-1.,0.,0.));
#5014=DIRECTION('',(0.,0.,1.));
#5015=DIRECTION('center_axis',(-1.,0.,0.));
#5016=DIRECTION('ref_axis',(0.,-1.,0.));
#5017=DIRECTION('',(0.,1.,0.));
#5018=DIRECTION('',(0.,-1.,0.));
#5019=DIRECTION('',(0.,0.,1.));
#5020=DIRECTION('center_axis',(0.,1.,0.));
#5021=DIRECTION('ref_axis',(-1.,0.,0.));
#5022=DIRECTION('',(1.,0.,0.));
#5023=DIRECTION('',(-1.,0.,0.));
#5024=DIRECTION('',(0.,0.,1.));
#5025=DIRECTION('center_axis',(-1.,0.,0.));
#5026=DIRECTION('ref_axis',(0.,-1.,0.));
#5027=DIRECTION('',(0.,1.,0.));
#5028=DIRECTION('',(0.,-1.,0.));
#5029=DIRECTION('',(0.,0.,1.));
#5030=DIRECTION('center_axis',(0.,1.,0.));
#5031=DIRECTION('ref_axis',(-1.,0.,0.));
#5032=DIRECTION('',(1.,0.,0.));
#5033=DIRECTION('',(-1.,0.,0.));
#5034=DIRECTION('',(0.,0.,1.));
#5035=DIRECTION('center_axis',(1.,0.,0.));
#5036=DIRECTION('ref_axis',(0.,1.,0.));
#5037=DIRECTION('',(0.,-1.,0.));
#5038=DIRECTION('',(0.,1.,0.));
#5039=DIRECTION('center_axis',(0.,0.,1.));
#5040=DIRECTION('ref_axis',(1.,0.,0.));
#5041=DIRECTION('center_axis',(0.,0.,1.));
#5042=DIRECTION('ref_axis',(1.,0.,0.));
#5043=DIRECTION('center_axis',(0.,-1.,0.));
#5044=DIRECTION('ref_axis',(0.,0.,1.));
#5045=DIRECTION('center_axis',(0.,-1.,0.));
#5046=DIRECTION('ref_axis',(0.,0.,1.));
#5047=DIRECTION('',(0.,-1.,0.));
#5048=DIRECTION('center_axis',(0.,1.,0.));
#5049=DIRECTION('ref_axis',(0.,0.,1.));
#5050=DIRECTION('center_axis',(0.,-1.,0.));
#5051=DIRECTION('ref_axis',(0.,0.,1.));
#5052=DIRECTION('center_axis',(0.,-1.,0.));
#5053=DIRECTION('ref_axis',(0.,0.,1.));
#5054=DIRECTION('',(0.,-1.,0.));
#5055=DIRECTION('center_axis',(0.,-1.,0.));
#5056=DIRECTION('ref_axis',(0.,0.,1.));
#5057=DIRECTION('center_axis',(0.,-1.,0.));
#5058=DIRECTION('ref_axis',(0.,0.,1.));
#5059=DIRECTION('center_axis',(0.,-1.,0.));
#5060=DIRECTION('ref_axis',(0.,0.,1.));
#5061=DIRECTION('center_axis',(0.,-1.,0.));
#5062=DIRECTION('ref_axis',(0.,0.,1.));
#5063=DIRECTION('',(0.,-1.,0.));
#5064=DIRECTION('center_axis',(0.,1.,0.));
#5065=DIRECTION('ref_axis',(0.,0.,1.));
#5066=DIRECTION('center_axis',(0.,-1.,0.));
#5067=DIRECTION('ref_axis',(0.,0.,1.));
#5068=DIRECTION('center_axis',(0.,-1.,0.));
#5069=DIRECTION('ref_axis',(0.,0.,1.));
#5070=DIRECTION('',(0.,-1.,0.));
#5071=DIRECTION('center_axis',(0.,-1.,0.));
#5072=DIRECTION('ref_axis',(0.,0.,1.));
#5073=DIRECTION('center_axis',(0.,-1.,0.));
#5074=DIRECTION('ref_axis',(0.,0.,1.));
#5075=DIRECTION('center_axis',(0.,-1.,0.));
#5076=DIRECTION('ref_axis',(0.,0.,1.));
#5077=DIRECTION('center_axis',(0.,-1.,0.));
#5078=DIRECTION('ref_axis',(0.,0.,1.));
#5079=DIRECTION('',(0.,-1.,0.));
#5080=DIRECTION('center_axis',(0.,1.,0.));
#5081=DIRECTION('ref_axis',(0.,0.,1.));
#5082=DIRECTION('center_axis',(0.,-1.,0.));
#5083=DIRECTION('ref_axis',(0.,0.,1.));
#5084=DIRECTION('center_axis',(0.,-1.,0.));
#5085=DIRECTION('ref_axis',(0.,0.,1.));
#5086=DIRECTION('',(0.,-1.,0.));
#5087=DIRECTION('center_axis',(0.,-1.,0.));
#5088=DIRECTION('ref_axis',(0.,0.,1.));
#5089=DIRECTION('center_axis',(0.,-1.,0.));
#5090=DIRECTION('ref_axis',(0.,0.,1.));
#5091=DIRECTION('center_axis',(-1.,0.,0.));
#5092=DIRECTION('ref_axis',(0.,1.,0.));
#5093=DIRECTION('center_axis',(-1.,0.,0.));
#5094=DIRECTION('ref_axis',(0.,1.,0.));
#5095=DIRECTION('',(-1.,0.,0.));
#5096=DIRECTION('center_axis',(-1.,0.,0.));
#5097=DIRECTION('ref_axis',(0.,1.,0.));
#5098=DIRECTION('center_axis',(-1.,0.,0.));
#5099=DIRECTION('ref_axis',(0.,1.,0.));
#5100=DIRECTION('center_axis',(-1.,0.,0.));
#5101=DIRECTION('ref_axis',(0.,1.,0.));
#5102=DIRECTION('',(-1.,0.,0.));
#5103=DIRECTION('center_axis',(1.,0.,0.));
#5104=DIRECTION('ref_axis',(0.,1.,0.));
#5105=DIRECTION('center_axis',(-1.,0.,0.));
#5106=DIRECTION('ref_axis',(0.,1.,0.));
#5107=DIRECTION('center_axis',(-1.,0.,0.));
#5108=DIRECTION('ref_axis',(0.,1.,0.));
#5109=DIRECTION('center_axis',(-1.,0.,0.));
#5110=DIRECTION('ref_axis',(0.,1.,0.));
#5111=DIRECTION('',(-1.,0.,0.));
#5112=DIRECTION('center_axis',(-1.,0.,0.));
#5113=DIRECTION('ref_axis',(0.,1.,0.));
#5114=DIRECTION('center_axis',(-1.,0.,0.));
#5115=DIRECTION('ref_axis',(0.,1.,0.));
#5116=DIRECTION('center_axis',(-1.,0.,0.));
#5117=DIRECTION('ref_axis',(0.,1.,0.));
#5118=DIRECTION('',(-1.,0.,0.));
#5119=DIRECTION('center_axis',(1.,0.,0.));
#5120=DIRECTION('ref_axis',(0.,1.,0.));
#5121=DIRECTION('center_axis',(-1.,0.,0.));
#5122=DIRECTION('ref_axis',(0.,1.,0.));
#5123=DIRECTION('center_axis',(-1.,0.,0.));
#5124=DIRECTION('ref_axis',(0.,1.,0.));
#5125=DIRECTION('center_axis',(-1.,0.,0.));
#5126=DIRECTION('ref_axis',(0.,1.,0.));
#5127=DIRECTION('',(-1.,0.,0.));
#5128=DIRECTION('center_axis',(-1.,0.,0.));
#5129=DIRECTION('ref_axis',(0.,1.,0.));
#5130=DIRECTION('center_axis',(-1.,0.,0.));
#5131=DIRECTION('ref_axis',(0.,1.,0.));
#5132=DIRECTION('center_axis',(-1.,0.,0.));
#5133=DIRECTION('ref_axis',(0.,1.,0.));
#5134=DIRECTION('',(-1.,0.,0.));
#5135=DIRECTION('center_axis',(1.,0.,0.));
#5136=DIRECTION('ref_axis',(0.,1.,0.));
#5137=DIRECTION('center_axis',(-1.,0.,0.));
#5138=DIRECTION('ref_axis',(0.,1.,0.));
#5139=DIRECTION('center_axis',(0.,-1.,0.));
#5140=DIRECTION('ref_axis',(1.,0.,0.));
#5141=DIRECTION('',(1.,0.,0.));
#5142=DIRECTION('',(0.,0.,1.));
#5143=DIRECTION('',(1.,0.,0.));
#5144=DIRECTION('',(0.,0.,1.));
#5145=DIRECTION('center_axis',(-1.,0.,0.));
#5146=DIRECTION('ref_axis',(0.,-1.,0.));
#5147=DIRECTION('',(0.,-1.,0.));
#5148=DIRECTION('',(0.,-1.,0.));
#5149=DIRECTION('',(0.,0.,1.));
#5150=DIRECTION('center_axis',(0.,1.,0.));
#5151=DIRECTION('ref_axis',(-1.,0.,0.));
#5152=DIRECTION('',(-1.,0.,0.));
#5153=DIRECTION('',(-1.,0.,0.));
#5154=DIRECTION('',(0.,0.,1.));
#5155=DIRECTION('center_axis',(-1.,0.,0.));
#5156=DIRECTION('ref_axis',(0.,-1.,0.));
#5157=DIRECTION('',(0.,-1.,0.));
#5158=DIRECTION('',(0.,-1.,0.));
#5159=DIRECTION('',(0.,0.,1.));
#5160=DIRECTION('center_axis',(0.,-1.,0.));
#5161=DIRECTION('ref_axis',(1.,0.,0.));
#5162=DIRECTION('',(1.,0.,0.));
#5163=DIRECTION('',(1.,0.,0.));
#5164=DIRECTION('',(0.,0.,1.));
#5165=DIRECTION('center_axis',(-1.,0.,0.));
#5166=DIRECTION('ref_axis',(0.,-1.,0.));
#5167=DIRECTION('',(0.,-1.,0.));
#5168=DIRECTION('',(0.,-1.,0.));
#5169=DIRECTION('',(0.,0.,1.));
#5170=DIRECTION('center_axis',(0.,1.,0.));
#5171=DIRECTION('ref_axis',(-1.,0.,0.));
#5172=DIRECTION('',(-1.,0.,0.));
#5173=DIRECTION('',(-1.,0.,0.));
#5174=DIRECTION('',(0.,0.,1.));
#5175=DIRECTION('center_axis',(1.,0.,0.));
#5176=DIRECTION('ref_axis',(0.,1.,0.));
#5177=DIRECTION('',(0.,1.,0.));
#5178=DIRECTION('',(0.,1.,0.));
#5179=DIRECTION('',(0.,0.,1.));
#5180=DIRECTION('center_axis',(0.,-1.,0.));
#5181=DIRECTION('ref_axis',(1.,0.,0.));
#5182=DIRECTION('',(1.,0.,0.));
#5183=DIRECTION('',(1.,0.,0.));
#5184=DIRECTION('',(0.,0.,1.));
#5185=DIRECTION('center_axis',(-1.,0.,0.));
#5186=DIRECTION('ref_axis',(0.,-1.,0.));
#5187=DIRECTION('',(0.,-1.,0.));
#5188=DIRECTION('',(0.,-1.,0.));
#5189=DIRECTION('',(0.,0.,1.));
#5190=DIRECTION('center_axis',(0.,-1.,0.));
#5191=DIRECTION('ref_axis',(1.,0.,0.));
#5192=DIRECTION('',(1.,0.,0.));
#5193=DIRECTION('',(1.,0.,0.));
#5194=DIRECTION('',(0.,0.,1.));
#5195=DIRECTION('center_axis',(1.,0.,0.));
#5196=DIRECTION('ref_axis',(0.,1.,0.));
#5197=DIRECTION('',(0.,1.,0.));
#5198=DIRECTION('',(0.,1.,0.));
#5199=DIRECTION('',(0.,0.,1.));
#5200=DIRECTION('center_axis',(0.,-1.,0.));
#5201=DIRECTION('ref_axis',(1.,0.,0.));
#5202=DIRECTION('',(1.,0.,0.));
#5203=DIRECTION('',(1.,0.,0.));
#5204=DIRECTION('',(0.,0.,1.));
#5205=DIRECTION('center_axis',(-1.,0.,0.));
#5206=DIRECTION('ref_axis',(0.,-1.,0.));
#5207=DIRECTION('',(0.,-1.,0.));
#5208=DIRECTION('',(0.,-1.,0.));
#5209=DIRECTION('',(0.,0.,1.));
#5210=DIRECTION('center_axis',(0.,-1.,0.));
#5211=DIRECTION('ref_axis',(1.,0.,0.));
#5212=DIRECTION('',(1.,0.,0.));
#5213=DIRECTION('',(1.,0.,0.));
#5214=DIRECTION('',(0.,0.,1.));
#5215=DIRECTION('center_axis',(-1.,0.,0.));
#5216=DIRECTION('ref_axis',(0.,-1.,0.));
#5217=DIRECTION('',(0.,-1.,0.));
#5218=DIRECTION('',(0.,-1.,0.));
#5219=DIRECTION('center_axis',(0.,0.,1.));
#5220=DIRECTION('ref_axis',(1.,0.,0.));
#5221=DIRECTION('center_axis',(0.,0.,1.));
#5222=DIRECTION('ref_axis',(1.,0.,0.));
#5223=DIRECTION('center_axis',(1.,0.,0.));
#5224=DIRECTION('ref_axis',(0.,-1.,0.));
#5225=DIRECTION('center_axis',(1.,0.,0.));
#5226=DIRECTION('ref_axis',(0.,-1.,0.));
#5227=DIRECTION('',(1.,0.,0.));
#5228=DIRECTION('center_axis',(-1.,0.,0.));
#5229=DIRECTION('ref_axis',(0.,-1.,0.));
#5230=DIRECTION('center_axis',(1.,0.,0.));
#5231=DIRECTION('ref_axis',(0.,-1.,0.));
#5232=DIRECTION('center_axis',(1.,0.,0.));
#5233=DIRECTION('ref_axis',(0.,-1.,0.));
#5234=DIRECTION('',(1.,0.,0.));
#5235=DIRECTION('center_axis',(1.,0.,0.));
#5236=DIRECTION('ref_axis',(0.,-1.,0.));
#5237=DIRECTION('center_axis',(1.,0.,0.));
#5238=DIRECTION('ref_axis',(0.,-1.,0.));
#5239=DIRECTION('center_axis',(1.,0.,0.));
#5240=DIRECTION('ref_axis',(0.,-1.,0.));
#5241=DIRECTION('center_axis',(1.,0.,0.));
#5242=DIRECTION('ref_axis',(0.,-1.,0.));
#5243=DIRECTION('',(1.,0.,0.));
#5244=DIRECTION('center_axis',(-1.,0.,0.));
#5245=DIRECTION('ref_axis',(0.,-1.,0.));
#5246=DIRECTION('center_axis',(1.,0.,0.));
#5247=DIRECTION('ref_axis',(0.,-1.,0.));
#5248=DIRECTION('center_axis',(1.,0.,0.));
#5249=DIRECTION('ref_axis',(0.,-1.,0.));
#5250=DIRECTION('',(1.,0.,0.));
#5251=DIRECTION('center_axis',(1.,0.,0.));
#5252=DIRECTION('ref_axis',(0.,-1.,0.));
#5253=DIRECTION('center_axis',(1.,0.,0.));
#5254=DIRECTION('ref_axis',(0.,-1.,0.));
#5255=DIRECTION('center_axis',(1.,0.,0.));
#5256=DIRECTION('ref_axis',(0.,-1.,0.));
#5257=DIRECTION('center_axis',(1.,0.,0.));
#5258=DIRECTION('ref_axis',(0.,-1.,0.));
#5259=DIRECTION('',(1.,0.,0.));
#5260=DIRECTION('center_axis',(-1.,0.,0.));
#5261=DIRECTION('ref_axis',(0.,-1.,0.));
#5262=DIRECTION('center_axis',(1.,0.,0.));
#5263=DIRECTION('ref_axis',(0.,-1.,0.));
#5264=DIRECTION('center_axis',(1.,0.,0.));
#5265=DIRECTION('ref_axis',(0.,-1.,0.));
#5266=DIRECTION('',(1.,0.,0.));
#5267=DIRECTION('center_axis',(1.,0.,0.));
#5268=DIRECTION('ref_axis',(0.,-1.,0.));
#5269=DIRECTION('center_axis',(1.,0.,0.));
#5270=DIRECTION('ref_axis',(0.,-1.,0.));
#5271=DIRECTION('center_axis',(0.,1.,0.));
#5272=DIRECTION('ref_axis',(0.,0.,-1.));
#5273=DIRECTION('center_axis',(0.,1.,0.));
#5274=DIRECTION('ref_axis',(0.,0.,-1.));
#5275=DIRECTION('',(0.,1.,0.));
#5276=DIRECTION('center_axis',(0.,-1.,0.));
#5277=DIRECTION('ref_axis',(0.,0.,-1.));
#5278=DIRECTION('center_axis',(0.,1.,0.));
#5279=DIRECTION('ref_axis',(0.,0.,-1.));
#5280=DIRECTION('center_axis',(0.,1.,0.));
#5281=DIRECTION('ref_axis',(0.,0.,-1.));
#5282=DIRECTION('',(0.,1.,0.));
#5283=DIRECTION('center_axis',(0.,1.,0.));
#5284=DIRECTION('ref_axis',(0.,0.,-1.));
#5285=DIRECTION('center_axis',(0.,1.,0.));
#5286=DIRECTION('ref_axis',(0.,0.,-1.));
#5287=DIRECTION('center_axis',(0.,1.,0.));
#5288=DIRECTION('ref_axis',(0.,0.,-1.));
#5289=DIRECTION('center_axis',(0.,1.,0.));
#5290=DIRECTION('ref_axis',(0.,0.,-1.));
#5291=DIRECTION('',(0.,1.,0.));
#5292=DIRECTION('center_axis',(0.,-1.,0.));
#5293=DIRECTION('ref_axis',(0.,0.,-1.));
#5294=DIRECTION('center_axis',(0.,1.,0.));
#5295=DIRECTION('ref_axis',(0.,0.,-1.));
#5296=DIRECTION('center_axis',(0.,1.,0.));
#5297=DIRECTION('ref_axis',(0.,0.,-1.));
#5298=DIRECTION('',(0.,1.,0.));
#5299=DIRECTION('center_axis',(0.,1.,0.));
#5300=DIRECTION('ref_axis',(0.,0.,-1.));
#5301=DIRECTION('center_axis',(0.,1.,0.));
#5302=DIRECTION('ref_axis',(0.,0.,-1.));
#5303=DIRECTION('center_axis',(0.,1.,0.));
#5304=DIRECTION('ref_axis',(0.,0.,-1.));
#5305=DIRECTION('center_axis',(0.,1.,0.));
#5306=DIRECTION('ref_axis',(0.,0.,-1.));
#5307=DIRECTION('',(0.,1.,0.));
#5308=DIRECTION('center_axis',(0.,-1.,0.));
#5309=DIRECTION('ref_axis',(0.,0.,-1.));
#5310=DIRECTION('center_axis',(0.,1.,0.));
#5311=DIRECTION('ref_axis',(0.,0.,-1.));
#5312=DIRECTION('center_axis',(0.,1.,0.));
#5313=DIRECTION('ref_axis',(0.,0.,-1.));
#5314=DIRECTION('',(0.,1.,0.));
#5315=DIRECTION('center_axis',(0.,1.,0.));
#5316=DIRECTION('ref_axis',(0.,0.,-1.));
#5317=DIRECTION('center_axis',(0.,1.,0.));
#5318=DIRECTION('ref_axis',(0.,0.,-1.));
#5319=DIRECTION('center_axis',(-1.,0.,0.));
#5320=DIRECTION('ref_axis',(0.,-1.,0.));
#5321=DIRECTION('',(0.,-1.,0.));
#5322=DIRECTION('',(0.,0.,1.));
#5323=DIRECTION('',(0.,-1.,0.));
#5324=DIRECTION('',(0.,0.,1.));
#5325=DIRECTION('center_axis',(0.,1.,0.));
#5326=DIRECTION('ref_axis',(-1.,0.,0.));
#5327=DIRECTION('',(-1.,0.,0.));
#5328=DIRECTION('',(-1.,0.,0.));
#5329=DIRECTION('',(0.,0.,1.));
#5330=DIRECTION('center_axis',(1.,0.,0.));
#5331=DIRECTION('ref_axis',(0.,1.,0.));
#5332=DIRECTION('',(0.,1.,0.));
#5333=DIRECTION('',(0.,1.,0.));
#5334=DIRECTION('',(0.,0.,1.));
#5335=DIRECTION('center_axis',(0.,1.,0.));
#5336=DIRECTION('ref_axis',(-1.,0.,0.));
#5337=DIRECTION('',(-1.,0.,0.));
#5338=DIRECTION('',(-1.,0.,0.));
#5339=DIRECTION('',(0.,0.,1.));
#5340=DIRECTION('center_axis',(1.,0.,0.));
#5341=DIRECTION('ref_axis',(0.,1.,0.));
#5342=DIRECTION('',(0.,1.,0.));
#5343=DIRECTION('',(0.,1.,0.));
#5344=DIRECTION('',(0.,0.,1.));
#5345=DIRECTION('center_axis',(0.,1.,0.));
#5346=DIRECTION('ref_axis',(-1.,0.,0.));
#5347=DIRECTION('',(-1.,0.,0.));
#5348=DIRECTION('',(-1.,0.,0.));
#5349=DIRECTION('',(0.,0.,1.));
#5350=DIRECTION('center_axis',(1.,0.,0.));
#5351=DIRECTION('ref_axis',(0.,1.,0.));
#5352=DIRECTION('',(0.,1.,0.));
#5353=DIRECTION('',(0.,1.,0.));
#5354=DIRECTION('',(0.,0.,1.));
#5355=DIRECTION('center_axis',(0.,-1.,0.));
#5356=DIRECTION('ref_axis',(1.,0.,0.));
#5357=DIRECTION('',(1.,0.,0.));
#5358=DIRECTION('',(1.,0.,0.));
#5359=DIRECTION('',(0.,0.,1.));
#5360=DIRECTION('center_axis',(1.,0.,0.));
#5361=DIRECTION('ref_axis',(0.,1.,0.));
#5362=DIRECTION('',(0.,1.,0.));
#5363=DIRECTION('',(0.,1.,0.));
#5364=DIRECTION('',(0.,0.,1.));
#5365=DIRECTION('center_axis',(0.,1.,0.));
#5366=DIRECTION('ref_axis',(-1.,0.,0.));
#5367=DIRECTION('',(-1.,0.,0.));
#5368=DIRECTION('',(-1.,0.,0.));
#5369=DIRECTION('',(0.,0.,1.));
#5370=DIRECTION('center_axis',(1.,0.,0.));
#5371=DIRECTION('ref_axis',(0.,1.,0.));
#5372=DIRECTION('',(0.,1.,0.));
#5373=DIRECTION('',(0.,1.,0.));
#5374=DIRECTION('',(0.,0.,1.));
#5375=DIRECTION('center_axis',(0.,-1.,0.));
#5376=DIRECTION('ref_axis',(1.,0.,0.));
#5377=DIRECTION('',(1.,0.,0.));
#5378=DIRECTION('',(1.,0.,0.));
#5379=DIRECTION('',(0.,0.,1.));
#5380=DIRECTION('center_axis',(-1.,0.,0.));
#5381=DIRECTION('ref_axis',(0.,-1.,0.));
#5382=DIRECTION('',(0.,-1.,0.));
#5383=DIRECTION('',(0.,-1.,0.));
#5384=DIRECTION('',(0.,0.,1.));
#5385=DIRECTION('center_axis',(0.,1.,0.));
#5386=DIRECTION('ref_axis',(-1.,0.,0.));
#5387=DIRECTION('',(-1.,0.,0.));
#5388=DIRECTION('',(-1.,0.,0.));
#5389=DIRECTION('',(0.,0.,1.));
#5390=DIRECTION('center_axis',(1.,0.,0.));
#5391=DIRECTION('ref_axis',(0.,1.,0.));
#5392=DIRECTION('',(0.,1.,0.));
#5393=DIRECTION('',(0.,1.,0.));
#5394=DIRECTION('',(0.,0.,1.));
#5395=DIRECTION('center_axis',(0.,1.,0.));
#5396=DIRECTION('ref_axis',(-1.,0.,0.));
#5397=DIRECTION('',(-1.,0.,0.));
#5398=DIRECTION('',(-1.,0.,0.));
#5399=DIRECTION('center_axis',(0.,0.,1.));
#5400=DIRECTION('ref_axis',(1.,0.,0.));
#5401=DIRECTION('center_axis',(0.,0.,1.));
#5402=DIRECTION('ref_axis',(1.,0.,0.));
#5403=DIRECTION('axis',(0.,0.,1.));
#5404=DIRECTION('refdir',(1.,0.,0.));
#5405=DIRECTION('center_axis',(1.,0.,0.));
#5406=DIRECTION('ref_axis',(0.,-1.,0.));
#5407=DIRECTION('center_axis',(1.,0.,0.));
#5408=DIRECTION('ref_axis',(0.,-1.,0.));
#5409=DIRECTION('',(1.,0.,0.));
#5410=DIRECTION('center_axis',(-1.,0.,0.));
#5411=DIRECTION('ref_axis',(0.,-1.,0.));
#5412=DIRECTION('center_axis',(1.,0.,0.));
#5413=DIRECTION('ref_axis',(0.,-1.,0.));
#5414=DIRECTION('center_axis',(1.,0.,0.));
#5415=DIRECTION('ref_axis',(0.,-1.,0.));
#5416=DIRECTION('',(1.,0.,0.));
#5417=DIRECTION('center_axis',(-1.,0.,0.));
#5418=DIRECTION('ref_axis',(0.,-1.,0.));
#5419=DIRECTION('center_axis',(1.,0.,0.));
#5420=DIRECTION('ref_axis',(0.,-1.,0.));
#5421=DIRECTION('center_axis',(1.,0.,0.));
#5422=DIRECTION('ref_axis',(0.,-1.,0.));
#5423=DIRECTION('',(1.,0.,0.));
#5424=DIRECTION('center_axis',(-1.,0.,0.));
#5425=DIRECTION('ref_axis',(0.,-1.,0.));
#5426=DIRECTION('center_axis',(1.,0.,0.));
#5427=DIRECTION('ref_axis',(0.,-1.,0.));
#5428=DIRECTION('center_axis',(1.,0.,0.));
#5429=DIRECTION('ref_axis',(0.,-1.,0.));
#5430=DIRECTION('',(1.,0.,0.));
#5431=DIRECTION('center_axis',(-1.,0.,0.));
#5432=DIRECTION('ref_axis',(0.,-1.,0.));
#5433=DIRECTION('center_axis',(0.,1.,0.));
#5434=DIRECTION('ref_axis',(0.,0.,1.));
#5435=DIRECTION('',(0.,0.,1.));
#5436=DIRECTION('',(1.,0.,0.));
#5437=DIRECTION('',(0.,0.,1.));
#5438=DIRECTION('',(1.,0.,0.));
#5439=DIRECTION('center_axis',(0.,0.,1.));
#5440=DIRECTION('ref_axis',(0.,-1.,0.));
#5441=DIRECTION('',(0.,-1.,0.));
#5442=DIRECTION('',(0.,-1.,0.));
#5443=DIRECTION('',(1.,0.,0.));
#5444=DIRECTION('center_axis',(0.,-1.,0.));
#5445=DIRECTION('ref_axis',(0.,0.,-1.));
#5446=DIRECTION('',(0.,0.,-1.));
#5447=DIRECTION('',(0.,0.,-1.));
#5448=DIRECTION('',(1.,0.,0.));
#5449=DIRECTION('center_axis',(0.,0.,-1.));
#5450=DIRECTION('ref_axis',(0.,1.,0.));
#5451=DIRECTION('',(0.,1.,0.));
#5452=DIRECTION('',(0.,1.,0.));
#5453=DIRECTION('center_axis',(0.,1.,0.));
#5454=DIRECTION('ref_axis',(0.,0.,1.));
#5455=DIRECTION('',(0.,0.,1.));
#5456=DIRECTION('',(1.,0.,0.));
#5457=DIRECTION('',(0.,0.,1.));
#5458=DIRECTION('',(1.,0.,0.));
#5459=DIRECTION('center_axis',(0.,0.,1.));
#5460=DIRECTION('ref_axis',(0.,-1.,0.));
#5461=DIRECTION('',(0.,-1.,0.));
#5462=DIRECTION('',(0.,-1.,0.));
#5463=DIRECTION('',(1.,0.,0.));
#5464=DIRECTION('center_axis',(0.,-1.,-8.67073842376677E-17));
#5465=DIRECTION('ref_axis',(0.,8.67073842376677E-17,-1.));
#5466=DIRECTION('',(0.,8.67073842376677E-17,-1.));
#5467=DIRECTION('',(0.,8.67073842376677E-17,-1.));
#5468=DIRECTION('',(1.,0.,0.));
#5469=DIRECTION('center_axis',(0.,0.,-1.));
#5470=DIRECTION('ref_axis',(0.,1.,0.));
#5471=DIRECTION('',(0.,1.,0.));
#5472=DIRECTION('',(0.,1.,0.));
#5473=DIRECTION('center_axis',(0.,-1.,8.67090772122115E-17));
#5474=DIRECTION('ref_axis',(0.,-8.67090772122115E-17,-1.));
#5475=DIRECTION('',(0.,-8.67090772122115E-17,-1.));
#5476=DIRECTION('',(1.,0.,0.));
#5477=DIRECTION('',(0.,-8.67090772122115E-17,-1.));
#5478=DIRECTION('',(1.,0.,0.));
#5479=DIRECTION('center_axis',(0.,0.,-1.));
#5480=DIRECTION('ref_axis',(0.,1.,0.));
#5481=DIRECTION('',(0.,1.,0.));
#5482=DIRECTION('',(0.,1.,0.));
#5483=DIRECTION('',(1.,0.,0.));
#5484=DIRECTION('center_axis',(0.,1.,0.));
#5485=DIRECTION('ref_axis',(0.,0.,1.));
#5486=DIRECTION('',(0.,0.,1.));
#5487=DIRECTION('',(0.,0.,1.));
#5488=DIRECTION('',(1.,0.,0.));
#5489=DIRECTION('center_axis',(0.,0.,1.));
#5490=DIRECTION('ref_axis',(0.,-1.,0.));
#5491=DIRECTION('',(0.,-1.,0.));
#5492=DIRECTION('',(0.,-1.,0.));
#5493=DIRECTION('center_axis',(0.,1.,2.71365236694203E-17));
#5494=DIRECTION('ref_axis',(0.,-2.71365236694203E-17,1.));
#5495=DIRECTION('',(0.,2.71365236694203E-17,-1.));
#5496=DIRECTION('',(1.,0.,0.));
#5497=DIRECTION('',(0.,-2.71365236694203E-17,1.));
#5498=DIRECTION('',(1.,0.,0.));
#5499=DIRECTION('center_axis',(0.,0.,-1.));
#5500=DIRECTION('ref_axis',(0.,1.,0.));
#5501=DIRECTION('',(0.,-1.,0.));
#5502=DIRECTION('',(0.,1.,0.));
#5503=DIRECTION('',(1.,0.,0.));
#5504=DIRECTION('center_axis',(0.,-1.,-5.42730473388405E-17));
#5505=DIRECTION('ref_axis',(0.,5.42730473388405E-17,-1.));
#5506=DIRECTION('',(0.,-5.42730473388405E-17,1.));
#5507=DIRECTION('',(0.,5.42730473388405E-17,-1.));
#5508=DIRECTION('',(1.,0.,0.));
#5509=DIRECTION('center_axis',(0.,-4.28037792626566E-16,1.));
#5510=DIRECTION('ref_axis',(0.,-1.,-4.28037792626566E-16));
#5511=DIRECTION('',(0.,1.,4.28037792626566E-16));
#5512=DIRECTION('',(0.,-1.,-4.28037792626566E-16));
#5513=DIRECTION('center_axis',(1.,0.,0.));
#5514=DIRECTION('ref_axis',(0.,0.,-1.));
#5515=DIRECTION('center_axis',(1.,0.,0.));
#5516=DIRECTION('ref_axis',(0.,1.,0.));
#5517=DIRECTION('axis',(0.,0.,1.));
#5518=DIRECTION('refdir',(1.,0.,0.));
#5519=DIRECTION('center_axis',(0.,1.,0.));
#5520=DIRECTION('ref_axis',(-1.,0.,0.));
#5521=DIRECTION('',(1.,0.,0.));
#5522=DIRECTION('',(0.,0.,1.));
#5523=DIRECTION('',(-1.,0.,0.));
#5524=DIRECTION('',(0.,0.,1.));
#5525=DIRECTION('center_axis',(1.,0.,0.));
#5526=DIRECTION('ref_axis',(0.,1.,0.));
#5527=DIRECTION('',(0.,-1.,0.));
#5528=DIRECTION('',(0.,1.,0.));
#5529=DIRECTION('',(0.,0.,1.));
#5530=DIRECTION('center_axis',(0.,1.,0.));
#5531=DIRECTION('ref_axis',(-1.,0.,0.));
#5532=DIRECTION('',(1.,0.,0.));
#5533=DIRECTION('',(-1.,0.,0.));
#5534=DIRECTION('',(0.,0.,1.));
#5535=DIRECTION('center_axis',(1.,0.,0.));
#5536=DIRECTION('ref_axis',(0.,1.,0.));
#5537=DIRECTION('',(0.,-1.,0.));
#5538=DIRECTION('',(0.,1.,0.));
#5539=DIRECTION('',(0.,0.,1.));
#5540=DIRECTION('center_axis',(0.,-1.,0.));
#5541=DIRECTION('ref_axis',(1.,0.,0.));
#5542=DIRECTION('',(-1.,0.,0.));
#5543=DIRECTION('',(1.,0.,0.));
#5544=DIRECTION('',(0.,0.,1.));
#5545=DIRECTION('center_axis',(1.,0.,0.));
#5546=DIRECTION('ref_axis',(0.,1.,0.));
#5547=DIRECTION('',(0.,-1.,0.));
#5548=DIRECTION('',(0.,1.,0.));
#5549=DIRECTION('',(0.,0.,1.));
#5550=DIRECTION('center_axis',(0.,1.,0.));
#5551=DIRECTION('ref_axis',(-1.,0.,0.));
#5552=DIRECTION('',(1.,0.,0.));
#5553=DIRECTION('',(-1.,0.,0.));
#5554=DIRECTION('',(0.,0.,1.));
#5555=DIRECTION('center_axis',(1.,0.,0.));
#5556=DIRECTION('ref_axis',(0.,1.,0.));
#5557=DIRECTION('',(0.,-1.,0.));
#5558=DIRECTION('',(0.,1.,0.));
#5559=DIRECTION('',(0.,0.,1.));
#5560=DIRECTION('center_axis',(0.,1.,0.));
#5561=DIRECTION('ref_axis',(-1.,0.,0.));
#5562=DIRECTION('',(1.,0.,0.));
#5563=DIRECTION('',(-1.,0.,0.));
#5564=DIRECTION('',(0.,0.,1.));
#5565=DIRECTION('center_axis',(1.,0.,0.));
#5566=DIRECTION('ref_axis',(0.,1.,0.));
#5567=DIRECTION('',(0.,-1.,0.));
#5568=DIRECTION('',(0.,1.,0.));
#5569=DIRECTION('',(0.,0.,1.));
#5570=DIRECTION('center_axis',(0.,1.,0.));
#5571=DIRECTION('ref_axis',(-1.,0.,0.));
#5572=DIRECTION('',(1.,0.,0.));
#5573=DIRECTION('',(-1.,0.,0.));
#5574=DIRECTION('',(0.,0.,1.));
#5575=DIRECTION('center_axis',(-1.,0.,0.));
#5576=DIRECTION('ref_axis',(0.,-1.,0.));
#5577=DIRECTION('',(0.,1.,0.));
#5578=DIRECTION('',(0.,-1.,0.));
#5579=DIRECTION('',(0.,0.,1.));
#5580=DIRECTION('center_axis',(0.,1.,0.));
#5581=DIRECTION('ref_axis',(-1.,0.,0.));
#5582=DIRECTION('',(-1.,0.,0.));
#5583=DIRECTION('',(-1.,0.,0.));
#5584=DIRECTION('',(0.,0.,1.));
#5585=DIRECTION('center_axis',(1.,0.,0.));
#5586=DIRECTION('ref_axis',(0.,1.,0.));
#5587=DIRECTION('',(0.,-1.,0.));
#5588=DIRECTION('',(0.,1.,0.));
#5589=DIRECTION('',(0.,0.,1.));
#5590=DIRECTION('center_axis',(0.,1.,0.));
#5591=DIRECTION('ref_axis',(-1.,0.,0.));
#5592=DIRECTION('',(1.,0.,0.));
#5593=DIRECTION('',(-1.,0.,0.));
#5594=DIRECTION('',(0.,0.,1.));
#5595=DIRECTION('center_axis',(1.,0.,0.));
#5596=DIRECTION('ref_axis',(0.,1.,0.));
#5597=DIRECTION('',(0.,-1.,0.));
#5598=DIRECTION('',(0.,1.,0.));
#5599=DIRECTION('',(0.,0.,1.));
#5600=DIRECTION('center_axis',(0.,-1.,0.));
#5601=DIRECTION('ref_axis',(1.,0.,0.));
#5602=DIRECTION('',(1.,0.,0.));
#5603=DIRECTION('',(1.,0.,0.));
#5604=DIRECTION('',(0.,0.,1.));
#5605=DIRECTION('center_axis',(1.,0.,0.));
#5606=DIRECTION('ref_axis',(0.,1.,0.));
#5607=DIRECTION('',(0.,1.,0.));
#5608=DIRECTION('',(0.,1.,0.));
#5609=DIRECTION('',(0.,0.,1.));
#5610=DIRECTION('center_axis',(0.,-1.,0.));
#5611=DIRECTION('ref_axis',(1.,0.,0.));
#5612=DIRECTION('',(1.,0.,0.));
#5613=DIRECTION('',(1.,0.,0.));
#5614=DIRECTION('',(0.,0.,1.));
#5615=DIRECTION('center_axis',(-1.,0.,0.));
#5616=DIRECTION('ref_axis',(0.,-1.,0.));
#5617=DIRECTION('',(0.,-1.,0.));
#5618=DIRECTION('',(0.,-1.,0.));
#5619=DIRECTION('',(0.,0.,1.));
#5620=DIRECTION('center_axis',(0.,-1.,0.));
#5621=DIRECTION('ref_axis',(1.,0.,0.));
#5622=DIRECTION('',(1.,0.,0.));
#5623=DIRECTION('',(1.,0.,0.));
#5624=DIRECTION('',(0.,0.,1.));
#5625=DIRECTION('center_axis',(1.,0.,0.));
#5626=DIRECTION('ref_axis',(0.,1.,0.));
#5627=DIRECTION('',(0.,1.,0.));
#5628=DIRECTION('',(0.,1.,0.));
#5629=DIRECTION('',(0.,0.,1.));
#5630=DIRECTION('center_axis',(0.,-1.,0.));
#5631=DIRECTION('ref_axis',(1.,0.,0.));
#5632=DIRECTION('',(1.,0.,0.));
#5633=DIRECTION('',(1.,0.,0.));
#5634=DIRECTION('',(0.,0.,1.));
#5635=DIRECTION('center_axis',(1.,0.,0.));
#5636=DIRECTION('ref_axis',(0.,1.,0.));
#5637=DIRECTION('',(0.,1.,0.));
#5638=DIRECTION('',(0.,1.,0.));
#5639=DIRECTION('',(0.,0.,1.));
#5640=DIRECTION('center_axis',(0.,-1.,0.));
#5641=DIRECTION('ref_axis',(1.,0.,0.));
#5642=DIRECTION('',(1.,0.,0.));
#5643=DIRECTION('',(1.,0.,0.));
#5644=DIRECTION('',(0.,0.,1.));
#5645=DIRECTION('center_axis',(1.,0.,0.));
#5646=DIRECTION('ref_axis',(0.,1.,0.));
#5647=DIRECTION('',(0.,1.,0.));
#5648=DIRECTION('',(0.,1.,0.));
#5649=DIRECTION('',(0.,0.,1.));
#5650=DIRECTION('center_axis',(0.,1.,0.));
#5651=DIRECTION('ref_axis',(-1.,0.,0.));
#5652=DIRECTION('',(-1.,0.,0.));
#5653=DIRECTION('',(-1.,0.,0.));
#5654=DIRECTION('',(0.,0.,1.));
#5655=DIRECTION('center_axis',(1.,0.,0.));
#5656=DIRECTION('ref_axis',(0.,1.,0.));
#5657=DIRECTION('',(0.,1.,0.));
#5658=DIRECTION('',(0.,1.,0.));
#5659=DIRECTION('',(0.,0.,1.));
#5660=DIRECTION('center_axis',(0.,-1.,0.));
#5661=DIRECTION('ref_axis',(1.,0.,0.));
#5662=DIRECTION('',(1.,0.,0.));
#5663=DIRECTION('',(1.,0.,0.));
#5664=DIRECTION('',(0.,0.,1.));
#5665=DIRECTION('center_axis',(1.,0.,0.));
#5666=DIRECTION('ref_axis',(0.,1.,0.));
#5667=DIRECTION('',(0.,1.,0.));
#5668=DIRECTION('',(0.,1.,0.));
#5669=DIRECTION('',(0.,0.,1.));
#5670=DIRECTION('center_axis',(0.,-1.,0.));
#5671=DIRECTION('ref_axis',(1.,0.,0.));
#5672=DIRECTION('',(-1.,0.,0.));
#5673=DIRECTION('',(1.,0.,0.));
#5674=DIRECTION('',(0.,0.,1.));
#5675=DIRECTION('center_axis',(-1.,0.,0.));
#5676=DIRECTION('ref_axis',(0.,-1.,0.));
#5677=DIRECTION('',(0.,1.,0.));
#5678=DIRECTION('',(0.,-1.,0.));
#5679=DIRECTION('',(0.,0.,1.));
#5680=DIRECTION('center_axis',(0.,-1.,0.));
#5681=DIRECTION('ref_axis',(1.,0.,0.));
#5682=DIRECTION('',(-1.,0.,0.));
#5683=DIRECTION('',(1.,0.,0.));
#5684=DIRECTION('',(0.,0.,1.));
#5685=DIRECTION('center_axis',(-1.,0.,0.));
#5686=DIRECTION('ref_axis',(0.,-1.,0.));
#5687=DIRECTION('',(0.,1.,0.));
#5688=DIRECTION('',(0.,-1.,0.));
#5689=DIRECTION('',(0.,0.,1.));
#5690=DIRECTION('center_axis',(0.,1.,0.));
#5691=DIRECTION('ref_axis',(-1.,0.,0.));
#5692=DIRECTION('',(1.,0.,0.));
#5693=DIRECTION('',(-1.,0.,0.));
#5694=DIRECTION('',(0.,0.,1.));
#5695=DIRECTION('center_axis',(-1.,0.,0.));
#5696=DIRECTION('ref_axis',(0.,-1.,0.));
#5697=DIRECTION('',(0.,1.,0.));
#5698=DIRECTION('',(0.,-1.,0.));
#5699=DIRECTION('',(0.,0.,1.));
#5700=DIRECTION('center_axis',(0.,-1.,0.));
#5701=DIRECTION('ref_axis',(1.,0.,0.));
#5702=DIRECTION('',(-1.,0.,0.));
#5703=DIRECTION('',(1.,0.,0.));
#5704=DIRECTION('',(0.,0.,1.));
#5705=DIRECTION('center_axis',(-1.,0.,0.));
#5706=DIRECTION('ref_axis',(0.,-1.,0.));
#5707=DIRECTION('',(0.,1.,0.));
#5708=DIRECTION('',(0.,-1.,0.));
#5709=DIRECTION('',(0.,0.,1.));
#5710=DIRECTION('center_axis',(0.,-1.,0.));
#5711=DIRECTION('ref_axis',(1.,0.,0.));
#5712=DIRECTION('',(-1.,0.,0.));
#5713=DIRECTION('',(1.,0.,0.));
#5714=DIRECTION('',(0.,0.,1.));
#5715=DIRECTION('center_axis',(-1.,0.,0.));
#5716=DIRECTION('ref_axis',(0.,-1.,0.));
#5717=DIRECTION('',(0.,1.,0.));
#5718=DIRECTION('',(0.,-1.,0.));
#5719=DIRECTION('',(0.,0.,1.));
#5720=DIRECTION('center_axis',(0.,-1.,0.));
#5721=DIRECTION('ref_axis',(1.,0.,0.));
#5722=DIRECTION('',(-1.,0.,0.));
#5723=DIRECTION('',(1.,0.,0.));
#5724=DIRECTION('',(0.,0.,1.));
#5725=DIRECTION('center_axis',(1.,0.,0.));
#5726=DIRECTION('ref_axis',(0.,1.,0.));
#5727=DIRECTION('',(0.,-1.,0.));
#5728=DIRECTION('',(0.,1.,0.));
#5729=DIRECTION('',(0.,0.,1.));
#5730=DIRECTION('center_axis',(0.,-1.,0.));
#5731=DIRECTION('ref_axis',(1.,0.,0.));
#5732=DIRECTION('',(-1.,0.,0.));
#5733=DIRECTION('',(1.,0.,0.));
#5734=DIRECTION('',(0.,0.,1.));
#5735=DIRECTION('center_axis',(-1.,0.,0.));
#5736=DIRECTION('ref_axis',(0.,-1.,0.));
#5737=DIRECTION('',(0.,1.,0.));
#5738=DIRECTION('',(0.,-1.,0.));
#5739=DIRECTION('',(0.,0.,1.));
#5740=DIRECTION('center_axis',(0.,-1.,0.));
#5741=DIRECTION('ref_axis',(1.,0.,0.));
#5742=DIRECTION('',(-1.,0.,0.));
#5743=DIRECTION('',(1.,0.,0.));
#5744=DIRECTION('',(0.,0.,1.));
#5745=DIRECTION('center_axis',(-1.,0.,0.));
#5746=DIRECTION('ref_axis',(0.,-1.,0.));
#5747=DIRECTION('',(0.,1.,0.));
#5748=DIRECTION('',(0.,-1.,0.));
#5749=DIRECTION('',(0.,0.,1.));
#5750=DIRECTION('center_axis',(0.,1.,0.));
#5751=DIRECTION('ref_axis',(-1.,0.,0.));
#5752=DIRECTION('',(-1.,0.,0.));
#5753=DIRECTION('',(-1.,0.,0.));
#5754=DIRECTION('',(0.,0.,1.));
#5755=DIRECTION('center_axis',(-1.,0.,0.));
#5756=DIRECTION('ref_axis',(0.,-1.,0.));
#5757=DIRECTION('',(0.,-1.,0.));
#5758=DIRECTION('',(0.,-1.,0.));
#5759=DIRECTION('',(0.,0.,1.));
#5760=DIRECTION('center_axis',(0.,1.,0.));
#5761=DIRECTION('ref_axis',(-1.,0.,0.));
#5762=DIRECTION('',(-1.,0.,0.));
#5763=DIRECTION('',(-1.,0.,0.));
#5764=DIRECTION('',(0.,0.,1.));
#5765=DIRECTION('center_axis',(1.,0.,0.));
#5766=DIRECTION('ref_axis',(0.,1.,0.));
#5767=DIRECTION('',(0.,1.,0.));
#5768=DIRECTION('',(0.,1.,0.));
#5769=DIRECTION('',(0.,0.,1.));
#5770=DIRECTION('center_axis',(0.,1.,0.));
#5771=DIRECTION('ref_axis',(-1.,0.,0.));
#5772=DIRECTION('',(-1.,0.,0.));
#5773=DIRECTION('',(-1.,0.,0.));
#5774=DIRECTION('',(0.,0.,1.));
#5775=DIRECTION('center_axis',(-1.,0.,0.));
#5776=DIRECTION('ref_axis',(0.,-1.,0.));
#5777=DIRECTION('',(0.,-1.,0.));
#5778=DIRECTION('',(0.,-1.,0.));
#5779=DIRECTION('',(0.,0.,1.));
#5780=DIRECTION('center_axis',(0.,1.,0.));
#5781=DIRECTION('ref_axis',(-1.,0.,0.));
#5782=DIRECTION('',(-1.,0.,0.));
#5783=DIRECTION('',(-1.,0.,0.));
#5784=DIRECTION('',(0.,0.,1.));
#5785=DIRECTION('center_axis',(-1.,0.,0.));
#5786=DIRECTION('ref_axis',(0.,-1.,0.));
#5787=DIRECTION('',(0.,-1.,0.));
#5788=DIRECTION('',(0.,-1.,0.));
#5789=DIRECTION('',(0.,0.,1.));
#5790=DIRECTION('center_axis',(0.,1.,0.));
#5791=DIRECTION('ref_axis',(-1.,0.,0.));
#5792=DIRECTION('',(-1.,0.,0.));
#5793=DIRECTION('',(-1.,0.,0.));
#5794=DIRECTION('',(0.,0.,1.));
#5795=DIRECTION('center_axis',(-1.,0.,0.));
#5796=DIRECTION('ref_axis',(0.,-1.,0.));
#5797=DIRECTION('',(0.,-1.,0.));
#5798=DIRECTION('',(0.,-1.,0.));
#5799=DIRECTION('',(0.,0.,1.));
#5800=DIRECTION('center_axis',(0.,-1.,0.));
#5801=DIRECTION('ref_axis',(1.,0.,0.));
#5802=DIRECTION('',(1.,0.,0.));
#5803=DIRECTION('',(1.,0.,0.));
#5804=DIRECTION('',(0.,0.,1.));
#5805=DIRECTION('center_axis',(-1.,0.,0.));
#5806=DIRECTION('ref_axis',(0.,-1.,0.));
#5807=DIRECTION('',(0.,-1.,0.));
#5808=DIRECTION('',(0.,-1.,0.));
#5809=DIRECTION('',(0.,0.,1.));
#5810=DIRECTION('center_axis',(0.,1.,0.));
#5811=DIRECTION('ref_axis',(-1.,0.,0.));
#5812=DIRECTION('',(-1.,0.,0.));
#5813=DIRECTION('',(-1.,0.,0.));
#5814=DIRECTION('',(0.,0.,1.));
#5815=DIRECTION('center_axis',(-1.,0.,0.));
#5816=DIRECTION('ref_axis',(0.,-1.,0.));
#5817=DIRECTION('',(0.,-1.,0.));
#5818=DIRECTION('',(0.,-1.,0.));
#5819=DIRECTION('center_axis',(0.,0.,1.));
#5820=DIRECTION('ref_axis',(1.,0.,0.));
#5821=DIRECTION('center_axis',(0.,0.,1.));
#5822=DIRECTION('ref_axis',(1.,0.,0.));
#5823=DIRECTION('',(0.,0.,1.));
#5824=DIRECTION('',(1.,0.,0.));
#5825=DIRECTION('',(-2.18952885050761E-46,4.62223186652937E-33,1.));
#5826=DIRECTION('',(1.,0.,0.));
#5827=DIRECTION('',(-2.55871712706575E-17,1.08767161943746E-15,1.));
#5828=DIRECTION('',(1.,1.08246744900952E-15,-1.66533453693773E-16));
#5829=DIRECTION('',(1.0708170490793E-31,-1.7082886552397E-45,1.));
#5830=DIRECTION('',(-1.52655665885921E-16,-1.,-9.40813177952198E-48));
#5831=DIRECTION('',(1.76210411221558E-31,-1.52140669854028E-16,1.));
#5832=DIRECTION('',(-1.52655665885959E-16,-1.,-1.52140669854028E-16));
#5833=DIRECTION('',(0.,0.,1.));
#5834=DIRECTION('',(0.999999999999998,0.,3.94430452610506E-31));
#5835=CARTESIAN_POINT('',(0.,0.,0.));
#5836=CARTESIAN_POINT('',(0.,0.,0.));
#5837=CARTESIAN_POINT('Origin',(1.75,89.,332.));
#5838=CARTESIAN_POINT('',(2.55,90.5,332.));
#5839=CARTESIAN_POINT('Origin',(2.55,89.,332.));
#5840=CARTESIAN_POINT('',(3.5,90.5,332.));
#5841=CARTESIAN_POINT('',(1.75,90.5,332.));
#5842=CARTESIAN_POINT('Origin',(3.5,89.,332.));
#5843=CARTESIAN_POINT('Origin',(1.75,89.,332.));
#5844=CARTESIAN_POINT('',(0.,90.5,332.));
#5845=CARTESIAN_POINT('Origin',(0.,89.,332.));
#5846=CARTESIAN_POINT('',(1.,90.5,332.));
#5847=CARTESIAN_POINT('',(1.75,90.5,332.));
#5848=CARTESIAN_POINT('Origin',(1.,89.,332.));
#5849=CARTESIAN_POINT('Origin',(3.5,89.,332.));
#5850=CARTESIAN_POINT('Origin',(1.75,89.,8.5));
#5851=CARTESIAN_POINT('',(2.55,90.5,8.5));
#5852=CARTESIAN_POINT('Origin',(2.55,89.,8.5));
#5853=CARTESIAN_POINT('',(3.5,90.5,8.5));
#5854=CARTESIAN_POINT('',(1.75,90.5,8.5));
#5855=CARTESIAN_POINT('Origin',(3.5,89.,8.5));
#5856=CARTESIAN_POINT('Origin',(1.75,89.,8.5));
#5857=CARTESIAN_POINT('',(0.,90.5,8.5));
#5858=CARTESIAN_POINT('Origin',(0.,89.,8.5));
#5859=CARTESIAN_POINT('',(1.,90.5,8.5));
#5860=CARTESIAN_POINT('',(1.75,90.5,8.5));
#5861=CARTESIAN_POINT('Origin',(1.,89.,8.5));
#5862=CARTESIAN_POINT('Origin',(3.5,89.,8.5));
#5863=CARTESIAN_POINT('Origin',(1.75,89.,161.75));
#5864=CARTESIAN_POINT('',(2.55,90.5,161.75));
#5865=CARTESIAN_POINT('Origin',(2.55,89.,161.75));
#5866=CARTESIAN_POINT('',(3.5,90.5,161.75));
#5867=CARTESIAN_POINT('',(1.75,90.5,161.75));
#5868=CARTESIAN_POINT('Origin',(3.5,89.,161.75));
#5869=CARTESIAN_POINT('Origin',(1.75,89.,161.75));
#5870=CARTESIAN_POINT('',(0.,90.5,161.75));
#5871=CARTESIAN_POINT('Origin',(0.,89.,161.75));
#5872=CARTESIAN_POINT('',(1.,90.5,161.75));
#5873=CARTESIAN_POINT('',(1.75,90.5,161.75));
#5874=CARTESIAN_POINT('Origin',(1.,89.,161.75));
#5875=CARTESIAN_POINT('Origin',(3.5,89.,161.75));
#5876=CARTESIAN_POINT('Origin',(11.,98.25,332.));
#5877=CARTESIAN_POINT('',(11.,97.45,330.5));
#5878=CARTESIAN_POINT('Origin',(11.,97.45,332.));
#5879=CARTESIAN_POINT('',(11.,96.5,330.5));
#5880=CARTESIAN_POINT('',(11.,98.25,330.5));
#5881=CARTESIAN_POINT('Origin',(11.,96.5,332.));
#5882=CARTESIAN_POINT('Origin',(11.,98.25,332.));
#5883=CARTESIAN_POINT('',(11.,100.,330.5));
#5884=CARTESIAN_POINT('Origin',(11.,100.,332.));
#5885=CARTESIAN_POINT('',(11.,99.,330.5));
#5886=CARTESIAN_POINT('',(11.,98.25,330.5));
#5887=CARTESIAN_POINT('Origin',(11.,99.,332.));
#5888=CARTESIAN_POINT('Origin',(11.,96.5,332.));
#5889=CARTESIAN_POINT('Origin',(11.,98.25,161.75));
#5890=CARTESIAN_POINT('',(11.,97.45,160.25));
#5891=CARTESIAN_POINT('Origin',(11.,97.45,161.75));
#5892=CARTESIAN_POINT('',(11.,96.5,160.25));
#5893=CARTESIAN_POINT('',(11.,98.25,160.25));
#5894=CARTESIAN_POINT('Origin',(11.,96.5,161.75));
#5895=CARTESIAN_POINT('Origin',(11.,98.25,161.75));
#5896=CARTESIAN_POINT('',(11.,100.,160.25));
#5897=CARTESIAN_POINT('Origin',(11.,100.,161.75));
#5898=CARTESIAN_POINT('',(11.,99.,160.25));
#5899=CARTESIAN_POINT('',(11.,98.25,160.25));
#5900=CARTESIAN_POINT('Origin',(11.,99.,161.75));
#5901=CARTESIAN_POINT('Origin',(11.,96.5,161.75));
#5902=CARTESIAN_POINT('Origin',(11.,98.25,8.5));
#5903=CARTESIAN_POINT('',(11.,97.45,7.));
#5904=CARTESIAN_POINT('Origin',(11.,97.45,8.5));
#5905=CARTESIAN_POINT('',(11.,96.5,7.));
#5906=CARTESIAN_POINT('',(11.,98.25,7.));
#5907=CARTESIAN_POINT('Origin',(11.,96.5,8.5));
#5908=CARTESIAN_POINT('Origin',(11.,98.25,8.5));
#5909=CARTESIAN_POINT('',(11.,100.,7.));
#5910=CARTESIAN_POINT('Origin',(11.,100.,8.5));
#5911=CARTESIAN_POINT('',(11.,99.,7.));
#5912=CARTESIAN_POINT('',(11.,98.25,7.));
#5913=CARTESIAN_POINT('Origin',(11.,99.,8.5));
#5914=CARTESIAN_POINT('Origin',(11.,96.5,8.5));
#5915=CARTESIAN_POINT('Origin',(1.,91.5,0.));
#5916=CARTESIAN_POINT('',(2.55,91.5,0.));
#5917=CARTESIAN_POINT('',(1.,91.5,0.));
#5918=CARTESIAN_POINT('',(2.55,91.5,0.));
#5919=CARTESIAN_POINT('',(2.55,91.5,340.5));
#5920=CARTESIAN_POINT('',(2.55,91.5,0.));
#5921=CARTESIAN_POINT('',(1.,91.5,340.5));
#5922=CARTESIAN_POINT('',(2.55,91.5,340.5));
#5923=CARTESIAN_POINT('',(1.,91.5,0.));
#5924=CARTESIAN_POINT('Origin',(1.,86.5,0.));
#5925=CARTESIAN_POINT('',(1.,86.5,0.));
#5926=CARTESIAN_POINT('',(1.,91.5,0.));
#5927=CARTESIAN_POINT('',(1.,86.5,340.5));
#5928=CARTESIAN_POINT('',(1.,91.5,340.5));
#5929=CARTESIAN_POINT('',(1.,86.5,0.));
#5930=CARTESIAN_POINT('Origin',(0.,86.5,0.));
#5931=CARTESIAN_POINT('',(0.,86.5,0.));
#5932=CARTESIAN_POINT('',(1.,86.5,0.));
#5933=CARTESIAN_POINT('',(0.,86.5,340.5));
#5934=CARTESIAN_POINT('',(1.,86.5,340.5));
#5935=CARTESIAN_POINT('',(0.,86.5,0.));
#5936=CARTESIAN_POINT('Origin',(0.,100.,0.));
#5937=CARTESIAN_POINT('',(0.,100.,0.));
#5938=CARTESIAN_POINT('',(0.,91.5,0.));
#5939=CARTESIAN_POINT('',(0.,100.,340.5));
#5940=CARTESIAN_POINT('',(0.,91.5,340.5));
#5941=CARTESIAN_POINT('',(0.,100.,0.));
#5942=CARTESIAN_POINT('Origin',(13.5,100.,0.));
#5943=CARTESIAN_POINT('',(13.5,100.,0.));
#5944=CARTESIAN_POINT('',(8.5,100.,0.));
#5945=CARTESIAN_POINT('',(13.5,100.,340.5));
#5946=CARTESIAN_POINT('',(8.5,100.,340.5));
#5947=CARTESIAN_POINT('',(13.5,100.,0.));
#5948=CARTESIAN_POINT('Origin',(13.5,99.,0.));
#5949=CARTESIAN_POINT('',(13.5,99.,0.));
#5950=CARTESIAN_POINT('',(13.5,100.,0.));
#5951=CARTESIAN_POINT('',(13.5,99.,340.5));
#5952=CARTESIAN_POINT('',(13.5,100.,340.5));
#5953=CARTESIAN_POINT('',(13.5,99.,0.));
#5954=CARTESIAN_POINT('Origin',(8.5,99.,0.));
#5955=CARTESIAN_POINT('',(8.5,99.,0.));
#5956=CARTESIAN_POINT('',(13.5,99.,0.));
#5957=CARTESIAN_POINT('',(8.5,99.,340.5));
#5958=CARTESIAN_POINT('',(13.5,99.,340.5));
#5959=CARTESIAN_POINT('',(8.5,99.,0.));
#5960=CARTESIAN_POINT('Origin',(8.5,97.45,0.));
#5961=CARTESIAN_POINT('',(8.5,97.45,0.));
#5962=CARTESIAN_POINT('',(8.5,99.,0.));
#5963=CARTESIAN_POINT('',(8.5,97.45,340.5));
#5964=CARTESIAN_POINT('',(8.5,99.,340.5));
#5965=CARTESIAN_POINT('',(8.5,97.45,0.));
#5966=CARTESIAN_POINT('Origin',(13.5,97.45,0.));
#5967=CARTESIAN_POINT('',(13.5,97.45,0.));
#5968=CARTESIAN_POINT('',(8.5,97.45,0.));
#5969=CARTESIAN_POINT('',(13.5,97.45,340.5));
#5970=CARTESIAN_POINT('',(8.5,97.45,340.5));
#5971=CARTESIAN_POINT('',(13.5,97.45,0.));
#5972=CARTESIAN_POINT('Origin',(13.5,96.45,0.));
#5973=CARTESIAN_POINT('',(13.5,96.45,0.));
#5974=CARTESIAN_POINT('',(13.5,97.45,0.));
#5975=CARTESIAN_POINT('',(13.5,96.45,340.5));
#5976=CARTESIAN_POINT('',(13.5,97.45,340.5));
#5977=CARTESIAN_POINT('',(13.5,96.45,0.));
#5978=CARTESIAN_POINT('Origin',(8.5,96.45,0.));
#5979=CARTESIAN_POINT('',(8.5,96.45,0.));
#5980=CARTESIAN_POINT('',(13.5,96.45,0.));
#5981=CARTESIAN_POINT('',(8.5,96.45,340.5));
#5982=CARTESIAN_POINT('',(13.5,96.45,340.5));
#5983=CARTESIAN_POINT('',(8.5,96.45,0.));
#5984=CARTESIAN_POINT('Origin',(8.5,91.5,0.));
#5985=CARTESIAN_POINT('',(8.5,91.5,0.));
#5986=CARTESIAN_POINT('',(8.5,96.45,0.));
#5987=CARTESIAN_POINT('',(8.5,91.5,340.5));
#5988=CARTESIAN_POINT('',(8.5,96.45,340.5));
#5989=CARTESIAN_POINT('',(8.5,91.5,0.));
#5990=CARTESIAN_POINT('Origin',(3.55,91.5,0.));
#5991=CARTESIAN_POINT('',(3.55,91.5,0.));
#5992=CARTESIAN_POINT('',(8.5,91.5,0.));
#5993=CARTESIAN_POINT('',(3.55,91.5,340.5));
#5994=CARTESIAN_POINT('',(8.5,91.5,340.5));
#5995=CARTESIAN_POINT('',(3.55,91.5,0.));
#5996=CARTESIAN_POINT('Origin',(3.55,86.5,0.));
#5997=CARTESIAN_POINT('',(3.55,86.5,0.));
#5998=CARTESIAN_POINT('',(3.55,91.5,0.));
#5999=CARTESIAN_POINT('',(3.55,86.5,340.5));
#6000=CARTESIAN_POINT('',(3.55,91.5,340.5));
#6001=CARTESIAN_POINT('',(3.55,86.5,0.));
#6002=CARTESIAN_POINT('Origin',(2.55,86.5,0.));
#6003=CARTESIAN_POINT('',(2.55,86.5,0.));
#6004=CARTESIAN_POINT('',(3.55,86.5,0.));
#6005=CARTESIAN_POINT('',(2.55,86.5,340.5));
#6006=CARTESIAN_POINT('',(3.55,86.5,340.5));
#6007=CARTESIAN_POINT('',(2.55,86.5,0.));
#6008=CARTESIAN_POINT('Origin',(2.55,91.5,0.));
#6009=CARTESIAN_POINT('',(2.55,86.5,0.));
#6010=CARTESIAN_POINT('',(2.55,86.5,340.5));
#6011=CARTESIAN_POINT('Origin',(6.75,93.25,340.5));
#6012=CARTESIAN_POINT('Origin',(6.75,93.25,0.));
#6013=CARTESIAN_POINT('Origin',(89.,1.75,8.5));
#6014=CARTESIAN_POINT('',(89.,2.55,10.));
#6015=CARTESIAN_POINT('Origin',(89.,2.55,8.5));
#6016=CARTESIAN_POINT('',(89.,3.5,10.));
#6017=CARTESIAN_POINT('',(89.,1.75,10.));
#6018=CARTESIAN_POINT('Origin',(89.,3.5,8.5));
#6019=CARTESIAN_POINT('Origin',(89.,1.75,8.5));
#6020=CARTESIAN_POINT('',(89.,0.,10.));
#6021=CARTESIAN_POINT('Origin',(89.,0.,8.5));
#6022=CARTESIAN_POINT('',(89.,1.,10.));
#6023=CARTESIAN_POINT('',(89.,1.75,10.));
#6024=CARTESIAN_POINT('Origin',(89.,1.,8.5));
#6025=CARTESIAN_POINT('Origin',(89.,3.5,8.5));
#6026=CARTESIAN_POINT('Origin',(89.,1.75,332.));
#6027=CARTESIAN_POINT('',(89.,2.55,333.5));
#6028=CARTESIAN_POINT('Origin',(89.,2.55,332.));
#6029=CARTESIAN_POINT('',(89.,3.5,333.5));
#6030=CARTESIAN_POINT('',(89.,1.75,333.5));
#6031=CARTESIAN_POINT('Origin',(89.,3.5,332.));
#6032=CARTESIAN_POINT('Origin',(89.,1.75,332.));
#6033=CARTESIAN_POINT('',(89.,0.,333.5));
#6034=CARTESIAN_POINT('Origin',(89.,0.,332.));
#6035=CARTESIAN_POINT('',(89.,1.,333.5));
#6036=CARTESIAN_POINT('',(89.,1.75,333.5));
#6037=CARTESIAN_POINT('Origin',(89.,1.,332.));
#6038=CARTESIAN_POINT('Origin',(89.,3.5,332.));
#6039=CARTESIAN_POINT('Origin',(89.,1.75,161.75));
#6040=CARTESIAN_POINT('',(89.,2.55,163.25));
#6041=CARTESIAN_POINT('Origin',(89.,2.55,161.75));
#6042=CARTESIAN_POINT('',(89.,3.5,163.25));
#6043=CARTESIAN_POINT('',(89.,1.75,163.25));
#6044=CARTESIAN_POINT('Origin',(89.,3.5,161.75));
#6045=CARTESIAN_POINT('Origin',(89.,1.75,161.75));
#6046=CARTESIAN_POINT('',(89.,0.,163.25));
#6047=CARTESIAN_POINT('Origin',(89.,0.,161.75));
#6048=CARTESIAN_POINT('',(89.,1.,163.25));
#6049=CARTESIAN_POINT('',(89.,1.75,163.25));
#6050=CARTESIAN_POINT('Origin',(89.,1.,161.75));
#6051=CARTESIAN_POINT('Origin',(89.,3.5,161.75));
#6052=CARTESIAN_POINT('Origin',(98.25,11.,8.5));
#6053=CARTESIAN_POINT('',(97.45,9.5,8.5));
#6054=CARTESIAN_POINT('Origin',(97.45,11.,8.5));
#6055=CARTESIAN_POINT('',(96.5,9.5,8.5));
#6056=CARTESIAN_POINT('',(98.25,9.5,8.5));
#6057=CARTESIAN_POINT('Origin',(96.5,11.,8.5));
#6058=CARTESIAN_POINT('Origin',(98.25,11.,8.5));
#6059=CARTESIAN_POINT('',(100.,9.5,8.5));
#6060=CARTESIAN_POINT('Origin',(100.,11.,8.5));
#6061=CARTESIAN_POINT('',(99.,9.5,8.5));
#6062=CARTESIAN_POINT('',(98.25,9.5,8.5));
#6063=CARTESIAN_POINT('Origin',(99.,11.,8.5));
#6064=CARTESIAN_POINT('Origin',(96.5,11.,8.5));
#6065=CARTESIAN_POINT('Origin',(98.25,11.,332.));
#6066=CARTESIAN_POINT('',(97.45,9.5,332.));
#6067=CARTESIAN_POINT('Origin',(97.45,11.,332.));
#6068=CARTESIAN_POINT('',(96.5,9.5,332.));
#6069=CARTESIAN_POINT('',(98.25,9.5,332.));
#6070=CARTESIAN_POINT('Origin',(96.5,11.,332.));
#6071=CARTESIAN_POINT('Origin',(98.25,11.,332.));
#6072=CARTESIAN_POINT('',(100.,9.5,332.));
#6073=CARTESIAN_POINT('Origin',(100.,11.,332.));
#6074=CARTESIAN_POINT('',(99.,9.5,332.));
#6075=CARTESIAN_POINT('',(98.25,9.5,332.));
#6076=CARTESIAN_POINT('Origin',(99.,11.,332.));
#6077=CARTESIAN_POINT('Origin',(96.5,11.,332.));
#6078=CARTESIAN_POINT('Origin',(98.25,11.,161.75));
#6079=CARTESIAN_POINT('',(97.45,9.5,161.75));
#6080=CARTESIAN_POINT('Origin',(97.45,11.,161.75));
#6081=CARTESIAN_POINT('',(96.5,9.5,161.75));
#6082=CARTESIAN_POINT('',(98.25,9.5,161.75));
#6083=CARTESIAN_POINT('Origin',(96.5,11.,161.75));
#6084=CARTESIAN_POINT('Origin',(98.25,11.,161.75));
#6085=CARTESIAN_POINT('',(100.,9.5,161.75));
#6086=CARTESIAN_POINT('Origin',(100.,11.,161.75));
#6087=CARTESIAN_POINT('',(99.,9.5,161.75));
#6088=CARTESIAN_POINT('',(98.25,9.5,161.75));
#6089=CARTESIAN_POINT('Origin',(99.,11.,161.75));
#6090=CARTESIAN_POINT('Origin',(96.5,11.,161.75));
#6091=CARTESIAN_POINT('Origin',(99.,8.5,0.));
#6092=CARTESIAN_POINT('',(97.45,8.5,0.));
#6093=CARTESIAN_POINT('',(99.,8.5,0.));
#6094=CARTESIAN_POINT('',(97.45,8.5,0.));
#6095=CARTESIAN_POINT('',(97.45,8.5,340.5));
#6096=CARTESIAN_POINT('',(97.45,8.5,0.));
#6097=CARTESIAN_POINT('',(99.,8.5,340.5));
#6098=CARTESIAN_POINT('',(97.45,8.5,340.5));
#6099=CARTESIAN_POINT('',(99.,8.5,0.));
#6100=CARTESIAN_POINT('Origin',(99.,13.5,0.));
#6101=CARTESIAN_POINT('',(99.,13.5,0.));
#6102=CARTESIAN_POINT('',(99.,8.5,0.));
#6103=CARTESIAN_POINT('',(99.,13.5,340.5));
#6104=CARTESIAN_POINT('',(99.,8.5,340.5));
#6105=CARTESIAN_POINT('',(99.,13.5,0.));
#6106=CARTESIAN_POINT('Origin',(100.,13.5,0.));
#6107=CARTESIAN_POINT('',(100.,13.5,0.));
#6108=CARTESIAN_POINT('',(99.,13.5,0.));
#6109=CARTESIAN_POINT('',(100.,13.5,340.5));
#6110=CARTESIAN_POINT('',(99.,13.5,340.5));
#6111=CARTESIAN_POINT('',(100.,13.5,0.));
#6112=CARTESIAN_POINT('Origin',(100.,0.,0.));
#6113=CARTESIAN_POINT('',(100.,0.,0.));
#6114=CARTESIAN_POINT('',(100.,8.5,0.));
#6115=CARTESIAN_POINT('',(100.,0.,340.5));
#6116=CARTESIAN_POINT('',(100.,8.5,340.5));
#6117=CARTESIAN_POINT('',(100.,0.,0.));
#6118=CARTESIAN_POINT('Origin',(86.5,0.,0.));
#6119=CARTESIAN_POINT('',(86.5,0.,0.));
#6120=CARTESIAN_POINT('',(91.5,0.,0.));
#6121=CARTESIAN_POINT('',(86.5,0.,340.5));
#6122=CARTESIAN_POINT('',(91.5,0.,340.5));
#6123=CARTESIAN_POINT('',(86.5,0.,0.));
#6124=CARTESIAN_POINT('Origin',(86.5,1.,0.));
#6125=CARTESIAN_POINT('',(86.5,1.,0.));
#6126=CARTESIAN_POINT('',(86.5,0.,0.));
#6127=CARTESIAN_POINT('',(86.5,1.,340.5));
#6128=CARTESIAN_POINT('',(86.5,0.,340.5));
#6129=CARTESIAN_POINT('',(86.5,1.,0.));
#6130=CARTESIAN_POINT('Origin',(91.5,1.,0.));
#6131=CARTESIAN_POINT('',(91.5,1.,0.));
#6132=CARTESIAN_POINT('',(86.5,1.,0.));
#6133=CARTESIAN_POINT('',(91.5,1.,340.5));
#6134=CARTESIAN_POINT('',(86.5,1.,340.5));
#6135=CARTESIAN_POINT('',(91.5,1.,0.));
#6136=CARTESIAN_POINT('Origin',(91.5,2.55,0.));
#6137=CARTESIAN_POINT('',(91.5,2.55,0.));
#6138=CARTESIAN_POINT('',(91.5,1.,0.));
#6139=CARTESIAN_POINT('',(91.5,2.55,340.5));
#6140=CARTESIAN_POINT('',(91.5,1.,340.5));
#6141=CARTESIAN_POINT('',(91.5,2.55,0.));
#6142=CARTESIAN_POINT('Origin',(86.5,2.55,0.));
#6143=CARTESIAN_POINT('',(86.5,2.55,0.));
#6144=CARTESIAN_POINT('',(91.5,2.55,0.));
#6145=CARTESIAN_POINT('',(86.5,2.55,340.5));
#6146=CARTESIAN_POINT('',(91.5,2.55,340.5));
#6147=CARTESIAN_POINT('',(86.5,2.55,0.));
#6148=CARTESIAN_POINT('Origin',(86.5,3.55,0.));
#6149=CARTESIAN_POINT('',(86.5,3.55,0.));
#6150=CARTESIAN_POINT('',(86.5,2.55,0.));
#6151=CARTESIAN_POINT('',(86.5,3.55,340.5));
#6152=CARTESIAN_POINT('',(86.5,2.55,340.5));
#6153=CARTESIAN_POINT('',(86.5,3.55,0.));
#6154=CARTESIAN_POINT('Origin',(91.5,3.55,0.));
#6155=CARTESIAN_POINT('',(91.5,3.55,0.));
#6156=CARTESIAN_POINT('',(86.5,3.55,0.));
#6157=CARTESIAN_POINT('',(91.5,3.55,340.5));
#6158=CARTESIAN_POINT('',(86.5,3.55,340.5));
#6159=CARTESIAN_POINT('',(91.5,3.55,0.));
#6160=CARTESIAN_POINT('Origin',(91.5,8.5,0.));
#6161=CARTESIAN_POINT('',(91.5,8.5,0.));
#6162=CARTESIAN_POINT('',(91.5,3.55,0.));
#6163=CARTESIAN_POINT('',(91.5,8.5,340.5));
#6164=CARTESIAN_POINT('',(91.5,3.55,340.5));
#6165=CARTESIAN_POINT('',(91.5,8.5,0.));
#6166=CARTESIAN_POINT('Origin',(96.45,8.5,0.));
#6167=CARTESIAN_POINT('',(96.45,8.5,0.));
#6168=CARTESIAN_POINT('',(91.5,8.5,0.));
#6169=CARTESIAN_POINT('',(96.45,8.5,340.5));
#6170=CARTESIAN_POINT('',(91.5,8.5,340.5));
#6171=CARTESIAN_POINT('',(96.45,8.5,0.));
#6172=CARTESIAN_POINT('Origin',(96.45,13.5,0.));
#6173=CARTESIAN_POINT('',(96.45,13.5,0.));
#6174=CARTESIAN_POINT('',(96.45,8.5,0.));
#6175=CARTESIAN_POINT('',(96.45,13.5,340.5));
#6176=CARTESIAN_POINT('',(96.45,8.5,340.5));
#6177=CARTESIAN_POINT('',(96.45,13.5,0.));
#6178=CARTESIAN_POINT('Origin',(97.45,13.5,0.));
#6179=CARTESIAN_POINT('',(97.45,13.5,0.));
#6180=CARTESIAN_POINT('',(96.45,13.5,0.));
#6181=CARTESIAN_POINT('',(97.45,13.5,340.5));
#6182=CARTESIAN_POINT('',(96.45,13.5,340.5));
#6183=CARTESIAN_POINT('',(97.45,13.5,0.));
#6184=CARTESIAN_POINT('Origin',(97.45,8.5,0.));
#6185=CARTESIAN_POINT('',(97.45,13.5,0.));
#6186=CARTESIAN_POINT('',(97.45,13.5,340.5));
#6187=CARTESIAN_POINT('Origin',(93.25,6.75,340.5));
#6188=CARTESIAN_POINT('Origin',(93.25,6.75,0.));
#6189=CARTESIAN_POINT('Origin',(89.,98.25,8.5));
#6190=CARTESIAN_POINT('',(89.,100.,7.));
#6191=CARTESIAN_POINT('Origin',(89.,100.,8.5));
#6192=CARTESIAN_POINT('',(89.,99.,7.));
#6193=CARTESIAN_POINT('',(89.,98.25,7.));
#6194=CARTESIAN_POINT('Origin',(89.,99.,8.5));
#6195=CARTESIAN_POINT('Origin',(89.,98.25,8.5));
#6196=CARTESIAN_POINT('',(89.,97.45,7.));
#6197=CARTESIAN_POINT('Origin',(89.,97.45,8.5));
#6198=CARTESIAN_POINT('',(89.,96.5,7.));
#6199=CARTESIAN_POINT('',(89.,98.25,7.));
#6200=CARTESIAN_POINT('Origin',(89.,96.5,8.5));
#6201=CARTESIAN_POINT('Origin',(89.,96.5,8.5));
#6202=CARTESIAN_POINT('Origin',(89.,98.25,161.75));
#6203=CARTESIAN_POINT('',(89.,100.,160.25));
#6204=CARTESIAN_POINT('Origin',(89.,100.,161.75));
#6205=CARTESIAN_POINT('',(89.,99.,160.25));
#6206=CARTESIAN_POINT('',(89.,98.25,160.25));
#6207=CARTESIAN_POINT('Origin',(89.,99.,161.75));
#6208=CARTESIAN_POINT('Origin',(89.,98.25,161.75));
#6209=CARTESIAN_POINT('',(89.,97.45,160.25));
#6210=CARTESIAN_POINT('Origin',(89.,97.45,161.75));
#6211=CARTESIAN_POINT('',(89.,96.5,160.25));
#6212=CARTESIAN_POINT('',(89.,98.25,160.25));
#6213=CARTESIAN_POINT('Origin',(89.,96.5,161.75));
#6214=CARTESIAN_POINT('Origin',(89.,96.5,161.75));
#6215=CARTESIAN_POINT('Origin',(89.,98.25,332.));
#6216=CARTESIAN_POINT('',(89.,100.,330.5));
#6217=CARTESIAN_POINT('Origin',(89.,100.,332.));
#6218=CARTESIAN_POINT('',(89.,99.,330.5));
#6219=CARTESIAN_POINT('',(89.,98.25,330.5));
#6220=CARTESIAN_POINT('Origin',(89.,99.,332.));
#6221=CARTESIAN_POINT('Origin',(89.,98.25,332.));
#6222=CARTESIAN_POINT('',(89.,97.45,330.5));
#6223=CARTESIAN_POINT('Origin',(89.,97.45,332.));
#6224=CARTESIAN_POINT('',(89.,96.5,330.5));
#6225=CARTESIAN_POINT('',(89.,98.25,330.5));
#6226=CARTESIAN_POINT('Origin',(89.,96.5,332.));
#6227=CARTESIAN_POINT('Origin',(89.,96.5,332.));
#6228=CARTESIAN_POINT('Origin',(98.25,89.,161.75));
#6229=CARTESIAN_POINT('',(97.45,87.5,161.75));
#6230=CARTESIAN_POINT('Origin',(97.45,89.,161.75));
#6231=CARTESIAN_POINT('',(96.5,87.5,161.75));
#6232=CARTESIAN_POINT('',(98.25,87.5,161.75));
#6233=CARTESIAN_POINT('Origin',(96.5,89.,161.75));
#6234=CARTESIAN_POINT('Origin',(98.25,89.,161.75));
#6235=CARTESIAN_POINT('',(100.,87.5,161.75));
#6236=CARTESIAN_POINT('Origin',(100.,89.,161.75));
#6237=CARTESIAN_POINT('',(99.,87.5,161.75));
#6238=CARTESIAN_POINT('',(98.25,87.5,161.75));
#6239=CARTESIAN_POINT('Origin',(99.,89.,161.75));
#6240=CARTESIAN_POINT('Origin',(96.5,89.,161.75));
#6241=CARTESIAN_POINT('Origin',(98.25,89.,332.));
#6242=CARTESIAN_POINT('',(97.45,87.5,332.));
#6243=CARTESIAN_POINT('Origin',(97.45,89.,332.));
#6244=CARTESIAN_POINT('',(96.5,87.5,332.));
#6245=CARTESIAN_POINT('',(98.25,87.5,332.));
#6246=CARTESIAN_POINT('Origin',(96.5,89.,332.));
#6247=CARTESIAN_POINT('Origin',(98.25,89.,332.));
#6248=CARTESIAN_POINT('',(100.,87.5,332.));
#6249=CARTESIAN_POINT('Origin',(100.,89.,332.));
#6250=CARTESIAN_POINT('',(99.,87.5,332.));
#6251=CARTESIAN_POINT('',(98.25,87.5,332.));
#6252=CARTESIAN_POINT('Origin',(99.,89.,332.));
#6253=CARTESIAN_POINT('Origin',(96.5,89.,332.));
#6254=CARTESIAN_POINT('Origin',(98.25,89.,8.5));
#6255=CARTESIAN_POINT('',(97.45,87.5,8.5));
#6256=CARTESIAN_POINT('Origin',(97.45,89.,8.5));
#6257=CARTESIAN_POINT('',(96.5,87.5,8.5));
#6258=CARTESIAN_POINT('',(98.25,87.5,8.5));
#6259=CARTESIAN_POINT('Origin',(96.5,89.,8.5));
#6260=CARTESIAN_POINT('Origin',(98.25,89.,8.5));
#6261=CARTESIAN_POINT('',(100.,87.5,8.5));
#6262=CARTESIAN_POINT('Origin',(100.,89.,8.5));
#6263=CARTESIAN_POINT('',(99.,87.5,8.5));
#6264=CARTESIAN_POINT('',(98.25,87.5,8.5));
#6265=CARTESIAN_POINT('Origin',(99.,89.,8.5));
#6266=CARTESIAN_POINT('Origin',(96.5,89.,8.5));
#6267=CARTESIAN_POINT('Origin',(86.5,96.45,0.));
#6268=CARTESIAN_POINT('',(86.5,96.45,0.));
#6269=CARTESIAN_POINT('',(91.5,96.45,0.));
#6270=CARTESIAN_POINT('',(86.5,96.45,0.));
#6271=CARTESIAN_POINT('',(91.5,96.45,340.5));
#6272=CARTESIAN_POINT('',(91.5,96.45,0.));
#6273=CARTESIAN_POINT('',(86.5,96.45,340.5));
#6274=CARTESIAN_POINT('',(86.5,96.45,340.5));
#6275=CARTESIAN_POINT('',(86.5,96.45,0.));
#6276=CARTESIAN_POINT('Origin',(86.5,97.45,0.));
#6277=CARTESIAN_POINT('',(86.5,97.45,0.));
#6278=CARTESIAN_POINT('',(86.5,97.45,0.));
#6279=CARTESIAN_POINT('',(86.5,97.45,340.5));
#6280=CARTESIAN_POINT('',(86.5,97.45,340.5));
#6281=CARTESIAN_POINT('',(86.5,97.45,0.));
#6282=CARTESIAN_POINT('Origin',(91.5,97.45,0.));
#6283=CARTESIAN_POINT('',(91.5,97.45,0.));
#6284=CARTESIAN_POINT('',(91.5,97.45,0.));
#6285=CARTESIAN_POINT('',(91.5,97.45,340.5));
#6286=CARTESIAN_POINT('',(91.5,97.45,340.5));
#6287=CARTESIAN_POINT('',(91.5,97.45,0.));
#6288=CARTESIAN_POINT('Origin',(91.5,99.,0.));
#6289=CARTESIAN_POINT('',(91.5,99.,0.));
#6290=CARTESIAN_POINT('',(91.5,99.,0.));
#6291=CARTESIAN_POINT('',(91.5,99.,340.5));
#6292=CARTESIAN_POINT('',(91.5,99.,340.5));
#6293=CARTESIAN_POINT('',(91.5,99.,0.));
#6294=CARTESIAN_POINT('Origin',(86.5,99.,0.));
#6295=CARTESIAN_POINT('',(86.5,99.,0.));
#6296=CARTESIAN_POINT('',(86.5,99.,0.));
#6297=CARTESIAN_POINT('',(86.5,99.,340.5));
#6298=CARTESIAN_POINT('',(86.5,99.,340.5));
#6299=CARTESIAN_POINT('',(86.5,99.,0.));
#6300=CARTESIAN_POINT('Origin',(86.5,100.,0.));
#6301=CARTESIAN_POINT('',(86.5,100.,0.));
#6302=CARTESIAN_POINT('',(86.5,100.,0.));
#6303=CARTESIAN_POINT('',(86.5,100.,340.5));
#6304=CARTESIAN_POINT('',(86.5,100.,340.5));
#6305=CARTESIAN_POINT('',(86.5,100.,0.));
#6306=CARTESIAN_POINT('Origin',(100.,100.,0.));
#6307=CARTESIAN_POINT('',(100.,100.,0.));
#6308=CARTESIAN_POINT('',(100.,100.,0.));
#6309=CARTESIAN_POINT('',(100.,100.,340.5));
#6310=CARTESIAN_POINT('',(100.,100.,340.5));
#6311=CARTESIAN_POINT('',(100.,100.,0.));
#6312=CARTESIAN_POINT('Origin',(100.,86.5,0.));
#6313=CARTESIAN_POINT('',(100.,86.5,0.));
#6314=CARTESIAN_POINT('',(100.,86.5,0.));
#6315=CARTESIAN_POINT('',(100.,86.5,340.5));
#6316=CARTESIAN_POINT('',(100.,86.5,340.5));
#6317=CARTESIAN_POINT('',(100.,86.5,0.));
#6318=CARTESIAN_POINT('Origin',(99.,86.5,0.));
#6319=CARTESIAN_POINT('',(99.,86.5,0.));
#6320=CARTESIAN_POINT('',(99.,86.5,0.));
#6321=CARTESIAN_POINT('',(99.,86.5,340.5));
#6322=CARTESIAN_POINT('',(99.,86.5,340.5));
#6323=CARTESIAN_POINT('',(99.,86.5,0.));
#6324=CARTESIAN_POINT('Origin',(99.,91.5,0.));
#6325=CARTESIAN_POINT('',(99.,91.5,0.));
#6326=CARTESIAN_POINT('',(99.,91.5,0.));
#6327=CARTESIAN_POINT('',(99.,91.5,340.5));
#6328=CARTESIAN_POINT('',(99.,91.5,340.5));
#6329=CARTESIAN_POINT('',(99.,91.5,0.));
#6330=CARTESIAN_POINT('Origin',(97.45,91.5,0.));
#6331=CARTESIAN_POINT('',(97.45,91.5,0.));
#6332=CARTESIAN_POINT('',(97.45,91.5,0.));
#6333=CARTESIAN_POINT('',(97.45,91.5,340.5));
#6334=CARTESIAN_POINT('',(97.45,91.5,340.5));
#6335=CARTESIAN_POINT('',(97.45,91.5,0.));
#6336=CARTESIAN_POINT('Origin',(97.45,86.5,0.));
#6337=CARTESIAN_POINT('',(97.45,86.5,0.));
#6338=CARTESIAN_POINT('',(97.45,86.5,0.));
#6339=CARTESIAN_POINT('',(97.45,86.5,340.5));
#6340=CARTESIAN_POINT('',(97.45,86.5,340.5));
#6341=CARTESIAN_POINT('',(97.45,86.5,0.));
#6342=CARTESIAN_POINT('Origin',(96.45,86.5,0.));
#6343=CARTESIAN_POINT('',(96.45,86.5,0.));
#6344=CARTESIAN_POINT('',(96.45,86.5,0.));
#6345=CARTESIAN_POINT('',(96.45,86.5,340.5));
#6346=CARTESIAN_POINT('',(96.45,86.5,340.5));
#6347=CARTESIAN_POINT('',(96.45,86.5,0.));
#6348=CARTESIAN_POINT('Origin',(96.45,91.5,0.));
#6349=CARTESIAN_POINT('',(96.45,91.5,0.));
#6350=CARTESIAN_POINT('',(96.45,91.5,0.));
#6351=CARTESIAN_POINT('',(96.45,91.5,340.5));
#6352=CARTESIAN_POINT('',(96.45,91.5,340.5));
#6353=CARTESIAN_POINT('',(96.45,91.5,0.));
#6354=CARTESIAN_POINT('Origin',(91.5,91.5,0.));
#6355=CARTESIAN_POINT('',(91.5,91.5,0.));
#6356=CARTESIAN_POINT('',(91.5,91.5,0.));
#6357=CARTESIAN_POINT('',(91.5,91.5,340.5));
#6358=CARTESIAN_POINT('',(91.5,91.5,340.5));
#6359=CARTESIAN_POINT('',(91.5,91.5,0.));
#6360=CARTESIAN_POINT('Origin',(91.5,96.45,0.));
#6361=CARTESIAN_POINT('',(91.5,96.45,0.));
#6362=CARTESIAN_POINT('',(91.5,96.45,340.5));
#6363=CARTESIAN_POINT('Origin',(93.25,93.25,340.5));
#6364=CARTESIAN_POINT('Origin',(93.25,93.25,0.));
#6365=CARTESIAN_POINT('Origin',(1.75,11.,161.75));
#6366=CARTESIAN_POINT('',(0.,12.5,161.75));
#6367=CARTESIAN_POINT('Origin',(0.,11.,161.75));
#6368=CARTESIAN_POINT('',(1.,12.5,161.75));
#6369=CARTESIAN_POINT('',(1.75,12.5,161.75));
#6370=CARTESIAN_POINT('Origin',(1.,11.,161.75));
#6371=CARTESIAN_POINT('Origin',(1.75,11.,161.75));
#6372=CARTESIAN_POINT('',(2.55,12.5,161.75));
#6373=CARTESIAN_POINT('Origin',(2.55,11.,161.75));
#6374=CARTESIAN_POINT('',(3.5,12.5,161.75));
#6375=CARTESIAN_POINT('',(1.75,12.5,161.75));
#6376=CARTESIAN_POINT('Origin',(3.5,11.,161.75));
#6377=CARTESIAN_POINT('Origin',(3.5,11.,161.75));
#6378=CARTESIAN_POINT('Origin',(1.75,11.,8.5));
#6379=CARTESIAN_POINT('',(0.,12.5,8.5));
#6380=CARTESIAN_POINT('Origin',(0.,11.,8.5));
#6381=CARTESIAN_POINT('',(1.,12.5,8.5));
#6382=CARTESIAN_POINT('',(1.75,12.5,8.5));
#6383=CARTESIAN_POINT('Origin',(1.,11.,8.5));
#6384=CARTESIAN_POINT('Origin',(1.75,11.,8.5));
#6385=CARTESIAN_POINT('',(2.55,12.5,8.5));
#6386=CARTESIAN_POINT('Origin',(2.55,11.,8.5));
#6387=CARTESIAN_POINT('',(3.5,12.5,8.5));
#6388=CARTESIAN_POINT('',(1.75,12.5,8.5));
#6389=CARTESIAN_POINT('Origin',(3.5,11.,8.5));
#6390=CARTESIAN_POINT('Origin',(3.5,11.,8.5));
#6391=CARTESIAN_POINT('Origin',(1.75,11.,332.));
#6392=CARTESIAN_POINT('',(0.,12.5,332.));
#6393=CARTESIAN_POINT('Origin',(0.,11.,332.));
#6394=CARTESIAN_POINT('',(1.,12.5,332.));
#6395=CARTESIAN_POINT('',(1.75,12.5,332.));
#6396=CARTESIAN_POINT('Origin',(1.,11.,332.));
#6397=CARTESIAN_POINT('Origin',(1.75,11.,332.));
#6398=CARTESIAN_POINT('',(2.55,12.5,332.));
#6399=CARTESIAN_POINT('Origin',(2.55,11.,332.));
#6400=CARTESIAN_POINT('',(3.5,12.5,332.));
#6401=CARTESIAN_POINT('',(1.75,12.5,332.));
#6402=CARTESIAN_POINT('Origin',(3.5,11.,332.));
#6403=CARTESIAN_POINT('Origin',(3.5,11.,332.));
#6404=CARTESIAN_POINT('Origin',(11.,1.75,161.75));
#6405=CARTESIAN_POINT('',(11.,0.,163.25));
#6406=CARTESIAN_POINT('Origin',(11.,0.,161.75));
#6407=CARTESIAN_POINT('',(11.,1.,163.25));
#6408=CARTESIAN_POINT('',(11.,1.75,163.25));
#6409=CARTESIAN_POINT('Origin',(11.,1.,161.75));
#6410=CARTESIAN_POINT('Origin',(11.,1.75,161.75));
#6411=CARTESIAN_POINT('',(11.,2.55,163.25));
#6412=CARTESIAN_POINT('Origin',(11.,2.55,161.75));
#6413=CARTESIAN_POINT('',(11.,3.5,163.25));
#6414=CARTESIAN_POINT('',(11.,1.75,163.25));
#6415=CARTESIAN_POINT('Origin',(11.,3.5,161.75));
#6416=CARTESIAN_POINT('Origin',(11.,3.5,161.75));
#6417=CARTESIAN_POINT('Origin',(11.,1.75,332.));
#6418=CARTESIAN_POINT('',(11.,0.,333.5));
#6419=CARTESIAN_POINT('Origin',(11.,0.,332.));
#6420=CARTESIAN_POINT('',(11.,1.,333.5));
#6421=CARTESIAN_POINT('',(11.,1.75,333.5));
#6422=CARTESIAN_POINT('Origin',(11.,1.,332.));
#6423=CARTESIAN_POINT('Origin',(11.,1.75,332.));
#6424=CARTESIAN_POINT('',(11.,2.55,333.5));
#6425=CARTESIAN_POINT('Origin',(11.,2.55,332.));
#6426=CARTESIAN_POINT('',(11.,3.5,333.5));
#6427=CARTESIAN_POINT('',(11.,1.75,333.5));
#6428=CARTESIAN_POINT('Origin',(11.,3.5,332.));
#6429=CARTESIAN_POINT('Origin',(11.,3.5,332.));
#6430=CARTESIAN_POINT('Origin',(11.,1.75,8.5));
#6431=CARTESIAN_POINT('',(11.,0.,10.));
#6432=CARTESIAN_POINT('Origin',(11.,0.,8.5));
#6433=CARTESIAN_POINT('',(11.,1.,10.));
#6434=CARTESIAN_POINT('',(11.,1.75,10.));
#6435=CARTESIAN_POINT('Origin',(11.,1.,8.5));
#6436=CARTESIAN_POINT('Origin',(11.,1.75,8.5));
#6437=CARTESIAN_POINT('',(11.,2.55,10.));
#6438=CARTESIAN_POINT('Origin',(11.,2.55,8.5));
#6439=CARTESIAN_POINT('',(11.,3.5,10.));
#6440=CARTESIAN_POINT('',(11.,1.75,10.));
#6441=CARTESIAN_POINT('Origin',(11.,3.5,8.5));
#6442=CARTESIAN_POINT('Origin',(11.,3.5,8.5));
#6443=CARTESIAN_POINT('Origin',(2.55,13.5,0.));
#6444=CARTESIAN_POINT('',(2.55,13.5,0.));
#6445=CARTESIAN_POINT('',(2.55,8.5,0.));
#6446=CARTESIAN_POINT('',(2.55,13.5,0.));
#6447=CARTESIAN_POINT('',(2.55,8.5,340.5));
#6448=CARTESIAN_POINT('',(2.55,8.5,0.));
#6449=CARTESIAN_POINT('',(2.55,13.5,340.5));
#6450=CARTESIAN_POINT('',(2.55,13.5,340.5));
#6451=CARTESIAN_POINT('',(2.55,13.5,0.));
#6452=CARTESIAN_POINT('Origin',(3.55,13.5,0.));
#6453=CARTESIAN_POINT('',(3.55,13.5,0.));
#6454=CARTESIAN_POINT('',(3.55,13.5,0.));
#6455=CARTESIAN_POINT('',(3.55,13.5,340.5));
#6456=CARTESIAN_POINT('',(3.55,13.5,340.5));
#6457=CARTESIAN_POINT('',(3.55,13.5,0.));
#6458=CARTESIAN_POINT('Origin',(3.55,8.5,0.));
#6459=CARTESIAN_POINT('',(3.55,8.5,0.));
#6460=CARTESIAN_POINT('',(3.55,8.5,0.));
#6461=CARTESIAN_POINT('',(3.55,8.5,340.5));
#6462=CARTESIAN_POINT('',(3.55,8.5,340.5));
#6463=CARTESIAN_POINT('',(3.55,8.5,0.));
#6464=CARTESIAN_POINT('Origin',(8.5,8.5,0.));
#6465=CARTESIAN_POINT('',(8.5,8.5,0.));
#6466=CARTESIAN_POINT('',(8.5,8.5,0.));
#6467=CARTESIAN_POINT('',(8.5,8.5,340.5));
#6468=CARTESIAN_POINT('',(8.5,8.5,340.5));
#6469=CARTESIAN_POINT('',(8.5,8.5,0.));
#6470=CARTESIAN_POINT('Origin',(8.5,3.55,0.));
#6471=CARTESIAN_POINT('',(8.5,3.55,0.));
#6472=CARTESIAN_POINT('',(8.5,3.55,0.));
#6473=CARTESIAN_POINT('',(8.5,3.55,340.5));
#6474=CARTESIAN_POINT('',(8.5,3.55,340.5));
#6475=CARTESIAN_POINT('',(8.5,3.55,0.));
#6476=CARTESIAN_POINT('Origin',(13.5,3.55,0.));
#6477=CARTESIAN_POINT('',(13.5,3.55,0.));
#6478=CARTESIAN_POINT('',(13.5,3.55,0.));
#6479=CARTESIAN_POINT('',(13.5,3.55,340.5));
#6480=CARTESIAN_POINT('',(13.5,3.55,340.5));
#6481=CARTESIAN_POINT('',(13.5,3.55,0.));
#6482=CARTESIAN_POINT('Origin',(13.5,2.55,0.));
#6483=CARTESIAN_POINT('',(13.5,2.55,0.));
#6484=CARTESIAN_POINT('',(13.5,2.55,0.));
#6485=CARTESIAN_POINT('',(13.5,2.55,340.5));
#6486=CARTESIAN_POINT('',(13.5,2.55,340.5));
#6487=CARTESIAN_POINT('',(13.5,2.55,0.));
#6488=CARTESIAN_POINT('Origin',(8.5,2.55,0.));
#6489=CARTESIAN_POINT('',(8.5,2.55,0.));
#6490=CARTESIAN_POINT('',(8.5,2.55,0.));
#6491=CARTESIAN_POINT('',(8.5,2.55,340.5));
#6492=CARTESIAN_POINT('',(8.5,2.55,340.5));
#6493=CARTESIAN_POINT('',(8.5,2.55,0.));
#6494=CARTESIAN_POINT('Origin',(8.5,1.,0.));
#6495=CARTESIAN_POINT('',(8.5,1.,0.));
#6496=CARTESIAN_POINT('',(8.5,1.,0.));
#6497=CARTESIAN_POINT('',(8.5,1.,340.5));
#6498=CARTESIAN_POINT('',(8.5,1.,340.5));
#6499=CARTESIAN_POINT('',(8.5,1.,0.));
#6500=CARTESIAN_POINT('Origin',(13.5,1.,0.));
#6501=CARTESIAN_POINT('',(13.5,1.,0.));
#6502=CARTESIAN_POINT('',(13.5,1.,0.));
#6503=CARTESIAN_POINT('',(13.5,1.,340.5));
#6504=CARTESIAN_POINT('',(13.5,1.,340.5));
#6505=CARTESIAN_POINT('',(13.5,1.,0.));
#6506=CARTESIAN_POINT('Origin',(13.5,0.,0.));
#6507=CARTESIAN_POINT('',(13.5,0.,0.));
#6508=CARTESIAN_POINT('',(13.5,0.,0.));
#6509=CARTESIAN_POINT('',(13.5,0.,340.5));
#6510=CARTESIAN_POINT('',(13.5,0.,340.5));
#6511=CARTESIAN_POINT('',(13.5,0.,0.));
#6512=CARTESIAN_POINT('Origin',(0.,0.,0.));
#6513=CARTESIAN_POINT('',(0.,0.,0.));
#6514=CARTESIAN_POINT('',(0.,0.,0.));
#6515=CARTESIAN_POINT('',(0.,0.,340.5));
#6516=CARTESIAN_POINT('',(0.,0.,340.5));
#6517=CARTESIAN_POINT('',(0.,0.,0.));
#6518=CARTESIAN_POINT('Origin',(0.,13.5,0.));
#6519=CARTESIAN_POINT('',(0.,13.5,0.));
#6520=CARTESIAN_POINT('',(0.,13.5,0.));
#6521=CARTESIAN_POINT('',(0.,13.5,340.5));
#6522=CARTESIAN_POINT('',(0.,13.5,340.5));
#6523=CARTESIAN_POINT('',(0.,13.5,0.));
#6524=CARTESIAN_POINT('Origin',(1.,13.5,0.));
#6525=CARTESIAN_POINT('',(1.,13.5,0.));
#6526=CARTESIAN_POINT('',(1.,13.5,0.));
#6527=CARTESIAN_POINT('',(1.,13.5,340.5));
#6528=CARTESIAN_POINT('',(1.,13.5,340.5));
#6529=CARTESIAN_POINT('',(1.,13.5,0.));
#6530=CARTESIAN_POINT('Origin',(1.,8.5,0.));
#6531=CARTESIAN_POINT('',(1.,8.5,0.));
#6532=CARTESIAN_POINT('',(1.,8.5,0.));
#6533=CARTESIAN_POINT('',(1.,8.5,340.5));
#6534=CARTESIAN_POINT('',(1.,8.5,340.5));
#6535=CARTESIAN_POINT('',(1.,8.5,0.));
#6536=CARTESIAN_POINT('Origin',(2.55,8.5,0.));
#6537=CARTESIAN_POINT('',(2.55,8.5,0.));
#6538=CARTESIAN_POINT('',(2.55,8.5,340.5));
#6539=CARTESIAN_POINT('Origin',(6.75,6.75,340.5));
#6540=CARTESIAN_POINT('Origin',(6.75,6.75,0.));
#6541=CARTESIAN_POINT('',(0.,0.,0.));
#6542=CARTESIAN_POINT('Origin',(0.75,-39.,-161.65));
#6543=CARTESIAN_POINT('',(0.,-37.5,-161.65));
#6544=CARTESIAN_POINT('Origin',(0.,-39.,-161.65));
#6545=CARTESIAN_POINT('',(1.5,-37.5,-161.65));
#6546=CARTESIAN_POINT('',(0.75,-37.5,-161.65));
#6547=CARTESIAN_POINT('Origin',(1.5,-39.,-161.65));
#6548=CARTESIAN_POINT('Origin',(0.75,-39.,161.65));
#6549=CARTESIAN_POINT('',(0.,-37.5,161.65));
#6550=CARTESIAN_POINT('Origin',(0.,-39.,161.65));
#6551=CARTESIAN_POINT('',(1.5,-37.5,161.65));
#6552=CARTESIAN_POINT('',(0.75,-37.5,161.65));
#6553=CARTESIAN_POINT('Origin',(1.5,-39.,161.65));
#6554=CARTESIAN_POINT('Origin',(0.75,39.,161.65));
#6555=CARTESIAN_POINT('',(0.,40.5,161.65));
#6556=CARTESIAN_POINT('Origin',(0.,39.,161.65));
#6557=CARTESIAN_POINT('',(1.5,40.5,161.65));
#6558=CARTESIAN_POINT('',(0.75,40.5,161.65));
#6559=CARTESIAN_POINT('Origin',(1.5,39.,161.65));
#6560=CARTESIAN_POINT('Origin',(0.75,39.,-161.65));
#6561=CARTESIAN_POINT('',(0.,40.5,-161.65));
#6562=CARTESIAN_POINT('Origin',(0.,39.,-161.65));
#6563=CARTESIAN_POINT('',(1.5,40.5,-161.65));
#6564=CARTESIAN_POINT('',(0.75,40.5,-161.65));
#6565=CARTESIAN_POINT('Origin',(1.5,39.,-161.65));
#6566=CARTESIAN_POINT('Origin',(0.,-36.5,-158.65));
#6567=CARTESIAN_POINT('',(0.,-36.5,-158.65));
#6568=CARTESIAN_POINT('',(0.,-36.5,-56.216));
#6569=CARTESIAN_POINT('',(0.,-36.5,-158.65));
#6570=CARTESIAN_POINT('',(1.5,-36.5,-56.216));
#6571=CARTESIAN_POINT('',(0.,-36.5,-56.216));
#6572=CARTESIAN_POINT('',(1.5,-36.5,-158.65));
#6573=CARTESIAN_POINT('',(1.5,-36.5,-158.65));
#6574=CARTESIAN_POINT('',(0.,-36.5,-158.65));
#6575=CARTESIAN_POINT('Origin',(0.,36.5,-158.65));
#6576=CARTESIAN_POINT('',(0.,36.5,-158.65));
#6577=CARTESIAN_POINT('',(0.,36.5,-158.65));
#6578=CARTESIAN_POINT('',(1.5,36.5,-158.65));
#6579=CARTESIAN_POINT('',(1.5,36.5,-158.65));
#6580=CARTESIAN_POINT('',(0.,36.5,-158.65));
#6581=CARTESIAN_POINT('Origin',(0.,36.5,-56.216));
#6582=CARTESIAN_POINT('',(0.,36.5,-56.216));
#6583=CARTESIAN_POINT('',(0.,36.5,-56.216));
#6584=CARTESIAN_POINT('',(1.5,36.5,-56.216));
#6585=CARTESIAN_POINT('',(1.5,36.5,-56.216));
#6586=CARTESIAN_POINT('',(0.,36.5,-56.216));
#6587=CARTESIAN_POINT('Origin',(0.,-36.5,-56.216));
#6588=CARTESIAN_POINT('',(0.,36.5,-56.216));
#6589=CARTESIAN_POINT('',(1.5,36.5,-56.216));
#6590=CARTESIAN_POINT('Origin',(0.,-36.5,-51.216));
#6591=CARTESIAN_POINT('',(0.,-36.5,-51.216));
#6592=CARTESIAN_POINT('',(0.,-36.5,51.218));
#6593=CARTESIAN_POINT('',(0.,-36.5,-51.216));
#6594=CARTESIAN_POINT('',(1.5,-36.5,51.218));
#6595=CARTESIAN_POINT('',(0.,-36.5,51.218));
#6596=CARTESIAN_POINT('',(1.5,-36.5,-51.216));
#6597=CARTESIAN_POINT('',(1.5,-36.5,-51.216));
#6598=CARTESIAN_POINT('',(0.,-36.5,-51.216));
#6599=CARTESIAN_POINT('Origin',(0.,36.5,-51.216));
#6600=CARTESIAN_POINT('',(0.,36.5,-51.216));
#6601=CARTESIAN_POINT('',(0.,36.5,-51.216));
#6602=CARTESIAN_POINT('',(1.5,36.5,-51.216));
#6603=CARTESIAN_POINT('',(1.5,36.5,-51.216));
#6604=CARTESIAN_POINT('',(0.,36.5,-51.216));
#6605=CARTESIAN_POINT('Origin',(0.,36.5,51.218));
#6606=CARTESIAN_POINT('',(0.,36.5,51.218));
#6607=CARTESIAN_POINT('',(0.,36.5,51.218));
#6608=CARTESIAN_POINT('',(1.5,36.5,51.218));
#6609=CARTESIAN_POINT('',(1.5,36.5,51.218));
#6610=CARTESIAN_POINT('',(0.,36.5,51.218));
#6611=CARTESIAN_POINT('Origin',(0.,-36.5,51.218));
#6612=CARTESIAN_POINT('',(0.,36.5,51.218));
#6613=CARTESIAN_POINT('',(1.5,36.5,51.218));
#6614=CARTESIAN_POINT('Origin',(0.,36.5,158.65));
#6615=CARTESIAN_POINT('',(0.,36.5,158.65));
#6616=CARTESIAN_POINT('',(0.,36.5,56.218));
#6617=CARTESIAN_POINT('',(0.,36.5,158.65));
#6618=CARTESIAN_POINT('',(1.5,36.5,56.218));
#6619=CARTESIAN_POINT('',(0.,36.5,56.218));
#6620=CARTESIAN_POINT('',(1.5,36.5,158.65));
#6621=CARTESIAN_POINT('',(1.5,36.5,158.65));
#6622=CARTESIAN_POINT('',(0.,36.5,158.65));
#6623=CARTESIAN_POINT('Origin',(0.,-36.5,158.65));
#6624=CARTESIAN_POINT('',(0.,-36.5,158.65));
#6625=CARTESIAN_POINT('',(0.,-36.5,158.65));
#6626=CARTESIAN_POINT('',(1.5,-36.5,158.65));
#6627=CARTESIAN_POINT('',(1.5,-36.5,158.65));
#6628=CARTESIAN_POINT('',(0.,-36.5,158.65));
#6629=CARTESIAN_POINT('Origin',(0.,-36.5,56.218));
#6630=CARTESIAN_POINT('',(0.,-36.5,56.218));
#6631=CARTESIAN_POINT('',(0.,-36.5,56.218));
#6632=CARTESIAN_POINT('',(1.5,-36.5,56.218));
#6633=CARTESIAN_POINT('',(1.5,-36.5,56.218));
#6634=CARTESIAN_POINT('',(0.,-36.5,56.218));
#6635=CARTESIAN_POINT('Origin',(0.,36.5,56.218));
#6636=CARTESIAN_POINT('',(0.,36.5,56.218));
#6637=CARTESIAN_POINT('',(1.5,36.5,56.218));
#6638=CARTESIAN_POINT('Origin',(0.,41.5,-163.65));
#6639=CARTESIAN_POINT('',(0.,41.5,163.65));
#6640=CARTESIAN_POINT('',(0.,41.5,-163.65));
#6641=CARTESIAN_POINT('',(0.,41.5,163.65));
#6642=CARTESIAN_POINT('',(1.5,41.5,163.65));
#6643=CARTESIAN_POINT('',(0.,41.5,163.65));
#6644=CARTESIAN_POINT('',(1.5,41.5,-163.65));
#6645=CARTESIAN_POINT('',(1.5,41.5,163.65));
#6646=CARTESIAN_POINT('',(0.,41.5,-163.65));
#6647=CARTESIAN_POINT('Origin',(0.,-41.5,-163.65));
#6648=CARTESIAN_POINT('',(0.,-41.5,-163.65));
#6649=CARTESIAN_POINT('',(0.,41.5,-163.65));
#6650=CARTESIAN_POINT('',(1.5,-41.5,-163.65));
#6651=CARTESIAN_POINT('',(1.5,41.5,-163.65));
#6652=CARTESIAN_POINT('',(0.,-41.5,-163.65));
#6653=CARTESIAN_POINT('Origin',(0.,-41.5,163.65));
#6654=CARTESIAN_POINT('',(0.,-41.5,163.65));
#6655=CARTESIAN_POINT('',(0.,-41.5,-163.65));
#6656=CARTESIAN_POINT('',(1.5,-41.5,163.65));
#6657=CARTESIAN_POINT('',(1.5,-41.5,-163.65));
#6658=CARTESIAN_POINT('',(0.,-41.5,163.65));
#6659=CARTESIAN_POINT('Origin',(0.,41.5,163.65));
#6660=CARTESIAN_POINT('',(0.,-41.5,163.65));
#6661=CARTESIAN_POINT('',(1.5,-41.5,163.65));
#6662=CARTESIAN_POINT('Origin',(1.5,-1.77635683940025E-14,-3.5527136788005E-14));
#6663=CARTESIAN_POINT('Origin',(0.,-1.77635683940025E-14,-3.5527136788005E-14));
#6664=CARTESIAN_POINT('',(0.,0.,0.));
#6665=CARTESIAN_POINT('Origin',(36.5,50.,0.));
#6666=CARTESIAN_POINT('',(-36.5,50.,0.));
#6667=CARTESIAN_POINT('',(36.5,50.,0.));
#6668=CARTESIAN_POINT('',(-50.,50.,0.));
#6669=CARTESIAN_POINT('',(-36.5,50.,1.5));
#6670=CARTESIAN_POINT('',(-36.5,50.,0.));
#6671=CARTESIAN_POINT('',(36.5,50.,1.5));
#6672=CARTESIAN_POINT('',(-50.,50.,1.5));
#6673=CARTESIAN_POINT('',(36.5,50.,0.));
#6674=CARTESIAN_POINT('Origin',(36.5,49.,0.));
#6675=CARTESIAN_POINT('',(36.5,49.,0.));
#6676=CARTESIAN_POINT('',(36.5,50.,0.));
#6677=CARTESIAN_POINT('',(36.5,49.,1.5));
#6678=CARTESIAN_POINT('',(36.5,50.,1.5));
#6679=CARTESIAN_POINT('',(36.5,49.,0.));
#6680=CARTESIAN_POINT('Origin',(41.5,49.,0.));
#6681=CARTESIAN_POINT('',(41.5,49.,0.));
#6682=CARTESIAN_POINT('',(36.5,49.,0.));
#6683=CARTESIAN_POINT('',(41.5,49.,1.5));
#6684=CARTESIAN_POINT('',(36.5,49.,1.5));
#6685=CARTESIAN_POINT('',(41.5,49.,0.));
#6686=CARTESIAN_POINT('Origin',(41.5,47.45,0.));
#6687=CARTESIAN_POINT('',(41.5,47.45,0.));
#6688=CARTESIAN_POINT('',(41.5,49.,0.));
#6689=CARTESIAN_POINT('',(41.5,47.45,1.5));
#6690=CARTESIAN_POINT('',(41.5,49.,1.5));
#6691=CARTESIAN_POINT('',(41.5,47.45,0.));
#6692=CARTESIAN_POINT('Origin',(36.5,47.45,0.));
#6693=CARTESIAN_POINT('',(36.5,47.45,0.));
#6694=CARTESIAN_POINT('',(41.5,47.45,0.));
#6695=CARTESIAN_POINT('',(36.5,47.45,1.5));
#6696=CARTESIAN_POINT('',(41.5,47.45,1.5));
#6697=CARTESIAN_POINT('',(36.5,47.45,0.));
#6698=CARTESIAN_POINT('Origin',(36.5,46.45,0.));
#6699=CARTESIAN_POINT('',(36.5,46.45,0.));
#6700=CARTESIAN_POINT('',(36.5,47.45,0.));
#6701=CARTESIAN_POINT('',(36.5,46.45,1.5));
#6702=CARTESIAN_POINT('',(36.5,47.45,1.5));
#6703=CARTESIAN_POINT('',(36.5,46.45,0.));
#6704=CARTESIAN_POINT('Origin',(41.5,46.45,0.));
#6705=CARTESIAN_POINT('',(41.5,46.45,0.));
#6706=CARTESIAN_POINT('',(36.5,46.45,0.));
#6707=CARTESIAN_POINT('',(41.5,46.45,1.5));
#6708=CARTESIAN_POINT('',(36.5,46.45,1.5));
#6709=CARTESIAN_POINT('',(41.5,46.45,0.));
#6710=CARTESIAN_POINT('Origin',(41.5,41.5,0.));
#6711=CARTESIAN_POINT('',(41.5,41.5,0.));
#6712=CARTESIAN_POINT('',(41.5,46.45,0.));
#6713=CARTESIAN_POINT('',(41.5,41.5,1.5));
#6714=CARTESIAN_POINT('',(41.5,46.45,1.5));
#6715=CARTESIAN_POINT('',(41.5,41.5,0.));
#6716=CARTESIAN_POINT('Origin',(46.45,41.5,0.));
#6717=CARTESIAN_POINT('',(46.45,41.5,0.));
#6718=CARTESIAN_POINT('',(41.5,41.5,0.));
#6719=CARTESIAN_POINT('',(46.45,41.5,1.5));
#6720=CARTESIAN_POINT('',(41.5,41.5,1.5));
#6721=CARTESIAN_POINT('',(46.45,41.5,0.));
#6722=CARTESIAN_POINT('Origin',(46.45,36.5,0.));
#6723=CARTESIAN_POINT('',(46.45,36.5,0.));
#6724=CARTESIAN_POINT('',(46.45,41.5,0.));
#6725=CARTESIAN_POINT('',(46.45,36.5,1.5));
#6726=CARTESIAN_POINT('',(46.45,41.5,1.5));
#6727=CARTESIAN_POINT('',(46.45,36.5,0.));
#6728=CARTESIAN_POINT('Origin',(47.45,36.5,0.));
#6729=CARTESIAN_POINT('',(47.45,36.5,0.));
#6730=CARTESIAN_POINT('',(46.45,36.5,0.));
#6731=CARTESIAN_POINT('',(47.45,36.5,1.5));
#6732=CARTESIAN_POINT('',(46.45,36.5,1.5));
#6733=CARTESIAN_POINT('',(47.45,36.5,0.));
#6734=CARTESIAN_POINT('Origin',(47.45,41.5,0.));
#6735=CARTESIAN_POINT('',(47.45,41.5,0.));
#6736=CARTESIAN_POINT('',(47.45,36.5,0.));
#6737=CARTESIAN_POINT('',(47.45,41.5,1.5));
#6738=CARTESIAN_POINT('',(47.45,36.5,1.5));
#6739=CARTESIAN_POINT('',(47.45,41.5,0.));
#6740=CARTESIAN_POINT('Origin',(49.,41.5,0.));
#6741=CARTESIAN_POINT('',(49.,41.5,0.));
#6742=CARTESIAN_POINT('',(49.,41.5,0.));
#6743=CARTESIAN_POINT('',(49.,41.5,1.5));
#6744=CARTESIAN_POINT('',(49.,41.5,1.5));
#6745=CARTESIAN_POINT('',(49.,41.5,0.));
#6746=CARTESIAN_POINT('Origin',(49.,36.5,0.));
#6747=CARTESIAN_POINT('',(49.,36.5,0.));
#6748=CARTESIAN_POINT('',(49.,41.5,0.));
#6749=CARTESIAN_POINT('',(49.,36.5,1.5));
#6750=CARTESIAN_POINT('',(49.,41.5,1.5));
#6751=CARTESIAN_POINT('',(49.,36.5,0.));
#6752=CARTESIAN_POINT('Origin',(50.,36.5,0.));
#6753=CARTESIAN_POINT('',(50.,36.5,0.));
#6754=CARTESIAN_POINT('',(49.,36.5,0.));
#6755=CARTESIAN_POINT('',(50.,36.5,1.5));
#6756=CARTESIAN_POINT('',(49.,36.5,1.5));
#6757=CARTESIAN_POINT('',(50.,36.5,0.));
#6758=CARTESIAN_POINT('Origin',(50.,-36.5,0.));
#6759=CARTESIAN_POINT('',(50.,-36.5,0.));
#6760=CARTESIAN_POINT('',(50.,50.,0.));
#6761=CARTESIAN_POINT('',(50.,-36.5,1.5));
#6762=CARTESIAN_POINT('',(50.,50.,1.5));
#6763=CARTESIAN_POINT('',(50.,-36.5,0.));
#6764=CARTESIAN_POINT('Origin',(49.,-36.5,0.));
#6765=CARTESIAN_POINT('',(49.,-36.5,0.));
#6766=CARTESIAN_POINT('',(49.,-36.5,0.));
#6767=CARTESIAN_POINT('',(49.,-36.5,1.5));
#6768=CARTESIAN_POINT('',(49.,-36.5,1.5));
#6769=CARTESIAN_POINT('',(49.,-36.5,0.));
#6770=CARTESIAN_POINT('Origin',(49.,-41.5,0.));
#6771=CARTESIAN_POINT('',(49.,-41.5,0.));
#6772=CARTESIAN_POINT('',(49.,-41.5,0.));
#6773=CARTESIAN_POINT('',(49.,-41.5,1.5));
#6774=CARTESIAN_POINT('',(49.,-41.5,1.5));
#6775=CARTESIAN_POINT('',(49.,-41.5,0.));
#6776=CARTESIAN_POINT('Origin',(47.45,-41.5,0.));
#6777=CARTESIAN_POINT('',(47.45,-41.5,0.));
#6778=CARTESIAN_POINT('',(47.45,-41.5,0.));
#6779=CARTESIAN_POINT('',(47.45,-41.5,1.5));
#6780=CARTESIAN_POINT('',(47.45,-41.5,1.5));
#6781=CARTESIAN_POINT('',(47.45,-41.5,0.));
#6782=CARTESIAN_POINT('Origin',(47.45,-36.5,0.));
#6783=CARTESIAN_POINT('',(47.45,-36.5,0.));
#6784=CARTESIAN_POINT('',(47.45,-36.5,0.));
#6785=CARTESIAN_POINT('',(47.45,-36.5,1.5));
#6786=CARTESIAN_POINT('',(47.45,-36.5,1.5));
#6787=CARTESIAN_POINT('',(47.45,-36.5,0.));
#6788=CARTESIAN_POINT('Origin',(46.45,-36.5,0.));
#6789=CARTESIAN_POINT('',(46.45,-36.5,0.));
#6790=CARTESIAN_POINT('',(46.45,-36.5,0.));
#6791=CARTESIAN_POINT('',(46.45,-36.5,1.5));
#6792=CARTESIAN_POINT('',(46.45,-36.5,1.5));
#6793=CARTESIAN_POINT('',(46.45,-36.5,0.));
#6794=CARTESIAN_POINT('Origin',(46.45,-41.5,0.));
#6795=CARTESIAN_POINT('',(46.45,-41.5,0.));
#6796=CARTESIAN_POINT('',(46.45,-41.5,0.));
#6797=CARTESIAN_POINT('',(46.45,-41.5,1.5));
#6798=CARTESIAN_POINT('',(46.45,-41.5,1.5));
#6799=CARTESIAN_POINT('',(46.45,-41.5,0.));
#6800=CARTESIAN_POINT('Origin',(41.5,-41.5,0.));
#6801=CARTESIAN_POINT('',(41.5,-41.5,0.));
#6802=CARTESIAN_POINT('',(41.5,-41.5,0.));
#6803=CARTESIAN_POINT('',(41.5,-41.5,1.5));
#6804=CARTESIAN_POINT('',(41.5,-41.5,1.5));
#6805=CARTESIAN_POINT('',(41.5,-41.5,0.));
#6806=CARTESIAN_POINT('Origin',(41.5,-46.2665105449263,0.));
#6807=CARTESIAN_POINT('',(41.5,-46.2665105449263,0.));
#6808=CARTESIAN_POINT('',(41.5,-46.2665105449263,0.));
#6809=CARTESIAN_POINT('',(41.5,-46.2665105449263,1.5));
#6810=CARTESIAN_POINT('',(41.5,-46.2665105449263,1.5));
#6811=CARTESIAN_POINT('',(41.5,-46.2665105449263,0.));
#6812=CARTESIAN_POINT('Origin',(36.5,-46.2665105449263,0.));
#6813=CARTESIAN_POINT('',(36.5,-46.2665105449263,0.));
#6814=CARTESIAN_POINT('',(36.5,-46.2665105449263,0.));
#6815=CARTESIAN_POINT('',(36.5,-46.2665105449263,1.5));
#6816=CARTESIAN_POINT('',(36.5,-46.2665105449263,1.5));
#6817=CARTESIAN_POINT('',(36.5,-46.2665105449263,0.));
#6818=CARTESIAN_POINT('Origin',(36.5,-47.2665105449263,0.));
#6819=CARTESIAN_POINT('',(36.5,-47.2665105449263,0.));
#6820=CARTESIAN_POINT('',(36.5,-47.2665105449263,0.));
#6821=CARTESIAN_POINT('',(36.5,-47.2665105449263,1.5));
#6822=CARTESIAN_POINT('',(36.5,-47.2665105449263,1.5));
#6823=CARTESIAN_POINT('',(36.5,-47.2665105449263,0.));
#6824=CARTESIAN_POINT('Origin',(41.5,-47.2665105449263,0.));
#6825=CARTESIAN_POINT('',(41.5,-47.2665105449263,0.));
#6826=CARTESIAN_POINT('',(41.5,-47.2665105449263,0.));
#6827=CARTESIAN_POINT('',(41.5,-47.2665105449263,1.5));
#6828=CARTESIAN_POINT('',(41.5,-47.2665105449263,1.5));
#6829=CARTESIAN_POINT('',(41.5,-47.2665105449263,0.));
#6830=CARTESIAN_POINT('Origin',(41.5,-49.,0.));
#6831=CARTESIAN_POINT('',(41.5,-49.,0.));
#6832=CARTESIAN_POINT('',(41.5,-49.,0.));
#6833=CARTESIAN_POINT('',(41.5,-49.,1.5));
#6834=CARTESIAN_POINT('',(41.5,-49.,1.5));
#6835=CARTESIAN_POINT('',(41.5,-49.,0.));
#6836=CARTESIAN_POINT('Origin',(36.5,-49.,0.));
#6837=CARTESIAN_POINT('',(36.5,-49.,0.));
#6838=CARTESIAN_POINT('',(36.5,-49.,0.));
#6839=CARTESIAN_POINT('',(36.5,-49.,1.5));
#6840=CARTESIAN_POINT('',(36.5,-49.,1.5));
#6841=CARTESIAN_POINT('',(36.5,-49.,0.));
#6842=CARTESIAN_POINT('Origin',(36.5,-50.,0.));
#6843=CARTESIAN_POINT('',(36.5,-50.,0.));
#6844=CARTESIAN_POINT('',(36.5,-50.,0.));
#6845=CARTESIAN_POINT('',(36.5,-50.,1.5));
#6846=CARTESIAN_POINT('',(36.5,-50.,1.5));
#6847=CARTESIAN_POINT('',(36.5,-50.,0.));
#6848=CARTESIAN_POINT('Origin',(-36.5,-50.,0.));
#6849=CARTESIAN_POINT('',(-36.5,-50.,0.));
#6850=CARTESIAN_POINT('',(50.,-50.,0.));
#6851=CARTESIAN_POINT('',(-36.5,-50.,1.5));
#6852=CARTESIAN_POINT('',(50.,-50.,1.5));
#6853=CARTESIAN_POINT('',(-36.5,-50.,0.));
#6854=CARTESIAN_POINT('Origin',(-36.5,-49.,0.));
#6855=CARTESIAN_POINT('',(-36.5,-49.,0.));
#6856=CARTESIAN_POINT('',(-36.5,-50.,0.));
#6857=CARTESIAN_POINT('',(-36.5,-49.,1.5));
#6858=CARTESIAN_POINT('',(-36.5,-50.,1.5));
#6859=CARTESIAN_POINT('',(-36.5,-49.,0.));
#6860=CARTESIAN_POINT('Origin',(-41.5,-49.,0.));
#6861=CARTESIAN_POINT('',(-41.5,-49.,0.));
#6862=CARTESIAN_POINT('',(-36.5,-49.,0.));
#6863=CARTESIAN_POINT('',(-41.5,-49.,1.5));
#6864=CARTESIAN_POINT('',(-36.5,-49.,1.5));
#6865=CARTESIAN_POINT('',(-41.5,-49.,0.));
#6866=CARTESIAN_POINT('Origin',(-41.5,-47.45,0.));
#6867=CARTESIAN_POINT('',(-41.5,-47.45,0.));
#6868=CARTESIAN_POINT('',(-41.5,-49.,0.));
#6869=CARTESIAN_POINT('',(-41.5,-47.45,1.5));
#6870=CARTESIAN_POINT('',(-41.5,-49.,1.5));
#6871=CARTESIAN_POINT('',(-41.5,-47.45,0.));
#6872=CARTESIAN_POINT('Origin',(-36.5,-47.45,0.));
#6873=CARTESIAN_POINT('',(-36.5,-47.45,0.));
#6874=CARTESIAN_POINT('',(-41.5,-47.45,0.));
#6875=CARTESIAN_POINT('',(-36.5,-47.45,1.5));
#6876=CARTESIAN_POINT('',(-41.5,-47.45,1.5));
#6877=CARTESIAN_POINT('',(-36.5,-47.45,0.));
#6878=CARTESIAN_POINT('Origin',(-36.5,-46.45,0.));
#6879=CARTESIAN_POINT('',(-36.5,-46.45,0.));
#6880=CARTESIAN_POINT('',(-36.5,-47.45,0.));
#6881=CARTESIAN_POINT('',(-36.5,-46.45,1.5));
#6882=CARTESIAN_POINT('',(-36.5,-47.45,1.5));
#6883=CARTESIAN_POINT('',(-36.5,-46.45,0.));
#6884=CARTESIAN_POINT('Origin',(-41.5,-46.45,0.));
#6885=CARTESIAN_POINT('',(-41.5,-46.45,0.));
#6886=CARTESIAN_POINT('',(-36.5,-46.45,0.));
#6887=CARTESIAN_POINT('',(-41.5,-46.45,1.5));
#6888=CARTESIAN_POINT('',(-36.5,-46.45,1.5));
#6889=CARTESIAN_POINT('',(-41.5,-46.45,0.));
#6890=CARTESIAN_POINT('Origin',(-41.5,-41.5,0.));
#6891=CARTESIAN_POINT('',(-41.5,-41.5,0.));
#6892=CARTESIAN_POINT('',(-41.5,-46.45,0.));
#6893=CARTESIAN_POINT('',(-41.5,-41.5,1.5));
#6894=CARTESIAN_POINT('',(-41.5,-46.45,1.5));
#6895=CARTESIAN_POINT('',(-41.5,-41.5,0.));
#6896=CARTESIAN_POINT('Origin',(-46.45,-41.5,0.));
#6897=CARTESIAN_POINT('',(-46.45,-41.5,0.));
#6898=CARTESIAN_POINT('',(-41.5,-41.5,0.));
#6899=CARTESIAN_POINT('',(-46.45,-41.5,1.5));
#6900=CARTESIAN_POINT('',(-41.5,-41.5,1.5));
#6901=CARTESIAN_POINT('',(-46.45,-41.5,0.));
#6902=CARTESIAN_POINT('Origin',(-46.45,-36.5,0.));
#6903=CARTESIAN_POINT('',(-46.45,-36.5,0.));
#6904=CARTESIAN_POINT('',(-46.45,-41.5,0.));
#6905=CARTESIAN_POINT('',(-46.45,-36.5,1.5));
#6906=CARTESIAN_POINT('',(-46.45,-41.5,1.5));
#6907=CARTESIAN_POINT('',(-46.45,-36.5,0.));
#6908=CARTESIAN_POINT('Origin',(-47.45,-36.5,0.));
#6909=CARTESIAN_POINT('',(-47.45,-36.5,0.));
#6910=CARTESIAN_POINT('',(-46.45,-36.5,0.));
#6911=CARTESIAN_POINT('',(-47.45,-36.5,1.5));
#6912=CARTESIAN_POINT('',(-46.45,-36.5,1.5));
#6913=CARTESIAN_POINT('',(-47.45,-36.5,0.));
#6914=CARTESIAN_POINT('Origin',(-47.45,-41.5,0.));
#6915=CARTESIAN_POINT('',(-47.45,-41.5,0.));
#6916=CARTESIAN_POINT('',(-47.45,-36.5,0.));
#6917=CARTESIAN_POINT('',(-47.45,-41.5,1.5));
#6918=CARTESIAN_POINT('',(-47.45,-36.5,1.5));
#6919=CARTESIAN_POINT('',(-47.45,-41.5,0.));
#6920=CARTESIAN_POINT('Origin',(-49.,-41.5,0.));
#6921=CARTESIAN_POINT('',(-49.,-41.5,0.));
#6922=CARTESIAN_POINT('',(-47.45,-41.5,0.));
#6923=CARTESIAN_POINT('',(-49.,-41.5,1.5));
#6924=CARTESIAN_POINT('',(-47.45,-41.5,1.5));
#6925=CARTESIAN_POINT('',(-49.,-41.5,0.));
#6926=CARTESIAN_POINT('Origin',(-49.,-36.5,0.));
#6927=CARTESIAN_POINT('',(-49.,-36.5,0.));
#6928=CARTESIAN_POINT('',(-49.,-41.5,0.));
#6929=CARTESIAN_POINT('',(-49.,-36.5,1.5));
#6930=CARTESIAN_POINT('',(-49.,-41.5,1.5));
#6931=CARTESIAN_POINT('',(-49.,-36.5,0.));
#6932=CARTESIAN_POINT('Origin',(-50.,-36.5,0.));
#6933=CARTESIAN_POINT('',(-50.,-36.5,0.));
#6934=CARTESIAN_POINT('',(-49.,-36.5,0.));
#6935=CARTESIAN_POINT('',(-50.,-36.5,1.5));
#6936=CARTESIAN_POINT('',(-49.,-36.5,1.5));
#6937=CARTESIAN_POINT('',(-50.,-36.5,0.));
#6938=CARTESIAN_POINT('Origin',(-50.,36.5,0.));
#6939=CARTESIAN_POINT('',(-50.,36.5,0.));
#6940=CARTESIAN_POINT('',(-50.,-50.,0.));
#6941=CARTESIAN_POINT('',(-50.,36.5,1.5));
#6942=CARTESIAN_POINT('',(-50.,-50.,1.5));
#6943=CARTESIAN_POINT('',(-50.,36.5,0.));
#6944=CARTESIAN_POINT('Origin',(-49.,36.5,0.));
#6945=CARTESIAN_POINT('',(-49.,36.5,0.));
#6946=CARTESIAN_POINT('',(-49.,36.5,0.));
#6947=CARTESIAN_POINT('',(-49.,36.5,1.5));
#6948=CARTESIAN_POINT('',(-49.,36.5,1.5));
#6949=CARTESIAN_POINT('',(-49.,36.5,0.));
#6950=CARTESIAN_POINT('Origin',(-49.,41.5,0.));
#6951=CARTESIAN_POINT('',(-49.,41.5,0.));
#6952=CARTESIAN_POINT('',(-49.,41.5,0.));
#6953=CARTESIAN_POINT('',(-49.,41.5,1.5));
#6954=CARTESIAN_POINT('',(-49.,41.5,1.5));
#6955=CARTESIAN_POINT('',(-49.,41.5,0.));
#6956=CARTESIAN_POINT('Origin',(-47.45,41.5,0.));
#6957=CARTESIAN_POINT('',(-47.45,41.5,0.));
#6958=CARTESIAN_POINT('',(-47.45,41.5,0.));
#6959=CARTESIAN_POINT('',(-47.45,41.5,1.5));
#6960=CARTESIAN_POINT('',(-47.45,41.5,1.5));
#6961=CARTESIAN_POINT('',(-47.45,41.5,0.));
#6962=CARTESIAN_POINT('Origin',(-47.45,36.5,0.));
#6963=CARTESIAN_POINT('',(-47.45,36.5,0.));
#6964=CARTESIAN_POINT('',(-47.45,36.5,0.));
#6965=CARTESIAN_POINT('',(-47.45,36.5,1.5));
#6966=CARTESIAN_POINT('',(-47.45,36.5,1.5));
#6967=CARTESIAN_POINT('',(-47.45,36.5,0.));
#6968=CARTESIAN_POINT('Origin',(-46.45,36.5,0.));
#6969=CARTESIAN_POINT('',(-46.45,36.5,0.));
#6970=CARTESIAN_POINT('',(-46.45,36.5,0.));
#6971=CARTESIAN_POINT('',(-46.45,36.5,1.5));
#6972=CARTESIAN_POINT('',(-46.45,36.5,1.5));
#6973=CARTESIAN_POINT('',(-46.45,36.5,0.));
#6974=CARTESIAN_POINT('Origin',(-46.45,41.5,0.));
#6975=CARTESIAN_POINT('',(-46.45,41.5,0.));
#6976=CARTESIAN_POINT('',(-46.45,41.5,0.));
#6977=CARTESIAN_POINT('',(-46.45,41.5,1.5));
#6978=CARTESIAN_POINT('',(-46.45,41.5,1.5));
#6979=CARTESIAN_POINT('',(-46.45,41.5,0.));
#6980=CARTESIAN_POINT('Origin',(-41.5,41.5,0.));
#6981=CARTESIAN_POINT('',(-41.5,41.5,0.));
#6982=CARTESIAN_POINT('',(-41.5,41.5,0.));
#6983=CARTESIAN_POINT('',(-41.5,41.5,1.5));
#6984=CARTESIAN_POINT('',(-41.5,41.5,1.5));
#6985=CARTESIAN_POINT('',(-41.5,41.5,0.));
#6986=CARTESIAN_POINT('Origin',(-41.5,46.45,0.));
#6987=CARTESIAN_POINT('',(-41.5,46.45,0.));
#6988=CARTESIAN_POINT('',(-41.5,46.45,0.));
#6989=CARTESIAN_POINT('',(-41.5,46.45,1.5));
#6990=CARTESIAN_POINT('',(-41.5,46.45,1.5));
#6991=CARTESIAN_POINT('',(-41.5,46.45,0.));
#6992=CARTESIAN_POINT('Origin',(-36.5,46.45,0.));
#6993=CARTESIAN_POINT('',(-36.5,46.45,0.));
#6994=CARTESIAN_POINT('',(-36.5,46.45,0.));
#6995=CARTESIAN_POINT('',(-36.5,46.45,1.5));
#6996=CARTESIAN_POINT('',(-36.5,46.45,1.5));
#6997=CARTESIAN_POINT('',(-36.5,46.45,0.));
#6998=CARTESIAN_POINT('Origin',(-36.5,47.45,0.));
#6999=CARTESIAN_POINT('',(-36.5,47.45,0.));
#7000=CARTESIAN_POINT('',(-36.5,47.45,0.));
#7001=CARTESIAN_POINT('',(-36.5,47.45,1.5));
#7002=CARTESIAN_POINT('',(-36.5,47.45,1.5));
#7003=CARTESIAN_POINT('',(-36.5,47.45,0.));
#7004=CARTESIAN_POINT('Origin',(-41.5,47.45,0.));
#7005=CARTESIAN_POINT('',(-41.5,47.45,0.));
#7006=CARTESIAN_POINT('',(-41.5,47.45,0.));
#7007=CARTESIAN_POINT('',(-41.5,47.45,1.5));
#7008=CARTESIAN_POINT('',(-41.5,47.45,1.5));
#7009=CARTESIAN_POINT('',(-41.5,47.45,0.));
#7010=CARTESIAN_POINT('Origin',(-41.5,49.,0.));
#7011=CARTESIAN_POINT('',(-41.5,49.,0.));
#7012=CARTESIAN_POINT('',(-41.5,49.,0.));
#7013=CARTESIAN_POINT('',(-41.5,49.,1.5));
#7014=CARTESIAN_POINT('',(-41.5,49.,1.5));
#7015=CARTESIAN_POINT('',(-41.5,49.,0.));
#7016=CARTESIAN_POINT('Origin',(-36.5,49.,0.));
#7017=CARTESIAN_POINT('',(-36.5,49.,0.));
#7018=CARTESIAN_POINT('',(-36.5,49.,0.));
#7019=CARTESIAN_POINT('',(-36.5,49.,1.5));
#7020=CARTESIAN_POINT('',(-36.5,49.,1.5));
#7021=CARTESIAN_POINT('',(-36.5,49.,0.));
#7022=CARTESIAN_POINT('Origin',(-36.5,50.,0.));
#7023=CARTESIAN_POINT('',(-36.5,50.,0.));
#7024=CARTESIAN_POINT('',(-36.5,50.,1.5));
#7025=CARTESIAN_POINT('Origin',(0.,0.,1.5));
#7026=CARTESIAN_POINT('Origin',(0.,0.,0.));
#7027=CARTESIAN_POINT('',(0.,0.,0.));
#7028=CARTESIAN_POINT('',(0.916174148294822,49.6038055994229,172.159388035729));
#7029=CARTESIAN_POINT('',(97.3666946973441,50.0871114212443,171.817825937409));
#7030=CARTESIAN_POINT('',(50.078204143038,2.55019216941674,169.898544773744));
#7031=CARTESIAN_POINT('',(49.9689983241532,98.9210077157174,170.052729341975));
#7032=CARTESIAN_POINT('',(50.2958384376271,49.8045377598866,5.6003974365592));
#7033=UNCERTAINTY_MEASURE_WITH_UNIT(LENGTH_MEASURE(0.01),#7043,
'DISTANCE_ACCURACY_VALUE',
'Maximum model space distance between geometric entities at asserted c
onnectivities');
#7034=UNCERTAINTY_MEASURE_WITH_UNIT(LENGTH_MEASURE(0.01),#7043,
'DISTANCE_ACCURACY_VALUE',
'Maximum model space distance between geometric entities at asserted c
onnectivities');
#7035=UNCERTAINTY_MEASURE_WITH_UNIT(LENGTH_MEASURE(0.01),#7043,
'DISTANCE_ACCURACY_VALUE',
'Maximum model space distance between geometric entities at asserted c
onnectivities');
#7036=UNCERTAINTY_MEASURE_WITH_UNIT(LENGTH_MEASURE(0.01),#7043,
'DISTANCE_ACCURACY_VALUE',
'Maximum model space distance between geometric entities at asserted c
onnectivities');
#7037=UNCERTAINTY_MEASURE_WITH_UNIT(LENGTH_MEASURE(0.01),#7043,
'DISTANCE_ACCURACY_VALUE',
'Maximum model space distance between geometric entities at asserted c
onnectivities');
#7038=(
GEOMETRIC_REPRESENTATION_CONTEXT(3)
GLOBAL_UNCERTAINTY_ASSIGNED_CONTEXT((#7033))
GLOBAL_UNIT_ASSIGNED_CONTEXT((#7043,#7045,#7046))
REPRESENTATION_CONTEXT('','3D')
);
#7039=(
GEOMETRIC_REPRESENTATION_CONTEXT(3)
GLOBAL_UNCERTAINTY_ASSIGNED_CONTEXT((#7034))
GLOBAL_UNIT_ASSIGNED_CONTEXT((#7043,#7045,#7046))
REPRESENTATION_CONTEXT('','3D')
);
#7040=(
GEOMETRIC_REPRESENTATION_CONTEXT(3)
GLOBAL_UNCERTAINTY_ASSIGNED_CONTEXT((#7035))
GLOBAL_UNIT_ASSIGNED_CONTEXT((#7043,#7045,#7046))
REPRESENTATION_CONTEXT('','3D')
);
#7041=(
GEOMETRIC_REPRESENTATION_CONTEXT(3)
GLOBAL_UNCERTAINTY_ASSIGNED_CONTEXT((#7036))
GLOBAL_UNIT_ASSIGNED_CONTEXT((#7043,#7045,#7046))
REPRESENTATION_CONTEXT('','3D')
);
#7042=(
GEOMETRIC_REPRESENTATION_CONTEXT(3)
GLOBAL_UNCERTAINTY_ASSIGNED_CONTEXT((#7037))
GLOBAL_UNIT_ASSIGNED_CONTEXT((#7043,#7045,#7046))
REPRESENTATION_CONTEXT('','3D')
);
#7043=(
LENGTH_UNIT()
NAMED_UNIT(*)
SI_UNIT(.MILLI.,.METRE.)
);
#7044=(
LENGTH_UNIT()
NAMED_UNIT(*)
SI_UNIT($,.METRE.)
);
#7045=(
NAMED_UNIT(*)
PLANE_ANGLE_UNIT()
SI_UNIT($,.RADIAN.)
);
#7046=(
NAMED_UNIT(*)
SI_UNIT($,.STERADIAN.)
SOLID_ANGLE_UNIT()
);
#7047=SHAPE_DEFINITION_REPRESENTATION(#7051,#7061);
#7048=SHAPE_DEFINITION_REPRESENTATION(#7052,#7062);
#7049=SHAPE_DEFINITION_REPRESENTATION(#7053,#7063);
#7050=SHAPE_DEFINITION_REPRESENTATION(#7054,#7064);
#7051=PRODUCT_DEFINITION_SHAPE('',$,#7066);
#7052=PRODUCT_DEFINITION_SHAPE('',$,#7067);
#7053=PRODUCT_DEFINITION_SHAPE('',$,#7068);
#7054=PRODUCT_DEFINITION_SHAPE('',$,#7069);
#7055=PRODUCT_DEFINITION_SHAPE($,$,#29);
#7056=PRODUCT_DEFINITION_SHAPE($,$,#30);
#7057=PRODUCT_DEFINITION_SHAPE($,$,#31);
#7058=PRODUCT_DEFINITION_SHAPE($,$,#32);
#7059=PRODUCT_DEFINITION_SHAPE($,$,#33);
#7060=PRODUCT_DEFINITION_SHAPE($,$,#34);
#7061=SHAPE_REPRESENTATION('',(#4337,#4673,#4674,#4675,#4676,#4677,#4678),
#7038);
#7062=SHAPE_REPRESENTATION('',(#4338),#7039);
#7063=SHAPE_REPRESENTATION('',(#4579),#7040);
#7064=SHAPE_REPRESENTATION('',(#4610),#7041);
#7065=PRODUCT_DEFINITION_CONTEXT('part definition',#7079,'design');
#7066=PRODUCT_DEFINITION('2026-07-04-18-16-37-310','chassis2',#7070,#7065);
#7067=PRODUCT_DEFINITION('2026-06-27-09-48-55-302','chassis part1',#7071,
#7065);
#7068=PRODUCT_DEFINITION('2026-06-27-09-48-48-997','chassis part2',#7072,
#7065);
#7069=PRODUCT_DEFINITION('2026-06-27-09-48-45-880','base',#7073,#7065);
#7070=PRODUCT_DEFINITION_FORMATION('',$,#7081);
#7071=PRODUCT_DEFINITION_FORMATION('',$,#7082);
#7072=PRODUCT_DEFINITION_FORMATION('',$,#7083);
#7073=PRODUCT_DEFINITION_FORMATION('',$,#7084);
#7074=PRODUCT_RELATED_PRODUCT_CATEGORY('chassis2','chassis2',(#7081));
#7075=PRODUCT_RELATED_PRODUCT_CATEGORY('chassis part1','chassis part1',
(#7082));
#7076=PRODUCT_RELATED_PRODUCT_CATEGORY('chassis part2','chassis part2',
(#7083));
#7077=PRODUCT_RELATED_PRODUCT_CATEGORY('base','base',(#7084));
#7078=APPLICATION_PROTOCOL_DEFINITION('international standard',
'automotive_design',2009,#7079);
#7079=APPLICATION_CONTEXT(
'Core Data for Automotive Mechanical Design Process');
#7080=PRODUCT_CONTEXT('part definition',#7079,'mechanical');
#7081=PRODUCT('2026-07-04-18-16-37-310','chassis2',$,(#7080));
#7082=PRODUCT('2026-06-27-09-48-55-302','chassis part1',$,(#7080));
#7083=PRODUCT('2026-06-27-09-48-48-997','chassis part2',$,(#7080));
#7084=PRODUCT('2026-06-27-09-48-45-880','base',$,(#7080));
#7085=PRESENTATION_STYLE_ASSIGNMENT((#7087));
#7086=PRESENTATION_STYLE_ASSIGNMENT((#7088));
#7087=SURFACE_STYLE_USAGE(.BOTH.,#7089);
#7088=SURFACE_STYLE_USAGE(.BOTH.,#7090);
#7089=SURFACE_SIDE_STYLE('',(#7091));
#7090=SURFACE_SIDE_STYLE('',(#7092));
#7091=SURFACE_STYLE_FILL_AREA(#7093);
#7092=SURFACE_STYLE_FILL_AREA(#7094);
#7093=FILL_AREA_STYLE('Steel - Satin',(#7095));
#7094=FILL_AREA_STYLE('Aluminum - Satin',(#7096));
#7095=FILL_AREA_STYLE_COLOUR('Steel - Satin',#7097);
#7096=FILL_AREA_STYLE_COLOUR('Aluminum - Satin',#7098);
#7097=COLOUR_RGB('Steel - Satin',0.627450980392157,0.627450980392157,0.627450980392157);
#7098=COLOUR_RGB('Aluminum - Satin',0.96078431372549,0.96078431372549,0.964705882352941);
ENDSEC;
END-ISO-10303-21;
