ISO-10303-21;
HEADER;
/* Generated by software containing ST-Developer
 * from STEP Tools, Inc. (www.steptools.com) 
 */

FILE_DESCRIPTION(
/* description */ (''),
/* implementation_level */ '2;1');

FILE_NAME(
/* name */ 'MCU.step',
/* time_stamp */ '2026-07-04T18:04:26+05:30',
/* author */ (''),
/* organization */ (''),
/* preprocessor_version */ 'ST-DEVELOPER v20.1',
/* originating_system */ 'Autodesk Translation Framework v15.8.0.0',
/* authorisation */ '');

FILE_SCHEMA (('AUTOMOTIVE_DESIGN { 1 0 10303 214 3 1 1 }'));
ENDSEC;

DATA;
#10=MECHANICAL_DESIGN_GEOMETRIC_PRESENTATION_REPRESENTATION('',(#105,#106,
#107,#108,#109,#110,#111,#112,#113,#114,#115,#116),#2933);
#11=ITEM_DEFINED_TRANSFORMATION($,$,#1794,#1839);
#12=ITEM_DEFINED_TRANSFORMATION($,$,#1869,#1932);
#13=ITEM_DEFINED_TRANSFORMATION($,$,#1923,#1933);
#14=ITEM_DEFINED_TRANSFORMATION($,$,#1923,#1934);
#15=ITEM_DEFINED_TRANSFORMATION($,$,#1923,#1935);
#16=ITEM_DEFINED_TRANSFORMATION($,$,#1923,#1936);
#17=ITEM_DEFINED_TRANSFORMATION($,$,#1793,#1937);
#18=ITEM_DEFINED_TRANSFORMATION($,$,#1923,#1938);
#19=ITEM_DEFINED_TRANSFORMATION($,$,#1923,#1939);
#20=ITEM_DEFINED_TRANSFORMATION($,$,#1923,#1940);
#21=ITEM_DEFINED_TRANSFORMATION($,$,#1923,#1941);
#22=ITEM_DEFINED_TRANSFORMATION($,$,#1923,#1942);
#23=ITEM_DEFINED_TRANSFORMATION($,$,#1923,#1943);
#24=ITEM_DEFINED_TRANSFORMATION($,$,#1923,#1944);
#25=ITEM_DEFINED_TRANSFORMATION($,$,#1923,#1945);
#26=ITEM_DEFINED_TRANSFORMATION($,$,#1840,#1946);
#27=ITEM_DEFINED_TRANSFORMATION($,$,#1869,#1947);
#28=ITEM_DEFINED_TRANSFORMATION($,$,#1923,#1948);
#29=ITEM_DEFINED_TRANSFORMATION($,$,#1923,#1949);
#30=ITEM_DEFINED_TRANSFORMATION($,$,#1923,#1950);
#31=ITEM_DEFINED_TRANSFORMATION($,$,#1923,#1951);
#32=(
REPRESENTATION_RELATIONSHIP($,$,#2973,#2972)
REPRESENTATION_RELATIONSHIP_WITH_TRANSFORMATION(#11)
SHAPE_REPRESENTATION_RELATIONSHIP()
);
#33=(
REPRESENTATION_RELATIONSHIP($,$,#2975,#2971)
REPRESENTATION_RELATIONSHIP_WITH_TRANSFORMATION(#12)
SHAPE_REPRESENTATION_RELATIONSHIP()
);
#34=(
REPRESENTATION_RELATIONSHIP($,$,#2976,#2971)
REPRESENTATION_RELATIONSHIP_WITH_TRANSFORMATION(#13)
SHAPE_REPRESENTATION_RELATIONSHIP()
);
#35=(
REPRESENTATION_RELATIONSHIP($,$,#2976,#2971)
REPRESENTATION_RELATIONSHIP_WITH_TRANSFORMATION(#14)
SHAPE_REPRESENTATION_RELATIONSHIP()
);
#36=(
REPRESENTATION_RELATIONSHIP($,$,#2976,#2971)
REPRESENTATION_RELATIONSHIP_WITH_TRANSFORMATION(#15)
SHAPE_REPRESENTATION_RELATIONSHIP()
);
#37=(
REPRESENTATION_RELATIONSHIP($,$,#2976,#2971)
REPRESENTATION_RELATIONSHIP_WITH_TRANSFORMATION(#16)
SHAPE_REPRESENTATION_RELATIONSHIP()
);
#38=(
REPRESENTATION_RELATIONSHIP($,$,#2972,#2971)
REPRESENTATION_RELATIONSHIP_WITH_TRANSFORMATION(#17)
SHAPE_REPRESENTATION_RELATIONSHIP()
);
#39=(
REPRESENTATION_RELATIONSHIP($,$,#2976,#2971)
REPRESENTATION_RELATIONSHIP_WITH_TRANSFORMATION(#18)
SHAPE_REPRESENTATION_RELATIONSHIP()
);
#40=(
REPRESENTATION_RELATIONSHIP($,$,#2976,#2971)
REPRESENTATION_RELATIONSHIP_WITH_TRANSFORMATION(#19)
SHAPE_REPRESENTATION_RELATIONSHIP()
);
#41=(
REPRESENTATION_RELATIONSHIP($,$,#2976,#2971)
REPRESENTATION_RELATIONSHIP_WITH_TRANSFORMATION(#20)
SHAPE_REPRESENTATION_RELATIONSHIP()
);
#42=(
REPRESENTATION_RELATIONSHIP($,$,#2976,#2971)
REPRESENTATION_RELATIONSHIP_WITH_TRANSFORMATION(#21)
SHAPE_REPRESENTATION_RELATIONSHIP()
);
#43=(
REPRESENTATION_RELATIONSHIP($,$,#2976,#2971)
REPRESENTATION_RELATIONSHIP_WITH_TRANSFORMATION(#22)
SHAPE_REPRESENTATION_RELATIONSHIP()
);
#44=(
REPRESENTATION_RELATIONSHIP($,$,#2976,#2971)
REPRESENTATION_RELATIONSHIP_WITH_TRANSFORMATION(#23)
SHAPE_REPRESENTATION_RELATIONSHIP()
);
#45=(
REPRESENTATION_RELATIONSHIP($,$,#2976,#2971)
REPRESENTATION_RELATIONSHIP_WITH_TRANSFORMATION(#24)
SHAPE_REPRESENTATION_RELATIONSHIP()
);
#46=(
REPRESENTATION_RELATIONSHIP($,$,#2976,#2971)
REPRESENTATION_RELATIONSHIP_WITH_TRANSFORMATION(#25)
SHAPE_REPRESENTATION_RELATIONSHIP()
);
#47=(
REPRESENTATION_RELATIONSHIP($,$,#2974,#2971)
REPRESENTATION_RELATIONSHIP_WITH_TRANSFORMATION(#26)
SHAPE_REPRESENTATION_RELATIONSHIP()
);
#48=(
REPRESENTATION_RELATIONSHIP($,$,#2975,#2971)
REPRESENTATION_RELATIONSHIP_WITH_TRANSFORMATION(#27)
SHAPE_REPRESENTATION_RELATIONSHIP()
);
#49=(
REPRESENTATION_RELATIONSHIP($,$,#2976,#2971)
REPRESENTATION_RELATIONSHIP_WITH_TRANSFORMATION(#28)
SHAPE_REPRESENTATION_RELATIONSHIP()
);
#50=(
REPRESENTATION_RELATIONSHIP($,$,#2976,#2971)
REPRESENTATION_RELATIONSHIP_WITH_TRANSFORMATION(#29)
SHAPE_REPRESENTATION_RELATIONSHIP()
);
#51=(
REPRESENTATION_RELATIONSHIP($,$,#2976,#2971)
REPRESENTATION_RELATIONSHIP_WITH_TRANSFORMATION(#30)
SHAPE_REPRESENTATION_RELATIONSHIP()
);
#52=(
REPRESENTATION_RELATIONSHIP($,$,#2976,#2971)
REPRESENTATION_RELATIONSHIP_WITH_TRANSFORMATION(#31)
SHAPE_REPRESENTATION_RELATIONSHIP()
);
#53=CONTEXT_DEPENDENT_SHAPE_REPRESENTATION(#32,#2947);
#54=CONTEXT_DEPENDENT_SHAPE_REPRESENTATION(#33,#2951);
#55=CONTEXT_DEPENDENT_SHAPE_REPRESENTATION(#34,#2952);
#56=CONTEXT_DEPENDENT_SHAPE_REPRESENTATION(#35,#2953);
#57=CONTEXT_DEPENDENT_SHAPE_REPRESENTATION(#36,#2954);
#58=CONTEXT_DEPENDENT_SHAPE_REPRESENTATION(#37,#2955);
#59=CONTEXT_DEPENDENT_SHAPE_REPRESENTATION(#38,#2956);
#60=CONTEXT_DEPENDENT_SHAPE_REPRESENTATION(#39,#2957);
#61=CONTEXT_DEPENDENT_SHAPE_REPRESENTATION(#40,#2958);
#62=CONTEXT_DEPENDENT_SHAPE_REPRESENTATION(#41,#2959);
#63=CONTEXT_DEPENDENT_SHAPE_REPRESENTATION(#42,#2960);
#64=CONTEXT_DEPENDENT_SHAPE_REPRESENTATION(#43,#2961);
#65=CONTEXT_DEPENDENT_SHAPE_REPRESENTATION(#44,#2962);
#66=CONTEXT_DEPENDENT_SHAPE_REPRESENTATION(#45,#2963);
#67=CONTEXT_DEPENDENT_SHAPE_REPRESENTATION(#46,#2964);
#68=CONTEXT_DEPENDENT_SHAPE_REPRESENTATION(#47,#2965);
#69=CONTEXT_DEPENDENT_SHAPE_REPRESENTATION(#48,#2966);
#70=CONTEXT_DEPENDENT_SHAPE_REPRESENTATION(#49,#2967);
#71=CONTEXT_DEPENDENT_SHAPE_REPRESENTATION(#50,#2968);
#72=CONTEXT_DEPENDENT_SHAPE_REPRESENTATION(#51,#2969);
#73=CONTEXT_DEPENDENT_SHAPE_REPRESENTATION(#52,#2970);
#74=NEXT_ASSEMBLY_USAGE_OCCURRENCE('pcb_obc:1','pcb_obc:1','pcb_obc:1',
#2979,#2980,'pcb_obc:1');
#75=NEXT_ASSEMBLY_USAGE_OCCURRENCE('pcb_adcs:1','pcb_adcs:1',
'pcb_adcs:1',#2978,#2982,'pcb_adcs:1');
#76=NEXT_ASSEMBLY_USAGE_OCCURRENCE('standoff:1','standoff:1',
'standoff:1',#2978,#2983,'standoff:1');
#77=NEXT_ASSEMBLY_USAGE_OCCURRENCE('standoff:2','standoff:2',
'standoff:2',#2978,#2983,'standoff:2');
#78=NEXT_ASSEMBLY_USAGE_OCCURRENCE('standoff:3','standoff:3',
'standoff:3',#2978,#2983,'standoff:3');
#79=NEXT_ASSEMBLY_USAGE_OCCURRENCE('standoff:4','standoff:4',
'standoff:4',#2978,#2983,'standoff:4');
#80=NEXT_ASSEMBLY_USAGE_OCCURRENCE('eps:1','eps:1','eps:1',#2978,#2979,
'eps:1');
#81=NEXT_ASSEMBLY_USAGE_OCCURRENCE('standoff:5','standoff:5',
'standoff:5',#2978,#2983,'standoff:5');
#82=NEXT_ASSEMBLY_USAGE_OCCURRENCE('standoff:6','standoff:6',
'standoff:6',#2978,#2983,'standoff:6');
#83=NEXT_ASSEMBLY_USAGE_OCCURRENCE('standoff:7','standoff:7',
'standoff:7',#2978,#2983,'standoff:7');
#84=NEXT_ASSEMBLY_USAGE_OCCURRENCE('standoff:8','standoff:8',
'standoff:8',#2978,#2983,'standoff:8');
#85=NEXT_ASSEMBLY_USAGE_OCCURRENCE('standoff:9','standoff:9',
'standoff:9',#2978,#2983,'standoff:9');
#86=NEXT_ASSEMBLY_USAGE_OCCURRENCE('standoff:10','standoff:10',
'standoff:10',#2978,#2983,'standoff:10');
#87=NEXT_ASSEMBLY_USAGE_OCCURRENCE('standoff:11','standoff:11',
'standoff:11',#2978,#2983,'standoff:11');
#88=NEXT_ASSEMBLY_USAGE_OCCURRENCE('standoff:12','standoff:12',
'standoff:12',#2978,#2983,'standoff:12');
#89=NEXT_ASSEMBLY_USAGE_OCCURRENCE('pcb_obc:1','pcb_obc:1','pcb_obc:1',
#2978,#2981,'pcb_obc:1');
#90=NEXT_ASSEMBLY_USAGE_OCCURRENCE('pcb_adcs:2','pcb_adcs:2',
'pcb_adcs:2',#2978,#2982,'pcb_adcs:2');
#91=NEXT_ASSEMBLY_USAGE_OCCURRENCE('standoff:13','standoff:13',
'standoff:13',#2978,#2983,'standoff:13');
#92=NEXT_ASSEMBLY_USAGE_OCCURRENCE('standoff:14','standoff:14',
'standoff:14',#2978,#2983,'standoff:14');
#93=NEXT_ASSEMBLY_USAGE_OCCURRENCE('standoff:15','standoff:15',
'standoff:15',#2978,#2983,'standoff:15');
#94=NEXT_ASSEMBLY_USAGE_OCCURRENCE('standoff:16','standoff:16',
'standoff:16',#2978,#2983,'standoff:16');
#95=SHAPE_REPRESENTATION_RELATIONSHIP('SRR','None',#2973,#100);
#96=SHAPE_REPRESENTATION_RELATIONSHIP('SRR','None',#2972,#101);
#97=SHAPE_REPRESENTATION_RELATIONSHIP('SRR','None',#2974,#102);
#98=SHAPE_REPRESENTATION_RELATIONSHIP('SRR','None',#2975,#103);
#99=SHAPE_REPRESENTATION_RELATIONSHIP('SRR','None',#2976,#104);
#100=ADVANCED_BREP_SHAPE_REPRESENTATION('',(#117),#2929);
#101=ADVANCED_BREP_SHAPE_REPRESENTATION('',(#118,#119,#120,#121,#122),#2928);
#102=ADVANCED_BREP_SHAPE_REPRESENTATION('',(#123),#2930);
#103=ADVANCED_BREP_SHAPE_REPRESENTATION('',(#124),#2931);
#104=ADVANCED_BREP_SHAPE_REPRESENTATION('',(#125),#2932);
#105=STYLED_ITEM('',(#3007),#117);
#106=STYLED_ITEM('',(#3006),#118);
#107=STYLED_ITEM('',(#3006),#119);
#108=STYLED_ITEM('',(#3006),#120);
#109=STYLED_ITEM('',(#3006),#121);
#110=STYLED_ITEM('',(#3006),#122);
#111=STYLED_ITEM('',(#3008),#1673);
#112=STYLED_ITEM('',(#3007),#123);
#113=STYLED_ITEM('',(#3006),#1703);
#114=STYLED_ITEM('',(#3006),#1718);
#115=STYLED_ITEM('',(#3007),#124);
#116=STYLED_ITEM('',(#3005),#125);
#117=MANIFOLD_SOLID_BREP('Body1',#1738);
#118=MANIFOLD_SOLID_BREP('Body1',#1739);
#119=MANIFOLD_SOLID_BREP('Body2',#1740);
#120=MANIFOLD_SOLID_BREP('Body3',#1741);
#121=MANIFOLD_SOLID_BREP('Body4',#1742);
#122=MANIFOLD_SOLID_BREP('Body5',#1743);
#123=MANIFOLD_SOLID_BREP('Body1',#1744);
#124=MANIFOLD_SOLID_BREP('Body1',#1745);
#125=MANIFOLD_SOLID_BREP('Body2',#1746);
#126=FACE_BOUND('',#346,.T.);
#127=FACE_BOUND('',#347,.T.);
#128=FACE_BOUND('',#348,.T.);
#129=FACE_BOUND('',#349,.T.);
#130=FACE_BOUND('',#351,.T.);
#131=FACE_BOUND('',#352,.T.);
#132=FACE_BOUND('',#353,.T.);
#133=FACE_BOUND('',#354,.T.);
#134=FACE_BOUND('',#392,.T.);
#135=FACE_BOUND('',#393,.T.);
#136=FACE_BOUND('',#394,.T.);
#137=FACE_BOUND('',#395,.T.);
#138=FACE_BOUND('',#396,.T.);
#139=FACE_BOUND('',#397,.T.);
#140=FACE_BOUND('',#399,.T.);
#141=FACE_BOUND('',#400,.T.);
#142=FACE_BOUND('',#401,.T.);
#143=FACE_BOUND('',#402,.T.);
#144=FACE_BOUND('',#447,.T.);
#145=FACE_BOUND('',#448,.T.);
#146=FACE_BOUND('',#449,.T.);
#147=FACE_BOUND('',#450,.T.);
#148=FACE_BOUND('',#451,.T.);
#149=FACE_BOUND('',#452,.T.);
#150=FACE_BOUND('',#453,.T.);
#151=FACE_BOUND('',#454,.T.);
#152=FACE_BOUND('',#455,.T.);
#153=FACE_BOUND('',#456,.T.);
#154=FACE_BOUND('',#457,.T.);
#155=FACE_BOUND('',#459,.T.);
#156=FACE_BOUND('',#460,.T.);
#157=FACE_BOUND('',#461,.T.);
#158=FACE_BOUND('',#462,.T.);
#159=FACE_BOUND('',#466,.T.);
#160=FACE_BOUND('',#468,.T.);
#161=PLANE('',#1807);
#162=PLANE('',#1808);
#163=PLANE('',#1809);
#164=PLANE('',#1810);
#165=PLANE('',#1811);
#166=PLANE('',#1812);
#167=PLANE('',#1816);
#168=PLANE('',#1817);
#169=PLANE('',#1821);
#170=PLANE('',#1822);
#171=PLANE('',#1826);
#172=PLANE('',#1827);
#173=PLANE('',#1828);
#174=PLANE('',#1829);
#175=PLANE('',#1830);
#176=PLANE('',#1831);
#177=PLANE('',#1832);
#178=PLANE('',#1833);
#179=PLANE('',#1837);
#180=PLANE('',#1838);
#181=PLANE('',#1841);
#182=PLANE('',#1842);
#183=PLANE('',#1843);
#184=PLANE('',#1844);
#185=PLANE('',#1845);
#186=PLANE('',#1846);
#187=PLANE('',#1847);
#188=PLANE('',#1848);
#189=PLANE('',#1849);
#190=PLANE('',#1850);
#191=PLANE('',#1863);
#192=PLANE('',#1864);
#193=PLANE('',#1865);
#194=PLANE('',#1866);
#195=PLANE('',#1867);
#196=PLANE('',#1868);
#197=PLANE('',#1870);
#198=PLANE('',#1871);
#199=PLANE('',#1872);
#200=PLANE('',#1873);
#201=PLANE('',#1874);
#202=PLANE('',#1875);
#203=PLANE('',#1876);
#204=PLANE('',#1877);
#205=PLANE('',#1878);
#206=PLANE('',#1879);
#207=PLANE('',#1880);
#208=PLANE('',#1881);
#209=PLANE('',#1882);
#210=PLANE('',#1883);
#211=PLANE('',#1884);
#212=PLANE('',#1885);
#213=PLANE('',#1886);
#214=PLANE('',#1887);
#215=PLANE('',#1888);
#216=PLANE('',#1889);
#217=PLANE('',#1890);
#218=PLANE('',#1891);
#219=PLANE('',#1892);
#220=PLANE('',#1893);
#221=PLANE('',#1894);
#222=PLANE('',#1895);
#223=PLANE('',#1896);
#224=PLANE('',#1897);
#225=PLANE('',#1898);
#226=PLANE('',#1899);
#227=PLANE('',#1900);
#228=PLANE('',#1901);
#229=PLANE('',#1902);
#230=PLANE('',#1903);
#231=PLANE('',#1904);
#232=PLANE('',#1917);
#233=PLANE('',#1918);
#234=PLANE('',#1919);
#235=PLANE('',#1920);
#236=PLANE('',#1921);
#237=PLANE('',#1922);
#238=PLANE('',#1930);
#239=PLANE('',#1931);
#240=FACE_OUTER_BOUND('',#337,.T.);
#241=FACE_OUTER_BOUND('',#338,.T.);
#242=FACE_OUTER_BOUND('',#339,.T.);
#243=FACE_OUTER_BOUND('',#340,.T.);
#244=FACE_OUTER_BOUND('',#341,.T.);
#245=FACE_OUTER_BOUND('',#342,.T.);
#246=FACE_OUTER_BOUND('',#343,.T.);
#247=FACE_OUTER_BOUND('',#344,.T.);
#248=FACE_OUTER_BOUND('',#345,.T.);
#249=FACE_OUTER_BOUND('',#350,.T.);
#250=FACE_OUTER_BOUND('',#355,.T.);
#251=FACE_OUTER_BOUND('',#356,.T.);
#252=FACE_OUTER_BOUND('',#357,.T.);
#253=FACE_OUTER_BOUND('',#358,.T.);
#254=FACE_OUTER_BOUND('',#359,.T.);
#255=FACE_OUTER_BOUND('',#360,.T.);
#256=FACE_OUTER_BOUND('',#361,.T.);
#257=FACE_OUTER_BOUND('',#362,.T.);
#258=FACE_OUTER_BOUND('',#363,.T.);
#259=FACE_OUTER_BOUND('',#364,.T.);
#260=FACE_OUTER_BOUND('',#365,.T.);
#261=FACE_OUTER_BOUND('',#366,.T.);
#262=FACE_OUTER_BOUND('',#367,.T.);
#263=FACE_OUTER_BOUND('',#368,.T.);
#264=FACE_OUTER_BOUND('',#369,.T.);
#265=FACE_OUTER_BOUND('',#370,.T.);
#266=FACE_OUTER_BOUND('',#371,.T.);
#267=FACE_OUTER_BOUND('',#372,.T.);
#268=FACE_OUTER_BOUND('',#373,.T.);
#269=FACE_OUTER_BOUND('',#374,.T.);
#270=FACE_OUTER_BOUND('',#375,.T.);
#271=FACE_OUTER_BOUND('',#376,.T.);
#272=FACE_OUTER_BOUND('',#377,.T.);
#273=FACE_OUTER_BOUND('',#378,.T.);
#274=FACE_OUTER_BOUND('',#379,.T.);
#275=FACE_OUTER_BOUND('',#380,.T.);
#276=FACE_OUTER_BOUND('',#381,.T.);
#277=FACE_OUTER_BOUND('',#382,.T.);
#278=FACE_OUTER_BOUND('',#383,.T.);
#279=FACE_OUTER_BOUND('',#384,.T.);
#280=FACE_OUTER_BOUND('',#385,.T.);
#281=FACE_OUTER_BOUND('',#386,.T.);
#282=FACE_OUTER_BOUND('',#387,.T.);
#283=FACE_OUTER_BOUND('',#388,.T.);
#284=FACE_OUTER_BOUND('',#389,.T.);
#285=FACE_OUTER_BOUND('',#390,.T.);
#286=FACE_OUTER_BOUND('',#391,.T.);
#287=FACE_OUTER_BOUND('',#398,.T.);
#288=FACE_OUTER_BOUND('',#403,.T.);
#289=FACE_OUTER_BOUND('',#404,.T.);
#290=FACE_OUTER_BOUND('',#405,.T.);
#291=FACE_OUTER_BOUND('',#406,.T.);
#292=FACE_OUTER_BOUND('',#407,.T.);
#293=FACE_OUTER_BOUND('',#408,.T.);
#294=FACE_OUTER_BOUND('',#409,.T.);
#295=FACE_OUTER_BOUND('',#410,.T.);
#296=FACE_OUTER_BOUND('',#411,.T.);
#297=FACE_OUTER_BOUND('',#412,.T.);
#298=FACE_OUTER_BOUND('',#413,.T.);
#299=FACE_OUTER_BOUND('',#414,.T.);
#300=FACE_OUTER_BOUND('',#415,.T.);
#301=FACE_OUTER_BOUND('',#416,.T.);
#302=FACE_OUTER_BOUND('',#417,.T.);
#303=FACE_OUTER_BOUND('',#418,.T.);
#304=FACE_OUTER_BOUND('',#419,.T.);
#305=FACE_OUTER_BOUND('',#420,.T.);
#306=FACE_OUTER_BOUND('',#421,.T.);
#307=FACE_OUTER_BOUND('',#422,.T.);
#308=FACE_OUTER_BOUND('',#423,.T.);
#309=FACE_OUTER_BOUND('',#424,.T.);
#310=FACE_OUTER_BOUND('',#425,.T.);
#311=FACE_OUTER_BOUND('',#426,.T.);
#312=FACE_OUTER_BOUND('',#427,.T.);
#313=FACE_OUTER_BOUND('',#428,.T.);
#314=FACE_OUTER_BOUND('',#429,.T.);
#315=FACE_OUTER_BOUND('',#430,.T.);
#316=FACE_OUTER_BOUND('',#431,.T.);
#317=FACE_OUTER_BOUND('',#432,.T.);
#318=FACE_OUTER_BOUND('',#433,.T.);
#319=FACE_OUTER_BOUND('',#434,.T.);
#320=FACE_OUTER_BOUND('',#435,.T.);
#321=FACE_OUTER_BOUND('',#436,.T.);
#322=FACE_OUTER_BOUND('',#437,.T.);
#323=FACE_OUTER_BOUND('',#438,.T.);
#324=FACE_OUTER_BOUND('',#439,.T.);
#325=FACE_OUTER_BOUND('',#440,.T.);
#326=FACE_OUTER_BOUND('',#441,.T.);
#327=FACE_OUTER_BOUND('',#442,.T.);
#328=FACE_OUTER_BOUND('',#443,.T.);
#329=FACE_OUTER_BOUND('',#444,.T.);
#330=FACE_OUTER_BOUND('',#445,.T.);
#331=FACE_OUTER_BOUND('',#446,.T.);
#332=FACE_OUTER_BOUND('',#458,.T.);
#333=FACE_OUTER_BOUND('',#463,.T.);
#334=FACE_OUTER_BOUND('',#464,.T.);
#335=FACE_OUTER_BOUND('',#465,.T.);
#336=FACE_OUTER_BOUND('',#467,.T.);
#337=EDGE_LOOP('',(#1203,#1204,#1205,#1206));
#338=EDGE_LOOP('',(#1207,#1208,#1209,#1210));
#339=EDGE_LOOP('',(#1211,#1212,#1213,#1214));
#340=EDGE_LOOP('',(#1215,#1216,#1217,#1218));
#341=EDGE_LOOP('',(#1219,#1220,#1221,#1222));
#342=EDGE_LOOP('',(#1223,#1224,#1225,#1226));
#343=EDGE_LOOP('',(#1227,#1228,#1229,#1230));
#344=EDGE_LOOP('',(#1231,#1232,#1233,#1234));
#345=EDGE_LOOP('',(#1235,#1236,#1237,#1238));
#346=EDGE_LOOP('',(#1239));
#347=EDGE_LOOP('',(#1240));
#348=EDGE_LOOP('',(#1241));
#349=EDGE_LOOP('',(#1242));
#350=EDGE_LOOP('',(#1243,#1244,#1245,#1246));
#351=EDGE_LOOP('',(#1247));
#352=EDGE_LOOP('',(#1248));
#353=EDGE_LOOP('',(#1249));
#354=EDGE_LOOP('',(#1250));
#355=EDGE_LOOP('',(#1251,#1252,#1253,#1254));
#356=EDGE_LOOP('',(#1255));
#357=EDGE_LOOP('',(#1256));
#358=EDGE_LOOP('',(#1257,#1258,#1259,#1260));
#359=EDGE_LOOP('',(#1261));
#360=EDGE_LOOP('',(#1262));
#361=EDGE_LOOP('',(#1263,#1264,#1265,#1266));
#362=EDGE_LOOP('',(#1267));
#363=EDGE_LOOP('',(#1268));
#364=EDGE_LOOP('',(#1269,#1270,#1271,#1272));
#365=EDGE_LOOP('',(#1273,#1274,#1275,#1276));
#366=EDGE_LOOP('',(#1277,#1278,#1279,#1280));
#367=EDGE_LOOP('',(#1281,#1282,#1283,#1284));
#368=EDGE_LOOP('',(#1285,#1286,#1287,#1288));
#369=EDGE_LOOP('',(#1289,#1290,#1291,#1292));
#370=EDGE_LOOP('',(#1293,#1294,#1295,#1296));
#371=EDGE_LOOP('',(#1297));
#372=EDGE_LOOP('',(#1298));
#373=EDGE_LOOP('',(#1299,#1300,#1301,#1302));
#374=EDGE_LOOP('',(#1303,#1304,#1305,#1306));
#375=EDGE_LOOP('',(#1307,#1308,#1309,#1310));
#376=EDGE_LOOP('',(#1311,#1312,#1313,#1314));
#377=EDGE_LOOP('',(#1315,#1316,#1317,#1318));
#378=EDGE_LOOP('',(#1319,#1320,#1321,#1322));
#379=EDGE_LOOP('',(#1323,#1324,#1325,#1326));
#380=EDGE_LOOP('',(#1327,#1328,#1329,#1330));
#381=EDGE_LOOP('',(#1331,#1332,#1333,#1334));
#382=EDGE_LOOP('',(#1335,#1336,#1337,#1338));
#383=EDGE_LOOP('',(#1339,#1340,#1341,#1342));
#384=EDGE_LOOP('',(#1343,#1344,#1345,#1346));
#385=EDGE_LOOP('',(#1347,#1348,#1349,#1350));
#386=EDGE_LOOP('',(#1351,#1352,#1353,#1354));
#387=EDGE_LOOP('',(#1355,#1356,#1357,#1358));
#388=EDGE_LOOP('',(#1359,#1360,#1361,#1362));
#389=EDGE_LOOP('',(#1363,#1364,#1365,#1366));
#390=EDGE_LOOP('',(#1367,#1368,#1369,#1370));
#391=EDGE_LOOP('',(#1371,#1372,#1373,#1374));
#392=EDGE_LOOP('',(#1375,#1376,#1377,#1378));
#393=EDGE_LOOP('',(#1379,#1380,#1381,#1382));
#394=EDGE_LOOP('',(#1383));
#395=EDGE_LOOP('',(#1384));
#396=EDGE_LOOP('',(#1385));
#397=EDGE_LOOP('',(#1386));
#398=EDGE_LOOP('',(#1387,#1388,#1389,#1390));
#399=EDGE_LOOP('',(#1391));
#400=EDGE_LOOP('',(#1392));
#401=EDGE_LOOP('',(#1393));
#402=EDGE_LOOP('',(#1394));
#403=EDGE_LOOP('',(#1395,#1396,#1397,#1398));
#404=EDGE_LOOP('',(#1399,#1400,#1401,#1402));
#405=EDGE_LOOP('',(#1403,#1404,#1405,#1406));
#406=EDGE_LOOP('',(#1407,#1408,#1409,#1410));
#407=EDGE_LOOP('',(#1411,#1412,#1413,#1414));
#408=EDGE_LOOP('',(#1415,#1416,#1417,#1418));
#409=EDGE_LOOP('',(#1419,#1420,#1421,#1422));
#410=EDGE_LOOP('',(#1423,#1424,#1425,#1426));
#411=EDGE_LOOP('',(#1427,#1428,#1429,#1430));
#412=EDGE_LOOP('',(#1431,#1432,#1433,#1434));
#413=EDGE_LOOP('',(#1435,#1436,#1437,#1438));
#414=EDGE_LOOP('',(#1439,#1440,#1441,#1442));
#415=EDGE_LOOP('',(#1443,#1444,#1445,#1446));
#416=EDGE_LOOP('',(#1447,#1448,#1449,#1450));
#417=EDGE_LOOP('',(#1451,#1452,#1453,#1454));
#418=EDGE_LOOP('',(#1455,#1456,#1457,#1458));
#419=EDGE_LOOP('',(#1459,#1460,#1461,#1462));
#420=EDGE_LOOP('',(#1463,#1464,#1465,#1466));
#421=EDGE_LOOP('',(#1467,#1468,#1469,#1470));
#422=EDGE_LOOP('',(#1471,#1472,#1473,#1474));
#423=EDGE_LOOP('',(#1475,#1476,#1477,#1478));
#424=EDGE_LOOP('',(#1479,#1480,#1481,#1482));
#425=EDGE_LOOP('',(#1483,#1484,#1485,#1486));
#426=EDGE_LOOP('',(#1487,#1488,#1489,#1490));
#427=EDGE_LOOP('',(#1491,#1492,#1493,#1494));
#428=EDGE_LOOP('',(#1495,#1496,#1497,#1498));
#429=EDGE_LOOP('',(#1499,#1500,#1501,#1502));
#430=EDGE_LOOP('',(#1503,#1504,#1505,#1506));
#431=EDGE_LOOP('',(#1507,#1508,#1509,#1510));
#432=EDGE_LOOP('',(#1511,#1512,#1513,#1514));
#433=EDGE_LOOP('',(#1515,#1516,#1517,#1518));
#434=EDGE_LOOP('',(#1519,#1520,#1521,#1522));
#435=EDGE_LOOP('',(#1523,#1524,#1525,#1526));
#436=EDGE_LOOP('',(#1527,#1528,#1529,#1530));
#437=EDGE_LOOP('',(#1531,#1532,#1533,#1534));
#438=EDGE_LOOP('',(#1535,#1536,#1537,#1538));
#439=EDGE_LOOP('',(#1539,#1540,#1541,#1542));
#440=EDGE_LOOP('',(#1543,#1544,#1545,#1546));
#441=EDGE_LOOP('',(#1547,#1548,#1549,#1550));
#442=EDGE_LOOP('',(#1551,#1552,#1553,#1554));
#443=EDGE_LOOP('',(#1555,#1556,#1557,#1558));
#444=EDGE_LOOP('',(#1559,#1560,#1561,#1562));
#445=EDGE_LOOP('',(#1563,#1564,#1565,#1566));
#446=EDGE_LOOP('',(#1567,#1568,#1569,#1570));
#447=EDGE_LOOP('',(#1571,#1572,#1573,#1574));
#448=EDGE_LOOP('',(#1575,#1576,#1577,#1578));
#449=EDGE_LOOP('',(#1579,#1580,#1581,#1582));
#450=EDGE_LOOP('',(#1583,#1584,#1585,#1586));
#451=EDGE_LOOP('',(#1587,#1588,#1589,#1590));
#452=EDGE_LOOP('',(#1591));
#453=EDGE_LOOP('',(#1592));
#454=EDGE_LOOP('',(#1593));
#455=EDGE_LOOP('',(#1594));
#456=EDGE_LOOP('',(#1595,#1596,#1597,#1598));
#457=EDGE_LOOP('',(#1599,#1600,#1601,#1602));
#458=EDGE_LOOP('',(#1603,#1604,#1605,#1606));
#459=EDGE_LOOP('',(#1607));
#460=EDGE_LOOP('',(#1608));
#461=EDGE_LOOP('',(#1609));
#462=EDGE_LOOP('',(#1610));
#463=EDGE_LOOP('',(#1611,#1612,#1613,#1614));
#464=EDGE_LOOP('',(#1615,#1616,#1617,#1618));
#465=EDGE_LOOP('',(#1619));
#466=EDGE_LOOP('',(#1620));
#467=EDGE_LOOP('',(#1621));
#468=EDGE_LOOP('',(#1622));
#469=LINE('',#2453,#643);
#470=LINE('',#2459,#644);
#471=LINE('',#2465,#645);
#472=LINE('',#2471,#646);
#473=LINE('',#2476,#647);
#474=LINE('',#2478,#648);
#475=LINE('',#2480,#649);
#476=LINE('',#2481,#650);
#477=LINE('',#2484,#651);
#478=LINE('',#2486,#652);
#479=LINE('',#2487,#653);
#480=LINE('',#2490,#654);
#481=LINE('',#2492,#655);
#482=LINE('',#2493,#656);
#483=LINE('',#2495,#657);
#484=LINE('',#2496,#658);
#485=LINE('',#2503,#659);
#486=LINE('',#2511,#660);
#487=LINE('',#2519,#661);
#488=LINE('',#2526,#662);
#489=LINE('',#2528,#663);
#490=LINE('',#2530,#664);
#491=LINE('',#2531,#665);
#492=LINE('',#2534,#666);
#493=LINE('',#2536,#667);
#494=LINE('',#2537,#668);
#495=LINE('',#2540,#669);
#496=LINE('',#2542,#670);
#497=LINE('',#2543,#671);
#498=LINE('',#2545,#672);
#499=LINE('',#2546,#673);
#500=LINE('',#2553,#674);
#501=LINE('',#2562,#675);
#502=LINE('',#2564,#676);
#503=LINE('',#2566,#677);
#504=LINE('',#2567,#678);
#505=LINE('',#2570,#679);
#506=LINE('',#2572,#680);
#507=LINE('',#2573,#681);
#508=LINE('',#2576,#682);
#509=LINE('',#2578,#683);
#510=LINE('',#2579,#684);
#511=LINE('',#2581,#685);
#512=LINE('',#2582,#686);
#513=LINE('',#2587,#687);
#514=LINE('',#2589,#688);
#515=LINE('',#2591,#689);
#516=LINE('',#2592,#690);
#517=LINE('',#2595,#691);
#518=LINE('',#2597,#692);
#519=LINE('',#2598,#693);
#520=LINE('',#2601,#694);
#521=LINE('',#2603,#695);
#522=LINE('',#2604,#696);
#523=LINE('',#2606,#697);
#524=LINE('',#2607,#698);
#525=LINE('',#2613,#699);
#526=LINE('',#2619,#700);
#527=LINE('',#2625,#701);
#528=LINE('',#2631,#702);
#529=LINE('',#2636,#703);
#530=LINE('',#2638,#704);
#531=LINE('',#2640,#705);
#532=LINE('',#2641,#706);
#533=LINE('',#2644,#707);
#534=LINE('',#2646,#708);
#535=LINE('',#2647,#709);
#536=LINE('',#2650,#710);
#537=LINE('',#2652,#711);
#538=LINE('',#2653,#712);
#539=LINE('',#2655,#713);
#540=LINE('',#2656,#714);
#541=LINE('',#2663,#715);
#542=LINE('',#2665,#716);
#543=LINE('',#2667,#717);
#544=LINE('',#2668,#718);
#545=LINE('',#2671,#719);
#546=LINE('',#2673,#720);
#547=LINE('',#2674,#721);
#548=LINE('',#2677,#722);
#549=LINE('',#2679,#723);
#550=LINE('',#2680,#724);
#551=LINE('',#2682,#725);
#552=LINE('',#2683,#726);
#553=LINE('',#2688,#727);
#554=LINE('',#2690,#728);
#555=LINE('',#2692,#729);
#556=LINE('',#2693,#730);
#557=LINE('',#2696,#731);
#558=LINE('',#2698,#732);
#559=LINE('',#2699,#733);
#560=LINE('',#2702,#734);
#561=LINE('',#2704,#735);
#562=LINE('',#2705,#736);
#563=LINE('',#2707,#737);
#564=LINE('',#2708,#738);
#565=LINE('',#2713,#739);
#566=LINE('',#2715,#740);
#567=LINE('',#2717,#741);
#568=LINE('',#2718,#742);
#569=LINE('',#2721,#743);
#570=LINE('',#2723,#744);
#571=LINE('',#2724,#745);
#572=LINE('',#2727,#746);
#573=LINE('',#2729,#747);
#574=LINE('',#2730,#748);
#575=LINE('',#2732,#749);
#576=LINE('',#2733,#750);
#577=LINE('',#2738,#751);
#578=LINE('',#2740,#752);
#579=LINE('',#2742,#753);
#580=LINE('',#2743,#754);
#581=LINE('',#2746,#755);
#582=LINE('',#2748,#756);
#583=LINE('',#2749,#757);
#584=LINE('',#2752,#758);
#585=LINE('',#2754,#759);
#586=LINE('',#2755,#760);
#587=LINE('',#2757,#761);
#588=LINE('',#2758,#762);
#589=LINE('',#2763,#763);
#590=LINE('',#2765,#764);
#591=LINE('',#2767,#765);
#592=LINE('',#2768,#766);
#593=LINE('',#2771,#767);
#594=LINE('',#2773,#768);
#595=LINE('',#2774,#769);
#596=LINE('',#2777,#770);
#597=LINE('',#2779,#771);
#598=LINE('',#2780,#772);
#599=LINE('',#2782,#773);
#600=LINE('',#2783,#774);
#601=LINE('',#2788,#775);
#602=LINE('',#2790,#776);
#603=LINE('',#2792,#777);
#604=LINE('',#2793,#778);
#605=LINE('',#2796,#779);
#606=LINE('',#2798,#780);
#607=LINE('',#2799,#781);
#608=LINE('',#2802,#782);
#609=LINE('',#2804,#783);
#610=LINE('',#2805,#784);
#611=LINE('',#2807,#785);
#612=LINE('',#2808,#786);
#613=LINE('',#2813,#787);
#614=LINE('',#2815,#788);
#615=LINE('',#2817,#789);
#616=LINE('',#2818,#790);
#617=LINE('',#2821,#791);
#618=LINE('',#2823,#792);
#619=LINE('',#2824,#793);
#620=LINE('',#2827,#794);
#621=LINE('',#2829,#795);
#622=LINE('',#2830,#796);
#623=LINE('',#2832,#797);
#624=LINE('',#2833,#798);
#625=LINE('',#2839,#799);
#626=LINE('',#2845,#800);
#627=LINE('',#2851,#801);
#628=LINE('',#2857,#802);
#629=LINE('',#2862,#803);
#630=LINE('',#2864,#804);
#631=LINE('',#2866,#805);
#632=LINE('',#2867,#806);
#633=LINE('',#2870,#807);
#634=LINE('',#2872,#808);
#635=LINE('',#2873,#809);
#636=LINE('',#2876,#810);
#637=LINE('',#2878,#811);
#638=LINE('',#2879,#812);
#639=LINE('',#2881,#813);
#640=LINE('',#2882,#814);
#641=LINE('',#2890,#815);
#642=LINE('',#2896,#816);
#643=VECTOR('',#1962,1.75);
#644=VECTOR('',#1969,1.75);
#645=VECTOR('',#1976,1.75);
#646=VECTOR('',#1983,1.75);
#647=VECTOR('',#1988,10.);
#648=VECTOR('',#1989,10.);
#649=VECTOR('',#1990,10.);
#650=VECTOR('',#1991,10.);
#651=VECTOR('',#1994,10.);
#652=VECTOR('',#1995,10.);
#653=VECTOR('',#1996,10.);
#654=VECTOR('',#1999,10.);
#655=VECTOR('',#2000,10.);
#656=VECTOR('',#2001,10.);
#657=VECTOR('',#2004,10.);
#658=VECTOR('',#2005,10.);
#659=VECTOR('',#2014,1.99999999999999);
#660=VECTOR('',#2025,2.);
#661=VECTOR('',#2036,2.);
#662=VECTOR('',#2045,10.);
#663=VECTOR('',#2046,10.);
#664=VECTOR('',#2047,10.);
#665=VECTOR('',#2048,10.);
#666=VECTOR('',#2051,10.);
#667=VECTOR('',#2052,10.);
#668=VECTOR('',#2053,10.);
#669=VECTOR('',#2056,10.);
#670=VECTOR('',#2057,10.);
#671=VECTOR('',#2058,10.);
#672=VECTOR('',#2061,10.);
#673=VECTOR('',#2062,10.);
#674=VECTOR('',#2071,2.);
#675=VECTOR('',#2084,10.);
#676=VECTOR('',#2085,10.);
#677=VECTOR('',#2086,10.);
#678=VECTOR('',#2087,10.);
#679=VECTOR('',#2090,10.);
#680=VECTOR('',#2091,10.);
#681=VECTOR('',#2092,10.);
#682=VECTOR('',#2095,10.);
#683=VECTOR('',#2096,10.);
#684=VECTOR('',#2097,10.);
#685=VECTOR('',#2100,10.);
#686=VECTOR('',#2101,10.);
#687=VECTOR('',#2106,10.);
#688=VECTOR('',#2107,10.);
#689=VECTOR('',#2108,10.);
#690=VECTOR('',#2109,10.);
#691=VECTOR('',#2112,10.);
#692=VECTOR('',#2113,10.);
#693=VECTOR('',#2114,10.);
#694=VECTOR('',#2117,10.);
#695=VECTOR('',#2118,10.);
#696=VECTOR('',#2119,10.);
#697=VECTOR('',#2122,10.);
#698=VECTOR('',#2123,10.);
#699=VECTOR('',#2130,1.75);
#700=VECTOR('',#2137,1.75);
#701=VECTOR('',#2144,1.75);
#702=VECTOR('',#2151,1.75);
#703=VECTOR('',#2156,10.);
#704=VECTOR('',#2157,10.);
#705=VECTOR('',#2158,10.);
#706=VECTOR('',#2159,10.);
#707=VECTOR('',#2162,10.);
#708=VECTOR('',#2163,10.);
#709=VECTOR('',#2164,10.);
#710=VECTOR('',#2167,10.);
#711=VECTOR('',#2168,10.);
#712=VECTOR('',#2169,10.);
#713=VECTOR('',#2172,10.);
#714=VECTOR('',#2173,10.);
#715=VECTOR('',#2182,10.);
#716=VECTOR('',#2183,10.);
#717=VECTOR('',#2184,10.);
#718=VECTOR('',#2185,10.);
#719=VECTOR('',#2188,10.);
#720=VECTOR('',#2189,10.);
#721=VECTOR('',#2190,10.);
#722=VECTOR('',#2193,10.);
#723=VECTOR('',#2194,10.);
#724=VECTOR('',#2195,10.);
#725=VECTOR('',#2198,10.);
#726=VECTOR('',#2199,10.);
#727=VECTOR('',#2204,10.);
#728=VECTOR('',#2205,10.);
#729=VECTOR('',#2206,10.);
#730=VECTOR('',#2207,10.);
#731=VECTOR('',#2210,10.);
#732=VECTOR('',#2211,10.);
#733=VECTOR('',#2212,10.);
#734=VECTOR('',#2215,10.);
#735=VECTOR('',#2216,10.);
#736=VECTOR('',#2217,10.);
#737=VECTOR('',#2220,10.);
#738=VECTOR('',#2221,10.);
#739=VECTOR('',#2226,10.);
#740=VECTOR('',#2227,10.);
#741=VECTOR('',#2228,10.);
#742=VECTOR('',#2229,10.);
#743=VECTOR('',#2232,10.);
#744=VECTOR('',#2233,10.);
#745=VECTOR('',#2234,10.);
#746=VECTOR('',#2237,10.);
#747=VECTOR('',#2238,10.);
#748=VECTOR('',#2239,10.);
#749=VECTOR('',#2242,10.);
#750=VECTOR('',#2243,10.);
#751=VECTOR('',#2248,10.);
#752=VECTOR('',#2249,10.);
#753=VECTOR('',#2250,10.);
#754=VECTOR('',#2251,10.);
#755=VECTOR('',#2254,10.);
#756=VECTOR('',#2255,10.);
#757=VECTOR('',#2256,10.);
#758=VECTOR('',#2259,10.);
#759=VECTOR('',#2260,10.);
#760=VECTOR('',#2261,10.);
#761=VECTOR('',#2264,10.);
#762=VECTOR('',#2265,10.);
#763=VECTOR('',#2270,10.);
#764=VECTOR('',#2271,10.);
#765=VECTOR('',#2272,10.);
#766=VECTOR('',#2273,10.);
#767=VECTOR('',#2276,10.);
#768=VECTOR('',#2277,10.);
#769=VECTOR('',#2278,10.);
#770=VECTOR('',#2281,10.);
#771=VECTOR('',#2282,10.);
#772=VECTOR('',#2283,10.);
#773=VECTOR('',#2286,10.);
#774=VECTOR('',#2287,10.);
#775=VECTOR('',#2292,10.);
#776=VECTOR('',#2293,10.);
#777=VECTOR('',#2294,10.);
#778=VECTOR('',#2295,10.);
#779=VECTOR('',#2298,10.);
#780=VECTOR('',#2299,10.);
#781=VECTOR('',#2300,10.);
#782=VECTOR('',#2303,10.);
#783=VECTOR('',#2304,10.);
#784=VECTOR('',#2305,10.);
#785=VECTOR('',#2308,10.);
#786=VECTOR('',#2309,10.);
#787=VECTOR('',#2314,10.);
#788=VECTOR('',#2315,10.);
#789=VECTOR('',#2316,10.);
#790=VECTOR('',#2317,10.);
#791=VECTOR('',#2320,10.);
#792=VECTOR('',#2321,10.);
#793=VECTOR('',#2322,10.);
#794=VECTOR('',#2325,10.);
#795=VECTOR('',#2326,10.);
#796=VECTOR('',#2327,10.);
#797=VECTOR('',#2330,10.);
#798=VECTOR('',#2331,10.);
#799=VECTOR('',#2338,1.75);
#800=VECTOR('',#2345,1.75);
#801=VECTOR('',#2352,1.75);
#802=VECTOR('',#2359,1.75);
#803=VECTOR('',#2364,10.);
#804=VECTOR('',#2365,10.);
#805=VECTOR('',#2366,10.);
#806=VECTOR('',#2367,10.);
#807=VECTOR('',#2370,10.);
#808=VECTOR('',#2371,10.);
#809=VECTOR('',#2372,10.);
#810=VECTOR('',#2375,10.);
#811=VECTOR('',#2376,10.);
#812=VECTOR('',#2377,10.);
#813=VECTOR('',#2380,10.);
#814=VECTOR('',#2381,10.);
#815=VECTOR('',#2392,1.5);
#816=VECTOR('',#2399,2.5);
#817=CIRCLE('',#1796,1.75);
#818=CIRCLE('',#1797,1.75);
#819=CIRCLE('',#1799,1.75);
#820=CIRCLE('',#1800,1.75);
#821=CIRCLE('',#1802,1.75);
#822=CIRCLE('',#1803,1.75);
#823=CIRCLE('',#1805,1.75);
#824=CIRCLE('',#1806,1.75);
#825=CIRCLE('',#1814,1.99999999999999);
#826=CIRCLE('',#1815,1.99999999999999);
#827=CIRCLE('',#1819,2.);
#828=CIRCLE('',#1820,2.);
#829=CIRCLE('',#1824,2.);
#830=CIRCLE('',#1825,2.);
#831=CIRCLE('',#1835,2.);
#832=CIRCLE('',#1836,2.);
#833=CIRCLE('',#1852,1.75);
#834=CIRCLE('',#1853,1.75);
#835=CIRCLE('',#1855,1.75);
#836=CIRCLE('',#1856,1.75);
#837=CIRCLE('',#1858,1.75);
#838=CIRCLE('',#1859,1.75);
#839=CIRCLE('',#1861,1.75);
#840=CIRCLE('',#1862,1.75);
#841=CIRCLE('',#1906,1.75);
#842=CIRCLE('',#1907,1.75);
#843=CIRCLE('',#1909,1.75);
#844=CIRCLE('',#1910,1.75);
#845=CIRCLE('',#1912,1.75);
#846=CIRCLE('',#1913,1.75);
#847=CIRCLE('',#1915,1.75);
#848=CIRCLE('',#1916,1.75);
#849=CIRCLE('',#1925,1.5);
#850=CIRCLE('',#1926,1.5);
#851=CIRCLE('',#1928,2.5);
#852=CIRCLE('',#1929,2.5);
#853=VERTEX_POINT('',#2450);
#854=VERTEX_POINT('',#2452);
#855=VERTEX_POINT('',#2456);
#856=VERTEX_POINT('',#2458);
#857=VERTEX_POINT('',#2462);
#858=VERTEX_POINT('',#2464);
#859=VERTEX_POINT('',#2468);
#860=VERTEX_POINT('',#2470);
#861=VERTEX_POINT('',#2474);
#862=VERTEX_POINT('',#2475);
#863=VERTEX_POINT('',#2477);
#864=VERTEX_POINT('',#2479);
#865=VERTEX_POINT('',#2483);
#866=VERTEX_POINT('',#2485);
#867=VERTEX_POINT('',#2489);
#868=VERTEX_POINT('',#2491);
#869=VERTEX_POINT('',#2500);
#870=VERTEX_POINT('',#2502);
#871=VERTEX_POINT('',#2508);
#872=VERTEX_POINT('',#2510);
#873=VERTEX_POINT('',#2516);
#874=VERTEX_POINT('',#2518);
#875=VERTEX_POINT('',#2524);
#876=VERTEX_POINT('',#2525);
#877=VERTEX_POINT('',#2527);
#878=VERTEX_POINT('',#2529);
#879=VERTEX_POINT('',#2533);
#880=VERTEX_POINT('',#2535);
#881=VERTEX_POINT('',#2539);
#882=VERTEX_POINT('',#2541);
#883=VERTEX_POINT('',#2550);
#884=VERTEX_POINT('',#2552);
#885=VERTEX_POINT('',#2560);
#886=VERTEX_POINT('',#2561);
#887=VERTEX_POINT('',#2563);
#888=VERTEX_POINT('',#2565);
#889=VERTEX_POINT('',#2569);
#890=VERTEX_POINT('',#2571);
#891=VERTEX_POINT('',#2575);
#892=VERTEX_POINT('',#2577);
#893=VERTEX_POINT('',#2585);
#894=VERTEX_POINT('',#2586);
#895=VERTEX_POINT('',#2588);
#896=VERTEX_POINT('',#2590);
#897=VERTEX_POINT('',#2594);
#898=VERTEX_POINT('',#2596);
#899=VERTEX_POINT('',#2600);
#900=VERTEX_POINT('',#2602);
#901=VERTEX_POINT('',#2610);
#902=VERTEX_POINT('',#2612);
#903=VERTEX_POINT('',#2616);
#904=VERTEX_POINT('',#2618);
#905=VERTEX_POINT('',#2622);
#906=VERTEX_POINT('',#2624);
#907=VERTEX_POINT('',#2628);
#908=VERTEX_POINT('',#2630);
#909=VERTEX_POINT('',#2634);
#910=VERTEX_POINT('',#2635);
#911=VERTEX_POINT('',#2637);
#912=VERTEX_POINT('',#2639);
#913=VERTEX_POINT('',#2643);
#914=VERTEX_POINT('',#2645);
#915=VERTEX_POINT('',#2649);
#916=VERTEX_POINT('',#2651);
#917=VERTEX_POINT('',#2661);
#918=VERTEX_POINT('',#2662);
#919=VERTEX_POINT('',#2664);
#920=VERTEX_POINT('',#2666);
#921=VERTEX_POINT('',#2670);
#922=VERTEX_POINT('',#2672);
#923=VERTEX_POINT('',#2676);
#924=VERTEX_POINT('',#2678);
#925=VERTEX_POINT('',#2686);
#926=VERTEX_POINT('',#2687);
#927=VERTEX_POINT('',#2689);
#928=VERTEX_POINT('',#2691);
#929=VERTEX_POINT('',#2695);
#930=VERTEX_POINT('',#2697);
#931=VERTEX_POINT('',#2701);
#932=VERTEX_POINT('',#2703);
#933=VERTEX_POINT('',#2711);
#934=VERTEX_POINT('',#2712);
#935=VERTEX_POINT('',#2714);
#936=VERTEX_POINT('',#2716);
#937=VERTEX_POINT('',#2720);
#938=VERTEX_POINT('',#2722);
#939=VERTEX_POINT('',#2726);
#940=VERTEX_POINT('',#2728);
#941=VERTEX_POINT('',#2736);
#942=VERTEX_POINT('',#2737);
#943=VERTEX_POINT('',#2739);
#944=VERTEX_POINT('',#2741);
#945=VERTEX_POINT('',#2745);
#946=VERTEX_POINT('',#2747);
#947=VERTEX_POINT('',#2751);
#948=VERTEX_POINT('',#2753);
#949=VERTEX_POINT('',#2761);
#950=VERTEX_POINT('',#2762);
#951=VERTEX_POINT('',#2764);
#952=VERTEX_POINT('',#2766);
#953=VERTEX_POINT('',#2770);
#954=VERTEX_POINT('',#2772);
#955=VERTEX_POINT('',#2776);
#956=VERTEX_POINT('',#2778);
#957=VERTEX_POINT('',#2786);
#958=VERTEX_POINT('',#2787);
#959=VERTEX_POINT('',#2789);
#960=VERTEX_POINT('',#2791);
#961=VERTEX_POINT('',#2795);
#962=VERTEX_POINT('',#2797);
#963=VERTEX_POINT('',#2801);
#964=VERTEX_POINT('',#2803);
#965=VERTEX_POINT('',#2811);
#966=VERTEX_POINT('',#2812);
#967=VERTEX_POINT('',#2814);
#968=VERTEX_POINT('',#2816);
#969=VERTEX_POINT('',#2820);
#970=VERTEX_POINT('',#2822);
#971=VERTEX_POINT('',#2826);
#972=VERTEX_POINT('',#2828);
#973=VERTEX_POINT('',#2836);
#974=VERTEX_POINT('',#2838);
#975=VERTEX_POINT('',#2842);
#976=VERTEX_POINT('',#2844);
#977=VERTEX_POINT('',#2848);
#978=VERTEX_POINT('',#2850);
#979=VERTEX_POINT('',#2854);
#980=VERTEX_POINT('',#2856);
#981=VERTEX_POINT('',#2860);
#982=VERTEX_POINT('',#2861);
#983=VERTEX_POINT('',#2863);
#984=VERTEX_POINT('',#2865);
#985=VERTEX_POINT('',#2869);
#986=VERTEX_POINT('',#2871);
#987=VERTEX_POINT('',#2875);
#988=VERTEX_POINT('',#2877);
#989=VERTEX_POINT('',#2887);
#990=VERTEX_POINT('',#2889);
#991=VERTEX_POINT('',#2893);
#992=VERTEX_POINT('',#2895);
#993=EDGE_CURVE('',#853,#853,#817,.T.);
#994=EDGE_CURVE('',#853,#854,#469,.T.);
#995=EDGE_CURVE('',#854,#854,#818,.T.);
#996=EDGE_CURVE('',#855,#855,#819,.T.);
#997=EDGE_CURVE('',#855,#856,#470,.T.);
#998=EDGE_CURVE('',#856,#856,#820,.T.);
#999=EDGE_CURVE('',#857,#857,#821,.T.);
#1000=EDGE_CURVE('',#857,#858,#471,.T.);
#1001=EDGE_CURVE('',#858,#858,#822,.T.);
#1002=EDGE_CURVE('',#859,#859,#823,.T.);
#1003=EDGE_CURVE('',#859,#860,#472,.T.);
#1004=EDGE_CURVE('',#860,#860,#824,.T.);
#1005=EDGE_CURVE('',#861,#862,#473,.T.);
#1006=EDGE_CURVE('',#861,#863,#474,.T.);
#1007=EDGE_CURVE('',#864,#863,#475,.T.);
#1008=EDGE_CURVE('',#862,#864,#476,.T.);
#1009=EDGE_CURVE('',#862,#865,#477,.T.);
#1010=EDGE_CURVE('',#866,#864,#478,.T.);
#1011=EDGE_CURVE('',#865,#866,#479,.T.);
#1012=EDGE_CURVE('',#865,#867,#480,.T.);
#1013=EDGE_CURVE('',#868,#866,#481,.T.);
#1014=EDGE_CURVE('',#867,#868,#482,.T.);
#1015=EDGE_CURVE('',#867,#861,#483,.T.);
#1016=EDGE_CURVE('',#863,#868,#484,.T.);
#1017=EDGE_CURVE('',#869,#869,#825,.T.);
#1018=EDGE_CURVE('',#869,#870,#485,.T.);
#1019=EDGE_CURVE('',#870,#870,#826,.T.);
#1020=EDGE_CURVE('',#871,#871,#827,.T.);
#1021=EDGE_CURVE('',#871,#872,#486,.T.);
#1022=EDGE_CURVE('',#872,#872,#828,.T.);
#1023=EDGE_CURVE('',#873,#873,#829,.T.);
#1024=EDGE_CURVE('',#873,#874,#487,.T.);
#1025=EDGE_CURVE('',#874,#874,#830,.T.);
#1026=EDGE_CURVE('',#875,#876,#488,.T.);
#1027=EDGE_CURVE('',#875,#877,#489,.T.);
#1028=EDGE_CURVE('',#878,#877,#490,.T.);
#1029=EDGE_CURVE('',#876,#878,#491,.T.);
#1030=EDGE_CURVE('',#876,#879,#492,.T.);
#1031=EDGE_CURVE('',#880,#878,#493,.T.);
#1032=EDGE_CURVE('',#879,#880,#494,.T.);
#1033=EDGE_CURVE('',#879,#881,#495,.T.);
#1034=EDGE_CURVE('',#882,#880,#496,.T.);
#1035=EDGE_CURVE('',#881,#882,#497,.T.);
#1036=EDGE_CURVE('',#881,#875,#498,.T.);
#1037=EDGE_CURVE('',#877,#882,#499,.T.);
#1038=EDGE_CURVE('',#883,#883,#831,.T.);
#1039=EDGE_CURVE('',#883,#884,#500,.T.);
#1040=EDGE_CURVE('',#884,#884,#832,.T.);
#1041=EDGE_CURVE('',#885,#886,#501,.T.);
#1042=EDGE_CURVE('',#885,#887,#502,.T.);
#1043=EDGE_CURVE('',#888,#887,#503,.T.);
#1044=EDGE_CURVE('',#886,#888,#504,.T.);
#1045=EDGE_CURVE('',#886,#889,#505,.T.);
#1046=EDGE_CURVE('',#890,#888,#506,.T.);
#1047=EDGE_CURVE('',#889,#890,#507,.T.);
#1048=EDGE_CURVE('',#889,#891,#508,.T.);
#1049=EDGE_CURVE('',#892,#890,#509,.T.);
#1050=EDGE_CURVE('',#891,#892,#510,.T.);
#1051=EDGE_CURVE('',#891,#885,#511,.T.);
#1052=EDGE_CURVE('',#887,#892,#512,.T.);
#1053=EDGE_CURVE('',#893,#894,#513,.T.);
#1054=EDGE_CURVE('',#893,#895,#514,.T.);
#1055=EDGE_CURVE('',#896,#895,#515,.T.);
#1056=EDGE_CURVE('',#894,#896,#516,.T.);
#1057=EDGE_CURVE('',#894,#897,#517,.T.);
#1058=EDGE_CURVE('',#898,#896,#518,.T.);
#1059=EDGE_CURVE('',#897,#898,#519,.T.);
#1060=EDGE_CURVE('',#897,#899,#520,.T.);
#1061=EDGE_CURVE('',#900,#898,#521,.T.);
#1062=EDGE_CURVE('',#899,#900,#522,.T.);
#1063=EDGE_CURVE('',#899,#893,#523,.T.);
#1064=EDGE_CURVE('',#895,#900,#524,.T.);
#1065=EDGE_CURVE('',#901,#901,#833,.T.);
#1066=EDGE_CURVE('',#901,#902,#525,.T.);
#1067=EDGE_CURVE('',#902,#902,#834,.T.);
#1068=EDGE_CURVE('',#903,#903,#835,.T.);
#1069=EDGE_CURVE('',#903,#904,#526,.T.);
#1070=EDGE_CURVE('',#904,#904,#836,.T.);
#1071=EDGE_CURVE('',#905,#905,#837,.T.);
#1072=EDGE_CURVE('',#905,#906,#527,.T.);
#1073=EDGE_CURVE('',#906,#906,#838,.T.);
#1074=EDGE_CURVE('',#907,#907,#839,.T.);
#1075=EDGE_CURVE('',#907,#908,#528,.T.);
#1076=EDGE_CURVE('',#908,#908,#840,.T.);
#1077=EDGE_CURVE('',#909,#910,#529,.T.);
#1078=EDGE_CURVE('',#909,#911,#530,.T.);
#1079=EDGE_CURVE('',#912,#911,#531,.T.);
#1080=EDGE_CURVE('',#910,#912,#532,.T.);
#1081=EDGE_CURVE('',#910,#913,#533,.T.);
#1082=EDGE_CURVE('',#914,#912,#534,.T.);
#1083=EDGE_CURVE('',#913,#914,#535,.T.);
#1084=EDGE_CURVE('',#913,#915,#536,.T.);
#1085=EDGE_CURVE('',#916,#914,#537,.T.);
#1086=EDGE_CURVE('',#915,#916,#538,.T.);
#1087=EDGE_CURVE('',#915,#909,#539,.T.);
#1088=EDGE_CURVE('',#911,#916,#540,.T.);
#1089=EDGE_CURVE('',#917,#918,#541,.T.);
#1090=EDGE_CURVE('',#917,#919,#542,.T.);
#1091=EDGE_CURVE('',#920,#919,#543,.T.);
#1092=EDGE_CURVE('',#918,#920,#544,.T.);
#1093=EDGE_CURVE('',#918,#921,#545,.T.);
#1094=EDGE_CURVE('',#922,#920,#546,.T.);
#1095=EDGE_CURVE('',#921,#922,#547,.T.);
#1096=EDGE_CURVE('',#921,#923,#548,.T.);
#1097=EDGE_CURVE('',#924,#922,#549,.T.);
#1098=EDGE_CURVE('',#923,#924,#550,.T.);
#1099=EDGE_CURVE('',#923,#917,#551,.T.);
#1100=EDGE_CURVE('',#919,#924,#552,.T.);
#1101=EDGE_CURVE('',#925,#926,#553,.T.);
#1102=EDGE_CURVE('',#925,#927,#554,.T.);
#1103=EDGE_CURVE('',#928,#927,#555,.T.);
#1104=EDGE_CURVE('',#926,#928,#556,.T.);
#1105=EDGE_CURVE('',#926,#929,#557,.T.);
#1106=EDGE_CURVE('',#930,#928,#558,.T.);
#1107=EDGE_CURVE('',#929,#930,#559,.T.);
#1108=EDGE_CURVE('',#929,#931,#560,.T.);
#1109=EDGE_CURVE('',#932,#930,#561,.T.);
#1110=EDGE_CURVE('',#931,#932,#562,.T.);
#1111=EDGE_CURVE('',#931,#925,#563,.T.);
#1112=EDGE_CURVE('',#927,#932,#564,.T.);
#1113=EDGE_CURVE('',#933,#934,#565,.T.);
#1114=EDGE_CURVE('',#933,#935,#566,.T.);
#1115=EDGE_CURVE('',#936,#935,#567,.T.);
#1116=EDGE_CURVE('',#934,#936,#568,.T.);
#1117=EDGE_CURVE('',#934,#937,#569,.T.);
#1118=EDGE_CURVE('',#938,#936,#570,.T.);
#1119=EDGE_CURVE('',#937,#938,#571,.T.);
#1120=EDGE_CURVE('',#937,#939,#572,.T.);
#1121=EDGE_CURVE('',#940,#938,#573,.T.);
#1122=EDGE_CURVE('',#939,#940,#574,.T.);
#1123=EDGE_CURVE('',#939,#933,#575,.T.);
#1124=EDGE_CURVE('',#935,#940,#576,.T.);
#1125=EDGE_CURVE('',#941,#942,#577,.T.);
#1126=EDGE_CURVE('',#941,#943,#578,.T.);
#1127=EDGE_CURVE('',#944,#943,#579,.T.);
#1128=EDGE_CURVE('',#942,#944,#580,.T.);
#1129=EDGE_CURVE('',#942,#945,#581,.T.);
#1130=EDGE_CURVE('',#946,#944,#582,.T.);
#1131=EDGE_CURVE('',#945,#946,#583,.T.);
#1132=EDGE_CURVE('',#945,#947,#584,.T.);
#1133=EDGE_CURVE('',#948,#946,#585,.T.);
#1134=EDGE_CURVE('',#947,#948,#586,.T.);
#1135=EDGE_CURVE('',#947,#941,#587,.T.);
#1136=EDGE_CURVE('',#943,#948,#588,.T.);
#1137=EDGE_CURVE('',#949,#950,#589,.T.);
#1138=EDGE_CURVE('',#949,#951,#590,.T.);
#1139=EDGE_CURVE('',#952,#951,#591,.T.);
#1140=EDGE_CURVE('',#950,#952,#592,.T.);
#1141=EDGE_CURVE('',#950,#953,#593,.T.);
#1142=EDGE_CURVE('',#954,#952,#594,.T.);
#1143=EDGE_CURVE('',#953,#954,#595,.T.);
#1144=EDGE_CURVE('',#953,#955,#596,.T.);
#1145=EDGE_CURVE('',#956,#954,#597,.T.);
#1146=EDGE_CURVE('',#955,#956,#598,.T.);
#1147=EDGE_CURVE('',#955,#949,#599,.T.);
#1148=EDGE_CURVE('',#951,#956,#600,.T.);
#1149=EDGE_CURVE('',#957,#958,#601,.T.);
#1150=EDGE_CURVE('',#957,#959,#602,.T.);
#1151=EDGE_CURVE('',#960,#959,#603,.T.);
#1152=EDGE_CURVE('',#958,#960,#604,.T.);
#1153=EDGE_CURVE('',#958,#961,#605,.T.);
#1154=EDGE_CURVE('',#962,#960,#606,.T.);
#1155=EDGE_CURVE('',#961,#962,#607,.T.);
#1156=EDGE_CURVE('',#961,#963,#608,.T.);
#1157=EDGE_CURVE('',#964,#962,#609,.T.);
#1158=EDGE_CURVE('',#963,#964,#610,.T.);
#1159=EDGE_CURVE('',#963,#957,#611,.T.);
#1160=EDGE_CURVE('',#959,#964,#612,.T.);
#1161=EDGE_CURVE('',#965,#966,#613,.T.);
#1162=EDGE_CURVE('',#965,#967,#614,.T.);
#1163=EDGE_CURVE('',#968,#967,#615,.T.);
#1164=EDGE_CURVE('',#966,#968,#616,.T.);
#1165=EDGE_CURVE('',#966,#969,#617,.T.);
#1166=EDGE_CURVE('',#970,#968,#618,.T.);
#1167=EDGE_CURVE('',#969,#970,#619,.T.);
#1168=EDGE_CURVE('',#969,#971,#620,.T.);
#1169=EDGE_CURVE('',#972,#970,#621,.T.);
#1170=EDGE_CURVE('',#971,#972,#622,.T.);
#1171=EDGE_CURVE('',#971,#965,#623,.T.);
#1172=EDGE_CURVE('',#967,#972,#624,.T.);
#1173=EDGE_CURVE('',#973,#973,#841,.T.);
#1174=EDGE_CURVE('',#973,#974,#625,.T.);
#1175=EDGE_CURVE('',#974,#974,#842,.T.);
#1176=EDGE_CURVE('',#975,#975,#843,.T.);
#1177=EDGE_CURVE('',#975,#976,#626,.T.);
#1178=EDGE_CURVE('',#976,#976,#844,.T.);
#1179=EDGE_CURVE('',#977,#977,#845,.T.);
#1180=EDGE_CURVE('',#977,#978,#627,.T.);
#1181=EDGE_CURVE('',#978,#978,#846,.T.);
#1182=EDGE_CURVE('',#979,#979,#847,.T.);
#1183=EDGE_CURVE('',#979,#980,#628,.T.);
#1184=EDGE_CURVE('',#980,#980,#848,.T.);
#1185=EDGE_CURVE('',#981,#982,#629,.T.);
#1186=EDGE_CURVE('',#981,#983,#630,.T.);
#1187=EDGE_CURVE('',#984,#983,#631,.T.);
#1188=EDGE_CURVE('',#982,#984,#632,.T.);
#1189=EDGE_CURVE('',#982,#985,#633,.T.);
#1190=EDGE_CURVE('',#986,#984,#634,.T.);
#1191=EDGE_CURVE('',#985,#986,#635,.T.);
#1192=EDGE_CURVE('',#985,#987,#636,.T.);
#1193=EDGE_CURVE('',#988,#986,#637,.T.);
#1194=EDGE_CURVE('',#987,#988,#638,.T.);
#1195=EDGE_CURVE('',#987,#981,#639,.T.);
#1196=EDGE_CURVE('',#983,#988,#640,.T.);
#1197=EDGE_CURVE('',#989,#989,#849,.T.);
#1198=EDGE_CURVE('',#989,#990,#641,.T.);
#1199=EDGE_CURVE('',#990,#990,#850,.T.);
#1200=EDGE_CURVE('',#991,#991,#851,.T.);
#1201=EDGE_CURVE('',#991,#992,#642,.T.);
#1202=EDGE_CURVE('',#992,#992,#852,.T.);
#1203=ORIENTED_EDGE('',*,*,#993,.F.);
#1204=ORIENTED_EDGE('',*,*,#994,.T.);
#1205=ORIENTED_EDGE('',*,*,#995,.F.);
#1206=ORIENTED_EDGE('',*,*,#994,.F.);
#1207=ORIENTED_EDGE('',*,*,#996,.F.);
#1208=ORIENTED_EDGE('',*,*,#997,.T.);
#1209=ORIENTED_EDGE('',*,*,#998,.F.);
#1210=ORIENTED_EDGE('',*,*,#997,.F.);
#1211=ORIENTED_EDGE('',*,*,#999,.F.);
#1212=ORIENTED_EDGE('',*,*,#1000,.T.);
#1213=ORIENTED_EDGE('',*,*,#1001,.F.);
#1214=ORIENTED_EDGE('',*,*,#1000,.F.);
#1215=ORIENTED_EDGE('',*,*,#1002,.F.);
#1216=ORIENTED_EDGE('',*,*,#1003,.T.);
#1217=ORIENTED_EDGE('',*,*,#1004,.F.);
#1218=ORIENTED_EDGE('',*,*,#1003,.F.);
#1219=ORIENTED_EDGE('',*,*,#1005,.F.);
#1220=ORIENTED_EDGE('',*,*,#1006,.T.);
#1221=ORIENTED_EDGE('',*,*,#1007,.F.);
#1222=ORIENTED_EDGE('',*,*,#1008,.F.);
#1223=ORIENTED_EDGE('',*,*,#1009,.F.);
#1224=ORIENTED_EDGE('',*,*,#1008,.T.);
#1225=ORIENTED_EDGE('',*,*,#1010,.F.);
#1226=ORIENTED_EDGE('',*,*,#1011,.F.);
#1227=ORIENTED_EDGE('',*,*,#1012,.F.);
#1228=ORIENTED_EDGE('',*,*,#1011,.T.);
#1229=ORIENTED_EDGE('',*,*,#1013,.F.);
#1230=ORIENTED_EDGE('',*,*,#1014,.F.);
#1231=ORIENTED_EDGE('',*,*,#1015,.F.);
#1232=ORIENTED_EDGE('',*,*,#1014,.T.);
#1233=ORIENTED_EDGE('',*,*,#1016,.F.);
#1234=ORIENTED_EDGE('',*,*,#1006,.F.);
#1235=ORIENTED_EDGE('',*,*,#1016,.T.);
#1236=ORIENTED_EDGE('',*,*,#1013,.T.);
#1237=ORIENTED_EDGE('',*,*,#1010,.T.);
#1238=ORIENTED_EDGE('',*,*,#1007,.T.);
#1239=ORIENTED_EDGE('',*,*,#993,.T.);
#1240=ORIENTED_EDGE('',*,*,#996,.T.);
#1241=ORIENTED_EDGE('',*,*,#999,.T.);
#1242=ORIENTED_EDGE('',*,*,#1002,.T.);
#1243=ORIENTED_EDGE('',*,*,#1015,.T.);
#1244=ORIENTED_EDGE('',*,*,#1005,.T.);
#1245=ORIENTED_EDGE('',*,*,#1009,.T.);
#1246=ORIENTED_EDGE('',*,*,#1012,.T.);
#1247=ORIENTED_EDGE('',*,*,#995,.T.);
#1248=ORIENTED_EDGE('',*,*,#998,.T.);
#1249=ORIENTED_EDGE('',*,*,#1001,.T.);
#1250=ORIENTED_EDGE('',*,*,#1004,.T.);
#1251=ORIENTED_EDGE('',*,*,#1017,.F.);
#1252=ORIENTED_EDGE('',*,*,#1018,.T.);
#1253=ORIENTED_EDGE('',*,*,#1019,.T.);
#1254=ORIENTED_EDGE('',*,*,#1018,.F.);
#1255=ORIENTED_EDGE('',*,*,#1017,.T.);
#1256=ORIENTED_EDGE('',*,*,#1019,.F.);
#1257=ORIENTED_EDGE('',*,*,#1020,.F.);
#1258=ORIENTED_EDGE('',*,*,#1021,.T.);
#1259=ORIENTED_EDGE('',*,*,#1022,.T.);
#1260=ORIENTED_EDGE('',*,*,#1021,.F.);
#1261=ORIENTED_EDGE('',*,*,#1020,.T.);
#1262=ORIENTED_EDGE('',*,*,#1022,.F.);
#1263=ORIENTED_EDGE('',*,*,#1023,.F.);
#1264=ORIENTED_EDGE('',*,*,#1024,.T.);
#1265=ORIENTED_EDGE('',*,*,#1025,.T.);
#1266=ORIENTED_EDGE('',*,*,#1024,.F.);
#1267=ORIENTED_EDGE('',*,*,#1023,.T.);
#1268=ORIENTED_EDGE('',*,*,#1025,.F.);
#1269=ORIENTED_EDGE('',*,*,#1026,.F.);
#1270=ORIENTED_EDGE('',*,*,#1027,.T.);
#1271=ORIENTED_EDGE('',*,*,#1028,.F.);
#1272=ORIENTED_EDGE('',*,*,#1029,.F.);
#1273=ORIENTED_EDGE('',*,*,#1030,.F.);
#1274=ORIENTED_EDGE('',*,*,#1029,.T.);
#1275=ORIENTED_EDGE('',*,*,#1031,.F.);
#1276=ORIENTED_EDGE('',*,*,#1032,.F.);
#1277=ORIENTED_EDGE('',*,*,#1033,.F.);
#1278=ORIENTED_EDGE('',*,*,#1032,.T.);
#1279=ORIENTED_EDGE('',*,*,#1034,.F.);
#1280=ORIENTED_EDGE('',*,*,#1035,.F.);
#1281=ORIENTED_EDGE('',*,*,#1036,.F.);
#1282=ORIENTED_EDGE('',*,*,#1035,.T.);
#1283=ORIENTED_EDGE('',*,*,#1037,.F.);
#1284=ORIENTED_EDGE('',*,*,#1027,.F.);
#1285=ORIENTED_EDGE('',*,*,#1037,.T.);
#1286=ORIENTED_EDGE('',*,*,#1034,.T.);
#1287=ORIENTED_EDGE('',*,*,#1031,.T.);
#1288=ORIENTED_EDGE('',*,*,#1028,.T.);
#1289=ORIENTED_EDGE('',*,*,#1036,.T.);
#1290=ORIENTED_EDGE('',*,*,#1026,.T.);
#1291=ORIENTED_EDGE('',*,*,#1030,.T.);
#1292=ORIENTED_EDGE('',*,*,#1033,.T.);
#1293=ORIENTED_EDGE('',*,*,#1038,.F.);
#1294=ORIENTED_EDGE('',*,*,#1039,.T.);
#1295=ORIENTED_EDGE('',*,*,#1040,.T.);
#1296=ORIENTED_EDGE('',*,*,#1039,.F.);
#1297=ORIENTED_EDGE('',*,*,#1038,.T.);
#1298=ORIENTED_EDGE('',*,*,#1040,.F.);
#1299=ORIENTED_EDGE('',*,*,#1041,.F.);
#1300=ORIENTED_EDGE('',*,*,#1042,.T.);
#1301=ORIENTED_EDGE('',*,*,#1043,.F.);
#1302=ORIENTED_EDGE('',*,*,#1044,.F.);
#1303=ORIENTED_EDGE('',*,*,#1045,.F.);
#1304=ORIENTED_EDGE('',*,*,#1044,.T.);
#1305=ORIENTED_EDGE('',*,*,#1046,.F.);
#1306=ORIENTED_EDGE('',*,*,#1047,.F.);
#1307=ORIENTED_EDGE('',*,*,#1048,.F.);
#1308=ORIENTED_EDGE('',*,*,#1047,.T.);
#1309=ORIENTED_EDGE('',*,*,#1049,.F.);
#1310=ORIENTED_EDGE('',*,*,#1050,.F.);
#1311=ORIENTED_EDGE('',*,*,#1051,.F.);
#1312=ORIENTED_EDGE('',*,*,#1050,.T.);
#1313=ORIENTED_EDGE('',*,*,#1052,.F.);
#1314=ORIENTED_EDGE('',*,*,#1042,.F.);
#1315=ORIENTED_EDGE('',*,*,#1052,.T.);
#1316=ORIENTED_EDGE('',*,*,#1049,.T.);
#1317=ORIENTED_EDGE('',*,*,#1046,.T.);
#1318=ORIENTED_EDGE('',*,*,#1043,.T.);
#1319=ORIENTED_EDGE('',*,*,#1053,.F.);
#1320=ORIENTED_EDGE('',*,*,#1054,.T.);
#1321=ORIENTED_EDGE('',*,*,#1055,.F.);
#1322=ORIENTED_EDGE('',*,*,#1056,.F.);
#1323=ORIENTED_EDGE('',*,*,#1057,.F.);
#1324=ORIENTED_EDGE('',*,*,#1056,.T.);
#1325=ORIENTED_EDGE('',*,*,#1058,.F.);
#1326=ORIENTED_EDGE('',*,*,#1059,.F.);
#1327=ORIENTED_EDGE('',*,*,#1060,.F.);
#1328=ORIENTED_EDGE('',*,*,#1059,.T.);
#1329=ORIENTED_EDGE('',*,*,#1061,.F.);
#1330=ORIENTED_EDGE('',*,*,#1062,.F.);
#1331=ORIENTED_EDGE('',*,*,#1063,.F.);
#1332=ORIENTED_EDGE('',*,*,#1062,.T.);
#1333=ORIENTED_EDGE('',*,*,#1064,.F.);
#1334=ORIENTED_EDGE('',*,*,#1054,.F.);
#1335=ORIENTED_EDGE('',*,*,#1064,.T.);
#1336=ORIENTED_EDGE('',*,*,#1061,.T.);
#1337=ORIENTED_EDGE('',*,*,#1058,.T.);
#1338=ORIENTED_EDGE('',*,*,#1055,.T.);
#1339=ORIENTED_EDGE('',*,*,#1065,.F.);
#1340=ORIENTED_EDGE('',*,*,#1066,.T.);
#1341=ORIENTED_EDGE('',*,*,#1067,.F.);
#1342=ORIENTED_EDGE('',*,*,#1066,.F.);
#1343=ORIENTED_EDGE('',*,*,#1068,.F.);
#1344=ORIENTED_EDGE('',*,*,#1069,.T.);
#1345=ORIENTED_EDGE('',*,*,#1070,.F.);
#1346=ORIENTED_EDGE('',*,*,#1069,.F.);
#1347=ORIENTED_EDGE('',*,*,#1071,.F.);
#1348=ORIENTED_EDGE('',*,*,#1072,.T.);
#1349=ORIENTED_EDGE('',*,*,#1073,.F.);
#1350=ORIENTED_EDGE('',*,*,#1072,.F.);
#1351=ORIENTED_EDGE('',*,*,#1074,.F.);
#1352=ORIENTED_EDGE('',*,*,#1075,.T.);
#1353=ORIENTED_EDGE('',*,*,#1076,.F.);
#1354=ORIENTED_EDGE('',*,*,#1075,.F.);
#1355=ORIENTED_EDGE('',*,*,#1077,.F.);
#1356=ORIENTED_EDGE('',*,*,#1078,.T.);
#1357=ORIENTED_EDGE('',*,*,#1079,.F.);
#1358=ORIENTED_EDGE('',*,*,#1080,.F.);
#1359=ORIENTED_EDGE('',*,*,#1081,.F.);
#1360=ORIENTED_EDGE('',*,*,#1080,.T.);
#1361=ORIENTED_EDGE('',*,*,#1082,.F.);
#1362=ORIENTED_EDGE('',*,*,#1083,.F.);
#1363=ORIENTED_EDGE('',*,*,#1084,.F.);
#1364=ORIENTED_EDGE('',*,*,#1083,.T.);
#1365=ORIENTED_EDGE('',*,*,#1085,.F.);
#1366=ORIENTED_EDGE('',*,*,#1086,.F.);
#1367=ORIENTED_EDGE('',*,*,#1087,.F.);
#1368=ORIENTED_EDGE('',*,*,#1086,.T.);
#1369=ORIENTED_EDGE('',*,*,#1088,.F.);
#1370=ORIENTED_EDGE('',*,*,#1078,.F.);
#1371=ORIENTED_EDGE('',*,*,#1088,.T.);
#1372=ORIENTED_EDGE('',*,*,#1085,.T.);
#1373=ORIENTED_EDGE('',*,*,#1082,.T.);
#1374=ORIENTED_EDGE('',*,*,#1079,.T.);
#1375=ORIENTED_EDGE('',*,*,#1041,.T.);
#1376=ORIENTED_EDGE('',*,*,#1045,.T.);
#1377=ORIENTED_EDGE('',*,*,#1048,.T.);
#1378=ORIENTED_EDGE('',*,*,#1051,.T.);
#1379=ORIENTED_EDGE('',*,*,#1053,.T.);
#1380=ORIENTED_EDGE('',*,*,#1057,.T.);
#1381=ORIENTED_EDGE('',*,*,#1060,.T.);
#1382=ORIENTED_EDGE('',*,*,#1063,.T.);
#1383=ORIENTED_EDGE('',*,*,#1065,.T.);
#1384=ORIENTED_EDGE('',*,*,#1068,.T.);
#1385=ORIENTED_EDGE('',*,*,#1071,.T.);
#1386=ORIENTED_EDGE('',*,*,#1074,.T.);
#1387=ORIENTED_EDGE('',*,*,#1087,.T.);
#1388=ORIENTED_EDGE('',*,*,#1077,.T.);
#1389=ORIENTED_EDGE('',*,*,#1081,.T.);
#1390=ORIENTED_EDGE('',*,*,#1084,.T.);
#1391=ORIENTED_EDGE('',*,*,#1067,.T.);
#1392=ORIENTED_EDGE('',*,*,#1070,.T.);
#1393=ORIENTED_EDGE('',*,*,#1073,.T.);
#1394=ORIENTED_EDGE('',*,*,#1076,.T.);
#1395=ORIENTED_EDGE('',*,*,#1089,.F.);
#1396=ORIENTED_EDGE('',*,*,#1090,.T.);
#1397=ORIENTED_EDGE('',*,*,#1091,.F.);
#1398=ORIENTED_EDGE('',*,*,#1092,.F.);
#1399=ORIENTED_EDGE('',*,*,#1093,.F.);
#1400=ORIENTED_EDGE('',*,*,#1092,.T.);
#1401=ORIENTED_EDGE('',*,*,#1094,.F.);
#1402=ORIENTED_EDGE('',*,*,#1095,.F.);
#1403=ORIENTED_EDGE('',*,*,#1096,.F.);
#1404=ORIENTED_EDGE('',*,*,#1095,.T.);
#1405=ORIENTED_EDGE('',*,*,#1097,.F.);
#1406=ORIENTED_EDGE('',*,*,#1098,.F.);
#1407=ORIENTED_EDGE('',*,*,#1099,.F.);
#1408=ORIENTED_EDGE('',*,*,#1098,.T.);
#1409=ORIENTED_EDGE('',*,*,#1100,.F.);
#1410=ORIENTED_EDGE('',*,*,#1090,.F.);
#1411=ORIENTED_EDGE('',*,*,#1100,.T.);
#1412=ORIENTED_EDGE('',*,*,#1097,.T.);
#1413=ORIENTED_EDGE('',*,*,#1094,.T.);
#1414=ORIENTED_EDGE('',*,*,#1091,.T.);
#1415=ORIENTED_EDGE('',*,*,#1101,.F.);
#1416=ORIENTED_EDGE('',*,*,#1102,.T.);
#1417=ORIENTED_EDGE('',*,*,#1103,.F.);
#1418=ORIENTED_EDGE('',*,*,#1104,.F.);
#1419=ORIENTED_EDGE('',*,*,#1105,.F.);
#1420=ORIENTED_EDGE('',*,*,#1104,.T.);
#1421=ORIENTED_EDGE('',*,*,#1106,.F.);
#1422=ORIENTED_EDGE('',*,*,#1107,.F.);
#1423=ORIENTED_EDGE('',*,*,#1108,.F.);
#1424=ORIENTED_EDGE('',*,*,#1107,.T.);
#1425=ORIENTED_EDGE('',*,*,#1109,.F.);
#1426=ORIENTED_EDGE('',*,*,#1110,.F.);
#1427=ORIENTED_EDGE('',*,*,#1111,.F.);
#1428=ORIENTED_EDGE('',*,*,#1110,.T.);
#1429=ORIENTED_EDGE('',*,*,#1112,.F.);
#1430=ORIENTED_EDGE('',*,*,#1102,.F.);
#1431=ORIENTED_EDGE('',*,*,#1112,.T.);
#1432=ORIENTED_EDGE('',*,*,#1109,.T.);
#1433=ORIENTED_EDGE('',*,*,#1106,.T.);
#1434=ORIENTED_EDGE('',*,*,#1103,.T.);
#1435=ORIENTED_EDGE('',*,*,#1113,.F.);
#1436=ORIENTED_EDGE('',*,*,#1114,.T.);
#1437=ORIENTED_EDGE('',*,*,#1115,.F.);
#1438=ORIENTED_EDGE('',*,*,#1116,.F.);
#1439=ORIENTED_EDGE('',*,*,#1117,.F.);
#1440=ORIENTED_EDGE('',*,*,#1116,.T.);
#1441=ORIENTED_EDGE('',*,*,#1118,.F.);
#1442=ORIENTED_EDGE('',*,*,#1119,.F.);
#1443=ORIENTED_EDGE('',*,*,#1120,.F.);
#1444=ORIENTED_EDGE('',*,*,#1119,.T.);
#1445=ORIENTED_EDGE('',*,*,#1121,.F.);
#1446=ORIENTED_EDGE('',*,*,#1122,.F.);
#1447=ORIENTED_EDGE('',*,*,#1123,.F.);
#1448=ORIENTED_EDGE('',*,*,#1122,.T.);
#1449=ORIENTED_EDGE('',*,*,#1124,.F.);
#1450=ORIENTED_EDGE('',*,*,#1114,.F.);
#1451=ORIENTED_EDGE('',*,*,#1124,.T.);
#1452=ORIENTED_EDGE('',*,*,#1121,.T.);
#1453=ORIENTED_EDGE('',*,*,#1118,.T.);
#1454=ORIENTED_EDGE('',*,*,#1115,.T.);
#1455=ORIENTED_EDGE('',*,*,#1125,.F.);
#1456=ORIENTED_EDGE('',*,*,#1126,.T.);
#1457=ORIENTED_EDGE('',*,*,#1127,.F.);
#1458=ORIENTED_EDGE('',*,*,#1128,.F.);
#1459=ORIENTED_EDGE('',*,*,#1129,.F.);
#1460=ORIENTED_EDGE('',*,*,#1128,.T.);
#1461=ORIENTED_EDGE('',*,*,#1130,.F.);
#1462=ORIENTED_EDGE('',*,*,#1131,.F.);
#1463=ORIENTED_EDGE('',*,*,#1132,.F.);
#1464=ORIENTED_EDGE('',*,*,#1131,.T.);
#1465=ORIENTED_EDGE('',*,*,#1133,.F.);
#1466=ORIENTED_EDGE('',*,*,#1134,.F.);
#1467=ORIENTED_EDGE('',*,*,#1135,.F.);
#1468=ORIENTED_EDGE('',*,*,#1134,.T.);
#1469=ORIENTED_EDGE('',*,*,#1136,.F.);
#1470=ORIENTED_EDGE('',*,*,#1126,.F.);
#1471=ORIENTED_EDGE('',*,*,#1136,.T.);
#1472=ORIENTED_EDGE('',*,*,#1133,.T.);
#1473=ORIENTED_EDGE('',*,*,#1130,.T.);
#1474=ORIENTED_EDGE('',*,*,#1127,.T.);
#1475=ORIENTED_EDGE('',*,*,#1137,.F.);
#1476=ORIENTED_EDGE('',*,*,#1138,.T.);
#1477=ORIENTED_EDGE('',*,*,#1139,.F.);
#1478=ORIENTED_EDGE('',*,*,#1140,.F.);
#1479=ORIENTED_EDGE('',*,*,#1141,.F.);
#1480=ORIENTED_EDGE('',*,*,#1140,.T.);
#1481=ORIENTED_EDGE('',*,*,#1142,.F.);
#1482=ORIENTED_EDGE('',*,*,#1143,.F.);
#1483=ORIENTED_EDGE('',*,*,#1144,.F.);
#1484=ORIENTED_EDGE('',*,*,#1143,.T.);
#1485=ORIENTED_EDGE('',*,*,#1145,.F.);
#1486=ORIENTED_EDGE('',*,*,#1146,.F.);
#1487=ORIENTED_EDGE('',*,*,#1147,.F.);
#1488=ORIENTED_EDGE('',*,*,#1146,.T.);
#1489=ORIENTED_EDGE('',*,*,#1148,.F.);
#1490=ORIENTED_EDGE('',*,*,#1138,.F.);
#1491=ORIENTED_EDGE('',*,*,#1148,.T.);
#1492=ORIENTED_EDGE('',*,*,#1145,.T.);
#1493=ORIENTED_EDGE('',*,*,#1142,.T.);
#1494=ORIENTED_EDGE('',*,*,#1139,.T.);
#1495=ORIENTED_EDGE('',*,*,#1149,.F.);
#1496=ORIENTED_EDGE('',*,*,#1150,.T.);
#1497=ORIENTED_EDGE('',*,*,#1151,.F.);
#1498=ORIENTED_EDGE('',*,*,#1152,.F.);
#1499=ORIENTED_EDGE('',*,*,#1153,.F.);
#1500=ORIENTED_EDGE('',*,*,#1152,.T.);
#1501=ORIENTED_EDGE('',*,*,#1154,.F.);
#1502=ORIENTED_EDGE('',*,*,#1155,.F.);
#1503=ORIENTED_EDGE('',*,*,#1156,.F.);
#1504=ORIENTED_EDGE('',*,*,#1155,.T.);
#1505=ORIENTED_EDGE('',*,*,#1157,.F.);
#1506=ORIENTED_EDGE('',*,*,#1158,.F.);
#1507=ORIENTED_EDGE('',*,*,#1159,.F.);
#1508=ORIENTED_EDGE('',*,*,#1158,.T.);
#1509=ORIENTED_EDGE('',*,*,#1160,.F.);
#1510=ORIENTED_EDGE('',*,*,#1150,.F.);
#1511=ORIENTED_EDGE('',*,*,#1160,.T.);
#1512=ORIENTED_EDGE('',*,*,#1157,.T.);
#1513=ORIENTED_EDGE('',*,*,#1154,.T.);
#1514=ORIENTED_EDGE('',*,*,#1151,.T.);
#1515=ORIENTED_EDGE('',*,*,#1161,.F.);
#1516=ORIENTED_EDGE('',*,*,#1162,.T.);
#1517=ORIENTED_EDGE('',*,*,#1163,.F.);
#1518=ORIENTED_EDGE('',*,*,#1164,.F.);
#1519=ORIENTED_EDGE('',*,*,#1165,.F.);
#1520=ORIENTED_EDGE('',*,*,#1164,.T.);
#1521=ORIENTED_EDGE('',*,*,#1166,.F.);
#1522=ORIENTED_EDGE('',*,*,#1167,.F.);
#1523=ORIENTED_EDGE('',*,*,#1168,.F.);
#1524=ORIENTED_EDGE('',*,*,#1167,.T.);
#1525=ORIENTED_EDGE('',*,*,#1169,.F.);
#1526=ORIENTED_EDGE('',*,*,#1170,.F.);
#1527=ORIENTED_EDGE('',*,*,#1171,.F.);
#1528=ORIENTED_EDGE('',*,*,#1170,.T.);
#1529=ORIENTED_EDGE('',*,*,#1172,.F.);
#1530=ORIENTED_EDGE('',*,*,#1162,.F.);
#1531=ORIENTED_EDGE('',*,*,#1172,.T.);
#1532=ORIENTED_EDGE('',*,*,#1169,.T.);
#1533=ORIENTED_EDGE('',*,*,#1166,.T.);
#1534=ORIENTED_EDGE('',*,*,#1163,.T.);
#1535=ORIENTED_EDGE('',*,*,#1173,.F.);
#1536=ORIENTED_EDGE('',*,*,#1174,.T.);
#1537=ORIENTED_EDGE('',*,*,#1175,.F.);
#1538=ORIENTED_EDGE('',*,*,#1174,.F.);
#1539=ORIENTED_EDGE('',*,*,#1176,.F.);
#1540=ORIENTED_EDGE('',*,*,#1177,.T.);
#1541=ORIENTED_EDGE('',*,*,#1178,.F.);
#1542=ORIENTED_EDGE('',*,*,#1177,.F.);
#1543=ORIENTED_EDGE('',*,*,#1179,.F.);
#1544=ORIENTED_EDGE('',*,*,#1180,.T.);
#1545=ORIENTED_EDGE('',*,*,#1181,.F.);
#1546=ORIENTED_EDGE('',*,*,#1180,.F.);
#1547=ORIENTED_EDGE('',*,*,#1182,.F.);
#1548=ORIENTED_EDGE('',*,*,#1183,.T.);
#1549=ORIENTED_EDGE('',*,*,#1184,.F.);
#1550=ORIENTED_EDGE('',*,*,#1183,.F.);
#1551=ORIENTED_EDGE('',*,*,#1185,.F.);
#1552=ORIENTED_EDGE('',*,*,#1186,.T.);
#1553=ORIENTED_EDGE('',*,*,#1187,.F.);
#1554=ORIENTED_EDGE('',*,*,#1188,.F.);
#1555=ORIENTED_EDGE('',*,*,#1189,.F.);
#1556=ORIENTED_EDGE('',*,*,#1188,.T.);
#1557=ORIENTED_EDGE('',*,*,#1190,.F.);
#1558=ORIENTED_EDGE('',*,*,#1191,.F.);
#1559=ORIENTED_EDGE('',*,*,#1192,.F.);
#1560=ORIENTED_EDGE('',*,*,#1191,.T.);
#1561=ORIENTED_EDGE('',*,*,#1193,.F.);
#1562=ORIENTED_EDGE('',*,*,#1194,.F.);
#1563=ORIENTED_EDGE('',*,*,#1195,.F.);
#1564=ORIENTED_EDGE('',*,*,#1194,.T.);
#1565=ORIENTED_EDGE('',*,*,#1196,.F.);
#1566=ORIENTED_EDGE('',*,*,#1186,.F.);
#1567=ORIENTED_EDGE('',*,*,#1196,.T.);
#1568=ORIENTED_EDGE('',*,*,#1193,.T.);
#1569=ORIENTED_EDGE('',*,*,#1190,.T.);
#1570=ORIENTED_EDGE('',*,*,#1187,.T.);
#1571=ORIENTED_EDGE('',*,*,#1101,.T.);
#1572=ORIENTED_EDGE('',*,*,#1105,.T.);
#1573=ORIENTED_EDGE('',*,*,#1108,.T.);
#1574=ORIENTED_EDGE('',*,*,#1111,.T.);
#1575=ORIENTED_EDGE('',*,*,#1125,.T.);
#1576=ORIENTED_EDGE('',*,*,#1129,.T.);
#1577=ORIENTED_EDGE('',*,*,#1132,.T.);
#1578=ORIENTED_EDGE('',*,*,#1135,.T.);
#1579=ORIENTED_EDGE('',*,*,#1137,.T.);
#1580=ORIENTED_EDGE('',*,*,#1141,.T.);
#1581=ORIENTED_EDGE('',*,*,#1144,.T.);
#1582=ORIENTED_EDGE('',*,*,#1147,.T.);
#1583=ORIENTED_EDGE('',*,*,#1149,.T.);
#1584=ORIENTED_EDGE('',*,*,#1153,.T.);
#1585=ORIENTED_EDGE('',*,*,#1156,.T.);
#1586=ORIENTED_EDGE('',*,*,#1159,.T.);
#1587=ORIENTED_EDGE('',*,*,#1161,.T.);
#1588=ORIENTED_EDGE('',*,*,#1165,.T.);
#1589=ORIENTED_EDGE('',*,*,#1168,.T.);
#1590=ORIENTED_EDGE('',*,*,#1171,.T.);
#1591=ORIENTED_EDGE('',*,*,#1173,.T.);
#1592=ORIENTED_EDGE('',*,*,#1176,.T.);
#1593=ORIENTED_EDGE('',*,*,#1179,.T.);
#1594=ORIENTED_EDGE('',*,*,#1182,.T.);
#1595=ORIENTED_EDGE('',*,*,#1113,.T.);
#1596=ORIENTED_EDGE('',*,*,#1117,.T.);
#1597=ORIENTED_EDGE('',*,*,#1120,.T.);
#1598=ORIENTED_EDGE('',*,*,#1123,.T.);
#1599=ORIENTED_EDGE('',*,*,#1089,.T.);
#1600=ORIENTED_EDGE('',*,*,#1093,.T.);
#1601=ORIENTED_EDGE('',*,*,#1096,.T.);
#1602=ORIENTED_EDGE('',*,*,#1099,.T.);
#1603=ORIENTED_EDGE('',*,*,#1195,.T.);
#1604=ORIENTED_EDGE('',*,*,#1185,.T.);
#1605=ORIENTED_EDGE('',*,*,#1189,.T.);
#1606=ORIENTED_EDGE('',*,*,#1192,.T.);
#1607=ORIENTED_EDGE('',*,*,#1175,.T.);
#1608=ORIENTED_EDGE('',*,*,#1178,.T.);
#1609=ORIENTED_EDGE('',*,*,#1181,.T.);
#1610=ORIENTED_EDGE('',*,*,#1184,.T.);
#1611=ORIENTED_EDGE('',*,*,#1197,.F.);
#1612=ORIENTED_EDGE('',*,*,#1198,.T.);
#1613=ORIENTED_EDGE('',*,*,#1199,.T.);
#1614=ORIENTED_EDGE('',*,*,#1198,.F.);
#1615=ORIENTED_EDGE('',*,*,#1200,.F.);
#1616=ORIENTED_EDGE('',*,*,#1201,.T.);
#1617=ORIENTED_EDGE('',*,*,#1202,.T.);
#1618=ORIENTED_EDGE('',*,*,#1201,.F.);
#1619=ORIENTED_EDGE('',*,*,#1200,.T.);
#1620=ORIENTED_EDGE('',*,*,#1197,.T.);
#1621=ORIENTED_EDGE('',*,*,#1202,.F.);
#1622=ORIENTED_EDGE('',*,*,#1199,.F.);
#1623=CYLINDRICAL_SURFACE('',#1795,1.75);
#1624=CYLINDRICAL_SURFACE('',#1798,1.75);
#1625=CYLINDRICAL_SURFACE('',#1801,1.75);
#1626=CYLINDRICAL_SURFACE('',#1804,1.75);
#1627=CYLINDRICAL_SURFACE('',#1813,1.99999999999999);
#1628=CYLINDRICAL_SURFACE('',#1818,2.);
#1629=CYLINDRICAL_SURFACE('',#1823,2.);
#1630=CYLINDRICAL_SURFACE('',#1834,2.);
#1631=CYLINDRICAL_SURFACE('',#1851,1.75);
#1632=CYLINDRICAL_SURFACE('',#1854,1.75);
#1633=CYLINDRICAL_SURFACE('',#1857,1.75);
#1634=CYLINDRICAL_SURFACE('',#1860,1.75);
#1635=CYLINDRICAL_SURFACE('',#1905,1.75);
#1636=CYLINDRICAL_SURFACE('',#1908,1.75);
#1637=CYLINDRICAL_SURFACE('',#1911,1.75);
#1638=CYLINDRICAL_SURFACE('',#1914,1.75);
#1639=CYLINDRICAL_SURFACE('',#1924,1.5);
#1640=CYLINDRICAL_SURFACE('',#1927,2.5);
#1641=ADVANCED_FACE('',(#240),#1623,.F.);
#1642=ADVANCED_FACE('',(#241),#1624,.F.);
#1643=ADVANCED_FACE('',(#242),#1625,.F.);
#1644=ADVANCED_FACE('',(#243),#1626,.F.);
#1645=ADVANCED_FACE('',(#244),#161,.T.);
#1646=ADVANCED_FACE('',(#245),#162,.T.);
#1647=ADVANCED_FACE('',(#246),#163,.T.);
#1648=ADVANCED_FACE('',(#247),#164,.T.);
#1649=ADVANCED_FACE('',(#248,#126,#127,#128,#129),#165,.T.);
#1650=ADVANCED_FACE('',(#249,#130,#131,#132,#133),#166,.F.);
#1651=ADVANCED_FACE('',(#250),#1627,.T.);
#1652=ADVANCED_FACE('',(#251),#167,.T.);
#1653=ADVANCED_FACE('',(#252),#168,.F.);
#1654=ADVANCED_FACE('',(#253),#1628,.T.);
#1655=ADVANCED_FACE('',(#254),#169,.T.);
#1656=ADVANCED_FACE('',(#255),#170,.F.);
#1657=ADVANCED_FACE('',(#256),#1629,.T.);
#1658=ADVANCED_FACE('',(#257),#171,.T.);
#1659=ADVANCED_FACE('',(#258),#172,.F.);
#1660=ADVANCED_FACE('',(#259),#173,.T.);
#1661=ADVANCED_FACE('',(#260),#174,.T.);
#1662=ADVANCED_FACE('',(#261),#175,.T.);
#1663=ADVANCED_FACE('',(#262),#176,.T.);
#1664=ADVANCED_FACE('',(#263),#177,.T.);
#1665=ADVANCED_FACE('',(#264),#178,.F.);
#1666=ADVANCED_FACE('',(#265),#1630,.T.);
#1667=ADVANCED_FACE('',(#266),#179,.T.);
#1668=ADVANCED_FACE('',(#267),#180,.F.);
#1669=ADVANCED_FACE('',(#268),#181,.T.);
#1670=ADVANCED_FACE('',(#269),#182,.T.);
#1671=ADVANCED_FACE('',(#270),#183,.T.);
#1672=ADVANCED_FACE('',(#271),#184,.T.);
#1673=ADVANCED_FACE('',(#272),#185,.T.);
#1674=ADVANCED_FACE('',(#273),#186,.T.);
#1675=ADVANCED_FACE('',(#274),#187,.T.);
#1676=ADVANCED_FACE('',(#275),#188,.T.);
#1677=ADVANCED_FACE('',(#276),#189,.T.);
#1678=ADVANCED_FACE('',(#277),#190,.T.);
#1679=ADVANCED_FACE('',(#278),#1631,.F.);
#1680=ADVANCED_FACE('',(#279),#1632,.F.);
#1681=ADVANCED_FACE('',(#280),#1633,.F.);
#1682=ADVANCED_FACE('',(#281),#1634,.F.);
#1683=ADVANCED_FACE('',(#282),#191,.T.);
#1684=ADVANCED_FACE('',(#283),#192,.T.);
#1685=ADVANCED_FACE('',(#284),#193,.T.);
#1686=ADVANCED_FACE('',(#285),#194,.T.);
#1687=ADVANCED_FACE('',(#286,#134,#135,#136,#137,#138,#139),#195,.T.);
#1688=ADVANCED_FACE('',(#287,#140,#141,#142,#143),#196,.F.);
#1689=ADVANCED_FACE('',(#288),#197,.T.);
#1690=ADVANCED_FACE('',(#289),#198,.T.);
#1691=ADVANCED_FACE('',(#290),#199,.T.);
#1692=ADVANCED_FACE('',(#291),#200,.T.);
#1693=ADVANCED_FACE('',(#292),#201,.T.);
#1694=ADVANCED_FACE('',(#293),#202,.T.);
#1695=ADVANCED_FACE('',(#294),#203,.T.);
#1696=ADVANCED_FACE('',(#295),#204,.T.);
#1697=ADVANCED_FACE('',(#296),#205,.T.);
#1698=ADVANCED_FACE('',(#297),#206,.T.);
#1699=ADVANCED_FACE('',(#298),#207,.T.);
#1700=ADVANCED_FACE('',(#299),#208,.T.);
#1701=ADVANCED_FACE('',(#300),#209,.T.);
#1702=ADVANCED_FACE('',(#301),#210,.T.);
#1703=ADVANCED_FACE('',(#302),#211,.T.);
#1704=ADVANCED_FACE('',(#303),#212,.T.);
#1705=ADVANCED_FACE('',(#304),#213,.T.);
#1706=ADVANCED_FACE('',(#305),#214,.T.);
#1707=ADVANCED_FACE('',(#306),#215,.T.);
#1708=ADVANCED_FACE('',(#307),#216,.T.);
#1709=ADVANCED_FACE('',(#308),#217,.T.);
#1710=ADVANCED_FACE('',(#309),#218,.T.);
#1711=ADVANCED_FACE('',(#310),#219,.T.);
#1712=ADVANCED_FACE('',(#311),#220,.T.);
#1713=ADVANCED_FACE('',(#312),#221,.T.);
#1714=ADVANCED_FACE('',(#313),#222,.T.);
#1715=ADVANCED_FACE('',(#314),#223,.T.);
#1716=ADVANCED_FACE('',(#315),#224,.T.);
#1717=ADVANCED_FACE('',(#316),#225,.T.);
#1718=ADVANCED_FACE('',(#317),#226,.T.);
#1719=ADVANCED_FACE('',(#318),#227,.T.);
#1720=ADVANCED_FACE('',(#319),#228,.T.);
#1721=ADVANCED_FACE('',(#320),#229,.T.);
#1722=ADVANCED_FACE('',(#321),#230,.T.);
#1723=ADVANCED_FACE('',(#322),#231,.T.);
#1724=ADVANCED_FACE('',(#323),#1635,.F.);
#1725=ADVANCED_FACE('',(#324),#1636,.F.);
#1726=ADVANCED_FACE('',(#325),#1637,.F.);
#1727=ADVANCED_FACE('',(#326),#1638,.F.);
#1728=ADVANCED_FACE('',(#327),#232,.T.);
#1729=ADVANCED_FACE('',(#328),#233,.T.);
#1730=ADVANCED_FACE('',(#329),#234,.T.);
#1731=ADVANCED_FACE('',(#330),#235,.T.);
#1732=ADVANCED_FACE('',(#331,#144,#145,#146,#147,#148,#149,#150,#151,#152,
#153,#154),#236,.T.);
#1733=ADVANCED_FACE('',(#332,#155,#156,#157,#158),#237,.F.);
#1734=ADVANCED_FACE('',(#333),#1639,.F.);
#1735=ADVANCED_FACE('',(#334),#1640,.T.);
#1736=ADVANCED_FACE('',(#335,#159),#238,.T.);
#1737=ADVANCED_FACE('',(#336,#160),#239,.F.);
#1738=CLOSED_SHELL('',(#1641,#1642,#1643,#1644,#1645,#1646,#1647,#1648,
#1649,#1650));
#1739=CLOSED_SHELL('',(#1651,#1652,#1653));
#1740=CLOSED_SHELL('',(#1654,#1655,#1656));
#1741=CLOSED_SHELL('',(#1657,#1658,#1659));
#1742=CLOSED_SHELL('',(#1660,#1661,#1662,#1663,#1664,#1665));
#1743=CLOSED_SHELL('',(#1666,#1667,#1668));
#1744=CLOSED_SHELL('',(#1669,#1670,#1671,#1672,#1673,#1674,#1675,#1676,
#1677,#1678,#1679,#1680,#1681,#1682,#1683,#1684,#1685,#1686,#1687,#1688));
#1745=CLOSED_SHELL('',(#1689,#1690,#1691,#1692,#1693,#1694,#1695,#1696,
#1697,#1698,#1699,#1700,#1701,#1702,#1703,#1704,#1705,#1706,#1707,#1708,
#1709,#1710,#1711,#1712,#1713,#1714,#1715,#1716,#1717,#1718,#1719,#1720,
#1721,#1722,#1723,#1724,#1725,#1726,#1727,#1728,#1729,#1730,#1731,#1732,
#1733));
#1746=CLOSED_SHELL('',(#1734,#1735,#1736,#1737));
#1747=DERIVED_UNIT_ELEMENT(#1755,1.);
#1748=DERIVED_UNIT_ELEMENT(#2935,-3.);
#1749=DERIVED_UNIT_ELEMENT(#1755,1.);
#1750=DERIVED_UNIT_ELEMENT(#2935,-3.);
#1751=DERIVED_UNIT_ELEMENT(#1755,1.);
#1752=DERIVED_UNIT_ELEMENT(#2935,-3.);
#1753=DERIVED_UNIT_ELEMENT(#1755,1.);
#1754=DERIVED_UNIT_ELEMENT(#2935,-3.);
#1755=(
MASS_UNIT()
NAMED_UNIT(*)
SI_UNIT(.KILO.,.GRAM.)
);
#1756=DERIVED_UNIT((#1747,#1748));
#1757=DERIVED_UNIT((#1749,#1750));
#1758=DERIVED_UNIT((#1751,#1752));
#1759=DERIVED_UNIT((#1753,#1754));
#1760=MEASURE_REPRESENTATION_ITEM('density measure',
POSITIVE_RATIO_MEASURE(7850.),#1756);
#1761=MEASURE_REPRESENTATION_ITEM('density measure',
POSITIVE_RATIO_MEASURE(7850.),#1757);
#1762=MEASURE_REPRESENTATION_ITEM('density measure',
POSITIVE_RATIO_MEASURE(7850.),#1758);
#1763=MEASURE_REPRESENTATION_ITEM('density measure',
POSITIVE_RATIO_MEASURE(7850.),#1759);
#1764=PROPERTY_DEFINITION_REPRESENTATION(#1784,#1772);
#1765=PROPERTY_DEFINITION_REPRESENTATION(#1785,#1773);
#1766=PROPERTY_DEFINITION_REPRESENTATION(#1786,#1774);
#1767=PROPERTY_DEFINITION_REPRESENTATION(#1787,#1775);
#1768=PROPERTY_DEFINITION_REPRESENTATION(#1788,#1776);
#1769=PROPERTY_DEFINITION_REPRESENTATION(#1789,#1777);
#1770=PROPERTY_DEFINITION_REPRESENTATION(#1790,#1778);
#1771=PROPERTY_DEFINITION_REPRESENTATION(#1791,#1779);
#1772=REPRESENTATION('material name',(#1780),#2929);
#1773=REPRESENTATION('density',(#1760),#2929);
#1774=REPRESENTATION('material name',(#1781),#2930);
#1775=REPRESENTATION('density',(#1761),#2930);
#1776=REPRESENTATION('material name',(#1782),#2931);
#1777=REPRESENTATION('density',(#1762),#2931);
#1778=REPRESENTATION('material name',(#1783),#2932);
#1779=REPRESENTATION('density',(#1763),#2932);
#1780=DESCRIPTIVE_REPRESENTATION_ITEM('Steel','Steel');
#1781=DESCRIPTIVE_REPRESENTATION_ITEM('Steel','Steel');
#1782=DESCRIPTIVE_REPRESENTATION_ITEM('Steel','Steel');
#1783=DESCRIPTIVE_REPRESENTATION_ITEM('Steel','Steel');
#1784=PROPERTY_DEFINITION('material property','material name',#2980);
#1785=PROPERTY_DEFINITION('material property','density of part',#2980);
#1786=PROPERTY_DEFINITION('material property','material name',#2981);
#1787=PROPERTY_DEFINITION('material property','density of part',#2981);
#1788=PROPERTY_DEFINITION('material property','material name',#2982);
#1789=PROPERTY_DEFINITION('material property','density of part',#2982);
#1790=PROPERTY_DEFINITION('material property','material name',#2983);
#1791=PROPERTY_DEFINITION('material property','density of part',#2983);
#1792=AXIS2_PLACEMENT_3D('',#2446,#1952,#1953);
#1793=AXIS2_PLACEMENT_3D('',#2447,#1954,#1955);
#1794=AXIS2_PLACEMENT_3D('',#2448,#1956,#1957);
#1795=AXIS2_PLACEMENT_3D('',#2449,#1958,#1959);
#1796=AXIS2_PLACEMENT_3D('',#2451,#1960,#1961);
#1797=AXIS2_PLACEMENT_3D('',#2454,#1963,#1964);
#1798=AXIS2_PLACEMENT_3D('',#2455,#1965,#1966);
#1799=AXIS2_PLACEMENT_3D('',#2457,#1967,#1968);
#1800=AXIS2_PLACEMENT_3D('',#2460,#1970,#1971);
#1801=AXIS2_PLACEMENT_3D('',#2461,#1972,#1973);
#1802=AXIS2_PLACEMENT_3D('',#2463,#1974,#1975);
#1803=AXIS2_PLACEMENT_3D('',#2466,#1977,#1978);
#1804=AXIS2_PLACEMENT_3D('',#2467,#1979,#1980);
#1805=AXIS2_PLACEMENT_3D('',#2469,#1981,#1982);
#1806=AXIS2_PLACEMENT_3D('',#2472,#1984,#1985);
#1807=AXIS2_PLACEMENT_3D('',#2473,#1986,#1987);
#1808=AXIS2_PLACEMENT_3D('',#2482,#1992,#1993);
#1809=AXIS2_PLACEMENT_3D('',#2488,#1997,#1998);
#1810=AXIS2_PLACEMENT_3D('',#2494,#2002,#2003);
#1811=AXIS2_PLACEMENT_3D('',#2497,#2006,#2007);
#1812=AXIS2_PLACEMENT_3D('',#2498,#2008,#2009);
#1813=AXIS2_PLACEMENT_3D('',#2499,#2010,#2011);
#1814=AXIS2_PLACEMENT_3D('',#2501,#2012,#2013);
#1815=AXIS2_PLACEMENT_3D('',#2504,#2015,#2016);
#1816=AXIS2_PLACEMENT_3D('',#2505,#2017,#2018);
#1817=AXIS2_PLACEMENT_3D('',#2506,#2019,#2020);
#1818=AXIS2_PLACEMENT_3D('',#2507,#2021,#2022);
#1819=AXIS2_PLACEMENT_3D('',#2509,#2023,#2024);
#1820=AXIS2_PLACEMENT_3D('',#2512,#2026,#2027);
#1821=AXIS2_PLACEMENT_3D('',#2513,#2028,#2029);
#1822=AXIS2_PLACEMENT_3D('',#2514,#2030,#2031);
#1823=AXIS2_PLACEMENT_3D('',#2515,#2032,#2033);
#1824=AXIS2_PLACEMENT_3D('',#2517,#2034,#2035);
#1825=AXIS2_PLACEMENT_3D('',#2520,#2037,#2038);
#1826=AXIS2_PLACEMENT_3D('',#2521,#2039,#2040);
#1827=AXIS2_PLACEMENT_3D('',#2522,#2041,#2042);
#1828=AXIS2_PLACEMENT_3D('',#2523,#2043,#2044);
#1829=AXIS2_PLACEMENT_3D('',#2532,#2049,#2050);
#1830=AXIS2_PLACEMENT_3D('',#2538,#2054,#2055);
#1831=AXIS2_PLACEMENT_3D('',#2544,#2059,#2060);
#1832=AXIS2_PLACEMENT_3D('',#2547,#2063,#2064);
#1833=AXIS2_PLACEMENT_3D('',#2548,#2065,#2066);
#1834=AXIS2_PLACEMENT_3D('',#2549,#2067,#2068);
#1835=AXIS2_PLACEMENT_3D('',#2551,#2069,#2070);
#1836=AXIS2_PLACEMENT_3D('',#2554,#2072,#2073);
#1837=AXIS2_PLACEMENT_3D('',#2555,#2074,#2075);
#1838=AXIS2_PLACEMENT_3D('',#2556,#2076,#2077);
#1839=AXIS2_PLACEMENT_3D('',#2557,#2078,#2079);
#1840=AXIS2_PLACEMENT_3D('',#2558,#2080,#2081);
#1841=AXIS2_PLACEMENT_3D('',#2559,#2082,#2083);
#1842=AXIS2_PLACEMENT_3D('',#2568,#2088,#2089);
#1843=AXIS2_PLACEMENT_3D('',#2574,#2093,#2094);
#1844=AXIS2_PLACEMENT_3D('',#2580,#2098,#2099);
#1845=AXIS2_PLACEMENT_3D('',#2583,#2102,#2103);
#1846=AXIS2_PLACEMENT_3D('',#2584,#2104,#2105);
#1847=AXIS2_PLACEMENT_3D('',#2593,#2110,#2111);
#1848=AXIS2_PLACEMENT_3D('',#2599,#2115,#2116);
#1849=AXIS2_PLACEMENT_3D('',#2605,#2120,#2121);
#1850=AXIS2_PLACEMENT_3D('',#2608,#2124,#2125);
#1851=AXIS2_PLACEMENT_3D('',#2609,#2126,#2127);
#1852=AXIS2_PLACEMENT_3D('',#2611,#2128,#2129);
#1853=AXIS2_PLACEMENT_3D('',#2614,#2131,#2132);
#1854=AXIS2_PLACEMENT_3D('',#2615,#2133,#2134);
#1855=AXIS2_PLACEMENT_3D('',#2617,#2135,#2136);
#1856=AXIS2_PLACEMENT_3D('',#2620,#2138,#2139);
#1857=AXIS2_PLACEMENT_3D('',#2621,#2140,#2141);
#1858=AXIS2_PLACEMENT_3D('',#2623,#2142,#2143);
#1859=AXIS2_PLACEMENT_3D('',#2626,#2145,#2146);
#1860=AXIS2_PLACEMENT_3D('',#2627,#2147,#2148);
#1861=AXIS2_PLACEMENT_3D('',#2629,#2149,#2150);
#1862=AXIS2_PLACEMENT_3D('',#2632,#2152,#2153);
#1863=AXIS2_PLACEMENT_3D('',#2633,#2154,#2155);
#1864=AXIS2_PLACEMENT_3D('',#2642,#2160,#2161);
#1865=AXIS2_PLACEMENT_3D('',#2648,#2165,#2166);
#1866=AXIS2_PLACEMENT_3D('',#2654,#2170,#2171);
#1867=AXIS2_PLACEMENT_3D('',#2657,#2174,#2175);
#1868=AXIS2_PLACEMENT_3D('',#2658,#2176,#2177);
#1869=AXIS2_PLACEMENT_3D('',#2659,#2178,#2179);
#1870=AXIS2_PLACEMENT_3D('',#2660,#2180,#2181);
#1871=AXIS2_PLACEMENT_3D('',#2669,#2186,#2187);
#1872=AXIS2_PLACEMENT_3D('',#2675,#2191,#2192);
#1873=AXIS2_PLACEMENT_3D('',#2681,#2196,#2197);
#1874=AXIS2_PLACEMENT_3D('',#2684,#2200,#2201);
#1875=AXIS2_PLACEMENT_3D('',#2685,#2202,#2203);
#1876=AXIS2_PLACEMENT_3D('',#2694,#2208,#2209);
#1877=AXIS2_PLACEMENT_3D('',#2700,#2213,#2214);
#1878=AXIS2_PLACEMENT_3D('',#2706,#2218,#2219);
#1879=AXIS2_PLACEMENT_3D('',#2709,#2222,#2223);
#1880=AXIS2_PLACEMENT_3D('',#2710,#2224,#2225);
#1881=AXIS2_PLACEMENT_3D('',#2719,#2230,#2231);
#1882=AXIS2_PLACEMENT_3D('',#2725,#2235,#2236);
#1883=AXIS2_PLACEMENT_3D('',#2731,#2240,#2241);
#1884=AXIS2_PLACEMENT_3D('',#2734,#2244,#2245);
#1885=AXIS2_PLACEMENT_3D('',#2735,#2246,#2247);
#1886=AXIS2_PLACEMENT_3D('',#2744,#2252,#2253);
#1887=AXIS2_PLACEMENT_3D('',#2750,#2257,#2258);
#1888=AXIS2_PLACEMENT_3D('',#2756,#2262,#2263);
#1889=AXIS2_PLACEMENT_3D('',#2759,#2266,#2267);
#1890=AXIS2_PLACEMENT_3D('',#2760,#2268,#2269);
#1891=AXIS2_PLACEMENT_3D('',#2769,#2274,#2275);
#1892=AXIS2_PLACEMENT_3D('',#2775,#2279,#2280);
#1893=AXIS2_PLACEMENT_3D('',#2781,#2284,#2285);
#1894=AXIS2_PLACEMENT_3D('',#2784,#2288,#2289);
#1895=AXIS2_PLACEMENT_3D('',#2785,#2290,#2291);
#1896=AXIS2_PLACEMENT_3D('',#2794,#2296,#2297);
#1897=AXIS2_PLACEMENT_3D('',#2800,#2301,#2302);
#1898=AXIS2_PLACEMENT_3D('',#2806,#2306,#2307);
#1899=AXIS2_PLACEMENT_3D('',#2809,#2310,#2311);
#1900=AXIS2_PLACEMENT_3D('',#2810,#2312,#2313);
#1901=AXIS2_PLACEMENT_3D('',#2819,#2318,#2319);
#1902=AXIS2_PLACEMENT_3D('',#2825,#2323,#2324);
#1903=AXIS2_PLACEMENT_3D('',#2831,#2328,#2329);
#1904=AXIS2_PLACEMENT_3D('',#2834,#2332,#2333);
#1905=AXIS2_PLACEMENT_3D('',#2835,#2334,#2335);
#1906=AXIS2_PLACEMENT_3D('',#2837,#2336,#2337);
#1907=AXIS2_PLACEMENT_3D('',#2840,#2339,#2340);
#1908=AXIS2_PLACEMENT_3D('',#2841,#2341,#2342);
#1909=AXIS2_PLACEMENT_3D('',#2843,#2343,#2344);
#1910=AXIS2_PLACEMENT_3D('',#2846,#2346,#2347);
#1911=AXIS2_PLACEMENT_3D('',#2847,#2348,#2349);
#1912=AXIS2_PLACEMENT_3D('',#2849,#2350,#2351);
#1913=AXIS2_PLACEMENT_3D('',#2852,#2353,#2354);
#1914=AXIS2_PLACEMENT_3D('',#2853,#2355,#2356);
#1915=AXIS2_PLACEMENT_3D('',#2855,#2357,#2358);
#1916=AXIS2_PLACEMENT_3D('',#2858,#2360,#2361);
#1917=AXIS2_PLACEMENT_3D('',#2859,#2362,#2363);
#1918=AXIS2_PLACEMENT_3D('',#2868,#2368,#2369);
#1919=AXIS2_PLACEMENT_3D('',#2874,#2373,#2374);
#1920=AXIS2_PLACEMENT_3D('',#2880,#2378,#2379);
#1921=AXIS2_PLACEMENT_3D('',#2883,#2382,#2383);
#1922=AXIS2_PLACEMENT_3D('',#2884,#2384,#2385);
#1923=AXIS2_PLACEMENT_3D('',#2885,#2386,#2387);
#1924=AXIS2_PLACEMENT_3D('',#2886,#2388,#2389);
#1925=AXIS2_PLACEMENT_3D('',#2888,#2390,#2391);
#1926=AXIS2_PLACEMENT_3D('',#2891,#2393,#2394);
#1927=AXIS2_PLACEMENT_3D('',#2892,#2395,#2396);
#1928=AXIS2_PLACEMENT_3D('',#2894,#2397,#2398);
#1929=AXIS2_PLACEMENT_3D('',#2897,#2400,#2401);
#1930=AXIS2_PLACEMENT_3D('',#2898,#2402,#2403);
#1931=AXIS2_PLACEMENT_3D('',#2899,#2404,#2405);
#1932=AXIS2_PLACEMENT_3D('',#2900,#2406,#2407);
#1933=AXIS2_PLACEMENT_3D('',#2901,#2408,#2409);
#1934=AXIS2_PLACEMENT_3D('',#2902,#2410,#2411);
#1935=AXIS2_PLACEMENT_3D('',#2903,#2412,#2413);
#1936=AXIS2_PLACEMENT_3D('',#2904,#2414,#2415);
#1937=AXIS2_PLACEMENT_3D('',#2905,#2416,#2417);
#1938=AXIS2_PLACEMENT_3D('',#2906,#2418,#2419);
#1939=AXIS2_PLACEMENT_3D('',#2907,#2420,#2421);
#1940=AXIS2_PLACEMENT_3D('',#2908,#2422,#2423);
#1941=AXIS2_PLACEMENT_3D('',#2909,#2424,#2425);
#1942=AXIS2_PLACEMENT_3D('',#2910,#2426,#2427);
#1943=AXIS2_PLACEMENT_3D('',#2911,#2428,#2429);
#1944=AXIS2_PLACEMENT_3D('',#2912,#2430,#2431);
#1945=AXIS2_PLACEMENT_3D('',#2913,#2432,#2433);
#1946=AXIS2_PLACEMENT_3D('',#2914,#2434,#2435);
#1947=AXIS2_PLACEMENT_3D('',#2915,#2436,#2437);
#1948=AXIS2_PLACEMENT_3D('',#2916,#2438,#2439);
#1949=AXIS2_PLACEMENT_3D('',#2917,#2440,#2441);
#1950=AXIS2_PLACEMENT_3D('',#2918,#2442,#2443);
#1951=AXIS2_PLACEMENT_3D('',#2919,#2444,#2445);
#1952=DIRECTION('axis',(0.,0.,1.));
#1953=DIRECTION('refdir',(1.,0.,0.));
#1954=DIRECTION('axis',(0.,0.,1.));
#1955=DIRECTION('refdir',(1.,0.,0.));
#1956=DIRECTION('axis',(0.,0.,1.));
#1957=DIRECTION('refdir',(1.,0.,0.));
#1958=DIRECTION('center_axis',(0.,0.,-1.));
#1959=DIRECTION('ref_axis',(1.,0.,0.));
#1960=DIRECTION('center_axis',(0.,0.,-1.));
#1961=DIRECTION('ref_axis',(1.,0.,0.));
#1962=DIRECTION('',(0.,0.,-1.));
#1963=DIRECTION('center_axis',(0.,0.,1.));
#1964=DIRECTION('ref_axis',(1.,0.,0.));
#1965=DIRECTION('center_axis',(0.,0.,-1.));
#1966=DIRECTION('ref_axis',(1.,0.,0.));
#1967=DIRECTION('center_axis',(0.,0.,-1.));
#1968=DIRECTION('ref_axis',(1.,0.,0.));
#1969=DIRECTION('',(0.,0.,-1.));
#1970=DIRECTION('center_axis',(0.,0.,1.));
#1971=DIRECTION('ref_axis',(1.,0.,0.));
#1972=DIRECTION('center_axis',(0.,0.,-1.));
#1973=DIRECTION('ref_axis',(1.,0.,0.));
#1974=DIRECTION('center_axis',(0.,0.,-1.));
#1975=DIRECTION('ref_axis',(1.,0.,0.));
#1976=DIRECTION('',(0.,0.,-1.));
#1977=DIRECTION('center_axis',(0.,0.,1.));
#1978=DIRECTION('ref_axis',(1.,0.,0.));
#1979=DIRECTION('center_axis',(0.,0.,-1.));
#1980=DIRECTION('ref_axis',(1.,0.,0.));
#1981=DIRECTION('center_axis',(0.,0.,-1.));
#1982=DIRECTION('ref_axis',(1.,0.,0.));
#1983=DIRECTION('',(0.,0.,-1.));
#1984=DIRECTION('center_axis',(0.,0.,1.));
#1985=DIRECTION('ref_axis',(1.,0.,0.));
#1986=DIRECTION('center_axis',(-1.,0.,0.));
#1987=DIRECTION('ref_axis',(0.,-1.,0.));
#1988=DIRECTION('',(0.,1.,0.));
#1989=DIRECTION('',(0.,0.,1.));
#1990=DIRECTION('',(0.,-1.,0.));
#1991=DIRECTION('',(0.,0.,1.));
#1992=DIRECTION('center_axis',(0.,1.,0.));
#1993=DIRECTION('ref_axis',(-1.,0.,0.));
#1994=DIRECTION('',(1.,0.,0.));
#1995=DIRECTION('',(-1.,0.,0.));
#1996=DIRECTION('',(0.,0.,1.));
#1997=DIRECTION('center_axis',(1.,0.,0.));
#1998=DIRECTION('ref_axis',(0.,1.,0.));
#1999=DIRECTION('',(0.,-1.,0.));
#2000=DIRECTION('',(0.,1.,0.));
#2001=DIRECTION('',(0.,0.,1.));
#2002=DIRECTION('center_axis',(0.,-1.,0.));
#2003=DIRECTION('ref_axis',(1.,0.,0.));
#2004=DIRECTION('',(-1.,0.,0.));
#2005=DIRECTION('',(1.,0.,0.));
#2006=DIRECTION('center_axis',(0.,0.,1.));
#2007=DIRECTION('ref_axis',(1.,0.,0.));
#2008=DIRECTION('center_axis',(0.,0.,1.));
#2009=DIRECTION('ref_axis',(1.,0.,0.));
#2010=DIRECTION('center_axis',(0.,0.,1.));
#2011=DIRECTION('ref_axis',(-1.,0.,0.));
#2012=DIRECTION('center_axis',(0.,0.,1.));
#2013=DIRECTION('ref_axis',(-1.,0.,0.));
#2014=DIRECTION('',(0.,0.,-1.));
#2015=DIRECTION('center_axis',(0.,0.,1.));
#2016=DIRECTION('ref_axis',(-1.,0.,0.));
#2017=DIRECTION('center_axis',(0.,0.,1.));
#2018=DIRECTION('ref_axis',(-1.,0.,0.));
#2019=DIRECTION('center_axis',(0.,0.,1.));
#2020=DIRECTION('ref_axis',(-1.,0.,0.));
#2021=DIRECTION('center_axis',(0.,0.,1.));
#2022=DIRECTION('ref_axis',(-1.,0.,0.));
#2023=DIRECTION('center_axis',(0.,0.,1.));
#2024=DIRECTION('ref_axis',(-1.,0.,0.));
#2025=DIRECTION('',(0.,0.,-1.));
#2026=DIRECTION('center_axis',(0.,0.,1.));
#2027=DIRECTION('ref_axis',(-1.,0.,0.));
#2028=DIRECTION('center_axis',(0.,0.,1.));
#2029=DIRECTION('ref_axis',(-1.,0.,0.));
#2030=DIRECTION('center_axis',(0.,0.,1.));
#2031=DIRECTION('ref_axis',(-1.,0.,0.));
#2032=DIRECTION('center_axis',(0.,0.,1.));
#2033=DIRECTION('ref_axis',(-1.,0.,0.));
#2034=DIRECTION('center_axis',(0.,0.,1.));
#2035=DIRECTION('ref_axis',(-1.,0.,0.));
#2036=DIRECTION('',(0.,0.,-1.));
#2037=DIRECTION('center_axis',(0.,0.,1.));
#2038=DIRECTION('ref_axis',(-1.,0.,0.));
#2039=DIRECTION('center_axis',(0.,0.,1.));
#2040=DIRECTION('ref_axis',(-1.,0.,0.));
#2041=DIRECTION('center_axis',(0.,0.,1.));
#2042=DIRECTION('ref_axis',(-1.,0.,0.));
#2043=DIRECTION('center_axis',(-1.,0.,0.));
#2044=DIRECTION('ref_axis',(0.,-1.,0.));
#2045=DIRECTION('',(0.,1.,0.));
#2046=DIRECTION('',(0.,0.,1.));
#2047=DIRECTION('',(0.,-1.,0.));
#2048=DIRECTION('',(0.,0.,1.));
#2049=DIRECTION('center_axis',(0.,1.,0.));
#2050=DIRECTION('ref_axis',(-1.,0.,0.));
#2051=DIRECTION('',(1.,0.,0.));
#2052=DIRECTION('',(-1.,0.,0.));
#2053=DIRECTION('',(0.,0.,1.));
#2054=DIRECTION('center_axis',(1.,0.,0.));
#2055=DIRECTION('ref_axis',(0.,1.,0.));
#2056=DIRECTION('',(0.,-1.,0.));
#2057=DIRECTION('',(0.,1.,0.));
#2058=DIRECTION('',(0.,0.,1.));
#2059=DIRECTION('center_axis',(0.,-1.,0.));
#2060=DIRECTION('ref_axis',(1.,0.,0.));
#2061=DIRECTION('',(-1.,0.,0.));
#2062=DIRECTION('',(1.,0.,0.));
#2063=DIRECTION('center_axis',(0.,0.,1.));
#2064=DIRECTION('ref_axis',(1.,0.,0.));
#2065=DIRECTION('center_axis',(0.,0.,1.));
#2066=DIRECTION('ref_axis',(-1.,0.,0.));
#2067=DIRECTION('center_axis',(0.,0.,1.));
#2068=DIRECTION('ref_axis',(-1.,0.,0.));
#2069=DIRECTION('center_axis',(0.,0.,1.));
#2070=DIRECTION('ref_axis',(-1.,0.,0.));
#2071=DIRECTION('',(0.,0.,-1.));
#2072=DIRECTION('center_axis',(0.,0.,1.));
#2073=DIRECTION('ref_axis',(-1.,0.,0.));
#2074=DIRECTION('center_axis',(0.,0.,1.));
#2075=DIRECTION('ref_axis',(-1.,0.,0.));
#2076=DIRECTION('center_axis',(0.,0.,1.));
#2077=DIRECTION('ref_axis',(-1.,0.,0.));
#2078=DIRECTION('',(9.86076131526265E-32,0.,1.));
#2079=DIRECTION('',(1.,-2.73691106313445E-46,-9.86076131526265E-32));
#2080=DIRECTION('axis',(0.,0.,1.));
#2081=DIRECTION('refdir',(1.,0.,0.));
#2082=DIRECTION('center_axis',(-1.,0.,0.));
#2083=DIRECTION('ref_axis',(0.,-1.,0.));
#2084=DIRECTION('',(0.,1.,0.));
#2085=DIRECTION('',(0.,0.,1.));
#2086=DIRECTION('',(0.,-1.,0.));
#2087=DIRECTION('',(0.,0.,1.));
#2088=DIRECTION('center_axis',(0.,1.,0.));
#2089=DIRECTION('ref_axis',(-1.,0.,0.));
#2090=DIRECTION('',(1.,0.,0.));
#2091=DIRECTION('',(-1.,0.,0.));
#2092=DIRECTION('',(0.,0.,1.));
#2093=DIRECTION('center_axis',(1.,0.,0.));
#2094=DIRECTION('ref_axis',(0.,1.,0.));
#2095=DIRECTION('',(0.,-1.,0.));
#2096=DIRECTION('',(0.,1.,0.));
#2097=DIRECTION('',(0.,0.,1.));
#2098=DIRECTION('center_axis',(0.,-1.,0.));
#2099=DIRECTION('ref_axis',(1.,0.,0.));
#2100=DIRECTION('',(-1.,0.,0.));
#2101=DIRECTION('',(1.,0.,0.));
#2102=DIRECTION('center_axis',(0.,0.,1.));
#2103=DIRECTION('ref_axis',(1.,0.,0.));
#2104=DIRECTION('center_axis',(-1.,0.,0.));
#2105=DIRECTION('ref_axis',(0.,-1.,0.));
#2106=DIRECTION('',(0.,1.,0.));
#2107=DIRECTION('',(0.,0.,1.));
#2108=DIRECTION('',(0.,-1.,0.));
#2109=DIRECTION('',(0.,0.,1.));
#2110=DIRECTION('center_axis',(0.,1.,0.));
#2111=DIRECTION('ref_axis',(-1.,0.,0.));
#2112=DIRECTION('',(1.,0.,0.));
#2113=DIRECTION('',(-1.,0.,0.));
#2114=DIRECTION('',(0.,0.,1.));
#2115=DIRECTION('center_axis',(1.,0.,0.));
#2116=DIRECTION('ref_axis',(0.,1.,0.));
#2117=DIRECTION('',(0.,-1.,0.));
#2118=DIRECTION('',(0.,1.,0.));
#2119=DIRECTION('',(0.,0.,1.));
#2120=DIRECTION('center_axis',(0.,-1.,0.));
#2121=DIRECTION('ref_axis',(1.,0.,0.));
#2122=DIRECTION('',(-1.,0.,0.));
#2123=DIRECTION('',(1.,0.,0.));
#2124=DIRECTION('center_axis',(0.,0.,1.));
#2125=DIRECTION('ref_axis',(1.,0.,0.));
#2126=DIRECTION('center_axis',(0.,0.,-1.));
#2127=DIRECTION('ref_axis',(1.,0.,0.));
#2128=DIRECTION('center_axis',(0.,0.,-1.));
#2129=DIRECTION('ref_axis',(1.,0.,0.));
#2130=DIRECTION('',(0.,0.,-1.));
#2131=DIRECTION('center_axis',(0.,0.,1.));
#2132=DIRECTION('ref_axis',(1.,0.,0.));
#2133=DIRECTION('center_axis',(0.,0.,-1.));
#2134=DIRECTION('ref_axis',(1.,0.,0.));
#2135=DIRECTION('center_axis',(0.,0.,-1.));
#2136=DIRECTION('ref_axis',(1.,0.,0.));
#2137=DIRECTION('',(0.,0.,-1.));
#2138=DIRECTION('center_axis',(0.,0.,1.));
#2139=DIRECTION('ref_axis',(1.,0.,0.));
#2140=DIRECTION('center_axis',(0.,0.,-1.));
#2141=DIRECTION('ref_axis',(1.,0.,0.));
#2142=DIRECTION('center_axis',(0.,0.,-1.));
#2143=DIRECTION('ref_axis',(1.,0.,0.));
#2144=DIRECTION('',(0.,0.,-1.));
#2145=DIRECTION('center_axis',(0.,0.,1.));
#2146=DIRECTION('ref_axis',(1.,0.,0.));
#2147=DIRECTION('center_axis',(0.,0.,-1.));
#2148=DIRECTION('ref_axis',(1.,0.,0.));
#2149=DIRECTION('center_axis',(0.,0.,-1.));
#2150=DIRECTION('ref_axis',(1.,0.,0.));
#2151=DIRECTION('',(0.,0.,-1.));
#2152=DIRECTION('center_axis',(0.,0.,1.));
#2153=DIRECTION('ref_axis',(1.,0.,0.));
#2154=DIRECTION('center_axis',(-1.,0.,0.));
#2155=DIRECTION('ref_axis',(0.,-1.,0.));
#2156=DIRECTION('',(0.,1.,0.));
#2157=DIRECTION('',(0.,0.,1.));
#2158=DIRECTION('',(0.,-1.,0.));
#2159=DIRECTION('',(0.,0.,1.));
#2160=DIRECTION('center_axis',(0.,1.,0.));
#2161=DIRECTION('ref_axis',(-1.,0.,0.));
#2162=DIRECTION('',(1.,0.,0.));
#2163=DIRECTION('',(-1.,0.,0.));
#2164=DIRECTION('',(0.,0.,1.));
#2165=DIRECTION('center_axis',(1.,0.,0.));
#2166=DIRECTION('ref_axis',(0.,1.,0.));
#2167=DIRECTION('',(0.,-1.,0.));
#2168=DIRECTION('',(0.,1.,0.));
#2169=DIRECTION('',(0.,0.,1.));
#2170=DIRECTION('center_axis',(0.,-1.,0.));
#2171=DIRECTION('ref_axis',(1.,0.,0.));
#2172=DIRECTION('',(-1.,0.,0.));
#2173=DIRECTION('',(1.,0.,0.));
#2174=DIRECTION('center_axis',(0.,0.,1.));
#2175=DIRECTION('ref_axis',(1.,0.,0.));
#2176=DIRECTION('center_axis',(0.,0.,1.));
#2177=DIRECTION('ref_axis',(1.,0.,0.));
#2178=DIRECTION('axis',(0.,0.,1.));
#2179=DIRECTION('refdir',(1.,0.,0.));
#2180=DIRECTION('center_axis',(-1.,0.,0.));
#2181=DIRECTION('ref_axis',(0.,-1.,0.));
#2182=DIRECTION('',(0.,1.,0.));
#2183=DIRECTION('',(0.,0.,1.));
#2184=DIRECTION('',(0.,-1.,0.));
#2185=DIRECTION('',(0.,0.,1.));
#2186=DIRECTION('center_axis',(0.,1.,0.));
#2187=DIRECTION('ref_axis',(-1.,0.,0.));
#2188=DIRECTION('',(1.,0.,0.));
#2189=DIRECTION('',(-1.,0.,0.));
#2190=DIRECTION('',(0.,0.,1.));
#2191=DIRECTION('center_axis',(1.,0.,0.));
#2192=DIRECTION('ref_axis',(0.,1.,0.));
#2193=DIRECTION('',(0.,-1.,0.));
#2194=DIRECTION('',(0.,1.,0.));
#2195=DIRECTION('',(0.,0.,1.));
#2196=DIRECTION('center_axis',(0.,-1.,0.));
#2197=DIRECTION('ref_axis',(1.,0.,0.));
#2198=DIRECTION('',(-1.,0.,0.));
#2199=DIRECTION('',(1.,0.,0.));
#2200=DIRECTION('center_axis',(0.,0.,1.));
#2201=DIRECTION('ref_axis',(1.,0.,0.));
#2202=DIRECTION('center_axis',(-1.,0.,0.));
#2203=DIRECTION('ref_axis',(0.,-1.,0.));
#2204=DIRECTION('',(0.,1.,0.));
#2205=DIRECTION('',(0.,0.,1.));
#2206=DIRECTION('',(0.,-1.,0.));
#2207=DIRECTION('',(0.,0.,1.));
#2208=DIRECTION('center_axis',(0.,1.,0.));
#2209=DIRECTION('ref_axis',(-1.,0.,0.));
#2210=DIRECTION('',(1.,0.,0.));
#2211=DIRECTION('',(-1.,0.,0.));
#2212=DIRECTION('',(0.,0.,1.));
#2213=DIRECTION('center_axis',(1.,0.,0.));
#2214=DIRECTION('ref_axis',(0.,1.,0.));
#2215=DIRECTION('',(0.,-1.,0.));
#2216=DIRECTION('',(0.,1.,0.));
#2217=DIRECTION('',(0.,0.,1.));
#2218=DIRECTION('center_axis',(0.,-1.,0.));
#2219=DIRECTION('ref_axis',(1.,0.,0.));
#2220=DIRECTION('',(-1.,0.,0.));
#2221=DIRECTION('',(1.,0.,0.));
#2222=DIRECTION('center_axis',(0.,0.,1.));
#2223=DIRECTION('ref_axis',(1.,0.,0.));
#2224=DIRECTION('center_axis',(1.,0.,0.));
#2225=DIRECTION('ref_axis',(0.,1.,0.));
#2226=DIRECTION('',(0.,-1.,0.));
#2227=DIRECTION('',(0.,0.,1.));
#2228=DIRECTION('',(0.,1.,0.));
#2229=DIRECTION('',(0.,0.,1.));
#2230=DIRECTION('center_axis',(0.,-1.,0.));
#2231=DIRECTION('ref_axis',(1.,0.,0.));
#2232=DIRECTION('',(-1.,0.,0.));
#2233=DIRECTION('',(1.,0.,0.));
#2234=DIRECTION('',(0.,0.,1.));
#2235=DIRECTION('center_axis',(-1.,0.,0.));
#2236=DIRECTION('ref_axis',(0.,-1.,0.));
#2237=DIRECTION('',(0.,1.,0.));
#2238=DIRECTION('',(0.,-1.,0.));
#2239=DIRECTION('',(0.,0.,1.));
#2240=DIRECTION('center_axis',(0.,1.,0.));
#2241=DIRECTION('ref_axis',(-1.,0.,0.));
#2242=DIRECTION('',(1.,0.,0.));
#2243=DIRECTION('',(-1.,0.,0.));
#2244=DIRECTION('center_axis',(0.,0.,1.));
#2245=DIRECTION('ref_axis',(1.,0.,0.));
#2246=DIRECTION('center_axis',(-1.,0.,0.));
#2247=DIRECTION('ref_axis',(0.,-1.,0.));
#2248=DIRECTION('',(0.,1.,0.));
#2249=DIRECTION('',(0.,0.,1.));
#2250=DIRECTION('',(0.,-1.,0.));
#2251=DIRECTION('',(0.,0.,1.));
#2252=DIRECTION('center_axis',(0.,1.,0.));
#2253=DIRECTION('ref_axis',(-1.,0.,0.));
#2254=DIRECTION('',(1.,0.,0.));
#2255=DIRECTION('',(-1.,0.,0.));
#2256=DIRECTION('',(0.,0.,1.));
#2257=DIRECTION('center_axis',(1.,0.,0.));
#2258=DIRECTION('ref_axis',(0.,1.,0.));
#2259=DIRECTION('',(0.,-1.,0.));
#2260=DIRECTION('',(0.,1.,0.));
#2261=DIRECTION('',(0.,0.,1.));
#2262=DIRECTION('center_axis',(0.,-1.,0.));
#2263=DIRECTION('ref_axis',(1.,0.,0.));
#2264=DIRECTION('',(-1.,0.,0.));
#2265=DIRECTION('',(1.,0.,0.));
#2266=DIRECTION('center_axis',(0.,0.,1.));
#2267=DIRECTION('ref_axis',(1.,0.,0.));
#2268=DIRECTION('center_axis',(-1.,0.,0.));
#2269=DIRECTION('ref_axis',(0.,-1.,0.));
#2270=DIRECTION('',(0.,1.,0.));
#2271=DIRECTION('',(0.,0.,1.));
#2272=DIRECTION('',(0.,-1.,0.));
#2273=DIRECTION('',(0.,0.,1.));
#2274=DIRECTION('center_axis',(0.,1.,0.));
#2275=DIRECTION('ref_axis',(-1.,0.,0.));
#2276=DIRECTION('',(1.,0.,0.));
#2277=DIRECTION('',(-1.,0.,0.));
#2278=DIRECTION('',(0.,0.,1.));
#2279=DIRECTION('center_axis',(1.,0.,0.));
#2280=DIRECTION('ref_axis',(0.,1.,0.));
#2281=DIRECTION('',(0.,-1.,0.));
#2282=DIRECTION('',(0.,1.,0.));
#2283=DIRECTION('',(0.,0.,1.));
#2284=DIRECTION('center_axis',(0.,-1.,0.));
#2285=DIRECTION('ref_axis',(1.,0.,0.));
#2286=DIRECTION('',(-1.,0.,0.));
#2287=DIRECTION('',(1.,0.,0.));
#2288=DIRECTION('center_axis',(0.,0.,1.));
#2289=DIRECTION('ref_axis',(1.,0.,0.));
#2290=DIRECTION('center_axis',(1.,0.,0.));
#2291=DIRECTION('ref_axis',(0.,1.,0.));
#2292=DIRECTION('',(0.,-1.,0.));
#2293=DIRECTION('',(0.,0.,1.));
#2294=DIRECTION('',(0.,1.,0.));
#2295=DIRECTION('',(0.,0.,1.));
#2296=DIRECTION('center_axis',(0.,-1.,0.));
#2297=DIRECTION('ref_axis',(1.,0.,0.));
#2298=DIRECTION('',(-1.,0.,0.));
#2299=DIRECTION('',(1.,0.,0.));
#2300=DIRECTION('',(0.,0.,1.));
#2301=DIRECTION('center_axis',(-1.,0.,0.));
#2302=DIRECTION('ref_axis',(0.,-1.,0.));
#2303=DIRECTION('',(0.,1.,0.));
#2304=DIRECTION('',(0.,-1.,0.));
#2305=DIRECTION('',(0.,0.,1.));
#2306=DIRECTION('center_axis',(0.,1.,0.));
#2307=DIRECTION('ref_axis',(-1.,0.,0.));
#2308=DIRECTION('',(1.,0.,0.));
#2309=DIRECTION('',(-1.,0.,0.));
#2310=DIRECTION('center_axis',(0.,0.,1.));
#2311=DIRECTION('ref_axis',(1.,0.,0.));
#2312=DIRECTION('center_axis',(-1.,0.,0.));
#2313=DIRECTION('ref_axis',(0.,-1.,0.));
#2314=DIRECTION('',(0.,1.,0.));
#2315=DIRECTION('',(0.,0.,1.));
#2316=DIRECTION('',(0.,-1.,0.));
#2317=DIRECTION('',(0.,0.,1.));
#2318=DIRECTION('center_axis',(0.,1.,0.));
#2319=DIRECTION('ref_axis',(-1.,0.,0.));
#2320=DIRECTION('',(1.,0.,0.));
#2321=DIRECTION('',(-1.,0.,0.));
#2322=DIRECTION('',(0.,0.,1.));
#2323=DIRECTION('center_axis',(1.,0.,0.));
#2324=DIRECTION('ref_axis',(0.,1.,0.));
#2325=DIRECTION('',(0.,-1.,0.));
#2326=DIRECTION('',(0.,1.,0.));
#2327=DIRECTION('',(0.,0.,1.));
#2328=DIRECTION('center_axis',(0.,-1.,0.));
#2329=DIRECTION('ref_axis',(1.,0.,0.));
#2330=DIRECTION('',(-1.,0.,0.));
#2331=DIRECTION('',(1.,0.,0.));
#2332=DIRECTION('center_axis',(0.,0.,1.));
#2333=DIRECTION('ref_axis',(1.,0.,0.));
#2334=DIRECTION('center_axis',(0.,0.,-1.));
#2335=DIRECTION('ref_axis',(1.,0.,0.));
#2336=DIRECTION('center_axis',(0.,0.,-1.));
#2337=DIRECTION('ref_axis',(1.,0.,0.));
#2338=DIRECTION('',(0.,0.,-1.));
#2339=DIRECTION('center_axis',(0.,0.,1.));
#2340=DIRECTION('ref_axis',(1.,0.,0.));
#2341=DIRECTION('center_axis',(0.,0.,-1.));
#2342=DIRECTION('ref_axis',(1.,0.,0.));
#2343=DIRECTION('center_axis',(0.,0.,-1.));
#2344=DIRECTION('ref_axis',(1.,0.,0.));
#2345=DIRECTION('',(0.,0.,-1.));
#2346=DIRECTION('center_axis',(0.,0.,1.));
#2347=DIRECTION('ref_axis',(1.,0.,0.));
#2348=DIRECTION('center_axis',(0.,0.,-1.));
#2349=DIRECTION('ref_axis',(1.,0.,0.));
#2350=DIRECTION('center_axis',(0.,0.,-1.));
#2351=DIRECTION('ref_axis',(1.,0.,0.));
#2352=DIRECTION('',(0.,0.,-1.));
#2353=DIRECTION('center_axis',(0.,0.,1.));
#2354=DIRECTION('ref_axis',(1.,0.,0.));
#2355=DIRECTION('center_axis',(0.,0.,-1.));
#2356=DIRECTION('ref_axis',(1.,0.,0.));
#2357=DIRECTION('center_axis',(0.,0.,-1.));
#2358=DIRECTION('ref_axis',(1.,0.,0.));
#2359=DIRECTION('',(0.,0.,-1.));
#2360=DIRECTION('center_axis',(0.,0.,1.));
#2361=DIRECTION('ref_axis',(1.,0.,0.));
#2362=DIRECTION('center_axis',(1.,0.,0.));
#2363=DIRECTION('ref_axis',(0.,1.,0.));
#2364=DIRECTION('',(0.,-1.,0.));
#2365=DIRECTION('',(0.,0.,1.));
#2366=DIRECTION('',(0.,1.,0.));
#2367=DIRECTION('',(0.,0.,1.));
#2368=DIRECTION('center_axis',(0.,-1.,0.));
#2369=DIRECTION('ref_axis',(1.,0.,0.));
#2370=DIRECTION('',(-1.,0.,0.));
#2371=DIRECTION('',(1.,0.,0.));
#2372=DIRECTION('',(0.,0.,1.));
#2373=DIRECTION('center_axis',(-1.,0.,0.));
#2374=DIRECTION('ref_axis',(0.,-1.,0.));
#2375=DIRECTION('',(0.,1.,0.));
#2376=DIRECTION('',(0.,-1.,0.));
#2377=DIRECTION('',(0.,0.,1.));
#2378=DIRECTION('center_axis',(0.,1.,0.));
#2379=DIRECTION('ref_axis',(-1.,0.,0.));
#2380=DIRECTION('',(1.,0.,0.));
#2381=DIRECTION('',(-1.,0.,0.));
#2382=DIRECTION('center_axis',(0.,0.,1.));
#2383=DIRECTION('ref_axis',(1.,0.,0.));
#2384=DIRECTION('center_axis',(0.,0.,1.));
#2385=DIRECTION('ref_axis',(1.,0.,0.));
#2386=DIRECTION('axis',(0.,0.,1.));
#2387=DIRECTION('refdir',(1.,0.,0.));
#2388=DIRECTION('center_axis',(0.,0.,1.));
#2389=DIRECTION('ref_axis',(1.,0.,0.));
#2390=DIRECTION('center_axis',(0.,0.,-1.));
#2391=DIRECTION('ref_axis',(1.,0.,0.));
#2392=DIRECTION('',(0.,0.,-1.));
#2393=DIRECTION('center_axis',(0.,0.,-1.));
#2394=DIRECTION('ref_axis',(1.,0.,0.));
#2395=DIRECTION('center_axis',(0.,0.,1.));
#2396=DIRECTION('ref_axis',(1.,0.,0.));
#2397=DIRECTION('center_axis',(0.,0.,1.));
#2398=DIRECTION('ref_axis',(1.,0.,0.));
#2399=DIRECTION('',(0.,0.,-1.));
#2400=DIRECTION('center_axis',(0.,0.,1.));
#2401=DIRECTION('ref_axis',(1.,0.,0.));
#2402=DIRECTION('center_axis',(0.,0.,1.));
#2403=DIRECTION('ref_axis',(1.,0.,0.));
#2404=DIRECTION('center_axis',(0.,0.,1.));
#2405=DIRECTION('ref_axis',(1.,0.,0.));
#2406=DIRECTION('',(0.,0.,1.));
#2407=DIRECTION('',(1.,0.,0.));
#2408=DIRECTION('',(0.,3.94430452610506E-31,1.));
#2409=DIRECTION('',(1.,-2.43558753911253E-32,-1.97215226305253E-31));
#2410=DIRECTION('',(0.,3.94430452610506E-31,1.));
#2411=DIRECTION('',(1.,-2.43558753911253E-32,-1.97215226305253E-31));
#2412=DIRECTION('',(0.,3.94430452610506E-31,1.));
#2413=DIRECTION('',(1.,-2.43558753911253E-32,-1.97215226305253E-31));
#2414=DIRECTION('',(0.,3.94430452610506E-31,1.));
#2415=DIRECTION('',(1.,-2.43558753911253E-32,-1.97215226305253E-31));
#2416=DIRECTION('',(6.00679342067292E-16,3.3526588471893E-30,0.999999999999996));
#2417=DIRECTION('',(0.999999999999999,5.04518098059031E-30,4.9960036108132E-16));
#2418=DIRECTION('',(0.,3.94430452610506E-31,1.));
#2419=DIRECTION('',(1.,-2.43558753911253E-32,-1.97215226305253E-31));
#2420=DIRECTION('',(0.,3.94430452610506E-31,1.));
#2421=DIRECTION('',(1.,-2.43558753911253E-32,-1.97215226305253E-31));
#2422=DIRECTION('',(0.,3.94430452610506E-31,1.));
#2423=DIRECTION('',(1.,-2.43558753911253E-32,-1.97215226305253E-31));
#2424=DIRECTION('',(0.,3.94430452610506E-31,1.));
#2425=DIRECTION('',(1.,-2.43558753911253E-32,-1.97215226305253E-31));
#2426=DIRECTION('',(0.,3.94430452610506E-31,1.));
#2427=DIRECTION('',(1.,-2.43558753911253E-32,-1.97215226305253E-31));
#2428=DIRECTION('',(0.,3.94430452610506E-31,1.));
#2429=DIRECTION('',(1.,-2.43558753911253E-32,-1.97215226305253E-31));
#2430=DIRECTION('',(0.,3.94430452610506E-31,1.));
#2431=DIRECTION('',(1.,-2.43558753911253E-32,-1.97215226305253E-31));
#2432=DIRECTION('',(0.,3.94430452610506E-31,1.));
#2433=DIRECTION('',(1.,-2.43558753911253E-32,-1.97215226305253E-31));
#2434=DIRECTION('',(5.93162553863125E-19,3.94430452610506E-31,1.00000000000001));
#2435=DIRECTION('',(0.999999999999997,-2.43558753911253E-32,-1.97215226305252E-31));
#2436=DIRECTION('',(2.50580128184019E-16,1.97215226305253E-30,0.999999999999999));
#2437=DIRECTION('',(0.999999999999998,5.48118433986879E-30,4.71844785465693E-16));
#2438=DIRECTION('',(0.,3.94430452610506E-31,1.));
#2439=DIRECTION('',(1.,-2.43558753911253E-32,-1.97215226305253E-31));
#2440=DIRECTION('',(0.,3.94430452610506E-31,1.));
#2441=DIRECTION('',(1.,-2.43558753911253E-32,-1.97215226305253E-31));
#2442=DIRECTION('',(0.,3.94430452610506E-31,1.));
#2443=DIRECTION('',(1.,-2.43558753911253E-32,-1.97215226305253E-31));
#2444=DIRECTION('',(0.,3.94430452610506E-31,1.));
#2445=DIRECTION('',(1.,-2.43558753911253E-32,-1.97215226305253E-31));
#2446=CARTESIAN_POINT('',(0.,0.,0.));
#2447=CARTESIAN_POINT('',(0.,0.,0.));
#2448=CARTESIAN_POINT('',(0.,0.,0.));
#2449=CARTESIAN_POINT('Origin',(92.,-86.,0.72));
#2450=CARTESIAN_POINT('',(90.25,-86.,1.6));
#2451=CARTESIAN_POINT('Origin',(92.,-86.,1.6));
#2452=CARTESIAN_POINT('',(90.25,-86.,0.));
#2453=CARTESIAN_POINT('',(90.25,-86.,0.72));
#2454=CARTESIAN_POINT('Origin',(92.,-86.,0.));
#2455=CARTESIAN_POINT('Origin',(4.,-86.,0.72));
#2456=CARTESIAN_POINT('',(2.25,-86.,1.6));
#2457=CARTESIAN_POINT('Origin',(4.,-86.,1.6));
#2458=CARTESIAN_POINT('',(2.25,-86.,0.));
#2459=CARTESIAN_POINT('',(2.25,-86.,0.72));
#2460=CARTESIAN_POINT('Origin',(4.,-86.,0.));
#2461=CARTESIAN_POINT('Origin',(4.,-4.,0.72));
#2462=CARTESIAN_POINT('',(2.25,-4.,1.6));
#2463=CARTESIAN_POINT('Origin',(4.,-4.,1.6));
#2464=CARTESIAN_POINT('',(2.25,-4.,0.));
#2465=CARTESIAN_POINT('',(2.25,-4.,0.72));
#2466=CARTESIAN_POINT('Origin',(4.,-4.,0.));
#2467=CARTESIAN_POINT('Origin',(92.,-4.,0.72));
#2468=CARTESIAN_POINT('',(90.25,-4.,1.6));
#2469=CARTESIAN_POINT('Origin',(92.,-4.,1.6));
#2470=CARTESIAN_POINT('',(90.25,-4.,0.));
#2471=CARTESIAN_POINT('',(90.25,-4.,0.72));
#2472=CARTESIAN_POINT('Origin',(92.,-4.,0.));
#2473=CARTESIAN_POINT('Origin',(0.,0.,0.));
#2474=CARTESIAN_POINT('',(0.,-90.,0.));
#2475=CARTESIAN_POINT('',(0.,0.,0.));
#2476=CARTESIAN_POINT('',(0.,-90.,0.));
#2477=CARTESIAN_POINT('',(0.,-90.,1.6));
#2478=CARTESIAN_POINT('',(0.,-90.,0.));
#2479=CARTESIAN_POINT('',(0.,0.,1.6));
#2480=CARTESIAN_POINT('',(0.,-90.,1.6));
#2481=CARTESIAN_POINT('',(0.,0.,0.));
#2482=CARTESIAN_POINT('Origin',(96.,0.,0.));
#2483=CARTESIAN_POINT('',(96.,0.,0.));
#2484=CARTESIAN_POINT('',(0.,0.,0.));
#2485=CARTESIAN_POINT('',(96.,0.,1.6));
#2486=CARTESIAN_POINT('',(0.,0.,1.6));
#2487=CARTESIAN_POINT('',(96.,0.,0.));
#2488=CARTESIAN_POINT('Origin',(96.,-90.,0.));
#2489=CARTESIAN_POINT('',(96.,-90.,0.));
#2490=CARTESIAN_POINT('',(96.,0.,0.));
#2491=CARTESIAN_POINT('',(96.,-90.,1.6));
#2492=CARTESIAN_POINT('',(96.,0.,1.6));
#2493=CARTESIAN_POINT('',(96.,-90.,0.));
#2494=CARTESIAN_POINT('Origin',(0.,-90.,0.));
#2495=CARTESIAN_POINT('',(96.,-90.,0.));
#2496=CARTESIAN_POINT('',(96.,-90.,1.6));
#2497=CARTESIAN_POINT('Origin',(48.,-45.,1.6));
#2498=CARTESIAN_POINT('Origin',(48.,-45.,0.));
#2499=CARTESIAN_POINT('Origin',(40.0532566437145,-61.4899529956242,1.6));
#2500=CARTESIAN_POINT('',(42.0532566437145,-61.4899529956242,7.6));
#2501=CARTESIAN_POINT('Origin',(40.0532566437145,-61.4899529956242,7.6));
#2502=CARTESIAN_POINT('',(42.0532566437145,-61.4899529956242,1.6));
#2503=CARTESIAN_POINT('',(42.0532566437145,-61.4899529956242,1.6));
#2504=CARTESIAN_POINT('Origin',(40.0532566437145,-61.4899529956242,1.6));
#2505=CARTESIAN_POINT('Origin',(40.0532566437145,-61.4899529956242,7.6));
#2506=CARTESIAN_POINT('Origin',(40.0532566437145,-61.4899529956242,1.6));
#2507=CARTESIAN_POINT('Origin',(30.0532566437145,-61.4899529956242,1.6));
#2508=CARTESIAN_POINT('',(32.0532566437145,-61.4899529956242,7.6));
#2509=CARTESIAN_POINT('Origin',(30.0532566437145,-61.4899529956242,7.6));
#2510=CARTESIAN_POINT('',(32.0532566437145,-61.4899529956242,1.6));
#2511=CARTESIAN_POINT('',(32.0532566437145,-61.4899529956242,1.6));
#2512=CARTESIAN_POINT('Origin',(30.0532566437145,-61.4899529956242,1.6));
#2513=CARTESIAN_POINT('Origin',(30.0532566437145,-61.4899529956242,7.6));
#2514=CARTESIAN_POINT('Origin',(30.0532566437145,-61.4899529956242,1.6));
#2515=CARTESIAN_POINT('Origin',(35.0532566437145,-61.4899529956242,1.6));
#2516=CARTESIAN_POINT('',(37.0532566437145,-61.4899529956242,7.6));
#2517=CARTESIAN_POINT('Origin',(35.0532566437145,-61.4899529956242,7.6));
#2518=CARTESIAN_POINT('',(37.0532566437145,-61.4899529956242,1.6));
#2519=CARTESIAN_POINT('',(37.0532566437145,-61.4899529956242,1.6));
#2520=CARTESIAN_POINT('Origin',(35.0532566437145,-61.4899529956242,1.6));
#2521=CARTESIAN_POINT('Origin',(35.0532566437145,-61.4899529956242,7.6));
#2522=CARTESIAN_POINT('Origin',(35.0532566437145,-61.4899529956242,1.6));
#2523=CARTESIAN_POINT('Origin',(29.7354906819406,-26.1072734447238,1.6));
#2524=CARTESIAN_POINT('',(29.7354906819406,-46.1072734447238,1.6));
#2525=CARTESIAN_POINT('',(29.7354906819406,-26.1072734447238,1.6));
#2526=CARTESIAN_POINT('',(29.7354906819406,-46.1072734447238,1.6));
#2527=CARTESIAN_POINT('',(29.7354906819406,-46.1072734447238,7.6));
#2528=CARTESIAN_POINT('',(29.7354906819406,-46.1072734447238,1.6));
#2529=CARTESIAN_POINT('',(29.7354906819406,-26.1072734447238,7.6));
#2530=CARTESIAN_POINT('',(29.7354906819406,-46.1072734447238,7.6));
#2531=CARTESIAN_POINT('',(29.7354906819406,-26.1072734447238,1.6));
#2532=CARTESIAN_POINT('Origin',(39.7354906819406,-26.1072734447238,1.6));
#2533=CARTESIAN_POINT('',(39.7354906819406,-26.1072734447238,1.6));
#2534=CARTESIAN_POINT('',(29.7354906819406,-26.1072734447238,1.6));
#2535=CARTESIAN_POINT('',(39.7354906819406,-26.1072734447238,7.6));
#2536=CARTESIAN_POINT('',(29.7354906819406,-26.1072734447238,7.6));
#2537=CARTESIAN_POINT('',(39.7354906819406,-26.1072734447238,1.6));
#2538=CARTESIAN_POINT('Origin',(39.7354906819406,-46.1072734447238,1.6));
#2539=CARTESIAN_POINT('',(39.7354906819406,-46.1072734447238,1.6));
#2540=CARTESIAN_POINT('',(39.7354906819406,-26.1072734447238,1.6));
#2541=CARTESIAN_POINT('',(39.7354906819406,-46.1072734447238,7.6));
#2542=CARTESIAN_POINT('',(39.7354906819406,-26.1072734447238,7.6));
#2543=CARTESIAN_POINT('',(39.7354906819406,-46.1072734447238,1.6));
#2544=CARTESIAN_POINT('Origin',(29.7354906819406,-46.1072734447238,1.6));
#2545=CARTESIAN_POINT('',(39.7354906819406,-46.1072734447238,1.6));
#2546=CARTESIAN_POINT('',(39.7354906819406,-46.1072734447238,7.6));
#2547=CARTESIAN_POINT('Origin',(34.7354906819406,-36.1072734447238,7.6));
#2548=CARTESIAN_POINT('Origin',(34.7354906819406,-36.1072734447238,1.6));
#2549=CARTESIAN_POINT('Origin',(45.0532566437145,-61.4899529956242,1.6));
#2550=CARTESIAN_POINT('',(47.0532566437145,-61.4899529956242,7.6));
#2551=CARTESIAN_POINT('Origin',(45.0532566437145,-61.4899529956242,7.6));
#2552=CARTESIAN_POINT('',(47.0532566437145,-61.4899529956242,1.6));
#2553=CARTESIAN_POINT('',(47.0532566437145,-61.4899529956242,1.6));
#2554=CARTESIAN_POINT('Origin',(45.0532566437145,-61.4899529956242,1.6));
#2555=CARTESIAN_POINT('Origin',(45.0532566437145,-61.4899529956242,7.6));
#2556=CARTESIAN_POINT('Origin',(45.0532566437145,-61.4899529956242,1.6));
#2557=CARTESIAN_POINT('',(0.,-8.88178419700125E-16,0.));
#2558=CARTESIAN_POINT('',(0.,0.,0.));
#2559=CARTESIAN_POINT('Origin',(9.,-4.,1.6));
#2560=CARTESIAN_POINT('',(9.,-19.,1.6));
#2561=CARTESIAN_POINT('',(9.,-4.,1.6));
#2562=CARTESIAN_POINT('',(9.,-24.5,1.6));
#2563=CARTESIAN_POINT('',(9.,-19.,6.6));
#2564=CARTESIAN_POINT('',(9.,-19.,1.6));
#2565=CARTESIAN_POINT('',(9.,-4.,6.6));
#2566=CARTESIAN_POINT('',(9.,-19.,6.6));
#2567=CARTESIAN_POINT('',(9.,-4.,1.6));
#2568=CARTESIAN_POINT('Origin',(17.,-4.,1.6));
#2569=CARTESIAN_POINT('',(17.,-4.,1.6));
#2570=CARTESIAN_POINT('',(32.5,-4.,1.6));
#2571=CARTESIAN_POINT('',(17.,-4.,6.6));
#2572=CARTESIAN_POINT('',(9.,-4.,6.6));
#2573=CARTESIAN_POINT('',(17.,-4.,1.6));
#2574=CARTESIAN_POINT('Origin',(17.,-19.,1.6));
#2575=CARTESIAN_POINT('',(17.,-19.,1.6));
#2576=CARTESIAN_POINT('',(17.,-32.,1.6));
#2577=CARTESIAN_POINT('',(17.,-19.,6.6));
#2578=CARTESIAN_POINT('',(17.,-4.,6.6));
#2579=CARTESIAN_POINT('',(17.,-19.,1.6));
#2580=CARTESIAN_POINT('Origin',(9.,-19.,1.6));
#2581=CARTESIAN_POINT('',(28.5,-19.,1.6));
#2582=CARTESIAN_POINT('',(17.,-19.,6.6));
#2583=CARTESIAN_POINT('Origin',(13.,-11.5,6.6));
#2584=CARTESIAN_POINT('Origin',(45.5,-42.5,1.6));
#2585=CARTESIAN_POINT('',(45.5,-47.5,1.6));
#2586=CARTESIAN_POINT('',(45.5,-42.5,1.6));
#2587=CARTESIAN_POINT('',(45.5,-43.75,1.6));
#2588=CARTESIAN_POINT('',(45.5,-47.5,2.6));
#2589=CARTESIAN_POINT('',(45.5,-47.5,1.6));
#2590=CARTESIAN_POINT('',(45.5,-42.5,2.6));
#2591=CARTESIAN_POINT('',(45.5,-47.5,2.6));
#2592=CARTESIAN_POINT('',(45.5,-42.5,1.6));
#2593=CARTESIAN_POINT('Origin',(50.5,-42.5,1.6));
#2594=CARTESIAN_POINT('',(50.5,-42.5,1.6));
#2595=CARTESIAN_POINT('',(49.25,-42.5,1.6));
#2596=CARTESIAN_POINT('',(50.5,-42.5,2.6));
#2597=CARTESIAN_POINT('',(45.5,-42.5,2.6));
#2598=CARTESIAN_POINT('',(50.5,-42.5,1.6));
#2599=CARTESIAN_POINT('Origin',(50.5,-47.5,1.6));
#2600=CARTESIAN_POINT('',(50.5,-47.5,1.6));
#2601=CARTESIAN_POINT('',(50.5,-46.25,1.6));
#2602=CARTESIAN_POINT('',(50.5,-47.5,2.6));
#2603=CARTESIAN_POINT('',(50.5,-42.5,2.6));
#2604=CARTESIAN_POINT('',(50.5,-47.5,1.6));
#2605=CARTESIAN_POINT('Origin',(45.5,-47.5,1.6));
#2606=CARTESIAN_POINT('',(46.75,-47.5,1.6));
#2607=CARTESIAN_POINT('',(50.5,-47.5,2.6));
#2608=CARTESIAN_POINT('Origin',(48.,-45.,2.6));
#2609=CARTESIAN_POINT('Origin',(92.,-86.,0.72));
#2610=CARTESIAN_POINT('',(90.25,-86.,1.6));
#2611=CARTESIAN_POINT('Origin',(92.,-86.,1.6));
#2612=CARTESIAN_POINT('',(90.25,-86.,0.));
#2613=CARTESIAN_POINT('',(90.25,-86.,0.72));
#2614=CARTESIAN_POINT('Origin',(92.,-86.,0.));
#2615=CARTESIAN_POINT('Origin',(4.,-86.,0.72));
#2616=CARTESIAN_POINT('',(2.25,-86.,1.6));
#2617=CARTESIAN_POINT('Origin',(4.,-86.,1.6));
#2618=CARTESIAN_POINT('',(2.25,-86.,0.));
#2619=CARTESIAN_POINT('',(2.25,-86.,0.72));
#2620=CARTESIAN_POINT('Origin',(4.,-86.,0.));
#2621=CARTESIAN_POINT('Origin',(4.,-4.,0.72));
#2622=CARTESIAN_POINT('',(2.25,-4.,1.6));
#2623=CARTESIAN_POINT('Origin',(4.,-4.,1.6));
#2624=CARTESIAN_POINT('',(2.25,-4.,0.));
#2625=CARTESIAN_POINT('',(2.25,-4.,0.72));
#2626=CARTESIAN_POINT('Origin',(4.,-4.,0.));
#2627=CARTESIAN_POINT('Origin',(92.,-4.,0.72));
#2628=CARTESIAN_POINT('',(90.25,-4.,1.6));
#2629=CARTESIAN_POINT('Origin',(92.,-4.,1.6));
#2630=CARTESIAN_POINT('',(90.25,-4.,0.));
#2631=CARTESIAN_POINT('',(90.25,-4.,0.72));
#2632=CARTESIAN_POINT('Origin',(92.,-4.,0.));
#2633=CARTESIAN_POINT('Origin',(0.,0.,0.));
#2634=CARTESIAN_POINT('',(0.,-90.,0.));
#2635=CARTESIAN_POINT('',(0.,0.,0.));
#2636=CARTESIAN_POINT('',(0.,-90.,0.));
#2637=CARTESIAN_POINT('',(0.,-90.,1.6));
#2638=CARTESIAN_POINT('',(0.,-90.,0.));
#2639=CARTESIAN_POINT('',(0.,0.,1.6));
#2640=CARTESIAN_POINT('',(0.,-90.,1.6));
#2641=CARTESIAN_POINT('',(0.,0.,0.));
#2642=CARTESIAN_POINT('Origin',(96.,0.,0.));
#2643=CARTESIAN_POINT('',(96.,0.,0.));
#2644=CARTESIAN_POINT('',(0.,0.,0.));
#2645=CARTESIAN_POINT('',(96.,0.,1.6));
#2646=CARTESIAN_POINT('',(0.,0.,1.6));
#2647=CARTESIAN_POINT('',(96.,0.,0.));
#2648=CARTESIAN_POINT('Origin',(96.,-90.,0.));
#2649=CARTESIAN_POINT('',(96.,-90.,0.));
#2650=CARTESIAN_POINT('',(96.,0.,0.));
#2651=CARTESIAN_POINT('',(96.,-90.,1.6));
#2652=CARTESIAN_POINT('',(96.,0.,1.6));
#2653=CARTESIAN_POINT('',(96.,-90.,0.));
#2654=CARTESIAN_POINT('Origin',(0.,-90.,0.));
#2655=CARTESIAN_POINT('',(96.,-90.,0.));
#2656=CARTESIAN_POINT('',(96.,-90.,1.6));
#2657=CARTESIAN_POINT('Origin',(48.,-45.,1.6));
#2658=CARTESIAN_POINT('Origin',(48.,-45.,0.));
#2659=CARTESIAN_POINT('',(0.,0.,0.));
#2660=CARTESIAN_POINT('Origin',(0.,-28.5449157940276,1.6));
#2661=CARTESIAN_POINT('',(0.,-30.5449157940276,1.6));
#2662=CARTESIAN_POINT('',(0.,-28.5449157940276,1.6));
#2663=CARTESIAN_POINT('',(0.,-14.2724578970138,1.6));
#2664=CARTESIAN_POINT('',(0.,-30.5449157940276,2.6));
#2665=CARTESIAN_POINT('',(0.,-30.5449157940276,1.6));
#2666=CARTESIAN_POINT('',(0.,-28.5449157940276,2.6));
#2667=CARTESIAN_POINT('',(0.,-30.5449157940276,2.6));
#2668=CARTESIAN_POINT('',(0.,-28.5449157940276,1.6));
#2669=CARTESIAN_POINT('Origin',(1.,-28.5449157940276,1.6));
#2670=CARTESIAN_POINT('',(1.,-28.5449157940276,1.6));
#2671=CARTESIAN_POINT('',(0.5,-28.5449157940276,1.6));
#2672=CARTESIAN_POINT('',(1.,-28.5449157940276,2.6));
#2673=CARTESIAN_POINT('',(0.,-28.5449157940276,2.6));
#2674=CARTESIAN_POINT('',(1.,-28.5449157940276,1.6));
#2675=CARTESIAN_POINT('Origin',(1.,-30.5449157940276,1.6));
#2676=CARTESIAN_POINT('',(1.,-30.5449157940276,1.6));
#2677=CARTESIAN_POINT('',(1.,-15.2724578970138,1.6));
#2678=CARTESIAN_POINT('',(1.,-30.5449157940276,2.6));
#2679=CARTESIAN_POINT('',(1.,-28.5449157940276,2.6));
#2680=CARTESIAN_POINT('',(1.,-30.5449157940276,1.6));
#2681=CARTESIAN_POINT('Origin',(0.,-30.5449157940276,1.6));
#2682=CARTESIAN_POINT('',(0.,-30.5449157940276,1.6));
#2683=CARTESIAN_POINT('',(1.,-30.5449157940276,2.6));
#2684=CARTESIAN_POINT('Origin',(0.5,-29.5449157940276,2.6));
#2685=CARTESIAN_POINT('Origin',(34.0164744409441,29.0311814525531,1.6));
#2686=CARTESIAN_POINT('',(34.0164744409441,24.0311814525531,1.6));
#2687=CARTESIAN_POINT('',(34.0164744409441,29.0311814525531,1.6));
#2688=CARTESIAN_POINT('',(34.0164744409441,14.5155907262766,1.6));
#2689=CARTESIAN_POINT('',(34.0164744409441,24.0311814525531,2.6));
#2690=CARTESIAN_POINT('',(34.0164744409441,24.0311814525531,1.6));
#2691=CARTESIAN_POINT('',(34.0164744409441,29.0311814525531,2.6));
#2692=CARTESIAN_POINT('',(34.0164744409441,24.0311814525531,2.6));
#2693=CARTESIAN_POINT('',(34.0164744409441,29.0311814525531,1.6));
#2694=CARTESIAN_POINT('Origin',(37.0164744409441,29.0311814525531,1.6));
#2695=CARTESIAN_POINT('',(37.0164744409441,29.0311814525531,1.6));
#2696=CARTESIAN_POINT('',(18.508237220472,29.0311814525531,1.6));
#2697=CARTESIAN_POINT('',(37.0164744409441,29.0311814525531,2.6));
#2698=CARTESIAN_POINT('',(34.0164744409441,29.0311814525531,2.6));
#2699=CARTESIAN_POINT('',(37.0164744409441,29.0311814525531,1.6));
#2700=CARTESIAN_POINT('Origin',(37.0164744409441,24.0311814525531,1.6));
#2701=CARTESIAN_POINT('',(37.0164744409441,24.0311814525531,1.6));
#2702=CARTESIAN_POINT('',(37.0164744409441,12.0155907262766,1.6));
#2703=CARTESIAN_POINT('',(37.0164744409441,24.0311814525531,2.6));
#2704=CARTESIAN_POINT('',(37.0164744409441,29.0311814525531,2.6));
#2705=CARTESIAN_POINT('',(37.0164744409441,24.0311814525531,1.6));
#2706=CARTESIAN_POINT('Origin',(34.0164744409441,24.0311814525531,1.6));
#2707=CARTESIAN_POINT('',(17.008237220472,24.0311814525531,1.6));
#2708=CARTESIAN_POINT('',(37.0164744409441,24.0311814525531,2.6));
#2709=CARTESIAN_POINT('Origin',(35.5164744409441,26.5311814525531,2.6));
#2710=CARTESIAN_POINT('Origin',(19.,-3.,1.6));
#2711=CARTESIAN_POINT('',(19.,3.,1.6));
#2712=CARTESIAN_POINT('',(19.,-3.,1.6));
#2713=CARTESIAN_POINT('',(19.,-1.5,1.6));
#2714=CARTESIAN_POINT('',(19.,3.,2.6));
#2715=CARTESIAN_POINT('',(19.,3.,1.6));
#2716=CARTESIAN_POINT('',(19.,-3.,2.6));
#2717=CARTESIAN_POINT('',(19.,3.,2.6));
#2718=CARTESIAN_POINT('',(19.,-3.,1.6));
#2719=CARTESIAN_POINT('Origin',(15.,-3.,1.6));
#2720=CARTESIAN_POINT('',(15.,-3.,1.6));
#2721=CARTESIAN_POINT('',(7.5,-3.,1.6));
#2722=CARTESIAN_POINT('',(15.,-3.,2.6));
#2723=CARTESIAN_POINT('',(19.,-3.,2.6));
#2724=CARTESIAN_POINT('',(15.,-3.,1.6));
#2725=CARTESIAN_POINT('Origin',(15.,3.,1.6));
#2726=CARTESIAN_POINT('',(15.,3.,1.6));
#2727=CARTESIAN_POINT('',(15.,1.5,1.6));
#2728=CARTESIAN_POINT('',(15.,3.,2.6));
#2729=CARTESIAN_POINT('',(15.,-3.,2.6));
#2730=CARTESIAN_POINT('',(15.,3.,1.6));
#2731=CARTESIAN_POINT('Origin',(19.,3.,1.6));
#2732=CARTESIAN_POINT('',(9.5,3.,1.6));
#2733=CARTESIAN_POINT('',(15.,3.,2.6));
#2734=CARTESIAN_POINT('Origin',(17.,0.,2.6));
#2735=CARTESIAN_POINT('Origin',(0.,-24.5449157940276,1.6));
#2736=CARTESIAN_POINT('',(0.,-26.5449157940276,1.6));
#2737=CARTESIAN_POINT('',(0.,-24.5449157940276,1.6));
#2738=CARTESIAN_POINT('',(0.,-12.2724578970138,1.6));
#2739=CARTESIAN_POINT('',(0.,-26.5449157940276,2.6));
#2740=CARTESIAN_POINT('',(0.,-26.5449157940276,1.6));
#2741=CARTESIAN_POINT('',(0.,-24.5449157940276,2.6));
#2742=CARTESIAN_POINT('',(0.,-26.5449157940276,2.6));
#2743=CARTESIAN_POINT('',(0.,-24.5449157940276,1.6));
#2744=CARTESIAN_POINT('Origin',(1.,-24.5449157940276,1.6));
#2745=CARTESIAN_POINT('',(1.,-24.5449157940276,1.6));
#2746=CARTESIAN_POINT('',(0.5,-24.5449157940276,1.6));
#2747=CARTESIAN_POINT('',(1.,-24.5449157940276,2.6));
#2748=CARTESIAN_POINT('',(0.,-24.5449157940276,2.6));
#2749=CARTESIAN_POINT('',(1.,-24.5449157940276,1.6));
#2750=CARTESIAN_POINT('Origin',(1.,-26.5449157940276,1.6));
#2751=CARTESIAN_POINT('',(1.,-26.5449157940276,1.6));
#2752=CARTESIAN_POINT('',(1.,-13.2724578970138,1.6));
#2753=CARTESIAN_POINT('',(1.,-26.5449157940276,2.6));
#2754=CARTESIAN_POINT('',(1.,-24.5449157940276,2.6));
#2755=CARTESIAN_POINT('',(1.,-26.5449157940276,1.6));
#2756=CARTESIAN_POINT('Origin',(0.,-26.5449157940276,1.6));
#2757=CARTESIAN_POINT('',(0.,-26.5449157940276,1.6));
#2758=CARTESIAN_POINT('',(1.,-26.5449157940276,2.6));
#2759=CARTESIAN_POINT('Origin',(0.5,-25.5449157940276,2.6));
#2760=CARTESIAN_POINT('Origin',(0.,-16.5449157940276,1.6));
#2761=CARTESIAN_POINT('',(0.,-18.5449157940276,1.6));
#2762=CARTESIAN_POINT('',(0.,-16.5449157940276,1.6));
#2763=CARTESIAN_POINT('',(0.,-8.2724578970138,1.6));
#2764=CARTESIAN_POINT('',(0.,-18.5449157940276,2.6));
#2765=CARTESIAN_POINT('',(0.,-18.5449157940276,1.6));
#2766=CARTESIAN_POINT('',(0.,-16.5449157940276,2.6));
#2767=CARTESIAN_POINT('',(0.,-18.5449157940276,2.6));
#2768=CARTESIAN_POINT('',(0.,-16.5449157940276,1.6));
#2769=CARTESIAN_POINT('Origin',(1.,-16.5449157940276,1.6));
#2770=CARTESIAN_POINT('',(1.,-16.5449157940276,1.6));
#2771=CARTESIAN_POINT('',(0.5,-16.5449157940276,1.6));
#2772=CARTESIAN_POINT('',(1.,-16.5449157940276,2.6));
#2773=CARTESIAN_POINT('',(0.,-16.5449157940276,2.6));
#2774=CARTESIAN_POINT('',(1.,-16.5449157940276,1.6));
#2775=CARTESIAN_POINT('Origin',(1.,-18.5449157940276,1.6));
#2776=CARTESIAN_POINT('',(1.,-18.5449157940276,1.6));
#2777=CARTESIAN_POINT('',(1.,-9.2724578970138,1.6));
#2778=CARTESIAN_POINT('',(1.,-18.5449157940276,2.6));
#2779=CARTESIAN_POINT('',(1.,-16.5449157940276,2.6));
#2780=CARTESIAN_POINT('',(1.,-18.5449157940276,1.6));
#2781=CARTESIAN_POINT('Origin',(0.,-18.5449157940276,1.6));
#2782=CARTESIAN_POINT('',(0.,-18.5449157940276,1.6));
#2783=CARTESIAN_POINT('',(1.,-18.5449157940276,2.6));
#2784=CARTESIAN_POINT('Origin',(0.5,-17.5449157940276,2.6));
#2785=CARTESIAN_POINT('Origin',(4.,-4.,1.6));
#2786=CARTESIAN_POINT('',(4.,4.,1.6));
#2787=CARTESIAN_POINT('',(4.,-4.,1.6));
#2788=CARTESIAN_POINT('',(4.,-2.,1.6));
#2789=CARTESIAN_POINT('',(4.,4.,2.6));
#2790=CARTESIAN_POINT('',(4.,4.,1.6));
#2791=CARTESIAN_POINT('',(4.,-4.,2.6));
#2792=CARTESIAN_POINT('',(4.,4.,2.6));
#2793=CARTESIAN_POINT('',(4.,-4.,1.6));
#2794=CARTESIAN_POINT('Origin',(-4.,-4.,1.6));
#2795=CARTESIAN_POINT('',(-4.,-4.,1.6));
#2796=CARTESIAN_POINT('',(-2.,-4.,1.6));
#2797=CARTESIAN_POINT('',(-4.,-4.,2.6));
#2798=CARTESIAN_POINT('',(4.,-4.,2.6));
#2799=CARTESIAN_POINT('',(-4.,-4.,1.6));
#2800=CARTESIAN_POINT('Origin',(-4.,4.,1.6));
#2801=CARTESIAN_POINT('',(-4.,4.,1.6));
#2802=CARTESIAN_POINT('',(-4.,2.,1.6));
#2803=CARTESIAN_POINT('',(-4.,4.,2.6));
#2804=CARTESIAN_POINT('',(-4.,-4.,2.6));
#2805=CARTESIAN_POINT('',(-4.,4.,1.6));
#2806=CARTESIAN_POINT('Origin',(4.,4.,1.6));
#2807=CARTESIAN_POINT('',(2.,4.,1.6));
#2808=CARTESIAN_POINT('',(-4.,4.,2.6));
#2809=CARTESIAN_POINT('Origin',(0.,0.,2.6));
#2810=CARTESIAN_POINT('Origin',(0.,-20.5449157940276,1.6));
#2811=CARTESIAN_POINT('',(0.,-22.5449157940276,1.6));
#2812=CARTESIAN_POINT('',(0.,-20.5449157940276,1.6));
#2813=CARTESIAN_POINT('',(0.,-10.2724578970138,1.6));
#2814=CARTESIAN_POINT('',(0.,-22.5449157940276,2.6));
#2815=CARTESIAN_POINT('',(0.,-22.5449157940276,1.6));
#2816=CARTESIAN_POINT('',(0.,-20.5449157940276,2.6));
#2817=CARTESIAN_POINT('',(0.,-22.5449157940276,2.6));
#2818=CARTESIAN_POINT('',(0.,-20.5449157940276,1.6));
#2819=CARTESIAN_POINT('Origin',(1.,-20.5449157940276,1.6));
#2820=CARTESIAN_POINT('',(1.,-20.5449157940276,1.6));
#2821=CARTESIAN_POINT('',(0.5,-20.5449157940276,1.6));
#2822=CARTESIAN_POINT('',(1.,-20.5449157940276,2.6));
#2823=CARTESIAN_POINT('',(0.,-20.5449157940276,2.6));
#2824=CARTESIAN_POINT('',(1.,-20.5449157940276,1.6));
#2825=CARTESIAN_POINT('Origin',(1.,-22.5449157940276,1.6));
#2826=CARTESIAN_POINT('',(1.,-22.5449157940276,1.6));
#2827=CARTESIAN_POINT('',(1.,-11.2724578970138,1.6));
#2828=CARTESIAN_POINT('',(1.,-22.5449157940276,2.6));
#2829=CARTESIAN_POINT('',(1.,-20.5449157940276,2.6));
#2830=CARTESIAN_POINT('',(1.,-22.5449157940276,1.6));
#2831=CARTESIAN_POINT('Origin',(0.,-22.5449157940276,1.6));
#2832=CARTESIAN_POINT('',(0.,-22.5449157940276,1.6));
#2833=CARTESIAN_POINT('',(1.,-22.5449157940276,2.6));
#2834=CARTESIAN_POINT('Origin',(0.5,-21.5449157940276,2.6));
#2835=CARTESIAN_POINT('Origin',(44.,-41.,0.72));
#2836=CARTESIAN_POINT('',(42.25,-41.,1.6));
#2837=CARTESIAN_POINT('Origin',(44.,-41.,1.6));
#2838=CARTESIAN_POINT('',(42.25,-41.,0.));
#2839=CARTESIAN_POINT('',(42.25,-41.,0.72));
#2840=CARTESIAN_POINT('Origin',(44.,-41.,0.));
#2841=CARTESIAN_POINT('Origin',(-44.,41.,0.72));
#2842=CARTESIAN_POINT('',(-45.75,41.,1.6));
#2843=CARTESIAN_POINT('Origin',(-44.,41.,1.6));
#2844=CARTESIAN_POINT('',(-45.75,41.,0.));
#2845=CARTESIAN_POINT('',(-45.75,41.,0.72));
#2846=CARTESIAN_POINT('Origin',(-44.,41.,0.));
#2847=CARTESIAN_POINT('Origin',(44.,41.,0.72));
#2848=CARTESIAN_POINT('',(42.25,41.,1.6));
#2849=CARTESIAN_POINT('Origin',(44.,41.,1.6));
#2850=CARTESIAN_POINT('',(42.25,41.,0.));
#2851=CARTESIAN_POINT('',(42.25,41.,0.72));
#2852=CARTESIAN_POINT('Origin',(44.,41.,0.));
#2853=CARTESIAN_POINT('Origin',(-44.,-41.,0.72));
#2854=CARTESIAN_POINT('',(-45.75,-41.,1.6));
#2855=CARTESIAN_POINT('Origin',(-44.,-41.,1.6));
#2856=CARTESIAN_POINT('',(-45.75,-41.,0.));
#2857=CARTESIAN_POINT('',(-45.75,-41.,0.72));
#2858=CARTESIAN_POINT('Origin',(-44.,-41.,0.));
#2859=CARTESIAN_POINT('Origin',(48.,-45.,0.));
#2860=CARTESIAN_POINT('',(48.,45.,0.));
#2861=CARTESIAN_POINT('',(48.,-45.,0.));
#2862=CARTESIAN_POINT('',(48.,45.,0.));
#2863=CARTESIAN_POINT('',(48.,45.,1.6));
#2864=CARTESIAN_POINT('',(48.,45.,0.));
#2865=CARTESIAN_POINT('',(48.,-45.,1.6));
#2866=CARTESIAN_POINT('',(48.,45.,1.6));
#2867=CARTESIAN_POINT('',(48.,-45.,0.));
#2868=CARTESIAN_POINT('Origin',(-48.,-45.,0.));
#2869=CARTESIAN_POINT('',(-48.,-45.,0.));
#2870=CARTESIAN_POINT('',(48.,-45.,0.));
#2871=CARTESIAN_POINT('',(-48.,-45.,1.6));
#2872=CARTESIAN_POINT('',(48.,-45.,1.6));
#2873=CARTESIAN_POINT('',(-48.,-45.,0.));
#2874=CARTESIAN_POINT('Origin',(-48.,45.,0.));
#2875=CARTESIAN_POINT('',(-48.,45.,0.));
#2876=CARTESIAN_POINT('',(-48.,-45.,0.));
#2877=CARTESIAN_POINT('',(-48.,45.,1.6));
#2878=CARTESIAN_POINT('',(-48.,-45.,1.6));
#2879=CARTESIAN_POINT('',(-48.,45.,0.));
#2880=CARTESIAN_POINT('Origin',(48.,45.,0.));
#2881=CARTESIAN_POINT('',(-48.,45.,0.));
#2882=CARTESIAN_POINT('',(-48.,45.,1.6));
#2883=CARTESIAN_POINT('Origin',(0.,0.,1.6));
#2884=CARTESIAN_POINT('Origin',(0.,0.,0.));
#2885=CARTESIAN_POINT('',(0.,0.,0.));
#2886=CARTESIAN_POINT('Origin',(0.,0.,0.));
#2887=CARTESIAN_POINT('',(-1.5,-1.83697019872103E-16,10.));
#2888=CARTESIAN_POINT('Origin',(0.,0.,10.));
#2889=CARTESIAN_POINT('',(-1.5,-1.83697019872103E-16,0.));
#2890=CARTESIAN_POINT('',(-1.5,-1.83697019872103E-16,0.));
#2891=CARTESIAN_POINT('Origin',(0.,0.,0.));
#2892=CARTESIAN_POINT('Origin',(0.,0.,0.));
#2893=CARTESIAN_POINT('',(-2.5,-3.06161699786838E-16,10.));
#2894=CARTESIAN_POINT('Origin',(0.,0.,10.));
#2895=CARTESIAN_POINT('',(-2.5,-3.06161699786838E-16,0.));
#2896=CARTESIAN_POINT('',(-2.5,-3.06161699786838E-16,0.));
#2897=CARTESIAN_POINT('Origin',(0.,0.,0.));
#2898=CARTESIAN_POINT('Origin',(0.,0.,10.));
#2899=CARTESIAN_POINT('Origin',(0.,0.,0.));
#2900=CARTESIAN_POINT('',(0.,0.,0.));
#2901=CARTESIAN_POINT('',(-43.9999999999999,-40.9999999999999,-8.39999999999989));
#2902=CARTESIAN_POINT('',(44.0000000000001,41.,-8.40000000000011));
#2903=CARTESIAN_POINT('',(-43.9999999999998,41.,-8.40000000000007));
#2904=CARTESIAN_POINT('',(44.,-40.9999999999997,-8.39999999999999));
#2905=CARTESIAN_POINT('',(-47.9999999999999,44.9999999999997,11.5999999999999));
#2906=CARTESIAN_POINT('',(-43.9999999999999,41.0000000000001,1.60000000000001));
#2907=CARTESIAN_POINT('',(44.,-40.9999999999997,1.60000000000005));
#2908=CARTESIAN_POINT('',(44.,41.,1.59999999999993));
#2909=CARTESIAN_POINT('',(-43.9999999999999,-40.9999999999998,1.60000000000015));
#2910=CARTESIAN_POINT('',(-43.9999999999999,-41.,13.2));
#2911=CARTESIAN_POINT('',(-44.,41.0000000000001,13.1999999999999));
#2912=CARTESIAN_POINT('',(44.,41.0000000000001,13.1999999999998));
#2913=CARTESIAN_POINT('',(44.,-40.9999999999998,13.1999999999999));
#2914=CARTESIAN_POINT('',(-48.0000000000005,45.0000000000003,21.5999999999999));
#2915=CARTESIAN_POINT('',(-3.52218254562331E-13,-2.1316282072803E-13,31.6000000000002));
#2916=CARTESIAN_POINT('',(-44.,-40.9999999999999,23.2));
#2917=CARTESIAN_POINT('',(44.,-40.9999999999998,23.1999999999999));
#2918=CARTESIAN_POINT('',(43.9999999999995,41.0000000000002,23.1999999999998));
#2919=CARTESIAN_POINT('',(-44.0000000000005,41.0000000000002,23.1999999999999));
#2920=UNCERTAINTY_MEASURE_WITH_UNIT(LENGTH_MEASURE(0.01),#2934,
'DISTANCE_ACCURACY_VALUE',
'Maximum model space distance between geometric entities at asserted c
onnectivities');
#2921=UNCERTAINTY_MEASURE_WITH_UNIT(LENGTH_MEASURE(0.01),#2934,
'DISTANCE_ACCURACY_VALUE',
'Maximum model space distance between geometric entities at asserted c
onnectivities');
#2922=UNCERTAINTY_MEASURE_WITH_UNIT(LENGTH_MEASURE(0.01),#2934,
'DISTANCE_ACCURACY_VALUE',
'Maximum model space distance between geometric entities at asserted c
onnectivities');
#2923=UNCERTAINTY_MEASURE_WITH_UNIT(LENGTH_MEASURE(0.01),#2934,
'DISTANCE_ACCURACY_VALUE',
'Maximum model space distance between geometric entities at asserted c
onnectivities');
#2924=UNCERTAINTY_MEASURE_WITH_UNIT(LENGTH_MEASURE(0.01),#2934,
'DISTANCE_ACCURACY_VALUE',
'Maximum model space distance between geometric entities at asserted c
onnectivities');
#2925=UNCERTAINTY_MEASURE_WITH_UNIT(LENGTH_MEASURE(0.01),#2934,
'DISTANCE_ACCURACY_VALUE',
'Maximum model space distance between geometric entities at asserted c
onnectivities');
#2926=UNCERTAINTY_MEASURE_WITH_UNIT(LENGTH_MEASURE(0.01),#2934,
'DISTANCE_ACCURACY_VALUE',
'Maximum model space distance between geometric entities at asserted c
onnectivities');
#2927=(
GEOMETRIC_REPRESENTATION_CONTEXT(3)
GLOBAL_UNCERTAINTY_ASSIGNED_CONTEXT((#2920))
GLOBAL_UNIT_ASSIGNED_CONTEXT((#2934,#2936,#2937))
REPRESENTATION_CONTEXT('','3D')
);
#2928=(
GEOMETRIC_REPRESENTATION_CONTEXT(3)
GLOBAL_UNCERTAINTY_ASSIGNED_CONTEXT((#2921))
GLOBAL_UNIT_ASSIGNED_CONTEXT((#2934,#2936,#2937))
REPRESENTATION_CONTEXT('','3D')
);
#2929=(
GEOMETRIC_REPRESENTATION_CONTEXT(3)
GLOBAL_UNCERTAINTY_ASSIGNED_CONTEXT((#2922))
GLOBAL_UNIT_ASSIGNED_CONTEXT((#2934,#2936,#2937))
REPRESENTATION_CONTEXT('','3D')
);
#2930=(
GEOMETRIC_REPRESENTATION_CONTEXT(3)
GLOBAL_UNCERTAINTY_ASSIGNED_CONTEXT((#2923))
GLOBAL_UNIT_ASSIGNED_CONTEXT((#2934,#2936,#2937))
REPRESENTATION_CONTEXT('','3D')
);
#2931=(
GEOMETRIC_REPRESENTATION_CONTEXT(3)
GLOBAL_UNCERTAINTY_ASSIGNED_CONTEXT((#2924))
GLOBAL_UNIT_ASSIGNED_CONTEXT((#2934,#2936,#2937))
REPRESENTATION_CONTEXT('','3D')
);
#2932=(
GEOMETRIC_REPRESENTATION_CONTEXT(3)
GLOBAL_UNCERTAINTY_ASSIGNED_CONTEXT((#2925))
GLOBAL_UNIT_ASSIGNED_CONTEXT((#2934,#2936,#2937))
REPRESENTATION_CONTEXT('','3D')
);
#2933=(
GEOMETRIC_REPRESENTATION_CONTEXT(3)
GLOBAL_UNCERTAINTY_ASSIGNED_CONTEXT((#2926))
GLOBAL_UNIT_ASSIGNED_CONTEXT((#2934,#2936,#2937))
REPRESENTATION_CONTEXT('','3D')
);
#2934=(
LENGTH_UNIT()
NAMED_UNIT(*)
SI_UNIT(.MILLI.,.METRE.)
);
#2935=(
LENGTH_UNIT()
NAMED_UNIT(*)
SI_UNIT($,.METRE.)
);
#2936=(
NAMED_UNIT(*)
PLANE_ANGLE_UNIT()
SI_UNIT($,.RADIAN.)
);
#2937=(
NAMED_UNIT(*)
SI_UNIT($,.STERADIAN.)
SOLID_ANGLE_UNIT()
);
#2938=SHAPE_DEFINITION_REPRESENTATION(#2944,#2971);
#2939=SHAPE_DEFINITION_REPRESENTATION(#2945,#2972);
#2940=SHAPE_DEFINITION_REPRESENTATION(#2946,#2973);
#2941=SHAPE_DEFINITION_REPRESENTATION(#2948,#2974);
#2942=SHAPE_DEFINITION_REPRESENTATION(#2949,#2975);
#2943=SHAPE_DEFINITION_REPRESENTATION(#2950,#2976);
#2944=PRODUCT_DEFINITION_SHAPE('',$,#2978);
#2945=PRODUCT_DEFINITION_SHAPE('',$,#2979);
#2946=PRODUCT_DEFINITION_SHAPE('',$,#2980);
#2947=PRODUCT_DEFINITION_SHAPE($,$,#74);
#2948=PRODUCT_DEFINITION_SHAPE('',$,#2981);
#2949=PRODUCT_DEFINITION_SHAPE('',$,#2982);
#2950=PRODUCT_DEFINITION_SHAPE('',$,#2983);
#2951=PRODUCT_DEFINITION_SHAPE($,$,#75);
#2952=PRODUCT_DEFINITION_SHAPE($,$,#76);
#2953=PRODUCT_DEFINITION_SHAPE($,$,#77);
#2954=PRODUCT_DEFINITION_SHAPE($,$,#78);
#2955=PRODUCT_DEFINITION_SHAPE($,$,#79);
#2956=PRODUCT_DEFINITION_SHAPE($,$,#80);
#2957=PRODUCT_DEFINITION_SHAPE($,$,#81);
#2958=PRODUCT_DEFINITION_SHAPE($,$,#82);
#2959=PRODUCT_DEFINITION_SHAPE($,$,#83);
#2960=PRODUCT_DEFINITION_SHAPE($,$,#84);
#2961=PRODUCT_DEFINITION_SHAPE($,$,#85);
#2962=PRODUCT_DEFINITION_SHAPE($,$,#86);
#2963=PRODUCT_DEFINITION_SHAPE($,$,#87);
#2964=PRODUCT_DEFINITION_SHAPE($,$,#88);
#2965=PRODUCT_DEFINITION_SHAPE($,$,#89);
#2966=PRODUCT_DEFINITION_SHAPE($,$,#90);
#2967=PRODUCT_DEFINITION_SHAPE($,$,#91);
#2968=PRODUCT_DEFINITION_SHAPE($,$,#92);
#2969=PRODUCT_DEFINITION_SHAPE($,$,#93);
#2970=PRODUCT_DEFINITION_SHAPE($,$,#94);
#2971=SHAPE_REPRESENTATION('',(#1792,#1932,#1933,#1934,#1935,#1936,#1937,
#1938,#1939,#1940,#1941,#1942,#1943,#1944,#1945,#1946,#1947,#1948,#1949,
#1950,#1951),#2927);
#2972=SHAPE_REPRESENTATION('',(#1793,#1839),#2928);
#2973=SHAPE_REPRESENTATION('',(#1794),#2929);
#2974=SHAPE_REPRESENTATION('',(#1840),#2930);
#2975=SHAPE_REPRESENTATION('',(#1869),#2931);
#2976=SHAPE_REPRESENTATION('',(#1923),#2932);
#2977=PRODUCT_DEFINITION_CONTEXT('part definition',#2997,'design');
#2978=PRODUCT_DEFINITION('2026-07-04-18-03-56-832','boards assembly',#2984,
#2977);
#2979=PRODUCT_DEFINITION('2026-06-29-19-11-38-162','eps',#2985,#2977);
#2980=PRODUCT_DEFINITION('2026-06-29-19-02-07-840','pcb_obc',#2986,#2977);
#2981=PRODUCT_DEFINITION('2026-06-29-19-02-07-840_1','pcb_obc',#2987,#2977);
#2982=PRODUCT_DEFINITION('2026-06-29-18-12-51-298','pcb_adcs',#2988,#2977);
#2983=PRODUCT_DEFINITION('2026-06-29-18-57-00-438','standoff',#2989,#2977);
#2984=PRODUCT_DEFINITION_FORMATION('',$,#2999);
#2985=PRODUCT_DEFINITION_FORMATION('',$,#3000);
#2986=PRODUCT_DEFINITION_FORMATION('',$,#3001);
#2987=PRODUCT_DEFINITION_FORMATION('',$,#3002);
#2988=PRODUCT_DEFINITION_FORMATION('',$,#3003);
#2989=PRODUCT_DEFINITION_FORMATION('',$,#3004);
#2990=PRODUCT_RELATED_PRODUCT_CATEGORY('boards assembly',
'boards assembly',(#2999));
#2991=PRODUCT_RELATED_PRODUCT_CATEGORY('eps','eps',(#3000));
#2992=PRODUCT_RELATED_PRODUCT_CATEGORY('pcb_obc','pcb_obc',(#3001));
#2993=PRODUCT_RELATED_PRODUCT_CATEGORY('pcb_obc','pcb_obc',(#3002));
#2994=PRODUCT_RELATED_PRODUCT_CATEGORY('pcb_adcs','pcb_adcs',(#3003));
#2995=PRODUCT_RELATED_PRODUCT_CATEGORY('standoff','standoff',(#3004));
#2996=APPLICATION_PROTOCOL_DEFINITION('international standard',
'automotive_design',2009,#2997);
#2997=APPLICATION_CONTEXT(
'Core Data for Automotive Mechanical Design Process');
#2998=PRODUCT_CONTEXT('part definition',#2997,'mechanical');
#2999=PRODUCT('2026-07-04-18-03-56-832','boards assembly',$,(#2998));
#3000=PRODUCT('2026-06-29-19-11-38-162','eps',$,(#2998));
#3001=PRODUCT('2026-06-29-19-02-07-840','pcb_obc',$,(#2998));
#3002=PRODUCT('2026-06-29-19-02-07-840_1','pcb_obc',$,(#2998));
#3003=PRODUCT('2026-06-29-18-12-51-298','pcb_adcs',$,(#2998));
#3004=PRODUCT('2026-06-29-18-57-00-438','standoff',$,(#2998));
#3005=PRESENTATION_STYLE_ASSIGNMENT((#3009));
#3006=PRESENTATION_STYLE_ASSIGNMENT((#3010));
#3007=PRESENTATION_STYLE_ASSIGNMENT((#3011));
#3008=PRESENTATION_STYLE_ASSIGNMENT((#3012));
#3009=SURFACE_STYLE_USAGE(.BOTH.,#3013);
#3010=SURFACE_STYLE_USAGE(.BOTH.,#3014);
#3011=SURFACE_STYLE_USAGE(.BOTH.,#3015);
#3012=SURFACE_STYLE_USAGE(.BOTH.,#3016);
#3013=SURFACE_SIDE_STYLE('',(#3017));
#3014=SURFACE_SIDE_STYLE('',(#3018));
#3015=SURFACE_SIDE_STYLE('',(#3019));
#3016=SURFACE_SIDE_STYLE('',(#3020));
#3017=SURFACE_STYLE_FILL_AREA(#3021);
#3018=SURFACE_STYLE_FILL_AREA(#3022);
#3019=SURFACE_STYLE_FILL_AREA(#3023);
#3020=SURFACE_STYLE_FILL_AREA(#3024);
#3021=FILL_AREA_STYLE('Steel - Satin',(#3025));
#3022=FILL_AREA_STYLE('Paint - Metallic (Dark Grey)',(#3026));
#3023=FILL_AREA_STYLE('Powder Coat (Green)',(#3027));
#3024=FILL_AREA_STYLE('Paint - Metallic (Silver)',(#3028));
#3025=FILL_AREA_STYLE_COLOUR('Steel - Satin',#3029);
#3026=FILL_AREA_STYLE_COLOUR('Paint - Metallic (Dark Grey)',#3030);
#3027=FILL_AREA_STYLE_COLOUR('Powder Coat (Green)',#3031);
#3028=FILL_AREA_STYLE_COLOUR('Paint - Metallic (Silver)',#3032);
#3029=COLOUR_RGB('Steel - Satin',0.627450980392157,0.627450980392157,0.627450980392157);
#3030=COLOUR_RGB('Paint - Metallic (Dark Grey)',0.349019607843137,0.349019607843137,
0.349019607843137);
#3031=COLOUR_RGB('Powder Coat (Green)',0.266666666666667,0.588235294117647,
0.282352941176471);
#3032=COLOUR_RGB('Paint - Metallic (Silver)',0.984313725490196,0.980392156862745,
0.96078431372549);
ENDSEC;
END-ISO-10303-21;
