ISO-10303-21;
HEADER;
/* Generated by software containing ST-Developer
 * from STEP Tools, Inc. (www.steptools.com) 
 */

FILE_DESCRIPTION(
/* description */ (''),
/* implementation_level */ '2;1');

FILE_NAME(
/* name */ 'Solar_panel.step',
/* time_stamp */ '2026-07-04T18:02:58+05:30',
/* author */ (''),
/* organization */ (''),
/* preprocessor_version */ 'ST-DEVELOPER v20.1',
/* originating_system */ 'Autodesk Translation Framework v15.8.0.0',
/* authorisation */ '');

FILE_SCHEMA (('AUTOMOTIVE_DESIGN { 1 0 10303 214 3 1 1 }'));
ENDSEC;

DATA;
#10=MECHANICAL_DESIGN_GEOMETRIC_PRESENTATION_REPRESENTATION('',(#13),#3747);
#11=SHAPE_REPRESENTATION_RELATIONSHIP('SRR','None',#3754,#12);
#12=ADVANCED_BREP_SHAPE_REPRESENTATION('',(#14),#3746);
#13=STYLED_ITEM('',(#3764),#14);
#14=MANIFOLD_SOLID_BREP('Body1',#2359);
#15=FACE_BOUND('',#347,.T.);
#16=FACE_BOUND('',#368,.T.);
#17=FACE_BOUND('',#399,.T.);
#18=FACE_BOUND('',#430,.T.);
#19=FACE_BOUND('',#436,.T.);
#20=FACE_BOUND('',#437,.T.);
#21=FACE_BOUND('',#438,.T.);
#22=FACE_BOUND('',#439,.T.);
#23=FACE_BOUND('',#440,.T.);
#24=FACE_BOUND('',#441,.T.);
#25=FACE_BOUND('',#442,.T.);
#26=FACE_BOUND('',#443,.T.);
#27=FACE_BOUND('',#444,.T.);
#28=FACE_BOUND('',#445,.T.);
#29=FACE_BOUND('',#446,.T.);
#30=FACE_BOUND('',#447,.T.);
#31=FACE_BOUND('',#448,.T.);
#32=FACE_BOUND('',#449,.T.);
#33=FACE_BOUND('',#450,.T.);
#34=FACE_BOUND('',#451,.T.);
#35=FACE_BOUND('',#452,.T.);
#36=FACE_BOUND('',#453,.T.);
#37=FACE_BOUND('',#454,.T.);
#38=FACE_BOUND('',#455,.T.);
#39=FACE_BOUND('',#456,.T.);
#40=FACE_BOUND('',#457,.T.);
#41=FACE_BOUND('',#458,.T.);
#42=FACE_BOUND('',#459,.T.);
#43=FACE_BOUND('',#461,.T.);
#44=FACE_BOUND('',#462,.T.);
#45=FACE_BOUND('',#463,.T.);
#46=FACE_BOUND('',#464,.T.);
#47=PLANE('',#2385);
#48=PLANE('',#2386);
#49=PLANE('',#2387);
#50=PLANE('',#2388);
#51=PLANE('',#2389);
#52=PLANE('',#2390);
#53=PLANE('',#2391);
#54=PLANE('',#2392);
#55=PLANE('',#2393);
#56=PLANE('',#2394);
#57=PLANE('',#2395);
#58=PLANE('',#2396);
#59=PLANE('',#2397);
#60=PLANE('',#2398);
#61=PLANE('',#2399);
#62=PLANE('',#2400);
#63=PLANE('',#2401);
#64=PLANE('',#2402);
#65=PLANE('',#2403);
#66=PLANE('',#2404);
#67=PLANE('',#2405);
#68=PLANE('',#2406);
#69=PLANE('',#2407);
#70=PLANE('',#2408);
#71=PLANE('',#2409);
#72=PLANE('',#2410);
#73=PLANE('',#2411);
#74=PLANE('',#2412);
#75=PLANE('',#2413);
#76=PLANE('',#2414);
#77=PLANE('',#2415);
#78=PLANE('',#2416);
#79=PLANE('',#2417);
#80=PLANE('',#2418);
#81=PLANE('',#2419);
#82=PLANE('',#2420);
#83=PLANE('',#2421);
#84=PLANE('',#2422);
#85=PLANE('',#2423);
#86=PLANE('',#2424);
#87=PLANE('',#2425);
#88=PLANE('',#2426);
#89=PLANE('',#2427);
#90=PLANE('',#2428);
#91=PLANE('',#2429);
#92=PLANE('',#2430);
#93=PLANE('',#2431);
#94=PLANE('',#2432);
#95=PLANE('',#2433);
#96=PLANE('',#2434);
#97=PLANE('',#2435);
#98=PLANE('',#2436);
#99=PLANE('',#2437);
#100=PLANE('',#2438);
#101=PLANE('',#2439);
#102=PLANE('',#2440);
#103=PLANE('',#2441);
#104=PLANE('',#2442);
#105=PLANE('',#2443);
#106=PLANE('',#2444);
#107=PLANE('',#2445);
#108=PLANE('',#2446);
#109=PLANE('',#2447);
#110=PLANE('',#2448);
#111=PLANE('',#2449);
#112=PLANE('',#2450);
#113=PLANE('',#2451);
#114=PLANE('',#2452);
#115=PLANE('',#2453);
#116=PLANE('',#2454);
#117=PLANE('',#2455);
#118=PLANE('',#2456);
#119=PLANE('',#2457);
#120=PLANE('',#2458);
#121=PLANE('',#2459);
#122=PLANE('',#2460);
#123=PLANE('',#2461);
#124=PLANE('',#2462);
#125=PLANE('',#2463);
#126=PLANE('',#2464);
#127=PLANE('',#2465);
#128=PLANE('',#2466);
#129=PLANE('',#2467);
#130=PLANE('',#2468);
#131=PLANE('',#2469);
#132=PLANE('',#2470);
#133=PLANE('',#2471);
#134=PLANE('',#2472);
#135=PLANE('',#2473);
#136=PLANE('',#2474);
#137=PLANE('',#2475);
#138=PLANE('',#2476);
#139=PLANE('',#2477);
#140=PLANE('',#2478);
#141=PLANE('',#2479);
#142=PLANE('',#2480);
#143=PLANE('',#2481);
#144=PLANE('',#2482);
#145=PLANE('',#2483);
#146=PLANE('',#2484);
#147=PLANE('',#2485);
#148=PLANE('',#2486);
#149=PLANE('',#2487);
#150=PLANE('',#2488);
#151=PLANE('',#2489);
#152=PLANE('',#2490);
#153=PLANE('',#2491);
#154=PLANE('',#2492);
#155=PLANE('',#2493);
#156=PLANE('',#2494);
#157=PLANE('',#2495);
#158=PLANE('',#2496);
#159=PLANE('',#2497);
#160=PLANE('',#2498);
#161=PLANE('',#2499);
#162=PLANE('',#2500);
#163=PLANE('',#2501);
#164=PLANE('',#2502);
#165=PLANE('',#2503);
#166=PLANE('',#2504);
#167=PLANE('',#2505);
#168=PLANE('',#2506);
#169=PLANE('',#2507);
#170=PLANE('',#2508);
#171=PLANE('',#2509);
#172=PLANE('',#2510);
#173=FACE_OUTER_BOUND('',#303,.T.);
#174=FACE_OUTER_BOUND('',#304,.T.);
#175=FACE_OUTER_BOUND('',#305,.T.);
#176=FACE_OUTER_BOUND('',#306,.T.);
#177=FACE_OUTER_BOUND('',#307,.T.);
#178=FACE_OUTER_BOUND('',#308,.T.);
#179=FACE_OUTER_BOUND('',#309,.T.);
#180=FACE_OUTER_BOUND('',#310,.T.);
#181=FACE_OUTER_BOUND('',#311,.T.);
#182=FACE_OUTER_BOUND('',#312,.T.);
#183=FACE_OUTER_BOUND('',#313,.T.);
#184=FACE_OUTER_BOUND('',#314,.T.);
#185=FACE_OUTER_BOUND('',#315,.T.);
#186=FACE_OUTER_BOUND('',#316,.T.);
#187=FACE_OUTER_BOUND('',#317,.T.);
#188=FACE_OUTER_BOUND('',#318,.T.);
#189=FACE_OUTER_BOUND('',#319,.T.);
#190=FACE_OUTER_BOUND('',#320,.T.);
#191=FACE_OUTER_BOUND('',#321,.T.);
#192=FACE_OUTER_BOUND('',#322,.T.);
#193=FACE_OUTER_BOUND('',#323,.T.);
#194=FACE_OUTER_BOUND('',#324,.T.);
#195=FACE_OUTER_BOUND('',#325,.T.);
#196=FACE_OUTER_BOUND('',#326,.T.);
#197=FACE_OUTER_BOUND('',#327,.T.);
#198=FACE_OUTER_BOUND('',#328,.T.);
#199=FACE_OUTER_BOUND('',#329,.T.);
#200=FACE_OUTER_BOUND('',#330,.T.);
#201=FACE_OUTER_BOUND('',#331,.T.);
#202=FACE_OUTER_BOUND('',#332,.T.);
#203=FACE_OUTER_BOUND('',#333,.T.);
#204=FACE_OUTER_BOUND('',#334,.T.);
#205=FACE_OUTER_BOUND('',#335,.T.);
#206=FACE_OUTER_BOUND('',#336,.T.);
#207=FACE_OUTER_BOUND('',#337,.T.);
#208=FACE_OUTER_BOUND('',#338,.T.);
#209=FACE_OUTER_BOUND('',#339,.T.);
#210=FACE_OUTER_BOUND('',#340,.T.);
#211=FACE_OUTER_BOUND('',#341,.T.);
#212=FACE_OUTER_BOUND('',#342,.T.);
#213=FACE_OUTER_BOUND('',#343,.T.);
#214=FACE_OUTER_BOUND('',#344,.T.);
#215=FACE_OUTER_BOUND('',#345,.T.);
#216=FACE_OUTER_BOUND('',#346,.T.);
#217=FACE_OUTER_BOUND('',#348,.T.);
#218=FACE_OUTER_BOUND('',#349,.T.);
#219=FACE_OUTER_BOUND('',#350,.T.);
#220=FACE_OUTER_BOUND('',#351,.T.);
#221=FACE_OUTER_BOUND('',#352,.T.);
#222=FACE_OUTER_BOUND('',#353,.T.);
#223=FACE_OUTER_BOUND('',#354,.T.);
#224=FACE_OUTER_BOUND('',#355,.T.);
#225=FACE_OUTER_BOUND('',#356,.T.);
#226=FACE_OUTER_BOUND('',#357,.T.);
#227=FACE_OUTER_BOUND('',#358,.T.);
#228=FACE_OUTER_BOUND('',#359,.T.);
#229=FACE_OUTER_BOUND('',#360,.T.);
#230=FACE_OUTER_BOUND('',#361,.T.);
#231=FACE_OUTER_BOUND('',#362,.T.);
#232=FACE_OUTER_BOUND('',#363,.T.);
#233=FACE_OUTER_BOUND('',#364,.T.);
#234=FACE_OUTER_BOUND('',#365,.T.);
#235=FACE_OUTER_BOUND('',#366,.T.);
#236=FACE_OUTER_BOUND('',#367,.T.);
#237=FACE_OUTER_BOUND('',#369,.T.);
#238=FACE_OUTER_BOUND('',#370,.T.);
#239=FACE_OUTER_BOUND('',#371,.T.);
#240=FACE_OUTER_BOUND('',#372,.T.);
#241=FACE_OUTER_BOUND('',#373,.T.);
#242=FACE_OUTER_BOUND('',#374,.T.);
#243=FACE_OUTER_BOUND('',#375,.T.);
#244=FACE_OUTER_BOUND('',#376,.T.);
#245=FACE_OUTER_BOUND('',#377,.T.);
#246=FACE_OUTER_BOUND('',#378,.T.);
#247=FACE_OUTER_BOUND('',#379,.T.);
#248=FACE_OUTER_BOUND('',#380,.T.);
#249=FACE_OUTER_BOUND('',#381,.T.);
#250=FACE_OUTER_BOUND('',#382,.T.);
#251=FACE_OUTER_BOUND('',#383,.T.);
#252=FACE_OUTER_BOUND('',#384,.T.);
#253=FACE_OUTER_BOUND('',#385,.T.);
#254=FACE_OUTER_BOUND('',#386,.T.);
#255=FACE_OUTER_BOUND('',#387,.T.);
#256=FACE_OUTER_BOUND('',#388,.T.);
#257=FACE_OUTER_BOUND('',#389,.T.);
#258=FACE_OUTER_BOUND('',#390,.T.);
#259=FACE_OUTER_BOUND('',#391,.T.);
#260=FACE_OUTER_BOUND('',#392,.T.);
#261=FACE_OUTER_BOUND('',#393,.T.);
#262=FACE_OUTER_BOUND('',#394,.T.);
#263=FACE_OUTER_BOUND('',#395,.T.);
#264=FACE_OUTER_BOUND('',#396,.T.);
#265=FACE_OUTER_BOUND('',#397,.T.);
#266=FACE_OUTER_BOUND('',#398,.T.);
#267=FACE_OUTER_BOUND('',#400,.T.);
#268=FACE_OUTER_BOUND('',#401,.T.);
#269=FACE_OUTER_BOUND('',#402,.T.);
#270=FACE_OUTER_BOUND('',#403,.T.);
#271=FACE_OUTER_BOUND('',#404,.T.);
#272=FACE_OUTER_BOUND('',#405,.T.);
#273=FACE_OUTER_BOUND('',#406,.T.);
#274=FACE_OUTER_BOUND('',#407,.T.);
#275=FACE_OUTER_BOUND('',#408,.T.);
#276=FACE_OUTER_BOUND('',#409,.T.);
#277=FACE_OUTER_BOUND('',#410,.T.);
#278=FACE_OUTER_BOUND('',#411,.T.);
#279=FACE_OUTER_BOUND('',#412,.T.);
#280=FACE_OUTER_BOUND('',#413,.T.);
#281=FACE_OUTER_BOUND('',#414,.T.);
#282=FACE_OUTER_BOUND('',#415,.T.);
#283=FACE_OUTER_BOUND('',#416,.T.);
#284=FACE_OUTER_BOUND('',#417,.T.);
#285=FACE_OUTER_BOUND('',#418,.T.);
#286=FACE_OUTER_BOUND('',#419,.T.);
#287=FACE_OUTER_BOUND('',#420,.T.);
#288=FACE_OUTER_BOUND('',#421,.T.);
#289=FACE_OUTER_BOUND('',#422,.T.);
#290=FACE_OUTER_BOUND('',#423,.T.);
#291=FACE_OUTER_BOUND('',#424,.T.);
#292=FACE_OUTER_BOUND('',#425,.T.);
#293=FACE_OUTER_BOUND('',#426,.T.);
#294=FACE_OUTER_BOUND('',#427,.T.);
#295=FACE_OUTER_BOUND('',#428,.T.);
#296=FACE_OUTER_BOUND('',#429,.T.);
#297=FACE_OUTER_BOUND('',#431,.T.);
#298=FACE_OUTER_BOUND('',#432,.T.);
#299=FACE_OUTER_BOUND('',#433,.T.);
#300=FACE_OUTER_BOUND('',#434,.T.);
#301=FACE_OUTER_BOUND('',#435,.T.);
#302=FACE_OUTER_BOUND('',#460,.T.);
#303=EDGE_LOOP('',(#1601,#1602,#1603,#1604));
#304=EDGE_LOOP('',(#1605,#1606,#1607,#1608));
#305=EDGE_LOOP('',(#1609,#1610,#1611,#1612));
#306=EDGE_LOOP('',(#1613,#1614,#1615,#1616));
#307=EDGE_LOOP('',(#1617,#1618,#1619,#1620));
#308=EDGE_LOOP('',(#1621,#1622,#1623,#1624));
#309=EDGE_LOOP('',(#1625,#1626,#1627,#1628));
#310=EDGE_LOOP('',(#1629,#1630,#1631,#1632));
#311=EDGE_LOOP('',(#1633,#1634,#1635,#1636));
#312=EDGE_LOOP('',(#1637,#1638,#1639,#1640));
#313=EDGE_LOOP('',(#1641,#1642,#1643,#1644));
#314=EDGE_LOOP('',(#1645,#1646,#1647,#1648));
#315=EDGE_LOOP('',(#1649,#1650,#1651,#1652));
#316=EDGE_LOOP('',(#1653,#1654,#1655,#1656));
#317=EDGE_LOOP('',(#1657,#1658,#1659,#1660));
#318=EDGE_LOOP('',(#1661,#1662,#1663,#1664));
#319=EDGE_LOOP('',(#1665,#1666,#1667,#1668));
#320=EDGE_LOOP('',(#1669,#1670,#1671,#1672));
#321=EDGE_LOOP('',(#1673,#1674,#1675,#1676));
#322=EDGE_LOOP('',(#1677,#1678,#1679,#1680));
#323=EDGE_LOOP('',(#1681,#1682,#1683,#1684));
#324=EDGE_LOOP('',(#1685,#1686,#1687,#1688));
#325=EDGE_LOOP('',(#1689,#1690,#1691,#1692));
#326=EDGE_LOOP('',(#1693,#1694,#1695,#1696));
#327=EDGE_LOOP('',(#1697,#1698,#1699,#1700));
#328=EDGE_LOOP('',(#1701,#1702,#1703,#1704));
#329=EDGE_LOOP('',(#1705,#1706,#1707,#1708));
#330=EDGE_LOOP('',(#1709,#1710,#1711,#1712));
#331=EDGE_LOOP('',(#1713,#1714,#1715,#1716));
#332=EDGE_LOOP('',(#1717,#1718,#1719,#1720));
#333=EDGE_LOOP('',(#1721,#1722,#1723,#1724));
#334=EDGE_LOOP('',(#1725,#1726,#1727,#1728));
#335=EDGE_LOOP('',(#1729,#1730,#1731,#1732));
#336=EDGE_LOOP('',(#1733,#1734,#1735,#1736));
#337=EDGE_LOOP('',(#1737,#1738,#1739,#1740));
#338=EDGE_LOOP('',(#1741,#1742,#1743,#1744));
#339=EDGE_LOOP('',(#1745,#1746,#1747,#1748));
#340=EDGE_LOOP('',(#1749,#1750,#1751,#1752));
#341=EDGE_LOOP('',(#1753,#1754,#1755,#1756));
#342=EDGE_LOOP('',(#1757,#1758,#1759,#1760));
#343=EDGE_LOOP('',(#1761,#1762,#1763,#1764));
#344=EDGE_LOOP('',(#1765,#1766,#1767,#1768));
#345=EDGE_LOOP('',(#1769,#1770,#1771,#1772));
#346=EDGE_LOOP('',(#1773,#1774,#1775,#1776));
#347=EDGE_LOOP('',(#1777));
#348=EDGE_LOOP('',(#1778,#1779,#1780,#1781));
#349=EDGE_LOOP('',(#1782,#1783,#1784,#1785));
#350=EDGE_LOOP('',(#1786,#1787,#1788,#1789));
#351=EDGE_LOOP('',(#1790,#1791,#1792,#1793));
#352=EDGE_LOOP('',(#1794,#1795,#1796,#1797));
#353=EDGE_LOOP('',(#1798,#1799,#1800,#1801));
#354=EDGE_LOOP('',(#1802,#1803,#1804,#1805));
#355=EDGE_LOOP('',(#1806,#1807,#1808,#1809));
#356=EDGE_LOOP('',(#1810,#1811,#1812,#1813));
#357=EDGE_LOOP('',(#1814,#1815,#1816,#1817));
#358=EDGE_LOOP('',(#1818,#1819,#1820,#1821));
#359=EDGE_LOOP('',(#1822,#1823,#1824,#1825));
#360=EDGE_LOOP('',(#1826,#1827,#1828,#1829));
#361=EDGE_LOOP('',(#1830,#1831,#1832,#1833));
#362=EDGE_LOOP('',(#1834,#1835,#1836,#1837));
#363=EDGE_LOOP('',(#1838,#1839,#1840,#1841));
#364=EDGE_LOOP('',(#1842,#1843,#1844,#1845));
#365=EDGE_LOOP('',(#1846,#1847,#1848,#1849));
#366=EDGE_LOOP('',(#1850,#1851,#1852,#1853));
#367=EDGE_LOOP('',(#1854,#1855,#1856,#1857));
#368=EDGE_LOOP('',(#1858));
#369=EDGE_LOOP('',(#1859,#1860,#1861,#1862));
#370=EDGE_LOOP('',(#1863,#1864,#1865,#1866));
#371=EDGE_LOOP('',(#1867,#1868,#1869,#1870));
#372=EDGE_LOOP('',(#1871,#1872,#1873,#1874));
#373=EDGE_LOOP('',(#1875,#1876,#1877,#1878));
#374=EDGE_LOOP('',(#1879,#1880,#1881,#1882));
#375=EDGE_LOOP('',(#1883,#1884,#1885,#1886));
#376=EDGE_LOOP('',(#1887,#1888,#1889,#1890));
#377=EDGE_LOOP('',(#1891,#1892,#1893,#1894));
#378=EDGE_LOOP('',(#1895,#1896,#1897,#1898));
#379=EDGE_LOOP('',(#1899,#1900,#1901,#1902));
#380=EDGE_LOOP('',(#1903,#1904,#1905,#1906));
#381=EDGE_LOOP('',(#1907,#1908,#1909,#1910));
#382=EDGE_LOOP('',(#1911,#1912,#1913,#1914));
#383=EDGE_LOOP('',(#1915,#1916,#1917,#1918));
#384=EDGE_LOOP('',(#1919,#1920,#1921,#1922));
#385=EDGE_LOOP('',(#1923,#1924,#1925,#1926));
#386=EDGE_LOOP('',(#1927,#1928,#1929,#1930));
#387=EDGE_LOOP('',(#1931,#1932,#1933,#1934));
#388=EDGE_LOOP('',(#1935,#1936,#1937,#1938));
#389=EDGE_LOOP('',(#1939,#1940,#1941,#1942));
#390=EDGE_LOOP('',(#1943,#1944,#1945,#1946));
#391=EDGE_LOOP('',(#1947,#1948,#1949,#1950));
#392=EDGE_LOOP('',(#1951,#1952,#1953,#1954));
#393=EDGE_LOOP('',(#1955,#1956,#1957,#1958));
#394=EDGE_LOOP('',(#1959,#1960,#1961,#1962));
#395=EDGE_LOOP('',(#1963,#1964,#1965,#1966));
#396=EDGE_LOOP('',(#1967,#1968,#1969,#1970));
#397=EDGE_LOOP('',(#1971,#1972,#1973,#1974));
#398=EDGE_LOOP('',(#1975,#1976,#1977,#1978));
#399=EDGE_LOOP('',(#1979));
#400=EDGE_LOOP('',(#1980,#1981,#1982,#1983));
#401=EDGE_LOOP('',(#1984,#1985,#1986,#1987));
#402=EDGE_LOOP('',(#1988,#1989,#1990,#1991));
#403=EDGE_LOOP('',(#1992,#1993,#1994,#1995));
#404=EDGE_LOOP('',(#1996,#1997,#1998,#1999));
#405=EDGE_LOOP('',(#2000,#2001,#2002,#2003));
#406=EDGE_LOOP('',(#2004,#2005,#2006,#2007));
#407=EDGE_LOOP('',(#2008,#2009,#2010,#2011));
#408=EDGE_LOOP('',(#2012,#2013,#2014,#2015));
#409=EDGE_LOOP('',(#2016,#2017,#2018,#2019));
#410=EDGE_LOOP('',(#2020,#2021,#2022,#2023));
#411=EDGE_LOOP('',(#2024,#2025,#2026,#2027));
#412=EDGE_LOOP('',(#2028,#2029,#2030,#2031));
#413=EDGE_LOOP('',(#2032,#2033,#2034,#2035));
#414=EDGE_LOOP('',(#2036,#2037,#2038,#2039));
#415=EDGE_LOOP('',(#2040,#2041,#2042,#2043));
#416=EDGE_LOOP('',(#2044,#2045,#2046,#2047));
#417=EDGE_LOOP('',(#2048,#2049,#2050,#2051));
#418=EDGE_LOOP('',(#2052,#2053,#2054,#2055));
#419=EDGE_LOOP('',(#2056,#2057,#2058,#2059));
#420=EDGE_LOOP('',(#2060,#2061,#2062,#2063));
#421=EDGE_LOOP('',(#2064,#2065,#2066,#2067));
#422=EDGE_LOOP('',(#2068,#2069,#2070,#2071));
#423=EDGE_LOOP('',(#2072,#2073,#2074,#2075));
#424=EDGE_LOOP('',(#2076,#2077,#2078,#2079));
#425=EDGE_LOOP('',(#2080,#2081,#2082,#2083));
#426=EDGE_LOOP('',(#2084,#2085,#2086,#2087));
#427=EDGE_LOOP('',(#2088,#2089,#2090,#2091));
#428=EDGE_LOOP('',(#2092,#2093,#2094,#2095));
#429=EDGE_LOOP('',(#2096,#2097,#2098,#2099));
#430=EDGE_LOOP('',(#2100));
#431=EDGE_LOOP('',(#2101,#2102,#2103,#2104));
#432=EDGE_LOOP('',(#2105,#2106,#2107,#2108));
#433=EDGE_LOOP('',(#2109,#2110,#2111,#2112));
#434=EDGE_LOOP('',(#2113,#2114,#2115,#2116));
#435=EDGE_LOOP('',(#2117,#2118,#2119,#2120));
#436=EDGE_LOOP('',(#2121,#2122,#2123,#2124));
#437=EDGE_LOOP('',(#2125,#2126,#2127,#2128));
#438=EDGE_LOOP('',(#2129,#2130,#2131,#2132));
#439=EDGE_LOOP('',(#2133,#2134,#2135,#2136));
#440=EDGE_LOOP('',(#2137,#2138,#2139,#2140));
#441=EDGE_LOOP('',(#2141,#2142,#2143,#2144));
#442=EDGE_LOOP('',(#2145,#2146,#2147,#2148));
#443=EDGE_LOOP('',(#2149,#2150,#2151,#2152));
#444=EDGE_LOOP('',(#2153,#2154,#2155,#2156));
#445=EDGE_LOOP('',(#2157,#2158,#2159,#2160));
#446=EDGE_LOOP('',(#2161,#2162,#2163,#2164));
#447=EDGE_LOOP('',(#2165,#2166,#2167,#2168));
#448=EDGE_LOOP('',(#2169,#2170,#2171,#2172));
#449=EDGE_LOOP('',(#2173,#2174,#2175,#2176));
#450=EDGE_LOOP('',(#2177,#2178,#2179,#2180));
#451=EDGE_LOOP('',(#2181,#2182,#2183,#2184));
#452=EDGE_LOOP('',(#2185,#2186,#2187,#2188));
#453=EDGE_LOOP('',(#2189,#2190,#2191,#2192));
#454=EDGE_LOOP('',(#2193,#2194,#2195,#2196));
#455=EDGE_LOOP('',(#2197,#2198,#2199,#2200));
#456=EDGE_LOOP('',(#2201,#2202,#2203,#2204));
#457=EDGE_LOOP('',(#2205,#2206,#2207,#2208));
#458=EDGE_LOOP('',(#2209,#2210,#2211,#2212));
#459=EDGE_LOOP('',(#2213,#2214,#2215,#2216));
#460=EDGE_LOOP('',(#2217,#2218,#2219,#2220));
#461=EDGE_LOOP('',(#2221));
#462=EDGE_LOOP('',(#2222));
#463=EDGE_LOOP('',(#2223));
#464=EDGE_LOOP('',(#2224));
#465=LINE('',#3098,#769);
#466=LINE('',#3104,#770);
#467=LINE('',#3110,#771);
#468=LINE('',#3116,#772);
#469=LINE('',#3121,#773);
#470=LINE('',#3123,#774);
#471=LINE('',#3125,#775);
#472=LINE('',#3126,#776);
#473=LINE('',#3129,#777);
#474=LINE('',#3131,#778);
#475=LINE('',#3132,#779);
#476=LINE('',#3135,#780);
#477=LINE('',#3137,#781);
#478=LINE('',#3138,#782);
#479=LINE('',#3140,#783);
#480=LINE('',#3141,#784);
#481=LINE('',#3146,#785);
#482=LINE('',#3148,#786);
#483=LINE('',#3150,#787);
#484=LINE('',#3151,#788);
#485=LINE('',#3154,#789);
#486=LINE('',#3156,#790);
#487=LINE('',#3157,#791);
#488=LINE('',#3160,#792);
#489=LINE('',#3162,#793);
#490=LINE('',#3163,#794);
#491=LINE('',#3165,#795);
#492=LINE('',#3166,#796);
#493=LINE('',#3171,#797);
#494=LINE('',#3173,#798);
#495=LINE('',#3175,#799);
#496=LINE('',#3176,#800);
#497=LINE('',#3179,#801);
#498=LINE('',#3181,#802);
#499=LINE('',#3182,#803);
#500=LINE('',#3185,#804);
#501=LINE('',#3187,#805);
#502=LINE('',#3188,#806);
#503=LINE('',#3190,#807);
#504=LINE('',#3191,#808);
#505=LINE('',#3196,#809);
#506=LINE('',#3198,#810);
#507=LINE('',#3200,#811);
#508=LINE('',#3201,#812);
#509=LINE('',#3204,#813);
#510=LINE('',#3206,#814);
#511=LINE('',#3207,#815);
#512=LINE('',#3210,#816);
#513=LINE('',#3212,#817);
#514=LINE('',#3213,#818);
#515=LINE('',#3215,#819);
#516=LINE('',#3216,#820);
#517=LINE('',#3221,#821);
#518=LINE('',#3223,#822);
#519=LINE('',#3225,#823);
#520=LINE('',#3226,#824);
#521=LINE('',#3229,#825);
#522=LINE('',#3231,#826);
#523=LINE('',#3232,#827);
#524=LINE('',#3235,#828);
#525=LINE('',#3237,#829);
#526=LINE('',#3238,#830);
#527=LINE('',#3240,#831);
#528=LINE('',#3241,#832);
#529=LINE('',#3246,#833);
#530=LINE('',#3248,#834);
#531=LINE('',#3250,#835);
#532=LINE('',#3251,#836);
#533=LINE('',#3254,#837);
#534=LINE('',#3256,#838);
#535=LINE('',#3257,#839);
#536=LINE('',#3260,#840);
#537=LINE('',#3262,#841);
#538=LINE('',#3263,#842);
#539=LINE('',#3265,#843);
#540=LINE('',#3266,#844);
#541=LINE('',#3271,#845);
#542=LINE('',#3273,#846);
#543=LINE('',#3275,#847);
#544=LINE('',#3276,#848);
#545=LINE('',#3279,#849);
#546=LINE('',#3281,#850);
#547=LINE('',#3282,#851);
#548=LINE('',#3285,#852);
#549=LINE('',#3287,#853);
#550=LINE('',#3288,#854);
#551=LINE('',#3290,#855);
#552=LINE('',#3291,#856);
#553=LINE('',#3296,#857);
#554=LINE('',#3298,#858);
#555=LINE('',#3300,#859);
#556=LINE('',#3301,#860);
#557=LINE('',#3304,#861);
#558=LINE('',#3306,#862);
#559=LINE('',#3307,#863);
#560=LINE('',#3310,#864);
#561=LINE('',#3312,#865);
#562=LINE('',#3313,#866);
#563=LINE('',#3315,#867);
#564=LINE('',#3316,#868);
#565=LINE('',#3321,#869);
#566=LINE('',#3323,#870);
#567=LINE('',#3325,#871);
#568=LINE('',#3326,#872);
#569=LINE('',#3329,#873);
#570=LINE('',#3331,#874);
#571=LINE('',#3332,#875);
#572=LINE('',#3335,#876);
#573=LINE('',#3337,#877);
#574=LINE('',#3338,#878);
#575=LINE('',#3340,#879);
#576=LINE('',#3341,#880);
#577=LINE('',#3346,#881);
#578=LINE('',#3348,#882);
#579=LINE('',#3350,#883);
#580=LINE('',#3351,#884);
#581=LINE('',#3354,#885);
#582=LINE('',#3356,#886);
#583=LINE('',#3357,#887);
#584=LINE('',#3360,#888);
#585=LINE('',#3362,#889);
#586=LINE('',#3363,#890);
#587=LINE('',#3365,#891);
#588=LINE('',#3366,#892);
#589=LINE('',#3371,#893);
#590=LINE('',#3373,#894);
#591=LINE('',#3375,#895);
#592=LINE('',#3376,#896);
#593=LINE('',#3379,#897);
#594=LINE('',#3381,#898);
#595=LINE('',#3382,#899);
#596=LINE('',#3385,#900);
#597=LINE('',#3387,#901);
#598=LINE('',#3388,#902);
#599=LINE('',#3390,#903);
#600=LINE('',#3391,#904);
#601=LINE('',#3396,#905);
#602=LINE('',#3398,#906);
#603=LINE('',#3400,#907);
#604=LINE('',#3401,#908);
#605=LINE('',#3404,#909);
#606=LINE('',#3406,#910);
#607=LINE('',#3407,#911);
#608=LINE('',#3410,#912);
#609=LINE('',#3412,#913);
#610=LINE('',#3413,#914);
#611=LINE('',#3415,#915);
#612=LINE('',#3416,#916);
#613=LINE('',#3421,#917);
#614=LINE('',#3423,#918);
#615=LINE('',#3425,#919);
#616=LINE('',#3426,#920);
#617=LINE('',#3429,#921);
#618=LINE('',#3431,#922);
#619=LINE('',#3432,#923);
#620=LINE('',#3435,#924);
#621=LINE('',#3437,#925);
#622=LINE('',#3438,#926);
#623=LINE('',#3440,#927);
#624=LINE('',#3441,#928);
#625=LINE('',#3446,#929);
#626=LINE('',#3448,#930);
#627=LINE('',#3450,#931);
#628=LINE('',#3451,#932);
#629=LINE('',#3454,#933);
#630=LINE('',#3456,#934);
#631=LINE('',#3457,#935);
#632=LINE('',#3460,#936);
#633=LINE('',#3462,#937);
#634=LINE('',#3463,#938);
#635=LINE('',#3465,#939);
#636=LINE('',#3466,#940);
#637=LINE('',#3471,#941);
#638=LINE('',#3473,#942);
#639=LINE('',#3475,#943);
#640=LINE('',#3476,#944);
#641=LINE('',#3479,#945);
#642=LINE('',#3481,#946);
#643=LINE('',#3482,#947);
#644=LINE('',#3485,#948);
#645=LINE('',#3487,#949);
#646=LINE('',#3488,#950);
#647=LINE('',#3490,#951);
#648=LINE('',#3491,#952);
#649=LINE('',#3496,#953);
#650=LINE('',#3498,#954);
#651=LINE('',#3500,#955);
#652=LINE('',#3501,#956);
#653=LINE('',#3504,#957);
#654=LINE('',#3506,#958);
#655=LINE('',#3507,#959);
#656=LINE('',#3510,#960);
#657=LINE('',#3512,#961);
#658=LINE('',#3513,#962);
#659=LINE('',#3515,#963);
#660=LINE('',#3516,#964);
#661=LINE('',#3521,#965);
#662=LINE('',#3523,#966);
#663=LINE('',#3525,#967);
#664=LINE('',#3526,#968);
#665=LINE('',#3529,#969);
#666=LINE('',#3531,#970);
#667=LINE('',#3532,#971);
#668=LINE('',#3535,#972);
#669=LINE('',#3537,#973);
#670=LINE('',#3538,#974);
#671=LINE('',#3540,#975);
#672=LINE('',#3541,#976);
#673=LINE('',#3546,#977);
#674=LINE('',#3548,#978);
#675=LINE('',#3550,#979);
#676=LINE('',#3551,#980);
#677=LINE('',#3554,#981);
#678=LINE('',#3556,#982);
#679=LINE('',#3557,#983);
#680=LINE('',#3560,#984);
#681=LINE('',#3562,#985);
#682=LINE('',#3563,#986);
#683=LINE('',#3565,#987);
#684=LINE('',#3566,#988);
#685=LINE('',#3571,#989);
#686=LINE('',#3573,#990);
#687=LINE('',#3575,#991);
#688=LINE('',#3576,#992);
#689=LINE('',#3579,#993);
#690=LINE('',#3581,#994);
#691=LINE('',#3582,#995);
#692=LINE('',#3585,#996);
#693=LINE('',#3587,#997);
#694=LINE('',#3588,#998);
#695=LINE('',#3590,#999);
#696=LINE('',#3591,#1000);
#697=LINE('',#3596,#1001);
#698=LINE('',#3598,#1002);
#699=LINE('',#3600,#1003);
#700=LINE('',#3601,#1004);
#701=LINE('',#3604,#1005);
#702=LINE('',#3606,#1006);
#703=LINE('',#3607,#1007);
#704=LINE('',#3610,#1008);
#705=LINE('',#3612,#1009);
#706=LINE('',#3613,#1010);
#707=LINE('',#3615,#1011);
#708=LINE('',#3616,#1012);
#709=LINE('',#3621,#1013);
#710=LINE('',#3623,#1014);
#711=LINE('',#3625,#1015);
#712=LINE('',#3626,#1016);
#713=LINE('',#3629,#1017);
#714=LINE('',#3631,#1018);
#715=LINE('',#3632,#1019);
#716=LINE('',#3635,#1020);
#717=LINE('',#3637,#1021);
#718=LINE('',#3638,#1022);
#719=LINE('',#3640,#1023);
#720=LINE('',#3641,#1024);
#721=LINE('',#3646,#1025);
#722=LINE('',#3648,#1026);
#723=LINE('',#3650,#1027);
#724=LINE('',#3651,#1028);
#725=LINE('',#3654,#1029);
#726=LINE('',#3656,#1030);
#727=LINE('',#3657,#1031);
#728=LINE('',#3660,#1032);
#729=LINE('',#3662,#1033);
#730=LINE('',#3663,#1034);
#731=LINE('',#3665,#1035);
#732=LINE('',#3666,#1036);
#733=LINE('',#3671,#1037);
#734=LINE('',#3673,#1038);
#735=LINE('',#3675,#1039);
#736=LINE('',#3676,#1040);
#737=LINE('',#3679,#1041);
#738=LINE('',#3681,#1042);
#739=LINE('',#3682,#1043);
#740=LINE('',#3685,#1044);
#741=LINE('',#3687,#1045);
#742=LINE('',#3688,#1046);
#743=LINE('',#3690,#1047);
#744=LINE('',#3691,#1048);
#745=LINE('',#3696,#1049);
#746=LINE('',#3698,#1050);
#747=LINE('',#3700,#1051);
#748=LINE('',#3701,#1052);
#749=LINE('',#3704,#1053);
#750=LINE('',#3706,#1054);
#751=LINE('',#3707,#1055);
#752=LINE('',#3710,#1056);
#753=LINE('',#3712,#1057);
#754=LINE('',#3713,#1058);
#755=LINE('',#3715,#1059);
#756=LINE('',#3716,#1060);
#757=LINE('',#3721,#1061);
#758=LINE('',#3723,#1062);
#759=LINE('',#3725,#1063);
#760=LINE('',#3726,#1064);
#761=LINE('',#3729,#1065);
#762=LINE('',#3731,#1066);
#763=LINE('',#3732,#1067);
#764=LINE('',#3735,#1068);
#765=LINE('',#3737,#1069);
#766=LINE('',#3738,#1070);
#767=LINE('',#3740,#1071);
#768=LINE('',#3741,#1072);
#769=VECTOR('',#2517,1.5);
#770=VECTOR('',#2524,1.5);
#771=VECTOR('',#2531,1.5);
#772=VECTOR('',#2538,1.5);
#773=VECTOR('',#2543,10.);
#774=VECTOR('',#2544,10.);
#775=VECTOR('',#2545,10.);
#776=VECTOR('',#2546,10.);
#777=VECTOR('',#2549,10.);
#778=VECTOR('',#2550,10.);
#779=VECTOR('',#2551,10.);
#780=VECTOR('',#2554,10.);
#781=VECTOR('',#2555,10.);
#782=VECTOR('',#2556,10.);
#783=VECTOR('',#2559,10.);
#784=VECTOR('',#2560,10.);
#785=VECTOR('',#2565,10.);
#786=VECTOR('',#2566,10.);
#787=VECTOR('',#2567,10.);
#788=VECTOR('',#2568,10.);
#789=VECTOR('',#2571,10.);
#790=VECTOR('',#2572,10.);
#791=VECTOR('',#2573,10.);
#792=VECTOR('',#2576,10.);
#793=VECTOR('',#2577,10.);
#794=VECTOR('',#2578,10.);
#795=VECTOR('',#2581,10.);
#796=VECTOR('',#2582,10.);
#797=VECTOR('',#2587,10.);
#798=VECTOR('',#2588,10.);
#799=VECTOR('',#2589,10.);
#800=VECTOR('',#2590,10.);
#801=VECTOR('',#2593,10.);
#802=VECTOR('',#2594,10.);
#803=VECTOR('',#2595,10.);
#804=VECTOR('',#2598,10.);
#805=VECTOR('',#2599,10.);
#806=VECTOR('',#2600,10.);
#807=VECTOR('',#2603,10.);
#808=VECTOR('',#2604,10.);
#809=VECTOR('',#2609,10.);
#810=VECTOR('',#2610,10.);
#811=VECTOR('',#2611,10.);
#812=VECTOR('',#2612,10.);
#813=VECTOR('',#2615,10.);
#814=VECTOR('',#2616,10.);
#815=VECTOR('',#2617,10.);
#816=VECTOR('',#2620,10.);
#817=VECTOR('',#2621,10.);
#818=VECTOR('',#2622,10.);
#819=VECTOR('',#2625,10.);
#820=VECTOR('',#2626,10.);
#821=VECTOR('',#2631,10.);
#822=VECTOR('',#2632,10.);
#823=VECTOR('',#2633,10.);
#824=VECTOR('',#2634,10.);
#825=VECTOR('',#2637,10.);
#826=VECTOR('',#2638,10.);
#827=VECTOR('',#2639,10.);
#828=VECTOR('',#2642,10.);
#829=VECTOR('',#2643,10.);
#830=VECTOR('',#2644,10.);
#831=VECTOR('',#2647,10.);
#832=VECTOR('',#2648,10.);
#833=VECTOR('',#2653,10.);
#834=VECTOR('',#2654,10.);
#835=VECTOR('',#2655,10.);
#836=VECTOR('',#2656,10.);
#837=VECTOR('',#2659,10.);
#838=VECTOR('',#2660,10.);
#839=VECTOR('',#2661,10.);
#840=VECTOR('',#2664,10.);
#841=VECTOR('',#2665,10.);
#842=VECTOR('',#2666,10.);
#843=VECTOR('',#2669,10.);
#844=VECTOR('',#2670,10.);
#845=VECTOR('',#2675,10.);
#846=VECTOR('',#2676,10.);
#847=VECTOR('',#2677,10.);
#848=VECTOR('',#2678,10.);
#849=VECTOR('',#2681,10.);
#850=VECTOR('',#2682,10.);
#851=VECTOR('',#2683,10.);
#852=VECTOR('',#2686,10.);
#853=VECTOR('',#2687,10.);
#854=VECTOR('',#2688,10.);
#855=VECTOR('',#2691,10.);
#856=VECTOR('',#2692,10.);
#857=VECTOR('',#2697,10.);
#858=VECTOR('',#2698,10.);
#859=VECTOR('',#2699,10.);
#860=VECTOR('',#2700,10.);
#861=VECTOR('',#2703,10.);
#862=VECTOR('',#2704,10.);
#863=VECTOR('',#2705,10.);
#864=VECTOR('',#2708,10.);
#865=VECTOR('',#2709,10.);
#866=VECTOR('',#2710,10.);
#867=VECTOR('',#2713,10.);
#868=VECTOR('',#2714,10.);
#869=VECTOR('',#2719,10.);
#870=VECTOR('',#2720,10.);
#871=VECTOR('',#2721,10.);
#872=VECTOR('',#2722,10.);
#873=VECTOR('',#2725,10.);
#874=VECTOR('',#2726,10.);
#875=VECTOR('',#2727,10.);
#876=VECTOR('',#2730,10.);
#877=VECTOR('',#2731,10.);
#878=VECTOR('',#2732,10.);
#879=VECTOR('',#2735,10.);
#880=VECTOR('',#2736,10.);
#881=VECTOR('',#2741,10.);
#882=VECTOR('',#2742,10.);
#883=VECTOR('',#2743,10.);
#884=VECTOR('',#2744,10.);
#885=VECTOR('',#2747,10.);
#886=VECTOR('',#2748,10.);
#887=VECTOR('',#2749,10.);
#888=VECTOR('',#2752,10.);
#889=VECTOR('',#2753,10.);
#890=VECTOR('',#2754,10.);
#891=VECTOR('',#2757,10.);
#892=VECTOR('',#2758,10.);
#893=VECTOR('',#2763,10.);
#894=VECTOR('',#2764,10.);
#895=VECTOR('',#2765,10.);
#896=VECTOR('',#2766,10.);
#897=VECTOR('',#2769,10.);
#898=VECTOR('',#2770,10.);
#899=VECTOR('',#2771,10.);
#900=VECTOR('',#2774,10.);
#901=VECTOR('',#2775,10.);
#902=VECTOR('',#2776,10.);
#903=VECTOR('',#2779,10.);
#904=VECTOR('',#2780,10.);
#905=VECTOR('',#2785,10.);
#906=VECTOR('',#2786,10.);
#907=VECTOR('',#2787,10.);
#908=VECTOR('',#2788,10.);
#909=VECTOR('',#2791,10.);
#910=VECTOR('',#2792,10.);
#911=VECTOR('',#2793,10.);
#912=VECTOR('',#2796,10.);
#913=VECTOR('',#2797,10.);
#914=VECTOR('',#2798,10.);
#915=VECTOR('',#2801,10.);
#916=VECTOR('',#2802,10.);
#917=VECTOR('',#2807,10.);
#918=VECTOR('',#2808,10.);
#919=VECTOR('',#2809,10.);
#920=VECTOR('',#2810,10.);
#921=VECTOR('',#2813,10.);
#922=VECTOR('',#2814,10.);
#923=VECTOR('',#2815,10.);
#924=VECTOR('',#2818,10.);
#925=VECTOR('',#2819,10.);
#926=VECTOR('',#2820,10.);
#927=VECTOR('',#2823,10.);
#928=VECTOR('',#2824,10.);
#929=VECTOR('',#2829,10.);
#930=VECTOR('',#2830,10.);
#931=VECTOR('',#2831,10.);
#932=VECTOR('',#2832,10.);
#933=VECTOR('',#2835,10.);
#934=VECTOR('',#2836,10.);
#935=VECTOR('',#2837,10.);
#936=VECTOR('',#2840,10.);
#937=VECTOR('',#2841,10.);
#938=VECTOR('',#2842,10.);
#939=VECTOR('',#2845,10.);
#940=VECTOR('',#2846,10.);
#941=VECTOR('',#2851,10.);
#942=VECTOR('',#2852,10.);
#943=VECTOR('',#2853,10.);
#944=VECTOR('',#2854,10.);
#945=VECTOR('',#2857,10.);
#946=VECTOR('',#2858,10.);
#947=VECTOR('',#2859,10.);
#948=VECTOR('',#2862,10.);
#949=VECTOR('',#2863,10.);
#950=VECTOR('',#2864,10.);
#951=VECTOR('',#2867,10.);
#952=VECTOR('',#2868,10.);
#953=VECTOR('',#2873,10.);
#954=VECTOR('',#2874,10.);
#955=VECTOR('',#2875,10.);
#956=VECTOR('',#2876,10.);
#957=VECTOR('',#2879,10.);
#958=VECTOR('',#2880,10.);
#959=VECTOR('',#2881,10.);
#960=VECTOR('',#2884,10.);
#961=VECTOR('',#2885,10.);
#962=VECTOR('',#2886,10.);
#963=VECTOR('',#2889,10.);
#964=VECTOR('',#2890,10.);
#965=VECTOR('',#2895,10.);
#966=VECTOR('',#2896,10.);
#967=VECTOR('',#2897,10.);
#968=VECTOR('',#2898,10.);
#969=VECTOR('',#2901,10.);
#970=VECTOR('',#2902,10.);
#971=VECTOR('',#2903,10.);
#972=VECTOR('',#2906,10.);
#973=VECTOR('',#2907,10.);
#974=VECTOR('',#2908,10.);
#975=VECTOR('',#2911,10.);
#976=VECTOR('',#2912,10.);
#977=VECTOR('',#2917,10.);
#978=VECTOR('',#2918,10.);
#979=VECTOR('',#2919,10.);
#980=VECTOR('',#2920,10.);
#981=VECTOR('',#2923,10.);
#982=VECTOR('',#2924,10.);
#983=VECTOR('',#2925,10.);
#984=VECTOR('',#2928,10.);
#985=VECTOR('',#2929,10.);
#986=VECTOR('',#2930,10.);
#987=VECTOR('',#2933,10.);
#988=VECTOR('',#2934,10.);
#989=VECTOR('',#2939,10.);
#990=VECTOR('',#2940,10.);
#991=VECTOR('',#2941,10.);
#992=VECTOR('',#2942,10.);
#993=VECTOR('',#2945,10.);
#994=VECTOR('',#2946,10.);
#995=VECTOR('',#2947,10.);
#996=VECTOR('',#2950,10.);
#997=VECTOR('',#2951,10.);
#998=VECTOR('',#2952,10.);
#999=VECTOR('',#2955,10.);
#1000=VECTOR('',#2956,10.);
#1001=VECTOR('',#2961,10.);
#1002=VECTOR('',#2962,10.);
#1003=VECTOR('',#2963,10.);
#1004=VECTOR('',#2964,10.);
#1005=VECTOR('',#2967,10.);
#1006=VECTOR('',#2968,10.);
#1007=VECTOR('',#2969,10.);
#1008=VECTOR('',#2972,10.);
#1009=VECTOR('',#2973,10.);
#1010=VECTOR('',#2974,10.);
#1011=VECTOR('',#2977,10.);
#1012=VECTOR('',#2978,10.);
#1013=VECTOR('',#2983,10.);
#1014=VECTOR('',#2984,10.);
#1015=VECTOR('',#2985,10.);
#1016=VECTOR('',#2986,10.);
#1017=VECTOR('',#2989,10.);
#1018=VECTOR('',#2990,10.);
#1019=VECTOR('',#2991,10.);
#1020=VECTOR('',#2994,10.);
#1021=VECTOR('',#2995,10.);
#1022=VECTOR('',#2996,10.);
#1023=VECTOR('',#2999,10.);
#1024=VECTOR('',#3000,10.);
#1025=VECTOR('',#3005,10.);
#1026=VECTOR('',#3006,10.);
#1027=VECTOR('',#3007,10.);
#1028=VECTOR('',#3008,10.);
#1029=VECTOR('',#3011,10.);
#1030=VECTOR('',#3012,10.);
#1031=VECTOR('',#3013,10.);
#1032=VECTOR('',#3016,10.);
#1033=VECTOR('',#3017,10.);
#1034=VECTOR('',#3018,10.);
#1035=VECTOR('',#3021,10.);
#1036=VECTOR('',#3022,10.);
#1037=VECTOR('',#3027,10.);
#1038=VECTOR('',#3028,10.);
#1039=VECTOR('',#3029,10.);
#1040=VECTOR('',#3030,10.);
#1041=VECTOR('',#3033,10.);
#1042=VECTOR('',#3034,10.);
#1043=VECTOR('',#3035,10.);
#1044=VECTOR('',#3038,10.);
#1045=VECTOR('',#3039,10.);
#1046=VECTOR('',#3040,10.);
#1047=VECTOR('',#3043,10.);
#1048=VECTOR('',#3044,10.);
#1049=VECTOR('',#3049,10.);
#1050=VECTOR('',#3050,10.);
#1051=VECTOR('',#3051,10.);
#1052=VECTOR('',#3052,10.);
#1053=VECTOR('',#3055,10.);
#1054=VECTOR('',#3056,10.);
#1055=VECTOR('',#3057,10.);
#1056=VECTOR('',#3060,10.);
#1057=VECTOR('',#3061,10.);
#1058=VECTOR('',#3062,10.);
#1059=VECTOR('',#3065,10.);
#1060=VECTOR('',#3066,10.);
#1061=VECTOR('',#3071,10.);
#1062=VECTOR('',#3072,10.);
#1063=VECTOR('',#3073,10.);
#1064=VECTOR('',#3074,10.);
#1065=VECTOR('',#3077,10.);
#1066=VECTOR('',#3078,10.);
#1067=VECTOR('',#3079,10.);
#1068=VECTOR('',#3082,10.);
#1069=VECTOR('',#3083,10.);
#1070=VECTOR('',#3084,10.);
#1071=VECTOR('',#3087,10.);
#1072=VECTOR('',#3088,10.);
#1073=CIRCLE('',#2374,1.5);
#1074=CIRCLE('',#2375,1.5);
#1075=CIRCLE('',#2377,1.5);
#1076=CIRCLE('',#2378,1.5);
#1077=CIRCLE('',#2380,1.5);
#1078=CIRCLE('',#2381,1.5);
#1079=CIRCLE('',#2383,1.5);
#1080=CIRCLE('',#2384,1.5);
#1081=VERTEX_POINT('',#3095);
#1082=VERTEX_POINT('',#3097);
#1083=VERTEX_POINT('',#3101);
#1084=VERTEX_POINT('',#3103);
#1085=VERTEX_POINT('',#3107);
#1086=VERTEX_POINT('',#3109);
#1087=VERTEX_POINT('',#3113);
#1088=VERTEX_POINT('',#3115);
#1089=VERTEX_POINT('',#3119);
#1090=VERTEX_POINT('',#3120);
#1091=VERTEX_POINT('',#3122);
#1092=VERTEX_POINT('',#3124);
#1093=VERTEX_POINT('',#3128);
#1094=VERTEX_POINT('',#3130);
#1095=VERTEX_POINT('',#3134);
#1096=VERTEX_POINT('',#3136);
#1097=VERTEX_POINT('',#3144);
#1098=VERTEX_POINT('',#3145);
#1099=VERTEX_POINT('',#3147);
#1100=VERTEX_POINT('',#3149);
#1101=VERTEX_POINT('',#3153);
#1102=VERTEX_POINT('',#3155);
#1103=VERTEX_POINT('',#3159);
#1104=VERTEX_POINT('',#3161);
#1105=VERTEX_POINT('',#3169);
#1106=VERTEX_POINT('',#3170);
#1107=VERTEX_POINT('',#3172);
#1108=VERTEX_POINT('',#3174);
#1109=VERTEX_POINT('',#3178);
#1110=VERTEX_POINT('',#3180);
#1111=VERTEX_POINT('',#3184);
#1112=VERTEX_POINT('',#3186);
#1113=VERTEX_POINT('',#3194);
#1114=VERTEX_POINT('',#3195);
#1115=VERTEX_POINT('',#3197);
#1116=VERTEX_POINT('',#3199);
#1117=VERTEX_POINT('',#3203);
#1118=VERTEX_POINT('',#3205);
#1119=VERTEX_POINT('',#3209);
#1120=VERTEX_POINT('',#3211);
#1121=VERTEX_POINT('',#3219);
#1122=VERTEX_POINT('',#3220);
#1123=VERTEX_POINT('',#3222);
#1124=VERTEX_POINT('',#3224);
#1125=VERTEX_POINT('',#3228);
#1126=VERTEX_POINT('',#3230);
#1127=VERTEX_POINT('',#3234);
#1128=VERTEX_POINT('',#3236);
#1129=VERTEX_POINT('',#3244);
#1130=VERTEX_POINT('',#3245);
#1131=VERTEX_POINT('',#3247);
#1132=VERTEX_POINT('',#3249);
#1133=VERTEX_POINT('',#3253);
#1134=VERTEX_POINT('',#3255);
#1135=VERTEX_POINT('',#3259);
#1136=VERTEX_POINT('',#3261);
#1137=VERTEX_POINT('',#3269);
#1138=VERTEX_POINT('',#3270);
#1139=VERTEX_POINT('',#3272);
#1140=VERTEX_POINT('',#3274);
#1141=VERTEX_POINT('',#3278);
#1142=VERTEX_POINT('',#3280);
#1143=VERTEX_POINT('',#3284);
#1144=VERTEX_POINT('',#3286);
#1145=VERTEX_POINT('',#3294);
#1146=VERTEX_POINT('',#3295);
#1147=VERTEX_POINT('',#3297);
#1148=VERTEX_POINT('',#3299);
#1149=VERTEX_POINT('',#3303);
#1150=VERTEX_POINT('',#3305);
#1151=VERTEX_POINT('',#3309);
#1152=VERTEX_POINT('',#3311);
#1153=VERTEX_POINT('',#3319);
#1154=VERTEX_POINT('',#3320);
#1155=VERTEX_POINT('',#3322);
#1156=VERTEX_POINT('',#3324);
#1157=VERTEX_POINT('',#3328);
#1158=VERTEX_POINT('',#3330);
#1159=VERTEX_POINT('',#3334);
#1160=VERTEX_POINT('',#3336);
#1161=VERTEX_POINT('',#3344);
#1162=VERTEX_POINT('',#3345);
#1163=VERTEX_POINT('',#3347);
#1164=VERTEX_POINT('',#3349);
#1165=VERTEX_POINT('',#3353);
#1166=VERTEX_POINT('',#3355);
#1167=VERTEX_POINT('',#3359);
#1168=VERTEX_POINT('',#3361);
#1169=VERTEX_POINT('',#3369);
#1170=VERTEX_POINT('',#3370);
#1171=VERTEX_POINT('',#3372);
#1172=VERTEX_POINT('',#3374);
#1173=VERTEX_POINT('',#3378);
#1174=VERTEX_POINT('',#3380);
#1175=VERTEX_POINT('',#3384);
#1176=VERTEX_POINT('',#3386);
#1177=VERTEX_POINT('',#3394);
#1178=VERTEX_POINT('',#3395);
#1179=VERTEX_POINT('',#3397);
#1180=VERTEX_POINT('',#3399);
#1181=VERTEX_POINT('',#3403);
#1182=VERTEX_POINT('',#3405);
#1183=VERTEX_POINT('',#3409);
#1184=VERTEX_POINT('',#3411);
#1185=VERTEX_POINT('',#3419);
#1186=VERTEX_POINT('',#3420);
#1187=VERTEX_POINT('',#3422);
#1188=VERTEX_POINT('',#3424);
#1189=VERTEX_POINT('',#3428);
#1190=VERTEX_POINT('',#3430);
#1191=VERTEX_POINT('',#3434);
#1192=VERTEX_POINT('',#3436);
#1193=VERTEX_POINT('',#3444);
#1194=VERTEX_POINT('',#3445);
#1195=VERTEX_POINT('',#3447);
#1196=VERTEX_POINT('',#3449);
#1197=VERTEX_POINT('',#3453);
#1198=VERTEX_POINT('',#3455);
#1199=VERTEX_POINT('',#3459);
#1200=VERTEX_POINT('',#3461);
#1201=VERTEX_POINT('',#3469);
#1202=VERTEX_POINT('',#3470);
#1203=VERTEX_POINT('',#3472);
#1204=VERTEX_POINT('',#3474);
#1205=VERTEX_POINT('',#3478);
#1206=VERTEX_POINT('',#3480);
#1207=VERTEX_POINT('',#3484);
#1208=VERTEX_POINT('',#3486);
#1209=VERTEX_POINT('',#3494);
#1210=VERTEX_POINT('',#3495);
#1211=VERTEX_POINT('',#3497);
#1212=VERTEX_POINT('',#3499);
#1213=VERTEX_POINT('',#3503);
#1214=VERTEX_POINT('',#3505);
#1215=VERTEX_POINT('',#3509);
#1216=VERTEX_POINT('',#3511);
#1217=VERTEX_POINT('',#3519);
#1218=VERTEX_POINT('',#3520);
#1219=VERTEX_POINT('',#3522);
#1220=VERTEX_POINT('',#3524);
#1221=VERTEX_POINT('',#3528);
#1222=VERTEX_POINT('',#3530);
#1223=VERTEX_POINT('',#3534);
#1224=VERTEX_POINT('',#3536);
#1225=VERTEX_POINT('',#3544);
#1226=VERTEX_POINT('',#3545);
#1227=VERTEX_POINT('',#3547);
#1228=VERTEX_POINT('',#3549);
#1229=VERTEX_POINT('',#3553);
#1230=VERTEX_POINT('',#3555);
#1231=VERTEX_POINT('',#3559);
#1232=VERTEX_POINT('',#3561);
#1233=VERTEX_POINT('',#3569);
#1234=VERTEX_POINT('',#3570);
#1235=VERTEX_POINT('',#3572);
#1236=VERTEX_POINT('',#3574);
#1237=VERTEX_POINT('',#3578);
#1238=VERTEX_POINT('',#3580);
#1239=VERTEX_POINT('',#3584);
#1240=VERTEX_POINT('',#3586);
#1241=VERTEX_POINT('',#3594);
#1242=VERTEX_POINT('',#3595);
#1243=VERTEX_POINT('',#3597);
#1244=VERTEX_POINT('',#3599);
#1245=VERTEX_POINT('',#3603);
#1246=VERTEX_POINT('',#3605);
#1247=VERTEX_POINT('',#3609);
#1248=VERTEX_POINT('',#3611);
#1249=VERTEX_POINT('',#3619);
#1250=VERTEX_POINT('',#3620);
#1251=VERTEX_POINT('',#3622);
#1252=VERTEX_POINT('',#3624);
#1253=VERTEX_POINT('',#3628);
#1254=VERTEX_POINT('',#3630);
#1255=VERTEX_POINT('',#3634);
#1256=VERTEX_POINT('',#3636);
#1257=VERTEX_POINT('',#3644);
#1258=VERTEX_POINT('',#3645);
#1259=VERTEX_POINT('',#3647);
#1260=VERTEX_POINT('',#3649);
#1261=VERTEX_POINT('',#3653);
#1262=VERTEX_POINT('',#3655);
#1263=VERTEX_POINT('',#3659);
#1264=VERTEX_POINT('',#3661);
#1265=VERTEX_POINT('',#3669);
#1266=VERTEX_POINT('',#3670);
#1267=VERTEX_POINT('',#3672);
#1268=VERTEX_POINT('',#3674);
#1269=VERTEX_POINT('',#3678);
#1270=VERTEX_POINT('',#3680);
#1271=VERTEX_POINT('',#3684);
#1272=VERTEX_POINT('',#3686);
#1273=VERTEX_POINT('',#3694);
#1274=VERTEX_POINT('',#3695);
#1275=VERTEX_POINT('',#3697);
#1276=VERTEX_POINT('',#3699);
#1277=VERTEX_POINT('',#3703);
#1278=VERTEX_POINT('',#3705);
#1279=VERTEX_POINT('',#3709);
#1280=VERTEX_POINT('',#3711);
#1281=VERTEX_POINT('',#3719);
#1282=VERTEX_POINT('',#3720);
#1283=VERTEX_POINT('',#3722);
#1284=VERTEX_POINT('',#3724);
#1285=VERTEX_POINT('',#3728);
#1286=VERTEX_POINT('',#3730);
#1287=VERTEX_POINT('',#3734);
#1288=VERTEX_POINT('',#3736);
#1289=EDGE_CURVE('',#1081,#1081,#1073,.T.);
#1290=EDGE_CURVE('',#1081,#1082,#465,.T.);
#1291=EDGE_CURVE('',#1082,#1082,#1074,.T.);
#1292=EDGE_CURVE('',#1083,#1083,#1075,.T.);
#1293=EDGE_CURVE('',#1083,#1084,#466,.T.);
#1294=EDGE_CURVE('',#1084,#1084,#1076,.T.);
#1295=EDGE_CURVE('',#1085,#1085,#1077,.T.);
#1296=EDGE_CURVE('',#1085,#1086,#467,.T.);
#1297=EDGE_CURVE('',#1086,#1086,#1078,.T.);
#1298=EDGE_CURVE('',#1087,#1087,#1079,.T.);
#1299=EDGE_CURVE('',#1087,#1088,#468,.T.);
#1300=EDGE_CURVE('',#1088,#1088,#1080,.T.);
#1301=EDGE_CURVE('',#1089,#1090,#469,.T.);
#1302=EDGE_CURVE('',#1089,#1091,#470,.T.);
#1303=EDGE_CURVE('',#1091,#1092,#471,.T.);
#1304=EDGE_CURVE('',#1090,#1092,#472,.T.);
#1305=EDGE_CURVE('',#1093,#1089,#473,.T.);
#1306=EDGE_CURVE('',#1093,#1094,#474,.T.);
#1307=EDGE_CURVE('',#1094,#1091,#475,.T.);
#1308=EDGE_CURVE('',#1095,#1093,#476,.T.);
#1309=EDGE_CURVE('',#1095,#1096,#477,.T.);
#1310=EDGE_CURVE('',#1096,#1094,#478,.T.);
#1311=EDGE_CURVE('',#1090,#1095,#479,.T.);
#1312=EDGE_CURVE('',#1092,#1096,#480,.T.);
#1313=EDGE_CURVE('',#1097,#1098,#481,.T.);
#1314=EDGE_CURVE('',#1097,#1099,#482,.T.);
#1315=EDGE_CURVE('',#1099,#1100,#483,.T.);
#1316=EDGE_CURVE('',#1098,#1100,#484,.T.);
#1317=EDGE_CURVE('',#1101,#1097,#485,.T.);
#1318=EDGE_CURVE('',#1101,#1102,#486,.T.);
#1319=EDGE_CURVE('',#1102,#1099,#487,.T.);
#1320=EDGE_CURVE('',#1103,#1101,#488,.T.);
#1321=EDGE_CURVE('',#1103,#1104,#489,.T.);
#1322=EDGE_CURVE('',#1104,#1102,#490,.T.);
#1323=EDGE_CURVE('',#1098,#1103,#491,.T.);
#1324=EDGE_CURVE('',#1100,#1104,#492,.T.);
#1325=EDGE_CURVE('',#1105,#1106,#493,.T.);
#1326=EDGE_CURVE('',#1105,#1107,#494,.T.);
#1327=EDGE_CURVE('',#1107,#1108,#495,.T.);
#1328=EDGE_CURVE('',#1106,#1108,#496,.T.);
#1329=EDGE_CURVE('',#1109,#1105,#497,.T.);
#1330=EDGE_CURVE('',#1109,#1110,#498,.T.);
#1331=EDGE_CURVE('',#1110,#1107,#499,.T.);
#1332=EDGE_CURVE('',#1111,#1109,#500,.T.);
#1333=EDGE_CURVE('',#1111,#1112,#501,.T.);
#1334=EDGE_CURVE('',#1112,#1110,#502,.T.);
#1335=EDGE_CURVE('',#1106,#1111,#503,.T.);
#1336=EDGE_CURVE('',#1108,#1112,#504,.T.);
#1337=EDGE_CURVE('',#1113,#1114,#505,.T.);
#1338=EDGE_CURVE('',#1113,#1115,#506,.T.);
#1339=EDGE_CURVE('',#1115,#1116,#507,.T.);
#1340=EDGE_CURVE('',#1114,#1116,#508,.T.);
#1341=EDGE_CURVE('',#1117,#1113,#509,.T.);
#1342=EDGE_CURVE('',#1117,#1118,#510,.T.);
#1343=EDGE_CURVE('',#1118,#1115,#511,.T.);
#1344=EDGE_CURVE('',#1119,#1117,#512,.T.);
#1345=EDGE_CURVE('',#1119,#1120,#513,.T.);
#1346=EDGE_CURVE('',#1120,#1118,#514,.T.);
#1347=EDGE_CURVE('',#1114,#1119,#515,.T.);
#1348=EDGE_CURVE('',#1116,#1120,#516,.T.);
#1349=EDGE_CURVE('',#1121,#1122,#517,.T.);
#1350=EDGE_CURVE('',#1121,#1123,#518,.T.);
#1351=EDGE_CURVE('',#1123,#1124,#519,.T.);
#1352=EDGE_CURVE('',#1122,#1124,#520,.T.);
#1353=EDGE_CURVE('',#1125,#1121,#521,.T.);
#1354=EDGE_CURVE('',#1125,#1126,#522,.T.);
#1355=EDGE_CURVE('',#1126,#1123,#523,.T.);
#1356=EDGE_CURVE('',#1127,#1125,#524,.T.);
#1357=EDGE_CURVE('',#1127,#1128,#525,.T.);
#1358=EDGE_CURVE('',#1128,#1126,#526,.T.);
#1359=EDGE_CURVE('',#1122,#1127,#527,.T.);
#1360=EDGE_CURVE('',#1124,#1128,#528,.T.);
#1361=EDGE_CURVE('',#1129,#1130,#529,.T.);
#1362=EDGE_CURVE('',#1129,#1131,#530,.T.);
#1363=EDGE_CURVE('',#1131,#1132,#531,.T.);
#1364=EDGE_CURVE('',#1130,#1132,#532,.T.);
#1365=EDGE_CURVE('',#1133,#1129,#533,.T.);
#1366=EDGE_CURVE('',#1133,#1134,#534,.T.);
#1367=EDGE_CURVE('',#1134,#1131,#535,.T.);
#1368=EDGE_CURVE('',#1135,#1133,#536,.T.);
#1369=EDGE_CURVE('',#1135,#1136,#537,.T.);
#1370=EDGE_CURVE('',#1136,#1134,#538,.T.);
#1371=EDGE_CURVE('',#1130,#1135,#539,.T.);
#1372=EDGE_CURVE('',#1132,#1136,#540,.T.);
#1373=EDGE_CURVE('',#1137,#1138,#541,.T.);
#1374=EDGE_CURVE('',#1137,#1139,#542,.T.);
#1375=EDGE_CURVE('',#1139,#1140,#543,.T.);
#1376=EDGE_CURVE('',#1138,#1140,#544,.T.);
#1377=EDGE_CURVE('',#1141,#1137,#545,.T.);
#1378=EDGE_CURVE('',#1141,#1142,#546,.T.);
#1379=EDGE_CURVE('',#1142,#1139,#547,.T.);
#1380=EDGE_CURVE('',#1143,#1141,#548,.T.);
#1381=EDGE_CURVE('',#1143,#1144,#549,.T.);
#1382=EDGE_CURVE('',#1144,#1142,#550,.T.);
#1383=EDGE_CURVE('',#1138,#1143,#551,.T.);
#1384=EDGE_CURVE('',#1140,#1144,#552,.T.);
#1385=EDGE_CURVE('',#1145,#1146,#553,.T.);
#1386=EDGE_CURVE('',#1145,#1147,#554,.T.);
#1387=EDGE_CURVE('',#1147,#1148,#555,.T.);
#1388=EDGE_CURVE('',#1146,#1148,#556,.T.);
#1389=EDGE_CURVE('',#1149,#1145,#557,.T.);
#1390=EDGE_CURVE('',#1149,#1150,#558,.T.);
#1391=EDGE_CURVE('',#1150,#1147,#559,.T.);
#1392=EDGE_CURVE('',#1151,#1149,#560,.T.);
#1393=EDGE_CURVE('',#1151,#1152,#561,.T.);
#1394=EDGE_CURVE('',#1152,#1150,#562,.T.);
#1395=EDGE_CURVE('',#1146,#1151,#563,.T.);
#1396=EDGE_CURVE('',#1148,#1152,#564,.T.);
#1397=EDGE_CURVE('',#1153,#1154,#565,.T.);
#1398=EDGE_CURVE('',#1153,#1155,#566,.T.);
#1399=EDGE_CURVE('',#1155,#1156,#567,.T.);
#1400=EDGE_CURVE('',#1154,#1156,#568,.T.);
#1401=EDGE_CURVE('',#1157,#1153,#569,.T.);
#1402=EDGE_CURVE('',#1157,#1158,#570,.T.);
#1403=EDGE_CURVE('',#1158,#1155,#571,.T.);
#1404=EDGE_CURVE('',#1159,#1157,#572,.T.);
#1405=EDGE_CURVE('',#1159,#1160,#573,.T.);
#1406=EDGE_CURVE('',#1160,#1158,#574,.T.);
#1407=EDGE_CURVE('',#1154,#1159,#575,.T.);
#1408=EDGE_CURVE('',#1156,#1160,#576,.T.);
#1409=EDGE_CURVE('',#1161,#1162,#577,.T.);
#1410=EDGE_CURVE('',#1161,#1163,#578,.T.);
#1411=EDGE_CURVE('',#1163,#1164,#579,.T.);
#1412=EDGE_CURVE('',#1162,#1164,#580,.T.);
#1413=EDGE_CURVE('',#1165,#1161,#581,.T.);
#1414=EDGE_CURVE('',#1165,#1166,#582,.T.);
#1415=EDGE_CURVE('',#1166,#1163,#583,.T.);
#1416=EDGE_CURVE('',#1167,#1165,#584,.T.);
#1417=EDGE_CURVE('',#1167,#1168,#585,.T.);
#1418=EDGE_CURVE('',#1168,#1166,#586,.T.);
#1419=EDGE_CURVE('',#1162,#1167,#587,.T.);
#1420=EDGE_CURVE('',#1164,#1168,#588,.T.);
#1421=EDGE_CURVE('',#1169,#1170,#589,.T.);
#1422=EDGE_CURVE('',#1169,#1171,#590,.T.);
#1423=EDGE_CURVE('',#1171,#1172,#591,.T.);
#1424=EDGE_CURVE('',#1170,#1172,#592,.T.);
#1425=EDGE_CURVE('',#1173,#1169,#593,.T.);
#1426=EDGE_CURVE('',#1173,#1174,#594,.T.);
#1427=EDGE_CURVE('',#1174,#1171,#595,.T.);
#1428=EDGE_CURVE('',#1175,#1173,#596,.T.);
#1429=EDGE_CURVE('',#1175,#1176,#597,.T.);
#1430=EDGE_CURVE('',#1176,#1174,#598,.T.);
#1431=EDGE_CURVE('',#1170,#1175,#599,.T.);
#1432=EDGE_CURVE('',#1172,#1176,#600,.T.);
#1433=EDGE_CURVE('',#1177,#1178,#601,.T.);
#1434=EDGE_CURVE('',#1177,#1179,#602,.T.);
#1435=EDGE_CURVE('',#1179,#1180,#603,.T.);
#1436=EDGE_CURVE('',#1178,#1180,#604,.T.);
#1437=EDGE_CURVE('',#1181,#1177,#605,.T.);
#1438=EDGE_CURVE('',#1181,#1182,#606,.T.);
#1439=EDGE_CURVE('',#1182,#1179,#607,.T.);
#1440=EDGE_CURVE('',#1183,#1181,#608,.T.);
#1441=EDGE_CURVE('',#1183,#1184,#609,.T.);
#1442=EDGE_CURVE('',#1184,#1182,#610,.T.);
#1443=EDGE_CURVE('',#1178,#1183,#611,.T.);
#1444=EDGE_CURVE('',#1180,#1184,#612,.T.);
#1445=EDGE_CURVE('',#1185,#1186,#613,.T.);
#1446=EDGE_CURVE('',#1185,#1187,#614,.T.);
#1447=EDGE_CURVE('',#1187,#1188,#615,.T.);
#1448=EDGE_CURVE('',#1186,#1188,#616,.T.);
#1449=EDGE_CURVE('',#1189,#1185,#617,.T.);
#1450=EDGE_CURVE('',#1189,#1190,#618,.T.);
#1451=EDGE_CURVE('',#1190,#1187,#619,.T.);
#1452=EDGE_CURVE('',#1191,#1189,#620,.T.);
#1453=EDGE_CURVE('',#1191,#1192,#621,.T.);
#1454=EDGE_CURVE('',#1192,#1190,#622,.T.);
#1455=EDGE_CURVE('',#1186,#1191,#623,.T.);
#1456=EDGE_CURVE('',#1188,#1192,#624,.T.);
#1457=EDGE_CURVE('',#1193,#1194,#625,.T.);
#1458=EDGE_CURVE('',#1193,#1195,#626,.T.);
#1459=EDGE_CURVE('',#1195,#1196,#627,.T.);
#1460=EDGE_CURVE('',#1194,#1196,#628,.T.);
#1461=EDGE_CURVE('',#1197,#1193,#629,.T.);
#1462=EDGE_CURVE('',#1197,#1198,#630,.T.);
#1463=EDGE_CURVE('',#1198,#1195,#631,.T.);
#1464=EDGE_CURVE('',#1199,#1197,#632,.T.);
#1465=EDGE_CURVE('',#1199,#1200,#633,.T.);
#1466=EDGE_CURVE('',#1200,#1198,#634,.T.);
#1467=EDGE_CURVE('',#1194,#1199,#635,.T.);
#1468=EDGE_CURVE('',#1196,#1200,#636,.T.);
#1469=EDGE_CURVE('',#1201,#1202,#637,.T.);
#1470=EDGE_CURVE('',#1201,#1203,#638,.T.);
#1471=EDGE_CURVE('',#1203,#1204,#639,.T.);
#1472=EDGE_CURVE('',#1202,#1204,#640,.T.);
#1473=EDGE_CURVE('',#1205,#1201,#641,.T.);
#1474=EDGE_CURVE('',#1205,#1206,#642,.T.);
#1475=EDGE_CURVE('',#1206,#1203,#643,.T.);
#1476=EDGE_CURVE('',#1207,#1205,#644,.T.);
#1477=EDGE_CURVE('',#1207,#1208,#645,.T.);
#1478=EDGE_CURVE('',#1208,#1206,#646,.T.);
#1479=EDGE_CURVE('',#1202,#1207,#647,.T.);
#1480=EDGE_CURVE('',#1204,#1208,#648,.T.);
#1481=EDGE_CURVE('',#1209,#1210,#649,.T.);
#1482=EDGE_CURVE('',#1209,#1211,#650,.T.);
#1483=EDGE_CURVE('',#1211,#1212,#651,.T.);
#1484=EDGE_CURVE('',#1210,#1212,#652,.T.);
#1485=EDGE_CURVE('',#1213,#1209,#653,.T.);
#1486=EDGE_CURVE('',#1213,#1214,#654,.T.);
#1487=EDGE_CURVE('',#1214,#1211,#655,.T.);
#1488=EDGE_CURVE('',#1215,#1213,#656,.T.);
#1489=EDGE_CURVE('',#1215,#1216,#657,.T.);
#1490=EDGE_CURVE('',#1216,#1214,#658,.T.);
#1491=EDGE_CURVE('',#1210,#1215,#659,.T.);
#1492=EDGE_CURVE('',#1212,#1216,#660,.T.);
#1493=EDGE_CURVE('',#1217,#1218,#661,.T.);
#1494=EDGE_CURVE('',#1217,#1219,#662,.T.);
#1495=EDGE_CURVE('',#1219,#1220,#663,.T.);
#1496=EDGE_CURVE('',#1218,#1220,#664,.T.);
#1497=EDGE_CURVE('',#1221,#1217,#665,.T.);
#1498=EDGE_CURVE('',#1221,#1222,#666,.T.);
#1499=EDGE_CURVE('',#1222,#1219,#667,.T.);
#1500=EDGE_CURVE('',#1223,#1221,#668,.T.);
#1501=EDGE_CURVE('',#1223,#1224,#669,.T.);
#1502=EDGE_CURVE('',#1224,#1222,#670,.T.);
#1503=EDGE_CURVE('',#1218,#1223,#671,.T.);
#1504=EDGE_CURVE('',#1220,#1224,#672,.T.);
#1505=EDGE_CURVE('',#1225,#1226,#673,.T.);
#1506=EDGE_CURVE('',#1225,#1227,#674,.T.);
#1507=EDGE_CURVE('',#1227,#1228,#675,.T.);
#1508=EDGE_CURVE('',#1226,#1228,#676,.T.);
#1509=EDGE_CURVE('',#1229,#1225,#677,.T.);
#1510=EDGE_CURVE('',#1229,#1230,#678,.T.);
#1511=EDGE_CURVE('',#1230,#1227,#679,.T.);
#1512=EDGE_CURVE('',#1231,#1229,#680,.T.);
#1513=EDGE_CURVE('',#1231,#1232,#681,.T.);
#1514=EDGE_CURVE('',#1232,#1230,#682,.T.);
#1515=EDGE_CURVE('',#1226,#1231,#683,.T.);
#1516=EDGE_CURVE('',#1228,#1232,#684,.T.);
#1517=EDGE_CURVE('',#1233,#1234,#685,.T.);
#1518=EDGE_CURVE('',#1233,#1235,#686,.T.);
#1519=EDGE_CURVE('',#1235,#1236,#687,.T.);
#1520=EDGE_CURVE('',#1234,#1236,#688,.T.);
#1521=EDGE_CURVE('',#1237,#1233,#689,.T.);
#1522=EDGE_CURVE('',#1237,#1238,#690,.T.);
#1523=EDGE_CURVE('',#1238,#1235,#691,.T.);
#1524=EDGE_CURVE('',#1239,#1237,#692,.T.);
#1525=EDGE_CURVE('',#1239,#1240,#693,.T.);
#1526=EDGE_CURVE('',#1240,#1238,#694,.T.);
#1527=EDGE_CURVE('',#1234,#1239,#695,.T.);
#1528=EDGE_CURVE('',#1236,#1240,#696,.T.);
#1529=EDGE_CURVE('',#1241,#1242,#697,.T.);
#1530=EDGE_CURVE('',#1241,#1243,#698,.T.);
#1531=EDGE_CURVE('',#1243,#1244,#699,.T.);
#1532=EDGE_CURVE('',#1242,#1244,#700,.T.);
#1533=EDGE_CURVE('',#1245,#1241,#701,.T.);
#1534=EDGE_CURVE('',#1245,#1246,#702,.T.);
#1535=EDGE_CURVE('',#1246,#1243,#703,.T.);
#1536=EDGE_CURVE('',#1247,#1245,#704,.T.);
#1537=EDGE_CURVE('',#1247,#1248,#705,.T.);
#1538=EDGE_CURVE('',#1248,#1246,#706,.T.);
#1539=EDGE_CURVE('',#1242,#1247,#707,.T.);
#1540=EDGE_CURVE('',#1244,#1248,#708,.T.);
#1541=EDGE_CURVE('',#1249,#1250,#709,.T.);
#1542=EDGE_CURVE('',#1249,#1251,#710,.T.);
#1543=EDGE_CURVE('',#1251,#1252,#711,.T.);
#1544=EDGE_CURVE('',#1250,#1252,#712,.T.);
#1545=EDGE_CURVE('',#1253,#1249,#713,.T.);
#1546=EDGE_CURVE('',#1253,#1254,#714,.T.);
#1547=EDGE_CURVE('',#1254,#1251,#715,.T.);
#1548=EDGE_CURVE('',#1255,#1253,#716,.T.);
#1549=EDGE_CURVE('',#1255,#1256,#717,.T.);
#1550=EDGE_CURVE('',#1256,#1254,#718,.T.);
#1551=EDGE_CURVE('',#1250,#1255,#719,.T.);
#1552=EDGE_CURVE('',#1252,#1256,#720,.T.);
#1553=EDGE_CURVE('',#1257,#1258,#721,.T.);
#1554=EDGE_CURVE('',#1257,#1259,#722,.T.);
#1555=EDGE_CURVE('',#1259,#1260,#723,.T.);
#1556=EDGE_CURVE('',#1258,#1260,#724,.T.);
#1557=EDGE_CURVE('',#1261,#1257,#725,.T.);
#1558=EDGE_CURVE('',#1261,#1262,#726,.T.);
#1559=EDGE_CURVE('',#1262,#1259,#727,.T.);
#1560=EDGE_CURVE('',#1263,#1261,#728,.T.);
#1561=EDGE_CURVE('',#1263,#1264,#729,.T.);
#1562=EDGE_CURVE('',#1264,#1262,#730,.T.);
#1563=EDGE_CURVE('',#1258,#1263,#731,.T.);
#1564=EDGE_CURVE('',#1260,#1264,#732,.T.);
#1565=EDGE_CURVE('',#1265,#1266,#733,.T.);
#1566=EDGE_CURVE('',#1265,#1267,#734,.T.);
#1567=EDGE_CURVE('',#1267,#1268,#735,.T.);
#1568=EDGE_CURVE('',#1266,#1268,#736,.T.);
#1569=EDGE_CURVE('',#1269,#1265,#737,.T.);
#1570=EDGE_CURVE('',#1269,#1270,#738,.T.);
#1571=EDGE_CURVE('',#1270,#1267,#739,.T.);
#1572=EDGE_CURVE('',#1271,#1269,#740,.T.);
#1573=EDGE_CURVE('',#1271,#1272,#741,.T.);
#1574=EDGE_CURVE('',#1272,#1270,#742,.T.);
#1575=EDGE_CURVE('',#1266,#1271,#743,.T.);
#1576=EDGE_CURVE('',#1268,#1272,#744,.T.);
#1577=EDGE_CURVE('',#1273,#1274,#745,.T.);
#1578=EDGE_CURVE('',#1273,#1275,#746,.T.);
#1579=EDGE_CURVE('',#1275,#1276,#747,.T.);
#1580=EDGE_CURVE('',#1274,#1276,#748,.T.);
#1581=EDGE_CURVE('',#1277,#1273,#749,.T.);
#1582=EDGE_CURVE('',#1277,#1278,#750,.T.);
#1583=EDGE_CURVE('',#1278,#1275,#751,.T.);
#1584=EDGE_CURVE('',#1279,#1277,#752,.T.);
#1585=EDGE_CURVE('',#1279,#1280,#753,.T.);
#1586=EDGE_CURVE('',#1280,#1278,#754,.T.);
#1587=EDGE_CURVE('',#1274,#1279,#755,.T.);
#1588=EDGE_CURVE('',#1276,#1280,#756,.T.);
#1589=EDGE_CURVE('',#1281,#1282,#757,.T.);
#1590=EDGE_CURVE('',#1281,#1283,#758,.T.);
#1591=EDGE_CURVE('',#1284,#1283,#759,.T.);
#1592=EDGE_CURVE('',#1282,#1284,#760,.T.);
#1593=EDGE_CURVE('',#1282,#1285,#761,.T.);
#1594=EDGE_CURVE('',#1286,#1284,#762,.T.);
#1595=EDGE_CURVE('',#1285,#1286,#763,.T.);
#1596=EDGE_CURVE('',#1285,#1287,#764,.T.);
#1597=EDGE_CURVE('',#1288,#1286,#765,.T.);
#1598=EDGE_CURVE('',#1287,#1288,#766,.T.);
#1599=EDGE_CURVE('',#1287,#1281,#767,.T.);
#1600=EDGE_CURVE('',#1283,#1288,#768,.T.);
#1601=ORIENTED_EDGE('',*,*,#1289,.F.);
#1602=ORIENTED_EDGE('',*,*,#1290,.T.);
#1603=ORIENTED_EDGE('',*,*,#1291,.F.);
#1604=ORIENTED_EDGE('',*,*,#1290,.F.);
#1605=ORIENTED_EDGE('',*,*,#1292,.F.);
#1606=ORIENTED_EDGE('',*,*,#1293,.T.);
#1607=ORIENTED_EDGE('',*,*,#1294,.F.);
#1608=ORIENTED_EDGE('',*,*,#1293,.F.);
#1609=ORIENTED_EDGE('',*,*,#1295,.F.);
#1610=ORIENTED_EDGE('',*,*,#1296,.T.);
#1611=ORIENTED_EDGE('',*,*,#1297,.F.);
#1612=ORIENTED_EDGE('',*,*,#1296,.F.);
#1613=ORIENTED_EDGE('',*,*,#1298,.F.);
#1614=ORIENTED_EDGE('',*,*,#1299,.T.);
#1615=ORIENTED_EDGE('',*,*,#1300,.F.);
#1616=ORIENTED_EDGE('',*,*,#1299,.F.);
#1617=ORIENTED_EDGE('',*,*,#1301,.F.);
#1618=ORIENTED_EDGE('',*,*,#1302,.T.);
#1619=ORIENTED_EDGE('',*,*,#1303,.T.);
#1620=ORIENTED_EDGE('',*,*,#1304,.F.);
#1621=ORIENTED_EDGE('',*,*,#1305,.F.);
#1622=ORIENTED_EDGE('',*,*,#1306,.T.);
#1623=ORIENTED_EDGE('',*,*,#1307,.T.);
#1624=ORIENTED_EDGE('',*,*,#1302,.F.);
#1625=ORIENTED_EDGE('',*,*,#1308,.F.);
#1626=ORIENTED_EDGE('',*,*,#1309,.T.);
#1627=ORIENTED_EDGE('',*,*,#1310,.T.);
#1628=ORIENTED_EDGE('',*,*,#1306,.F.);
#1629=ORIENTED_EDGE('',*,*,#1311,.F.);
#1630=ORIENTED_EDGE('',*,*,#1304,.T.);
#1631=ORIENTED_EDGE('',*,*,#1312,.T.);
#1632=ORIENTED_EDGE('',*,*,#1309,.F.);
#1633=ORIENTED_EDGE('',*,*,#1312,.F.);
#1634=ORIENTED_EDGE('',*,*,#1303,.F.);
#1635=ORIENTED_EDGE('',*,*,#1307,.F.);
#1636=ORIENTED_EDGE('',*,*,#1310,.F.);
#1637=ORIENTED_EDGE('',*,*,#1313,.F.);
#1638=ORIENTED_EDGE('',*,*,#1314,.T.);
#1639=ORIENTED_EDGE('',*,*,#1315,.T.);
#1640=ORIENTED_EDGE('',*,*,#1316,.F.);
#1641=ORIENTED_EDGE('',*,*,#1317,.F.);
#1642=ORIENTED_EDGE('',*,*,#1318,.T.);
#1643=ORIENTED_EDGE('',*,*,#1319,.T.);
#1644=ORIENTED_EDGE('',*,*,#1314,.F.);
#1645=ORIENTED_EDGE('',*,*,#1320,.F.);
#1646=ORIENTED_EDGE('',*,*,#1321,.T.);
#1647=ORIENTED_EDGE('',*,*,#1322,.T.);
#1648=ORIENTED_EDGE('',*,*,#1318,.F.);
#1649=ORIENTED_EDGE('',*,*,#1323,.F.);
#1650=ORIENTED_EDGE('',*,*,#1316,.T.);
#1651=ORIENTED_EDGE('',*,*,#1324,.T.);
#1652=ORIENTED_EDGE('',*,*,#1321,.F.);
#1653=ORIENTED_EDGE('',*,*,#1324,.F.);
#1654=ORIENTED_EDGE('',*,*,#1315,.F.);
#1655=ORIENTED_EDGE('',*,*,#1319,.F.);
#1656=ORIENTED_EDGE('',*,*,#1322,.F.);
#1657=ORIENTED_EDGE('',*,*,#1325,.F.);
#1658=ORIENTED_EDGE('',*,*,#1326,.T.);
#1659=ORIENTED_EDGE('',*,*,#1327,.T.);
#1660=ORIENTED_EDGE('',*,*,#1328,.F.);
#1661=ORIENTED_EDGE('',*,*,#1329,.F.);
#1662=ORIENTED_EDGE('',*,*,#1330,.T.);
#1663=ORIENTED_EDGE('',*,*,#1331,.T.);
#1664=ORIENTED_EDGE('',*,*,#1326,.F.);
#1665=ORIENTED_EDGE('',*,*,#1332,.F.);
#1666=ORIENTED_EDGE('',*,*,#1333,.T.);
#1667=ORIENTED_EDGE('',*,*,#1334,.T.);
#1668=ORIENTED_EDGE('',*,*,#1330,.F.);
#1669=ORIENTED_EDGE('',*,*,#1335,.F.);
#1670=ORIENTED_EDGE('',*,*,#1328,.T.);
#1671=ORIENTED_EDGE('',*,*,#1336,.T.);
#1672=ORIENTED_EDGE('',*,*,#1333,.F.);
#1673=ORIENTED_EDGE('',*,*,#1336,.F.);
#1674=ORIENTED_EDGE('',*,*,#1327,.F.);
#1675=ORIENTED_EDGE('',*,*,#1331,.F.);
#1676=ORIENTED_EDGE('',*,*,#1334,.F.);
#1677=ORIENTED_EDGE('',*,*,#1337,.F.);
#1678=ORIENTED_EDGE('',*,*,#1338,.T.);
#1679=ORIENTED_EDGE('',*,*,#1339,.T.);
#1680=ORIENTED_EDGE('',*,*,#1340,.F.);
#1681=ORIENTED_EDGE('',*,*,#1341,.F.);
#1682=ORIENTED_EDGE('',*,*,#1342,.T.);
#1683=ORIENTED_EDGE('',*,*,#1343,.T.);
#1684=ORIENTED_EDGE('',*,*,#1338,.F.);
#1685=ORIENTED_EDGE('',*,*,#1344,.F.);
#1686=ORIENTED_EDGE('',*,*,#1345,.T.);
#1687=ORIENTED_EDGE('',*,*,#1346,.T.);
#1688=ORIENTED_EDGE('',*,*,#1342,.F.);
#1689=ORIENTED_EDGE('',*,*,#1347,.F.);
#1690=ORIENTED_EDGE('',*,*,#1340,.T.);
#1691=ORIENTED_EDGE('',*,*,#1348,.T.);
#1692=ORIENTED_EDGE('',*,*,#1345,.F.);
#1693=ORIENTED_EDGE('',*,*,#1348,.F.);
#1694=ORIENTED_EDGE('',*,*,#1339,.F.);
#1695=ORIENTED_EDGE('',*,*,#1343,.F.);
#1696=ORIENTED_EDGE('',*,*,#1346,.F.);
#1697=ORIENTED_EDGE('',*,*,#1349,.F.);
#1698=ORIENTED_EDGE('',*,*,#1350,.T.);
#1699=ORIENTED_EDGE('',*,*,#1351,.T.);
#1700=ORIENTED_EDGE('',*,*,#1352,.F.);
#1701=ORIENTED_EDGE('',*,*,#1353,.F.);
#1702=ORIENTED_EDGE('',*,*,#1354,.T.);
#1703=ORIENTED_EDGE('',*,*,#1355,.T.);
#1704=ORIENTED_EDGE('',*,*,#1350,.F.);
#1705=ORIENTED_EDGE('',*,*,#1356,.F.);
#1706=ORIENTED_EDGE('',*,*,#1357,.T.);
#1707=ORIENTED_EDGE('',*,*,#1358,.T.);
#1708=ORIENTED_EDGE('',*,*,#1354,.F.);
#1709=ORIENTED_EDGE('',*,*,#1359,.F.);
#1710=ORIENTED_EDGE('',*,*,#1352,.T.);
#1711=ORIENTED_EDGE('',*,*,#1360,.T.);
#1712=ORIENTED_EDGE('',*,*,#1357,.F.);
#1713=ORIENTED_EDGE('',*,*,#1360,.F.);
#1714=ORIENTED_EDGE('',*,*,#1351,.F.);
#1715=ORIENTED_EDGE('',*,*,#1355,.F.);
#1716=ORIENTED_EDGE('',*,*,#1358,.F.);
#1717=ORIENTED_EDGE('',*,*,#1361,.F.);
#1718=ORIENTED_EDGE('',*,*,#1362,.T.);
#1719=ORIENTED_EDGE('',*,*,#1363,.T.);
#1720=ORIENTED_EDGE('',*,*,#1364,.F.);
#1721=ORIENTED_EDGE('',*,*,#1365,.F.);
#1722=ORIENTED_EDGE('',*,*,#1366,.T.);
#1723=ORIENTED_EDGE('',*,*,#1367,.T.);
#1724=ORIENTED_EDGE('',*,*,#1362,.F.);
#1725=ORIENTED_EDGE('',*,*,#1368,.F.);
#1726=ORIENTED_EDGE('',*,*,#1369,.T.);
#1727=ORIENTED_EDGE('',*,*,#1370,.T.);
#1728=ORIENTED_EDGE('',*,*,#1366,.F.);
#1729=ORIENTED_EDGE('',*,*,#1371,.F.);
#1730=ORIENTED_EDGE('',*,*,#1364,.T.);
#1731=ORIENTED_EDGE('',*,*,#1372,.T.);
#1732=ORIENTED_EDGE('',*,*,#1369,.F.);
#1733=ORIENTED_EDGE('',*,*,#1372,.F.);
#1734=ORIENTED_EDGE('',*,*,#1363,.F.);
#1735=ORIENTED_EDGE('',*,*,#1367,.F.);
#1736=ORIENTED_EDGE('',*,*,#1370,.F.);
#1737=ORIENTED_EDGE('',*,*,#1373,.F.);
#1738=ORIENTED_EDGE('',*,*,#1374,.T.);
#1739=ORIENTED_EDGE('',*,*,#1375,.T.);
#1740=ORIENTED_EDGE('',*,*,#1376,.F.);
#1741=ORIENTED_EDGE('',*,*,#1377,.F.);
#1742=ORIENTED_EDGE('',*,*,#1378,.T.);
#1743=ORIENTED_EDGE('',*,*,#1379,.T.);
#1744=ORIENTED_EDGE('',*,*,#1374,.F.);
#1745=ORIENTED_EDGE('',*,*,#1380,.F.);
#1746=ORIENTED_EDGE('',*,*,#1381,.T.);
#1747=ORIENTED_EDGE('',*,*,#1382,.T.);
#1748=ORIENTED_EDGE('',*,*,#1378,.F.);
#1749=ORIENTED_EDGE('',*,*,#1383,.F.);
#1750=ORIENTED_EDGE('',*,*,#1376,.T.);
#1751=ORIENTED_EDGE('',*,*,#1384,.T.);
#1752=ORIENTED_EDGE('',*,*,#1381,.F.);
#1753=ORIENTED_EDGE('',*,*,#1384,.F.);
#1754=ORIENTED_EDGE('',*,*,#1375,.F.);
#1755=ORIENTED_EDGE('',*,*,#1379,.F.);
#1756=ORIENTED_EDGE('',*,*,#1382,.F.);
#1757=ORIENTED_EDGE('',*,*,#1385,.F.);
#1758=ORIENTED_EDGE('',*,*,#1386,.T.);
#1759=ORIENTED_EDGE('',*,*,#1387,.T.);
#1760=ORIENTED_EDGE('',*,*,#1388,.F.);
#1761=ORIENTED_EDGE('',*,*,#1389,.F.);
#1762=ORIENTED_EDGE('',*,*,#1390,.T.);
#1763=ORIENTED_EDGE('',*,*,#1391,.T.);
#1764=ORIENTED_EDGE('',*,*,#1386,.F.);
#1765=ORIENTED_EDGE('',*,*,#1392,.F.);
#1766=ORIENTED_EDGE('',*,*,#1393,.T.);
#1767=ORIENTED_EDGE('',*,*,#1394,.T.);
#1768=ORIENTED_EDGE('',*,*,#1390,.F.);
#1769=ORIENTED_EDGE('',*,*,#1395,.F.);
#1770=ORIENTED_EDGE('',*,*,#1388,.T.);
#1771=ORIENTED_EDGE('',*,*,#1396,.T.);
#1772=ORIENTED_EDGE('',*,*,#1393,.F.);
#1773=ORIENTED_EDGE('',*,*,#1396,.F.);
#1774=ORIENTED_EDGE('',*,*,#1387,.F.);
#1775=ORIENTED_EDGE('',*,*,#1391,.F.);
#1776=ORIENTED_EDGE('',*,*,#1394,.F.);
#1777=ORIENTED_EDGE('',*,*,#1292,.T.);
#1778=ORIENTED_EDGE('',*,*,#1397,.F.);
#1779=ORIENTED_EDGE('',*,*,#1398,.T.);
#1780=ORIENTED_EDGE('',*,*,#1399,.T.);
#1781=ORIENTED_EDGE('',*,*,#1400,.F.);
#1782=ORIENTED_EDGE('',*,*,#1401,.F.);
#1783=ORIENTED_EDGE('',*,*,#1402,.T.);
#1784=ORIENTED_EDGE('',*,*,#1403,.T.);
#1785=ORIENTED_EDGE('',*,*,#1398,.F.);
#1786=ORIENTED_EDGE('',*,*,#1404,.F.);
#1787=ORIENTED_EDGE('',*,*,#1405,.T.);
#1788=ORIENTED_EDGE('',*,*,#1406,.T.);
#1789=ORIENTED_EDGE('',*,*,#1402,.F.);
#1790=ORIENTED_EDGE('',*,*,#1407,.F.);
#1791=ORIENTED_EDGE('',*,*,#1400,.T.);
#1792=ORIENTED_EDGE('',*,*,#1408,.T.);
#1793=ORIENTED_EDGE('',*,*,#1405,.F.);
#1794=ORIENTED_EDGE('',*,*,#1408,.F.);
#1795=ORIENTED_EDGE('',*,*,#1399,.F.);
#1796=ORIENTED_EDGE('',*,*,#1403,.F.);
#1797=ORIENTED_EDGE('',*,*,#1406,.F.);
#1798=ORIENTED_EDGE('',*,*,#1409,.F.);
#1799=ORIENTED_EDGE('',*,*,#1410,.T.);
#1800=ORIENTED_EDGE('',*,*,#1411,.T.);
#1801=ORIENTED_EDGE('',*,*,#1412,.F.);
#1802=ORIENTED_EDGE('',*,*,#1413,.F.);
#1803=ORIENTED_EDGE('',*,*,#1414,.T.);
#1804=ORIENTED_EDGE('',*,*,#1415,.T.);
#1805=ORIENTED_EDGE('',*,*,#1410,.F.);
#1806=ORIENTED_EDGE('',*,*,#1416,.F.);
#1807=ORIENTED_EDGE('',*,*,#1417,.T.);
#1808=ORIENTED_EDGE('',*,*,#1418,.T.);
#1809=ORIENTED_EDGE('',*,*,#1414,.F.);
#1810=ORIENTED_EDGE('',*,*,#1419,.F.);
#1811=ORIENTED_EDGE('',*,*,#1412,.T.);
#1812=ORIENTED_EDGE('',*,*,#1420,.T.);
#1813=ORIENTED_EDGE('',*,*,#1417,.F.);
#1814=ORIENTED_EDGE('',*,*,#1420,.F.);
#1815=ORIENTED_EDGE('',*,*,#1411,.F.);
#1816=ORIENTED_EDGE('',*,*,#1415,.F.);
#1817=ORIENTED_EDGE('',*,*,#1418,.F.);
#1818=ORIENTED_EDGE('',*,*,#1421,.F.);
#1819=ORIENTED_EDGE('',*,*,#1422,.T.);
#1820=ORIENTED_EDGE('',*,*,#1423,.T.);
#1821=ORIENTED_EDGE('',*,*,#1424,.F.);
#1822=ORIENTED_EDGE('',*,*,#1425,.F.);
#1823=ORIENTED_EDGE('',*,*,#1426,.T.);
#1824=ORIENTED_EDGE('',*,*,#1427,.T.);
#1825=ORIENTED_EDGE('',*,*,#1422,.F.);
#1826=ORIENTED_EDGE('',*,*,#1428,.F.);
#1827=ORIENTED_EDGE('',*,*,#1429,.T.);
#1828=ORIENTED_EDGE('',*,*,#1430,.T.);
#1829=ORIENTED_EDGE('',*,*,#1426,.F.);
#1830=ORIENTED_EDGE('',*,*,#1431,.F.);
#1831=ORIENTED_EDGE('',*,*,#1424,.T.);
#1832=ORIENTED_EDGE('',*,*,#1432,.T.);
#1833=ORIENTED_EDGE('',*,*,#1429,.F.);
#1834=ORIENTED_EDGE('',*,*,#1432,.F.);
#1835=ORIENTED_EDGE('',*,*,#1423,.F.);
#1836=ORIENTED_EDGE('',*,*,#1427,.F.);
#1837=ORIENTED_EDGE('',*,*,#1430,.F.);
#1838=ORIENTED_EDGE('',*,*,#1433,.F.);
#1839=ORIENTED_EDGE('',*,*,#1434,.T.);
#1840=ORIENTED_EDGE('',*,*,#1435,.T.);
#1841=ORIENTED_EDGE('',*,*,#1436,.F.);
#1842=ORIENTED_EDGE('',*,*,#1437,.F.);
#1843=ORIENTED_EDGE('',*,*,#1438,.T.);
#1844=ORIENTED_EDGE('',*,*,#1439,.T.);
#1845=ORIENTED_EDGE('',*,*,#1434,.F.);
#1846=ORIENTED_EDGE('',*,*,#1440,.F.);
#1847=ORIENTED_EDGE('',*,*,#1441,.T.);
#1848=ORIENTED_EDGE('',*,*,#1442,.T.);
#1849=ORIENTED_EDGE('',*,*,#1438,.F.);
#1850=ORIENTED_EDGE('',*,*,#1443,.F.);
#1851=ORIENTED_EDGE('',*,*,#1436,.T.);
#1852=ORIENTED_EDGE('',*,*,#1444,.T.);
#1853=ORIENTED_EDGE('',*,*,#1441,.F.);
#1854=ORIENTED_EDGE('',*,*,#1444,.F.);
#1855=ORIENTED_EDGE('',*,*,#1435,.F.);
#1856=ORIENTED_EDGE('',*,*,#1439,.F.);
#1857=ORIENTED_EDGE('',*,*,#1442,.F.);
#1858=ORIENTED_EDGE('',*,*,#1295,.T.);
#1859=ORIENTED_EDGE('',*,*,#1445,.F.);
#1860=ORIENTED_EDGE('',*,*,#1446,.T.);
#1861=ORIENTED_EDGE('',*,*,#1447,.T.);
#1862=ORIENTED_EDGE('',*,*,#1448,.F.);
#1863=ORIENTED_EDGE('',*,*,#1449,.F.);
#1864=ORIENTED_EDGE('',*,*,#1450,.T.);
#1865=ORIENTED_EDGE('',*,*,#1451,.T.);
#1866=ORIENTED_EDGE('',*,*,#1446,.F.);
#1867=ORIENTED_EDGE('',*,*,#1452,.F.);
#1868=ORIENTED_EDGE('',*,*,#1453,.T.);
#1869=ORIENTED_EDGE('',*,*,#1454,.T.);
#1870=ORIENTED_EDGE('',*,*,#1450,.F.);
#1871=ORIENTED_EDGE('',*,*,#1455,.F.);
#1872=ORIENTED_EDGE('',*,*,#1448,.T.);
#1873=ORIENTED_EDGE('',*,*,#1456,.T.);
#1874=ORIENTED_EDGE('',*,*,#1453,.F.);
#1875=ORIENTED_EDGE('',*,*,#1456,.F.);
#1876=ORIENTED_EDGE('',*,*,#1447,.F.);
#1877=ORIENTED_EDGE('',*,*,#1451,.F.);
#1878=ORIENTED_EDGE('',*,*,#1454,.F.);
#1879=ORIENTED_EDGE('',*,*,#1457,.F.);
#1880=ORIENTED_EDGE('',*,*,#1458,.T.);
#1881=ORIENTED_EDGE('',*,*,#1459,.T.);
#1882=ORIENTED_EDGE('',*,*,#1460,.F.);
#1883=ORIENTED_EDGE('',*,*,#1461,.F.);
#1884=ORIENTED_EDGE('',*,*,#1462,.T.);
#1885=ORIENTED_EDGE('',*,*,#1463,.T.);
#1886=ORIENTED_EDGE('',*,*,#1458,.F.);
#1887=ORIENTED_EDGE('',*,*,#1464,.F.);
#1888=ORIENTED_EDGE('',*,*,#1465,.T.);
#1889=ORIENTED_EDGE('',*,*,#1466,.T.);
#1890=ORIENTED_EDGE('',*,*,#1462,.F.);
#1891=ORIENTED_EDGE('',*,*,#1467,.F.);
#1892=ORIENTED_EDGE('',*,*,#1460,.T.);
#1893=ORIENTED_EDGE('',*,*,#1468,.T.);
#1894=ORIENTED_EDGE('',*,*,#1465,.F.);
#1895=ORIENTED_EDGE('',*,*,#1468,.F.);
#1896=ORIENTED_EDGE('',*,*,#1459,.F.);
#1897=ORIENTED_EDGE('',*,*,#1463,.F.);
#1898=ORIENTED_EDGE('',*,*,#1466,.F.);
#1899=ORIENTED_EDGE('',*,*,#1469,.F.);
#1900=ORIENTED_EDGE('',*,*,#1470,.T.);
#1901=ORIENTED_EDGE('',*,*,#1471,.T.);
#1902=ORIENTED_EDGE('',*,*,#1472,.F.);
#1903=ORIENTED_EDGE('',*,*,#1473,.F.);
#1904=ORIENTED_EDGE('',*,*,#1474,.T.);
#1905=ORIENTED_EDGE('',*,*,#1475,.T.);
#1906=ORIENTED_EDGE('',*,*,#1470,.F.);
#1907=ORIENTED_EDGE('',*,*,#1476,.F.);
#1908=ORIENTED_EDGE('',*,*,#1477,.T.);
#1909=ORIENTED_EDGE('',*,*,#1478,.T.);
#1910=ORIENTED_EDGE('',*,*,#1474,.F.);
#1911=ORIENTED_EDGE('',*,*,#1479,.F.);
#1912=ORIENTED_EDGE('',*,*,#1472,.T.);
#1913=ORIENTED_EDGE('',*,*,#1480,.T.);
#1914=ORIENTED_EDGE('',*,*,#1477,.F.);
#1915=ORIENTED_EDGE('',*,*,#1480,.F.);
#1916=ORIENTED_EDGE('',*,*,#1471,.F.);
#1917=ORIENTED_EDGE('',*,*,#1475,.F.);
#1918=ORIENTED_EDGE('',*,*,#1478,.F.);
#1919=ORIENTED_EDGE('',*,*,#1481,.F.);
#1920=ORIENTED_EDGE('',*,*,#1482,.T.);
#1921=ORIENTED_EDGE('',*,*,#1483,.T.);
#1922=ORIENTED_EDGE('',*,*,#1484,.F.);
#1923=ORIENTED_EDGE('',*,*,#1485,.F.);
#1924=ORIENTED_EDGE('',*,*,#1486,.T.);
#1925=ORIENTED_EDGE('',*,*,#1487,.T.);
#1926=ORIENTED_EDGE('',*,*,#1482,.F.);
#1927=ORIENTED_EDGE('',*,*,#1488,.F.);
#1928=ORIENTED_EDGE('',*,*,#1489,.T.);
#1929=ORIENTED_EDGE('',*,*,#1490,.T.);
#1930=ORIENTED_EDGE('',*,*,#1486,.F.);
#1931=ORIENTED_EDGE('',*,*,#1491,.F.);
#1932=ORIENTED_EDGE('',*,*,#1484,.T.);
#1933=ORIENTED_EDGE('',*,*,#1492,.T.);
#1934=ORIENTED_EDGE('',*,*,#1489,.F.);
#1935=ORIENTED_EDGE('',*,*,#1492,.F.);
#1936=ORIENTED_EDGE('',*,*,#1483,.F.);
#1937=ORIENTED_EDGE('',*,*,#1487,.F.);
#1938=ORIENTED_EDGE('',*,*,#1490,.F.);
#1939=ORIENTED_EDGE('',*,*,#1493,.F.);
#1940=ORIENTED_EDGE('',*,*,#1494,.T.);
#1941=ORIENTED_EDGE('',*,*,#1495,.T.);
#1942=ORIENTED_EDGE('',*,*,#1496,.F.);
#1943=ORIENTED_EDGE('',*,*,#1497,.F.);
#1944=ORIENTED_EDGE('',*,*,#1498,.T.);
#1945=ORIENTED_EDGE('',*,*,#1499,.T.);
#1946=ORIENTED_EDGE('',*,*,#1494,.F.);
#1947=ORIENTED_EDGE('',*,*,#1500,.F.);
#1948=ORIENTED_EDGE('',*,*,#1501,.T.);
#1949=ORIENTED_EDGE('',*,*,#1502,.T.);
#1950=ORIENTED_EDGE('',*,*,#1498,.F.);
#1951=ORIENTED_EDGE('',*,*,#1503,.F.);
#1952=ORIENTED_EDGE('',*,*,#1496,.T.);
#1953=ORIENTED_EDGE('',*,*,#1504,.T.);
#1954=ORIENTED_EDGE('',*,*,#1501,.F.);
#1955=ORIENTED_EDGE('',*,*,#1504,.F.);
#1956=ORIENTED_EDGE('',*,*,#1495,.F.);
#1957=ORIENTED_EDGE('',*,*,#1499,.F.);
#1958=ORIENTED_EDGE('',*,*,#1502,.F.);
#1959=ORIENTED_EDGE('',*,*,#1505,.F.);
#1960=ORIENTED_EDGE('',*,*,#1506,.T.);
#1961=ORIENTED_EDGE('',*,*,#1507,.T.);
#1962=ORIENTED_EDGE('',*,*,#1508,.F.);
#1963=ORIENTED_EDGE('',*,*,#1509,.F.);
#1964=ORIENTED_EDGE('',*,*,#1510,.T.);
#1965=ORIENTED_EDGE('',*,*,#1511,.T.);
#1966=ORIENTED_EDGE('',*,*,#1506,.F.);
#1967=ORIENTED_EDGE('',*,*,#1512,.F.);
#1968=ORIENTED_EDGE('',*,*,#1513,.T.);
#1969=ORIENTED_EDGE('',*,*,#1514,.T.);
#1970=ORIENTED_EDGE('',*,*,#1510,.F.);
#1971=ORIENTED_EDGE('',*,*,#1515,.F.);
#1972=ORIENTED_EDGE('',*,*,#1508,.T.);
#1973=ORIENTED_EDGE('',*,*,#1516,.T.);
#1974=ORIENTED_EDGE('',*,*,#1513,.F.);
#1975=ORIENTED_EDGE('',*,*,#1516,.F.);
#1976=ORIENTED_EDGE('',*,*,#1507,.F.);
#1977=ORIENTED_EDGE('',*,*,#1511,.F.);
#1978=ORIENTED_EDGE('',*,*,#1514,.F.);
#1979=ORIENTED_EDGE('',*,*,#1289,.T.);
#1980=ORIENTED_EDGE('',*,*,#1517,.F.);
#1981=ORIENTED_EDGE('',*,*,#1518,.T.);
#1982=ORIENTED_EDGE('',*,*,#1519,.T.);
#1983=ORIENTED_EDGE('',*,*,#1520,.F.);
#1984=ORIENTED_EDGE('',*,*,#1521,.F.);
#1985=ORIENTED_EDGE('',*,*,#1522,.T.);
#1986=ORIENTED_EDGE('',*,*,#1523,.T.);
#1987=ORIENTED_EDGE('',*,*,#1518,.F.);
#1988=ORIENTED_EDGE('',*,*,#1524,.F.);
#1989=ORIENTED_EDGE('',*,*,#1525,.T.);
#1990=ORIENTED_EDGE('',*,*,#1526,.T.);
#1991=ORIENTED_EDGE('',*,*,#1522,.F.);
#1992=ORIENTED_EDGE('',*,*,#1527,.F.);
#1993=ORIENTED_EDGE('',*,*,#1520,.T.);
#1994=ORIENTED_EDGE('',*,*,#1528,.T.);
#1995=ORIENTED_EDGE('',*,*,#1525,.F.);
#1996=ORIENTED_EDGE('',*,*,#1528,.F.);
#1997=ORIENTED_EDGE('',*,*,#1519,.F.);
#1998=ORIENTED_EDGE('',*,*,#1523,.F.);
#1999=ORIENTED_EDGE('',*,*,#1526,.F.);
#2000=ORIENTED_EDGE('',*,*,#1529,.F.);
#2001=ORIENTED_EDGE('',*,*,#1530,.T.);
#2002=ORIENTED_EDGE('',*,*,#1531,.T.);
#2003=ORIENTED_EDGE('',*,*,#1532,.F.);
#2004=ORIENTED_EDGE('',*,*,#1533,.F.);
#2005=ORIENTED_EDGE('',*,*,#1534,.T.);
#2006=ORIENTED_EDGE('',*,*,#1535,.T.);
#2007=ORIENTED_EDGE('',*,*,#1530,.F.);
#2008=ORIENTED_EDGE('',*,*,#1536,.F.);
#2009=ORIENTED_EDGE('',*,*,#1537,.T.);
#2010=ORIENTED_EDGE('',*,*,#1538,.T.);
#2011=ORIENTED_EDGE('',*,*,#1534,.F.);
#2012=ORIENTED_EDGE('',*,*,#1539,.F.);
#2013=ORIENTED_EDGE('',*,*,#1532,.T.);
#2014=ORIENTED_EDGE('',*,*,#1540,.T.);
#2015=ORIENTED_EDGE('',*,*,#1537,.F.);
#2016=ORIENTED_EDGE('',*,*,#1540,.F.);
#2017=ORIENTED_EDGE('',*,*,#1531,.F.);
#2018=ORIENTED_EDGE('',*,*,#1535,.F.);
#2019=ORIENTED_EDGE('',*,*,#1538,.F.);
#2020=ORIENTED_EDGE('',*,*,#1541,.F.);
#2021=ORIENTED_EDGE('',*,*,#1542,.T.);
#2022=ORIENTED_EDGE('',*,*,#1543,.T.);
#2023=ORIENTED_EDGE('',*,*,#1544,.F.);
#2024=ORIENTED_EDGE('',*,*,#1545,.F.);
#2025=ORIENTED_EDGE('',*,*,#1546,.T.);
#2026=ORIENTED_EDGE('',*,*,#1547,.T.);
#2027=ORIENTED_EDGE('',*,*,#1542,.F.);
#2028=ORIENTED_EDGE('',*,*,#1548,.F.);
#2029=ORIENTED_EDGE('',*,*,#1549,.T.);
#2030=ORIENTED_EDGE('',*,*,#1550,.T.);
#2031=ORIENTED_EDGE('',*,*,#1546,.F.);
#2032=ORIENTED_EDGE('',*,*,#1551,.F.);
#2033=ORIENTED_EDGE('',*,*,#1544,.T.);
#2034=ORIENTED_EDGE('',*,*,#1552,.T.);
#2035=ORIENTED_EDGE('',*,*,#1549,.F.);
#2036=ORIENTED_EDGE('',*,*,#1552,.F.);
#2037=ORIENTED_EDGE('',*,*,#1543,.F.);
#2038=ORIENTED_EDGE('',*,*,#1547,.F.);
#2039=ORIENTED_EDGE('',*,*,#1550,.F.);
#2040=ORIENTED_EDGE('',*,*,#1553,.F.);
#2041=ORIENTED_EDGE('',*,*,#1554,.T.);
#2042=ORIENTED_EDGE('',*,*,#1555,.T.);
#2043=ORIENTED_EDGE('',*,*,#1556,.F.);
#2044=ORIENTED_EDGE('',*,*,#1557,.F.);
#2045=ORIENTED_EDGE('',*,*,#1558,.T.);
#2046=ORIENTED_EDGE('',*,*,#1559,.T.);
#2047=ORIENTED_EDGE('',*,*,#1554,.F.);
#2048=ORIENTED_EDGE('',*,*,#1560,.F.);
#2049=ORIENTED_EDGE('',*,*,#1561,.T.);
#2050=ORIENTED_EDGE('',*,*,#1562,.T.);
#2051=ORIENTED_EDGE('',*,*,#1558,.F.);
#2052=ORIENTED_EDGE('',*,*,#1563,.F.);
#2053=ORIENTED_EDGE('',*,*,#1556,.T.);
#2054=ORIENTED_EDGE('',*,*,#1564,.T.);
#2055=ORIENTED_EDGE('',*,*,#1561,.F.);
#2056=ORIENTED_EDGE('',*,*,#1564,.F.);
#2057=ORIENTED_EDGE('',*,*,#1555,.F.);
#2058=ORIENTED_EDGE('',*,*,#1559,.F.);
#2059=ORIENTED_EDGE('',*,*,#1562,.F.);
#2060=ORIENTED_EDGE('',*,*,#1565,.F.);
#2061=ORIENTED_EDGE('',*,*,#1566,.T.);
#2062=ORIENTED_EDGE('',*,*,#1567,.T.);
#2063=ORIENTED_EDGE('',*,*,#1568,.F.);
#2064=ORIENTED_EDGE('',*,*,#1569,.F.);
#2065=ORIENTED_EDGE('',*,*,#1570,.T.);
#2066=ORIENTED_EDGE('',*,*,#1571,.T.);
#2067=ORIENTED_EDGE('',*,*,#1566,.F.);
#2068=ORIENTED_EDGE('',*,*,#1572,.F.);
#2069=ORIENTED_EDGE('',*,*,#1573,.T.);
#2070=ORIENTED_EDGE('',*,*,#1574,.T.);
#2071=ORIENTED_EDGE('',*,*,#1570,.F.);
#2072=ORIENTED_EDGE('',*,*,#1575,.F.);
#2073=ORIENTED_EDGE('',*,*,#1568,.T.);
#2074=ORIENTED_EDGE('',*,*,#1576,.T.);
#2075=ORIENTED_EDGE('',*,*,#1573,.F.);
#2076=ORIENTED_EDGE('',*,*,#1576,.F.);
#2077=ORIENTED_EDGE('',*,*,#1567,.F.);
#2078=ORIENTED_EDGE('',*,*,#1571,.F.);
#2079=ORIENTED_EDGE('',*,*,#1574,.F.);
#2080=ORIENTED_EDGE('',*,*,#1577,.F.);
#2081=ORIENTED_EDGE('',*,*,#1578,.T.);
#2082=ORIENTED_EDGE('',*,*,#1579,.T.);
#2083=ORIENTED_EDGE('',*,*,#1580,.F.);
#2084=ORIENTED_EDGE('',*,*,#1581,.F.);
#2085=ORIENTED_EDGE('',*,*,#1582,.T.);
#2086=ORIENTED_EDGE('',*,*,#1583,.T.);
#2087=ORIENTED_EDGE('',*,*,#1578,.F.);
#2088=ORIENTED_EDGE('',*,*,#1584,.F.);
#2089=ORIENTED_EDGE('',*,*,#1585,.T.);
#2090=ORIENTED_EDGE('',*,*,#1586,.T.);
#2091=ORIENTED_EDGE('',*,*,#1582,.F.);
#2092=ORIENTED_EDGE('',*,*,#1587,.F.);
#2093=ORIENTED_EDGE('',*,*,#1580,.T.);
#2094=ORIENTED_EDGE('',*,*,#1588,.T.);
#2095=ORIENTED_EDGE('',*,*,#1585,.F.);
#2096=ORIENTED_EDGE('',*,*,#1588,.F.);
#2097=ORIENTED_EDGE('',*,*,#1579,.F.);
#2098=ORIENTED_EDGE('',*,*,#1583,.F.);
#2099=ORIENTED_EDGE('',*,*,#1586,.F.);
#2100=ORIENTED_EDGE('',*,*,#1298,.T.);
#2101=ORIENTED_EDGE('',*,*,#1589,.F.);
#2102=ORIENTED_EDGE('',*,*,#1590,.T.);
#2103=ORIENTED_EDGE('',*,*,#1591,.F.);
#2104=ORIENTED_EDGE('',*,*,#1592,.F.);
#2105=ORIENTED_EDGE('',*,*,#1593,.F.);
#2106=ORIENTED_EDGE('',*,*,#1592,.T.);
#2107=ORIENTED_EDGE('',*,*,#1594,.F.);
#2108=ORIENTED_EDGE('',*,*,#1595,.F.);
#2109=ORIENTED_EDGE('',*,*,#1596,.F.);
#2110=ORIENTED_EDGE('',*,*,#1595,.T.);
#2111=ORIENTED_EDGE('',*,*,#1597,.F.);
#2112=ORIENTED_EDGE('',*,*,#1598,.F.);
#2113=ORIENTED_EDGE('',*,*,#1599,.F.);
#2114=ORIENTED_EDGE('',*,*,#1598,.T.);
#2115=ORIENTED_EDGE('',*,*,#1600,.F.);
#2116=ORIENTED_EDGE('',*,*,#1590,.F.);
#2117=ORIENTED_EDGE('',*,*,#1600,.T.);
#2118=ORIENTED_EDGE('',*,*,#1597,.T.);
#2119=ORIENTED_EDGE('',*,*,#1594,.T.);
#2120=ORIENTED_EDGE('',*,*,#1591,.T.);
#2121=ORIENTED_EDGE('',*,*,#1577,.T.);
#2122=ORIENTED_EDGE('',*,*,#1587,.T.);
#2123=ORIENTED_EDGE('',*,*,#1584,.T.);
#2124=ORIENTED_EDGE('',*,*,#1581,.T.);
#2125=ORIENTED_EDGE('',*,*,#1565,.T.);
#2126=ORIENTED_EDGE('',*,*,#1575,.T.);
#2127=ORIENTED_EDGE('',*,*,#1572,.T.);
#2128=ORIENTED_EDGE('',*,*,#1569,.T.);
#2129=ORIENTED_EDGE('',*,*,#1553,.T.);
#2130=ORIENTED_EDGE('',*,*,#1563,.T.);
#2131=ORIENTED_EDGE('',*,*,#1560,.T.);
#2132=ORIENTED_EDGE('',*,*,#1557,.T.);
#2133=ORIENTED_EDGE('',*,*,#1541,.T.);
#2134=ORIENTED_EDGE('',*,*,#1551,.T.);
#2135=ORIENTED_EDGE('',*,*,#1548,.T.);
#2136=ORIENTED_EDGE('',*,*,#1545,.T.);
#2137=ORIENTED_EDGE('',*,*,#1529,.T.);
#2138=ORIENTED_EDGE('',*,*,#1539,.T.);
#2139=ORIENTED_EDGE('',*,*,#1536,.T.);
#2140=ORIENTED_EDGE('',*,*,#1533,.T.);
#2141=ORIENTED_EDGE('',*,*,#1517,.T.);
#2142=ORIENTED_EDGE('',*,*,#1527,.T.);
#2143=ORIENTED_EDGE('',*,*,#1524,.T.);
#2144=ORIENTED_EDGE('',*,*,#1521,.T.);
#2145=ORIENTED_EDGE('',*,*,#1505,.T.);
#2146=ORIENTED_EDGE('',*,*,#1515,.T.);
#2147=ORIENTED_EDGE('',*,*,#1512,.T.);
#2148=ORIENTED_EDGE('',*,*,#1509,.T.);
#2149=ORIENTED_EDGE('',*,*,#1493,.T.);
#2150=ORIENTED_EDGE('',*,*,#1503,.T.);
#2151=ORIENTED_EDGE('',*,*,#1500,.T.);
#2152=ORIENTED_EDGE('',*,*,#1497,.T.);
#2153=ORIENTED_EDGE('',*,*,#1481,.T.);
#2154=ORIENTED_EDGE('',*,*,#1491,.T.);
#2155=ORIENTED_EDGE('',*,*,#1488,.T.);
#2156=ORIENTED_EDGE('',*,*,#1485,.T.);
#2157=ORIENTED_EDGE('',*,*,#1469,.T.);
#2158=ORIENTED_EDGE('',*,*,#1479,.T.);
#2159=ORIENTED_EDGE('',*,*,#1476,.T.);
#2160=ORIENTED_EDGE('',*,*,#1473,.T.);
#2161=ORIENTED_EDGE('',*,*,#1457,.T.);
#2162=ORIENTED_EDGE('',*,*,#1467,.T.);
#2163=ORIENTED_EDGE('',*,*,#1464,.T.);
#2164=ORIENTED_EDGE('',*,*,#1461,.T.);
#2165=ORIENTED_EDGE('',*,*,#1445,.T.);
#2166=ORIENTED_EDGE('',*,*,#1455,.T.);
#2167=ORIENTED_EDGE('',*,*,#1452,.T.);
#2168=ORIENTED_EDGE('',*,*,#1449,.T.);
#2169=ORIENTED_EDGE('',*,*,#1433,.T.);
#2170=ORIENTED_EDGE('',*,*,#1443,.T.);
#2171=ORIENTED_EDGE('',*,*,#1440,.T.);
#2172=ORIENTED_EDGE('',*,*,#1437,.T.);
#2173=ORIENTED_EDGE('',*,*,#1421,.T.);
#2174=ORIENTED_EDGE('',*,*,#1431,.T.);
#2175=ORIENTED_EDGE('',*,*,#1428,.T.);
#2176=ORIENTED_EDGE('',*,*,#1425,.T.);
#2177=ORIENTED_EDGE('',*,*,#1409,.T.);
#2178=ORIENTED_EDGE('',*,*,#1419,.T.);
#2179=ORIENTED_EDGE('',*,*,#1416,.T.);
#2180=ORIENTED_EDGE('',*,*,#1413,.T.);
#2181=ORIENTED_EDGE('',*,*,#1397,.T.);
#2182=ORIENTED_EDGE('',*,*,#1407,.T.);
#2183=ORIENTED_EDGE('',*,*,#1404,.T.);
#2184=ORIENTED_EDGE('',*,*,#1401,.T.);
#2185=ORIENTED_EDGE('',*,*,#1385,.T.);
#2186=ORIENTED_EDGE('',*,*,#1395,.T.);
#2187=ORIENTED_EDGE('',*,*,#1392,.T.);
#2188=ORIENTED_EDGE('',*,*,#1389,.T.);
#2189=ORIENTED_EDGE('',*,*,#1373,.T.);
#2190=ORIENTED_EDGE('',*,*,#1383,.T.);
#2191=ORIENTED_EDGE('',*,*,#1380,.T.);
#2192=ORIENTED_EDGE('',*,*,#1377,.T.);
#2193=ORIENTED_EDGE('',*,*,#1361,.T.);
#2194=ORIENTED_EDGE('',*,*,#1371,.T.);
#2195=ORIENTED_EDGE('',*,*,#1368,.T.);
#2196=ORIENTED_EDGE('',*,*,#1365,.T.);
#2197=ORIENTED_EDGE('',*,*,#1349,.T.);
#2198=ORIENTED_EDGE('',*,*,#1359,.T.);
#2199=ORIENTED_EDGE('',*,*,#1356,.T.);
#2200=ORIENTED_EDGE('',*,*,#1353,.T.);
#2201=ORIENTED_EDGE('',*,*,#1337,.T.);
#2202=ORIENTED_EDGE('',*,*,#1347,.T.);
#2203=ORIENTED_EDGE('',*,*,#1344,.T.);
#2204=ORIENTED_EDGE('',*,*,#1341,.T.);
#2205=ORIENTED_EDGE('',*,*,#1325,.T.);
#2206=ORIENTED_EDGE('',*,*,#1335,.T.);
#2207=ORIENTED_EDGE('',*,*,#1332,.T.);
#2208=ORIENTED_EDGE('',*,*,#1329,.T.);
#2209=ORIENTED_EDGE('',*,*,#1313,.T.);
#2210=ORIENTED_EDGE('',*,*,#1323,.T.);
#2211=ORIENTED_EDGE('',*,*,#1320,.T.);
#2212=ORIENTED_EDGE('',*,*,#1317,.T.);
#2213=ORIENTED_EDGE('',*,*,#1301,.T.);
#2214=ORIENTED_EDGE('',*,*,#1311,.T.);
#2215=ORIENTED_EDGE('',*,*,#1308,.T.);
#2216=ORIENTED_EDGE('',*,*,#1305,.T.);
#2217=ORIENTED_EDGE('',*,*,#1599,.T.);
#2218=ORIENTED_EDGE('',*,*,#1589,.T.);
#2219=ORIENTED_EDGE('',*,*,#1593,.T.);
#2220=ORIENTED_EDGE('',*,*,#1596,.T.);
#2221=ORIENTED_EDGE('',*,*,#1291,.T.);
#2222=ORIENTED_EDGE('',*,*,#1294,.T.);
#2223=ORIENTED_EDGE('',*,*,#1297,.T.);
#2224=ORIENTED_EDGE('',*,*,#1300,.T.);
#2225=CYLINDRICAL_SURFACE('',#2373,1.5);
#2226=CYLINDRICAL_SURFACE('',#2376,1.5);
#2227=CYLINDRICAL_SURFACE('',#2379,1.5);
#2228=CYLINDRICAL_SURFACE('',#2382,1.5);
#2229=ADVANCED_FACE('',(#173),#2225,.F.);
#2230=ADVANCED_FACE('',(#174),#2226,.F.);
#2231=ADVANCED_FACE('',(#175),#2227,.F.);
#2232=ADVANCED_FACE('',(#176),#2228,.F.);
#2233=ADVANCED_FACE('',(#177),#47,.F.);
#2234=ADVANCED_FACE('',(#178),#48,.F.);
#2235=ADVANCED_FACE('',(#179),#49,.F.);
#2236=ADVANCED_FACE('',(#180),#50,.F.);
#2237=ADVANCED_FACE('',(#181),#51,.F.);
#2238=ADVANCED_FACE('',(#182),#52,.F.);
#2239=ADVANCED_FACE('',(#183),#53,.F.);
#2240=ADVANCED_FACE('',(#184),#54,.F.);
#2241=ADVANCED_FACE('',(#185),#55,.F.);
#2242=ADVANCED_FACE('',(#186),#56,.F.);
#2243=ADVANCED_FACE('',(#187),#57,.F.);
#2244=ADVANCED_FACE('',(#188),#58,.F.);
#2245=ADVANCED_FACE('',(#189),#59,.F.);
#2246=ADVANCED_FACE('',(#190),#60,.F.);
#2247=ADVANCED_FACE('',(#191),#61,.F.);
#2248=ADVANCED_FACE('',(#192),#62,.F.);
#2249=ADVANCED_FACE('',(#193),#63,.F.);
#2250=ADVANCED_FACE('',(#194),#64,.F.);
#2251=ADVANCED_FACE('',(#195),#65,.F.);
#2252=ADVANCED_FACE('',(#196),#66,.F.);
#2253=ADVANCED_FACE('',(#197),#67,.F.);
#2254=ADVANCED_FACE('',(#198),#68,.F.);
#2255=ADVANCED_FACE('',(#199),#69,.F.);
#2256=ADVANCED_FACE('',(#200),#70,.F.);
#2257=ADVANCED_FACE('',(#201),#71,.F.);
#2258=ADVANCED_FACE('',(#202),#72,.F.);
#2259=ADVANCED_FACE('',(#203),#73,.F.);
#2260=ADVANCED_FACE('',(#204),#74,.F.);
#2261=ADVANCED_FACE('',(#205),#75,.F.);
#2262=ADVANCED_FACE('',(#206),#76,.F.);
#2263=ADVANCED_FACE('',(#207),#77,.F.);
#2264=ADVANCED_FACE('',(#208),#78,.F.);
#2265=ADVANCED_FACE('',(#209),#79,.F.);
#2266=ADVANCED_FACE('',(#210),#80,.F.);
#2267=ADVANCED_FACE('',(#211),#81,.F.);
#2268=ADVANCED_FACE('',(#212),#82,.F.);
#2269=ADVANCED_FACE('',(#213),#83,.F.);
#2270=ADVANCED_FACE('',(#214),#84,.F.);
#2271=ADVANCED_FACE('',(#215),#85,.F.);
#2272=ADVANCED_FACE('',(#216,#15),#86,.F.);
#2273=ADVANCED_FACE('',(#217),#87,.F.);
#2274=ADVANCED_FACE('',(#218),#88,.F.);
#2275=ADVANCED_FACE('',(#219),#89,.F.);
#2276=ADVANCED_FACE('',(#220),#90,.F.);
#2277=ADVANCED_FACE('',(#221),#91,.F.);
#2278=ADVANCED_FACE('',(#222),#92,.F.);
#2279=ADVANCED_FACE('',(#223),#93,.F.);
#2280=ADVANCED_FACE('',(#224),#94,.F.);
#2281=ADVANCED_FACE('',(#225),#95,.F.);
#2282=ADVANCED_FACE('',(#226),#96,.F.);
#2283=ADVANCED_FACE('',(#227),#97,.F.);
#2284=ADVANCED_FACE('',(#228),#98,.F.);
#2285=ADVANCED_FACE('',(#229),#99,.F.);
#2286=ADVANCED_FACE('',(#230),#100,.F.);
#2287=ADVANCED_FACE('',(#231),#101,.F.);
#2288=ADVANCED_FACE('',(#232),#102,.F.);
#2289=ADVANCED_FACE('',(#233),#103,.F.);
#2290=ADVANCED_FACE('',(#234),#104,.F.);
#2291=ADVANCED_FACE('',(#235),#105,.F.);
#2292=ADVANCED_FACE('',(#236,#16),#106,.F.);
#2293=ADVANCED_FACE('',(#237),#107,.F.);
#2294=ADVANCED_FACE('',(#238),#108,.F.);
#2295=ADVANCED_FACE('',(#239),#109,.F.);
#2296=ADVANCED_FACE('',(#240),#110,.F.);
#2297=ADVANCED_FACE('',(#241),#111,.F.);
#2298=ADVANCED_FACE('',(#242),#112,.F.);
#2299=ADVANCED_FACE('',(#243),#113,.F.);
#2300=ADVANCED_FACE('',(#244),#114,.F.);
#2301=ADVANCED_FACE('',(#245),#115,.F.);
#2302=ADVANCED_FACE('',(#246),#116,.F.);
#2303=ADVANCED_FACE('',(#247),#117,.F.);
#2304=ADVANCED_FACE('',(#248),#118,.F.);
#2305=ADVANCED_FACE('',(#249),#119,.F.);
#2306=ADVANCED_FACE('',(#250),#120,.F.);
#2307=ADVANCED_FACE('',(#251),#121,.F.);
#2308=ADVANCED_FACE('',(#252),#122,.F.);
#2309=ADVANCED_FACE('',(#253),#123,.F.);
#2310=ADVANCED_FACE('',(#254),#124,.F.);
#2311=ADVANCED_FACE('',(#255),#125,.F.);
#2312=ADVANCED_FACE('',(#256),#126,.F.);
#2313=ADVANCED_FACE('',(#257),#127,.F.);
#2314=ADVANCED_FACE('',(#258),#128,.F.);
#2315=ADVANCED_FACE('',(#259),#129,.F.);
#2316=ADVANCED_FACE('',(#260),#130,.F.);
#2317=ADVANCED_FACE('',(#261),#131,.F.);
#2318=ADVANCED_FACE('',(#262),#132,.F.);
#2319=ADVANCED_FACE('',(#263),#133,.F.);
#2320=ADVANCED_FACE('',(#264),#134,.F.);
#2321=ADVANCED_FACE('',(#265),#135,.F.);
#2322=ADVANCED_FACE('',(#266,#17),#136,.F.);
#2323=ADVANCED_FACE('',(#267),#137,.F.);
#2324=ADVANCED_FACE('',(#268),#138,.F.);
#2325=ADVANCED_FACE('',(#269),#139,.F.);
#2326=ADVANCED_FACE('',(#270),#140,.F.);
#2327=ADVANCED_FACE('',(#271),#141,.F.);
#2328=ADVANCED_FACE('',(#272),#142,.F.);
#2329=ADVANCED_FACE('',(#273),#143,.F.);
#2330=ADVANCED_FACE('',(#274),#144,.F.);
#2331=ADVANCED_FACE('',(#275),#145,.F.);
#2332=ADVANCED_FACE('',(#276),#146,.F.);
#2333=ADVANCED_FACE('',(#277),#147,.F.);
#2334=ADVANCED_FACE('',(#278),#148,.F.);
#2335=ADVANCED_FACE('',(#279),#149,.F.);
#2336=ADVANCED_FACE('',(#280),#150,.F.);
#2337=ADVANCED_FACE('',(#281),#151,.F.);
#2338=ADVANCED_FACE('',(#282),#152,.F.);
#2339=ADVANCED_FACE('',(#283),#153,.F.);
#2340=ADVANCED_FACE('',(#284),#154,.F.);
#2341=ADVANCED_FACE('',(#285),#155,.F.);
#2342=ADVANCED_FACE('',(#286),#156,.F.);
#2343=ADVANCED_FACE('',(#287),#157,.F.);
#2344=ADVANCED_FACE('',(#288),#158,.F.);
#2345=ADVANCED_FACE('',(#289),#159,.F.);
#2346=ADVANCED_FACE('',(#290),#160,.F.);
#2347=ADVANCED_FACE('',(#291),#161,.F.);
#2348=ADVANCED_FACE('',(#292),#162,.F.);
#2349=ADVANCED_FACE('',(#293),#163,.F.);
#2350=ADVANCED_FACE('',(#294),#164,.F.);
#2351=ADVANCED_FACE('',(#295),#165,.F.);
#2352=ADVANCED_FACE('',(#296,#18),#166,.F.);
#2353=ADVANCED_FACE('',(#297),#167,.T.);
#2354=ADVANCED_FACE('',(#298),#168,.T.);
#2355=ADVANCED_FACE('',(#299),#169,.T.);
#2356=ADVANCED_FACE('',(#300),#170,.T.);
#2357=ADVANCED_FACE('',(#301,#19,#20,#21,#22,#23,#24,#25,#26,#27,#28,#29,
#30,#31,#32,#33,#34,#35,#36,#37,#38,#39,#40,#41,#42),#171,.T.);
#2358=ADVANCED_FACE('',(#302,#43,#44,#45,#46),#172,.F.);
#2359=CLOSED_SHELL('',(#2229,#2230,#2231,#2232,#2233,#2234,#2235,#2236,
#2237,#2238,#2239,#2240,#2241,#2242,#2243,#2244,#2245,#2246,#2247,#2248,
#2249,#2250,#2251,#2252,#2253,#2254,#2255,#2256,#2257,#2258,#2259,#2260,
#2261,#2262,#2263,#2264,#2265,#2266,#2267,#2268,#2269,#2270,#2271,#2272,
#2273,#2274,#2275,#2276,#2277,#2278,#2279,#2280,#2281,#2282,#2283,#2284,
#2285,#2286,#2287,#2288,#2289,#2290,#2291,#2292,#2293,#2294,#2295,#2296,
#2297,#2298,#2299,#2300,#2301,#2302,#2303,#2304,#2305,#2306,#2307,#2308,
#2309,#2310,#2311,#2312,#2313,#2314,#2315,#2316,#2317,#2318,#2319,#2320,
#2321,#2322,#2323,#2324,#2325,#2326,#2327,#2328,#2329,#2330,#2331,#2332,
#2333,#2334,#2335,#2336,#2337,#2338,#2339,#2340,#2341,#2342,#2343,#2344,
#2345,#2346,#2347,#2348,#2349,#2350,#2351,#2352,#2353,#2354,#2355,#2356,
#2357,#2358));
#2360=DERIVED_UNIT_ELEMENT(#2362,1.);
#2361=DERIVED_UNIT_ELEMENT(#3749,-3.);
#2362=(
MASS_UNIT()
NAMED_UNIT(*)
SI_UNIT(.KILO.,.GRAM.)
);
#2363=DERIVED_UNIT((#2360,#2361));
#2364=MEASURE_REPRESENTATION_ITEM('density measure',
POSITIVE_RATIO_MEASURE(7850.),#2363);
#2365=PROPERTY_DEFINITION_REPRESENTATION(#2370,#2367);
#2366=PROPERTY_DEFINITION_REPRESENTATION(#2371,#2368);
#2367=REPRESENTATION('material name',(#2369),#3746);
#2368=REPRESENTATION('density',(#2364),#3746);
#2369=DESCRIPTIVE_REPRESENTATION_ITEM('Steel','Steel');
#2370=PROPERTY_DEFINITION('material property','material name',#3756);
#2371=PROPERTY_DEFINITION('material property','density of part',#3756);
#2372=AXIS2_PLACEMENT_3D('',#3093,#2511,#2512);
#2373=AXIS2_PLACEMENT_3D('',#3094,#2513,#2514);
#2374=AXIS2_PLACEMENT_3D('',#3096,#2515,#2516);
#2375=AXIS2_PLACEMENT_3D('',#3099,#2518,#2519);
#2376=AXIS2_PLACEMENT_3D('',#3100,#2520,#2521);
#2377=AXIS2_PLACEMENT_3D('',#3102,#2522,#2523);
#2378=AXIS2_PLACEMENT_3D('',#3105,#2525,#2526);
#2379=AXIS2_PLACEMENT_3D('',#3106,#2527,#2528);
#2380=AXIS2_PLACEMENT_3D('',#3108,#2529,#2530);
#2381=AXIS2_PLACEMENT_3D('',#3111,#2532,#2533);
#2382=AXIS2_PLACEMENT_3D('',#3112,#2534,#2535);
#2383=AXIS2_PLACEMENT_3D('',#3114,#2536,#2537);
#2384=AXIS2_PLACEMENT_3D('',#3117,#2539,#2540);
#2385=AXIS2_PLACEMENT_3D('',#3118,#2541,#2542);
#2386=AXIS2_PLACEMENT_3D('',#3127,#2547,#2548);
#2387=AXIS2_PLACEMENT_3D('',#3133,#2552,#2553);
#2388=AXIS2_PLACEMENT_3D('',#3139,#2557,#2558);
#2389=AXIS2_PLACEMENT_3D('',#3142,#2561,#2562);
#2390=AXIS2_PLACEMENT_3D('',#3143,#2563,#2564);
#2391=AXIS2_PLACEMENT_3D('',#3152,#2569,#2570);
#2392=AXIS2_PLACEMENT_3D('',#3158,#2574,#2575);
#2393=AXIS2_PLACEMENT_3D('',#3164,#2579,#2580);
#2394=AXIS2_PLACEMENT_3D('',#3167,#2583,#2584);
#2395=AXIS2_PLACEMENT_3D('',#3168,#2585,#2586);
#2396=AXIS2_PLACEMENT_3D('',#3177,#2591,#2592);
#2397=AXIS2_PLACEMENT_3D('',#3183,#2596,#2597);
#2398=AXIS2_PLACEMENT_3D('',#3189,#2601,#2602);
#2399=AXIS2_PLACEMENT_3D('',#3192,#2605,#2606);
#2400=AXIS2_PLACEMENT_3D('',#3193,#2607,#2608);
#2401=AXIS2_PLACEMENT_3D('',#3202,#2613,#2614);
#2402=AXIS2_PLACEMENT_3D('',#3208,#2618,#2619);
#2403=AXIS2_PLACEMENT_3D('',#3214,#2623,#2624);
#2404=AXIS2_PLACEMENT_3D('',#3217,#2627,#2628);
#2405=AXIS2_PLACEMENT_3D('',#3218,#2629,#2630);
#2406=AXIS2_PLACEMENT_3D('',#3227,#2635,#2636);
#2407=AXIS2_PLACEMENT_3D('',#3233,#2640,#2641);
#2408=AXIS2_PLACEMENT_3D('',#3239,#2645,#2646);
#2409=AXIS2_PLACEMENT_3D('',#3242,#2649,#2650);
#2410=AXIS2_PLACEMENT_3D('',#3243,#2651,#2652);
#2411=AXIS2_PLACEMENT_3D('',#3252,#2657,#2658);
#2412=AXIS2_PLACEMENT_3D('',#3258,#2662,#2663);
#2413=AXIS2_PLACEMENT_3D('',#3264,#2667,#2668);
#2414=AXIS2_PLACEMENT_3D('',#3267,#2671,#2672);
#2415=AXIS2_PLACEMENT_3D('',#3268,#2673,#2674);
#2416=AXIS2_PLACEMENT_3D('',#3277,#2679,#2680);
#2417=AXIS2_PLACEMENT_3D('',#3283,#2684,#2685);
#2418=AXIS2_PLACEMENT_3D('',#3289,#2689,#2690);
#2419=AXIS2_PLACEMENT_3D('',#3292,#2693,#2694);
#2420=AXIS2_PLACEMENT_3D('',#3293,#2695,#2696);
#2421=AXIS2_PLACEMENT_3D('',#3302,#2701,#2702);
#2422=AXIS2_PLACEMENT_3D('',#3308,#2706,#2707);
#2423=AXIS2_PLACEMENT_3D('',#3314,#2711,#2712);
#2424=AXIS2_PLACEMENT_3D('',#3317,#2715,#2716);
#2425=AXIS2_PLACEMENT_3D('',#3318,#2717,#2718);
#2426=AXIS2_PLACEMENT_3D('',#3327,#2723,#2724);
#2427=AXIS2_PLACEMENT_3D('',#3333,#2728,#2729);
#2428=AXIS2_PLACEMENT_3D('',#3339,#2733,#2734);
#2429=AXIS2_PLACEMENT_3D('',#3342,#2737,#2738);
#2430=AXIS2_PLACEMENT_3D('',#3343,#2739,#2740);
#2431=AXIS2_PLACEMENT_3D('',#3352,#2745,#2746);
#2432=AXIS2_PLACEMENT_3D('',#3358,#2750,#2751);
#2433=AXIS2_PLACEMENT_3D('',#3364,#2755,#2756);
#2434=AXIS2_PLACEMENT_3D('',#3367,#2759,#2760);
#2435=AXIS2_PLACEMENT_3D('',#3368,#2761,#2762);
#2436=AXIS2_PLACEMENT_3D('',#3377,#2767,#2768);
#2437=AXIS2_PLACEMENT_3D('',#3383,#2772,#2773);
#2438=AXIS2_PLACEMENT_3D('',#3389,#2777,#2778);
#2439=AXIS2_PLACEMENT_3D('',#3392,#2781,#2782);
#2440=AXIS2_PLACEMENT_3D('',#3393,#2783,#2784);
#2441=AXIS2_PLACEMENT_3D('',#3402,#2789,#2790);
#2442=AXIS2_PLACEMENT_3D('',#3408,#2794,#2795);
#2443=AXIS2_PLACEMENT_3D('',#3414,#2799,#2800);
#2444=AXIS2_PLACEMENT_3D('',#3417,#2803,#2804);
#2445=AXIS2_PLACEMENT_3D('',#3418,#2805,#2806);
#2446=AXIS2_PLACEMENT_3D('',#3427,#2811,#2812);
#2447=AXIS2_PLACEMENT_3D('',#3433,#2816,#2817);
#2448=AXIS2_PLACEMENT_3D('',#3439,#2821,#2822);
#2449=AXIS2_PLACEMENT_3D('',#3442,#2825,#2826);
#2450=AXIS2_PLACEMENT_3D('',#3443,#2827,#2828);
#2451=AXIS2_PLACEMENT_3D('',#3452,#2833,#2834);
#2452=AXIS2_PLACEMENT_3D('',#3458,#2838,#2839);
#2453=AXIS2_PLACEMENT_3D('',#3464,#2843,#2844);
#2454=AXIS2_PLACEMENT_3D('',#3467,#2847,#2848);
#2455=AXIS2_PLACEMENT_3D('',#3468,#2849,#2850);
#2456=AXIS2_PLACEMENT_3D('',#3477,#2855,#2856);
#2457=AXIS2_PLACEMENT_3D('',#3483,#2860,#2861);
#2458=AXIS2_PLACEMENT_3D('',#3489,#2865,#2866);
#2459=AXIS2_PLACEMENT_3D('',#3492,#2869,#2870);
#2460=AXIS2_PLACEMENT_3D('',#3493,#2871,#2872);
#2461=AXIS2_PLACEMENT_3D('',#3502,#2877,#2878);
#2462=AXIS2_PLACEMENT_3D('',#3508,#2882,#2883);
#2463=AXIS2_PLACEMENT_3D('',#3514,#2887,#2888);
#2464=AXIS2_PLACEMENT_3D('',#3517,#2891,#2892);
#2465=AXIS2_PLACEMENT_3D('',#3518,#2893,#2894);
#2466=AXIS2_PLACEMENT_3D('',#3527,#2899,#2900);
#2467=AXIS2_PLACEMENT_3D('',#3533,#2904,#2905);
#2468=AXIS2_PLACEMENT_3D('',#3539,#2909,#2910);
#2469=AXIS2_PLACEMENT_3D('',#3542,#2913,#2914);
#2470=AXIS2_PLACEMENT_3D('',#3543,#2915,#2916);
#2471=AXIS2_PLACEMENT_3D('',#3552,#2921,#2922);
#2472=AXIS2_PLACEMENT_3D('',#3558,#2926,#2927);
#2473=AXIS2_PLACEMENT_3D('',#3564,#2931,#2932);
#2474=AXIS2_PLACEMENT_3D('',#3567,#2935,#2936);
#2475=AXIS2_PLACEMENT_3D('',#3568,#2937,#2938);
#2476=AXIS2_PLACEMENT_3D('',#3577,#2943,#2944);
#2477=AXIS2_PLACEMENT_3D('',#3583,#2948,#2949);
#2478=AXIS2_PLACEMENT_3D('',#3589,#2953,#2954);
#2479=AXIS2_PLACEMENT_3D('',#3592,#2957,#2958);
#2480=AXIS2_PLACEMENT_3D('',#3593,#2959,#2960);
#2481=AXIS2_PLACEMENT_3D('',#3602,#2965,#2966);
#2482=AXIS2_PLACEMENT_3D('',#3608,#2970,#2971);
#2483=AXIS2_PLACEMENT_3D('',#3614,#2975,#2976);
#2484=AXIS2_PLACEMENT_3D('',#3617,#2979,#2980);
#2485=AXIS2_PLACEMENT_3D('',#3618,#2981,#2982);
#2486=AXIS2_PLACEMENT_3D('',#3627,#2987,#2988);
#2487=AXIS2_PLACEMENT_3D('',#3633,#2992,#2993);
#2488=AXIS2_PLACEMENT_3D('',#3639,#2997,#2998);
#2489=AXIS2_PLACEMENT_3D('',#3642,#3001,#3002);
#2490=AXIS2_PLACEMENT_3D('',#3643,#3003,#3004);
#2491=AXIS2_PLACEMENT_3D('',#3652,#3009,#3010);
#2492=AXIS2_PLACEMENT_3D('',#3658,#3014,#3015);
#2493=AXIS2_PLACEMENT_3D('',#3664,#3019,#3020);
#2494=AXIS2_PLACEMENT_3D('',#3667,#3023,#3024);
#2495=AXIS2_PLACEMENT_3D('',#3668,#3025,#3026);
#2496=AXIS2_PLACEMENT_3D('',#3677,#3031,#3032);
#2497=AXIS2_PLACEMENT_3D('',#3683,#3036,#3037);
#2498=AXIS2_PLACEMENT_3D('',#3689,#3041,#3042);
#2499=AXIS2_PLACEMENT_3D('',#3692,#3045,#3046);
#2500=AXIS2_PLACEMENT_3D('',#3693,#3047,#3048);
#2501=AXIS2_PLACEMENT_3D('',#3702,#3053,#3054);
#2502=AXIS2_PLACEMENT_3D('',#3708,#3058,#3059);
#2503=AXIS2_PLACEMENT_3D('',#3714,#3063,#3064);
#2504=AXIS2_PLACEMENT_3D('',#3717,#3067,#3068);
#2505=AXIS2_PLACEMENT_3D('',#3718,#3069,#3070);
#2506=AXIS2_PLACEMENT_3D('',#3727,#3075,#3076);
#2507=AXIS2_PLACEMENT_3D('',#3733,#3080,#3081);
#2508=AXIS2_PLACEMENT_3D('',#3739,#3085,#3086);
#2509=AXIS2_PLACEMENT_3D('',#3742,#3089,#3090);
#2510=AXIS2_PLACEMENT_3D('',#3743,#3091,#3092);
#2511=DIRECTION('axis',(0.,0.,1.));
#2512=DIRECTION('refdir',(1.,0.,0.));
#2513=DIRECTION('center_axis',(0.,0.,-1.));
#2514=DIRECTION('ref_axis',(1.,0.,0.));
#2515=DIRECTION('center_axis',(0.,0.,-1.));
#2516=DIRECTION('ref_axis',(1.,0.,0.));
#2517=DIRECTION('',(0.,0.,-1.));
#2518=DIRECTION('center_axis',(0.,0.,1.));
#2519=DIRECTION('ref_axis',(1.,0.,0.));
#2520=DIRECTION('center_axis',(0.,0.,-1.));
#2521=DIRECTION('ref_axis',(1.,0.,0.));
#2522=DIRECTION('center_axis',(0.,0.,-1.));
#2523=DIRECTION('ref_axis',(1.,0.,0.));
#2524=DIRECTION('',(0.,0.,-1.));
#2525=DIRECTION('center_axis',(0.,0.,1.));
#2526=DIRECTION('ref_axis',(1.,0.,0.));
#2527=DIRECTION('center_axis',(0.,0.,-1.));
#2528=DIRECTION('ref_axis',(1.,0.,0.));
#2529=DIRECTION('center_axis',(0.,0.,-1.));
#2530=DIRECTION('ref_axis',(1.,0.,0.));
#2531=DIRECTION('',(0.,0.,-1.));
#2532=DIRECTION('center_axis',(0.,0.,1.));
#2533=DIRECTION('ref_axis',(1.,0.,0.));
#2534=DIRECTION('center_axis',(0.,0.,-1.));
#2535=DIRECTION('ref_axis',(1.,0.,0.));
#2536=DIRECTION('center_axis',(0.,0.,-1.));
#2537=DIRECTION('ref_axis',(1.,0.,0.));
#2538=DIRECTION('',(0.,0.,-1.));
#2539=DIRECTION('center_axis',(0.,0.,1.));
#2540=DIRECTION('ref_axis',(1.,0.,0.));
#2541=DIRECTION('center_axis',(0.,1.,0.));
#2542=DIRECTION('ref_axis',(1.,0.,0.));
#2543=DIRECTION('',(1.,0.,0.));
#2544=DIRECTION('',(0.,0.,-1.));
#2545=DIRECTION('',(1.,0.,0.));
#2546=DIRECTION('',(0.,0.,-1.));
#2547=DIRECTION('center_axis',(-1.,0.,0.));
#2548=DIRECTION('ref_axis',(0.,1.,0.));
#2549=DIRECTION('',(0.,1.,0.));
#2550=DIRECTION('',(0.,0.,-1.));
#2551=DIRECTION('',(0.,1.,0.));
#2552=DIRECTION('center_axis',(0.,-1.,0.));
#2553=DIRECTION('ref_axis',(-1.,0.,0.));
#2554=DIRECTION('',(-1.,0.,0.));
#2555=DIRECTION('',(0.,0.,-1.));
#2556=DIRECTION('',(-1.,0.,0.));
#2557=DIRECTION('center_axis',(1.,0.,0.));
#2558=DIRECTION('ref_axis',(0.,-1.,0.));
#2559=DIRECTION('',(0.,-1.,0.));
#2560=DIRECTION('',(0.,-1.,0.));
#2561=DIRECTION('center_axis',(0.,0.,-1.));
#2562=DIRECTION('ref_axis',(-1.,0.,0.));
#2563=DIRECTION('center_axis',(0.,1.,0.));
#2564=DIRECTION('ref_axis',(1.,0.,0.));
#2565=DIRECTION('',(1.,0.,0.));
#2566=DIRECTION('',(0.,0.,-1.));
#2567=DIRECTION('',(1.,0.,0.));
#2568=DIRECTION('',(0.,0.,-1.));
#2569=DIRECTION('center_axis',(-1.,0.,0.));
#2570=DIRECTION('ref_axis',(0.,1.,0.));
#2571=DIRECTION('',(0.,1.,0.));
#2572=DIRECTION('',(0.,0.,-1.));
#2573=DIRECTION('',(0.,1.,0.));
#2574=DIRECTION('center_axis',(0.,-1.,0.));
#2575=DIRECTION('ref_axis',(-1.,0.,0.));
#2576=DIRECTION('',(-1.,0.,0.));
#2577=DIRECTION('',(0.,0.,-1.));
#2578=DIRECTION('',(-1.,0.,0.));
#2579=DIRECTION('center_axis',(1.,0.,0.));
#2580=DIRECTION('ref_axis',(0.,-1.,0.));
#2581=DIRECTION('',(0.,-1.,0.));
#2582=DIRECTION('',(0.,-1.,0.));
#2583=DIRECTION('center_axis',(0.,0.,-1.));
#2584=DIRECTION('ref_axis',(-1.,0.,0.));
#2585=DIRECTION('center_axis',(0.,1.,0.));
#2586=DIRECTION('ref_axis',(1.,0.,0.));
#2587=DIRECTION('',(1.,0.,0.));
#2588=DIRECTION('',(0.,0.,-1.));
#2589=DIRECTION('',(1.,0.,0.));
#2590=DIRECTION('',(0.,0.,-1.));
#2591=DIRECTION('center_axis',(-1.,0.,0.));
#2592=DIRECTION('ref_axis',(0.,1.,0.));
#2593=DIRECTION('',(0.,1.,0.));
#2594=DIRECTION('',(0.,0.,-1.));
#2595=DIRECTION('',(0.,1.,0.));
#2596=DIRECTION('center_axis',(0.,-1.,0.));
#2597=DIRECTION('ref_axis',(-1.,0.,0.));
#2598=DIRECTION('',(-1.,0.,0.));
#2599=DIRECTION('',(0.,0.,-1.));
#2600=DIRECTION('',(-1.,0.,0.));
#2601=DIRECTION('center_axis',(1.,0.,0.));
#2602=DIRECTION('ref_axis',(0.,-1.,0.));
#2603=DIRECTION('',(0.,-1.,0.));
#2604=DIRECTION('',(0.,-1.,0.));
#2605=DIRECTION('center_axis',(0.,0.,-1.));
#2606=DIRECTION('ref_axis',(-1.,0.,0.));
#2607=DIRECTION('center_axis',(0.,1.,0.));
#2608=DIRECTION('ref_axis',(1.,0.,0.));
#2609=DIRECTION('',(1.,0.,0.));
#2610=DIRECTION('',(0.,0.,-1.));
#2611=DIRECTION('',(1.,0.,0.));
#2612=DIRECTION('',(0.,0.,-1.));
#2613=DIRECTION('center_axis',(-1.,0.,0.));
#2614=DIRECTION('ref_axis',(0.,1.,0.));
#2615=DIRECTION('',(0.,1.,0.));
#2616=DIRECTION('',(0.,0.,-1.));
#2617=DIRECTION('',(0.,1.,0.));
#2618=DIRECTION('center_axis',(0.,-1.,0.));
#2619=DIRECTION('ref_axis',(-1.,0.,0.));
#2620=DIRECTION('',(-1.,0.,0.));
#2621=DIRECTION('',(0.,0.,-1.));
#2622=DIRECTION('',(-1.,0.,0.));
#2623=DIRECTION('center_axis',(1.,0.,0.));
#2624=DIRECTION('ref_axis',(0.,-1.,0.));
#2625=DIRECTION('',(0.,-1.,0.));
#2626=DIRECTION('',(0.,-1.,0.));
#2627=DIRECTION('center_axis',(0.,0.,-1.));
#2628=DIRECTION('ref_axis',(-1.,0.,0.));
#2629=DIRECTION('center_axis',(0.,1.,0.));
#2630=DIRECTION('ref_axis',(1.,0.,0.));
#2631=DIRECTION('',(1.,0.,0.));
#2632=DIRECTION('',(0.,0.,-1.));
#2633=DIRECTION('',(1.,0.,0.));
#2634=DIRECTION('',(0.,0.,-1.));
#2635=DIRECTION('center_axis',(-1.,0.,0.));
#2636=DIRECTION('ref_axis',(0.,1.,0.));
#2637=DIRECTION('',(0.,1.,0.));
#2638=DIRECTION('',(0.,0.,-1.));
#2639=DIRECTION('',(0.,1.,0.));
#2640=DIRECTION('center_axis',(0.,-1.,0.));
#2641=DIRECTION('ref_axis',(-1.,0.,0.));
#2642=DIRECTION('',(-1.,0.,0.));
#2643=DIRECTION('',(0.,0.,-1.));
#2644=DIRECTION('',(-1.,0.,0.));
#2645=DIRECTION('center_axis',(1.,0.,0.));
#2646=DIRECTION('ref_axis',(0.,-1.,0.));
#2647=DIRECTION('',(0.,-1.,0.));
#2648=DIRECTION('',(0.,-1.,0.));
#2649=DIRECTION('center_axis',(0.,0.,-1.));
#2650=DIRECTION('ref_axis',(-1.,0.,0.));
#2651=DIRECTION('center_axis',(0.,1.,0.));
#2652=DIRECTION('ref_axis',(1.,0.,0.));
#2653=DIRECTION('',(1.,0.,0.));
#2654=DIRECTION('',(0.,0.,-1.));
#2655=DIRECTION('',(1.,0.,0.));
#2656=DIRECTION('',(0.,0.,-1.));
#2657=DIRECTION('center_axis',(-1.,0.,0.));
#2658=DIRECTION('ref_axis',(0.,1.,0.));
#2659=DIRECTION('',(0.,1.,0.));
#2660=DIRECTION('',(0.,0.,-1.));
#2661=DIRECTION('',(0.,1.,0.));
#2662=DIRECTION('center_axis',(0.,-1.,0.));
#2663=DIRECTION('ref_axis',(-1.,0.,0.));
#2664=DIRECTION('',(-1.,0.,0.));
#2665=DIRECTION('',(0.,0.,-1.));
#2666=DIRECTION('',(-1.,0.,0.));
#2667=DIRECTION('center_axis',(1.,0.,0.));
#2668=DIRECTION('ref_axis',(0.,-1.,0.));
#2669=DIRECTION('',(0.,-1.,0.));
#2670=DIRECTION('',(0.,-1.,0.));
#2671=DIRECTION('center_axis',(0.,0.,-1.));
#2672=DIRECTION('ref_axis',(-1.,0.,0.));
#2673=DIRECTION('center_axis',(0.,1.,0.));
#2674=DIRECTION('ref_axis',(1.,0.,0.));
#2675=DIRECTION('',(1.,0.,0.));
#2676=DIRECTION('',(0.,0.,-1.));
#2677=DIRECTION('',(1.,0.,0.));
#2678=DIRECTION('',(0.,0.,-1.));
#2679=DIRECTION('center_axis',(-1.,0.,0.));
#2680=DIRECTION('ref_axis',(0.,1.,0.));
#2681=DIRECTION('',(0.,1.,0.));
#2682=DIRECTION('',(0.,0.,-1.));
#2683=DIRECTION('',(0.,1.,0.));
#2684=DIRECTION('center_axis',(0.,-1.,0.));
#2685=DIRECTION('ref_axis',(-1.,0.,0.));
#2686=DIRECTION('',(-1.,0.,0.));
#2687=DIRECTION('',(0.,0.,-1.));
#2688=DIRECTION('',(-1.,0.,0.));
#2689=DIRECTION('center_axis',(1.,0.,0.));
#2690=DIRECTION('ref_axis',(0.,-1.,0.));
#2691=DIRECTION('',(0.,-1.,0.));
#2692=DIRECTION('',(0.,-1.,0.));
#2693=DIRECTION('center_axis',(0.,0.,-1.));
#2694=DIRECTION('ref_axis',(-1.,0.,0.));
#2695=DIRECTION('center_axis',(0.,1.,0.));
#2696=DIRECTION('ref_axis',(1.,0.,0.));
#2697=DIRECTION('',(1.,0.,0.));
#2698=DIRECTION('',(0.,0.,-1.));
#2699=DIRECTION('',(1.,0.,0.));
#2700=DIRECTION('',(0.,0.,-1.));
#2701=DIRECTION('center_axis',(-1.,0.,0.));
#2702=DIRECTION('ref_axis',(0.,1.,0.));
#2703=DIRECTION('',(0.,1.,0.));
#2704=DIRECTION('',(0.,0.,-1.));
#2705=DIRECTION('',(0.,1.,0.));
#2706=DIRECTION('center_axis',(0.,-1.,0.));
#2707=DIRECTION('ref_axis',(-1.,0.,0.));
#2708=DIRECTION('',(-1.,0.,0.));
#2709=DIRECTION('',(0.,0.,-1.));
#2710=DIRECTION('',(-1.,0.,0.));
#2711=DIRECTION('center_axis',(1.,0.,0.));
#2712=DIRECTION('ref_axis',(0.,-1.,0.));
#2713=DIRECTION('',(0.,-1.,0.));
#2714=DIRECTION('',(0.,-1.,0.));
#2715=DIRECTION('center_axis',(0.,0.,-1.));
#2716=DIRECTION('ref_axis',(-1.,0.,0.));
#2717=DIRECTION('center_axis',(0.,1.,0.));
#2718=DIRECTION('ref_axis',(1.,0.,0.));
#2719=DIRECTION('',(1.,0.,0.));
#2720=DIRECTION('',(0.,0.,-1.));
#2721=DIRECTION('',(1.,0.,0.));
#2722=DIRECTION('',(0.,0.,-1.));
#2723=DIRECTION('center_axis',(-1.,0.,0.));
#2724=DIRECTION('ref_axis',(0.,1.,0.));
#2725=DIRECTION('',(0.,1.,0.));
#2726=DIRECTION('',(0.,0.,-1.));
#2727=DIRECTION('',(0.,1.,0.));
#2728=DIRECTION('center_axis',(0.,-1.,0.));
#2729=DIRECTION('ref_axis',(-1.,0.,0.));
#2730=DIRECTION('',(-1.,0.,0.));
#2731=DIRECTION('',(0.,0.,-1.));
#2732=DIRECTION('',(-1.,0.,0.));
#2733=DIRECTION('center_axis',(1.,0.,0.));
#2734=DIRECTION('ref_axis',(0.,-1.,0.));
#2735=DIRECTION('',(0.,-1.,0.));
#2736=DIRECTION('',(0.,-1.,0.));
#2737=DIRECTION('center_axis',(0.,0.,-1.));
#2738=DIRECTION('ref_axis',(-1.,0.,0.));
#2739=DIRECTION('center_axis',(0.,1.,0.));
#2740=DIRECTION('ref_axis',(1.,0.,0.));
#2741=DIRECTION('',(1.,0.,0.));
#2742=DIRECTION('',(0.,0.,-1.));
#2743=DIRECTION('',(1.,0.,0.));
#2744=DIRECTION('',(0.,0.,-1.));
#2745=DIRECTION('center_axis',(-1.,-3.41607084500048E-16,0.));
#2746=DIRECTION('ref_axis',(-3.41607084500048E-16,1.,0.));
#2747=DIRECTION('',(-3.41607084500048E-16,1.,0.));
#2748=DIRECTION('',(0.,0.,-1.));
#2749=DIRECTION('',(-3.41607084500048E-16,1.,0.));
#2750=DIRECTION('center_axis',(0.,-1.,0.));
#2751=DIRECTION('ref_axis',(-1.,0.,0.));
#2752=DIRECTION('',(-1.,0.,0.));
#2753=DIRECTION('',(0.,0.,-1.));
#2754=DIRECTION('',(-1.,0.,0.));
#2755=DIRECTION('center_axis',(1.,8.5401771125012E-17,0.));
#2756=DIRECTION('ref_axis',(8.5401771125012E-17,-1.,0.));
#2757=DIRECTION('',(8.5401771125012E-17,-1.,0.));
#2758=DIRECTION('',(8.5401771125012E-17,-1.,0.));
#2759=DIRECTION('center_axis',(0.,0.,-1.));
#2760=DIRECTION('ref_axis',(-1.,0.,0.));
#2761=DIRECTION('center_axis',(0.,1.,0.));
#2762=DIRECTION('ref_axis',(1.,0.,0.));
#2763=DIRECTION('',(1.,0.,0.));
#2764=DIRECTION('',(0.,0.,-1.));
#2765=DIRECTION('',(1.,0.,0.));
#2766=DIRECTION('',(0.,0.,-1.));
#2767=DIRECTION('center_axis',(-1.,0.,0.));
#2768=DIRECTION('ref_axis',(0.,1.,0.));
#2769=DIRECTION('',(0.,1.,0.));
#2770=DIRECTION('',(0.,0.,-1.));
#2771=DIRECTION('',(0.,1.,0.));
#2772=DIRECTION('center_axis',(0.,-1.,0.));
#2773=DIRECTION('ref_axis',(-1.,0.,0.));
#2774=DIRECTION('',(-1.,0.,0.));
#2775=DIRECTION('',(0.,0.,-1.));
#2776=DIRECTION('',(-1.,0.,0.));
#2777=DIRECTION('center_axis',(1.,0.,0.));
#2778=DIRECTION('ref_axis',(0.,-1.,0.));
#2779=DIRECTION('',(0.,-1.,0.));
#2780=DIRECTION('',(0.,-1.,0.));
#2781=DIRECTION('center_axis',(0.,0.,-1.));
#2782=DIRECTION('ref_axis',(-1.,0.,0.));
#2783=DIRECTION('center_axis',(0.,1.,0.));
#2784=DIRECTION('ref_axis',(1.,0.,0.));
#2785=DIRECTION('',(1.,0.,0.));
#2786=DIRECTION('',(0.,0.,-1.));
#2787=DIRECTION('',(1.,0.,0.));
#2788=DIRECTION('',(0.,0.,-1.));
#2789=DIRECTION('center_axis',(-1.,0.,0.));
#2790=DIRECTION('ref_axis',(0.,1.,0.));
#2791=DIRECTION('',(0.,1.,0.));
#2792=DIRECTION('',(0.,0.,-1.));
#2793=DIRECTION('',(0.,1.,0.));
#2794=DIRECTION('center_axis',(0.,-1.,0.));
#2795=DIRECTION('ref_axis',(-1.,0.,0.));
#2796=DIRECTION('',(-1.,0.,0.));
#2797=DIRECTION('',(0.,0.,-1.));
#2798=DIRECTION('',(-1.,0.,0.));
#2799=DIRECTION('center_axis',(1.,0.,0.));
#2800=DIRECTION('ref_axis',(0.,-1.,0.));
#2801=DIRECTION('',(0.,-1.,0.));
#2802=DIRECTION('',(0.,-1.,0.));
#2803=DIRECTION('center_axis',(0.,0.,-1.));
#2804=DIRECTION('ref_axis',(-1.,0.,0.));
#2805=DIRECTION('center_axis',(0.,1.,0.));
#2806=DIRECTION('ref_axis',(1.,0.,0.));
#2807=DIRECTION('',(1.,0.,0.));
#2808=DIRECTION('',(0.,0.,-1.));
#2809=DIRECTION('',(1.,0.,0.));
#2810=DIRECTION('',(0.,0.,-1.));
#2811=DIRECTION('center_axis',(-1.,0.,0.));
#2812=DIRECTION('ref_axis',(0.,1.,0.));
#2813=DIRECTION('',(0.,1.,0.));
#2814=DIRECTION('',(0.,0.,-1.));
#2815=DIRECTION('',(0.,1.,0.));
#2816=DIRECTION('center_axis',(0.,-1.,0.));
#2817=DIRECTION('ref_axis',(-1.,0.,0.));
#2818=DIRECTION('',(-1.,0.,0.));
#2819=DIRECTION('',(0.,0.,-1.));
#2820=DIRECTION('',(-1.,0.,0.));
#2821=DIRECTION('center_axis',(1.,0.,0.));
#2822=DIRECTION('ref_axis',(0.,-1.,0.));
#2823=DIRECTION('',(0.,-1.,0.));
#2824=DIRECTION('',(0.,-1.,0.));
#2825=DIRECTION('center_axis',(0.,0.,-1.));
#2826=DIRECTION('ref_axis',(-1.,0.,0.));
#2827=DIRECTION('center_axis',(0.,1.,0.));
#2828=DIRECTION('ref_axis',(1.,0.,0.));
#2829=DIRECTION('',(1.,0.,0.));
#2830=DIRECTION('',(0.,0.,-1.));
#2831=DIRECTION('',(1.,0.,0.));
#2832=DIRECTION('',(0.,0.,-1.));
#2833=DIRECTION('center_axis',(-1.,0.,0.));
#2834=DIRECTION('ref_axis',(0.,1.,0.));
#2835=DIRECTION('',(0.,1.,0.));
#2836=DIRECTION('',(0.,0.,-1.));
#2837=DIRECTION('',(0.,1.,0.));
#2838=DIRECTION('center_axis',(0.,-1.,0.));
#2839=DIRECTION('ref_axis',(-1.,0.,0.));
#2840=DIRECTION('',(-1.,0.,0.));
#2841=DIRECTION('',(0.,0.,-1.));
#2842=DIRECTION('',(-1.,0.,0.));
#2843=DIRECTION('center_axis',(1.,0.,0.));
#2844=DIRECTION('ref_axis',(0.,-1.,0.));
#2845=DIRECTION('',(0.,-1.,0.));
#2846=DIRECTION('',(0.,-1.,0.));
#2847=DIRECTION('center_axis',(0.,0.,-1.));
#2848=DIRECTION('ref_axis',(-1.,0.,0.));
#2849=DIRECTION('center_axis',(0.,1.,0.));
#2850=DIRECTION('ref_axis',(1.,0.,0.));
#2851=DIRECTION('',(1.,0.,0.));
#2852=DIRECTION('',(0.,0.,-1.));
#2853=DIRECTION('',(1.,0.,0.));
#2854=DIRECTION('',(0.,0.,-1.));
#2855=DIRECTION('center_axis',(-1.,0.,0.));
#2856=DIRECTION('ref_axis',(0.,1.,0.));
#2857=DIRECTION('',(0.,1.,0.));
#2858=DIRECTION('',(0.,0.,-1.));
#2859=DIRECTION('',(0.,1.,0.));
#2860=DIRECTION('center_axis',(0.,-1.,0.));
#2861=DIRECTION('ref_axis',(-1.,0.,0.));
#2862=DIRECTION('',(-1.,0.,0.));
#2863=DIRECTION('',(0.,0.,-1.));
#2864=DIRECTION('',(-1.,0.,0.));
#2865=DIRECTION('center_axis',(1.,0.,0.));
#2866=DIRECTION('ref_axis',(0.,-1.,0.));
#2867=DIRECTION('',(0.,-1.,0.));
#2868=DIRECTION('',(0.,-1.,0.));
#2869=DIRECTION('center_axis',(0.,0.,-1.));
#2870=DIRECTION('ref_axis',(-1.,0.,0.));
#2871=DIRECTION('center_axis',(0.,1.,0.));
#2872=DIRECTION('ref_axis',(1.,0.,0.));
#2873=DIRECTION('',(1.,0.,0.));
#2874=DIRECTION('',(0.,0.,-1.));
#2875=DIRECTION('',(1.,0.,0.));
#2876=DIRECTION('',(0.,0.,-1.));
#2877=DIRECTION('center_axis',(-1.,0.,0.));
#2878=DIRECTION('ref_axis',(0.,1.,0.));
#2879=DIRECTION('',(0.,1.,0.));
#2880=DIRECTION('',(0.,0.,-1.));
#2881=DIRECTION('',(0.,1.,0.));
#2882=DIRECTION('center_axis',(0.,-1.,0.));
#2883=DIRECTION('ref_axis',(-1.,0.,0.));
#2884=DIRECTION('',(-1.,0.,0.));
#2885=DIRECTION('',(0.,0.,-1.));
#2886=DIRECTION('',(-1.,0.,0.));
#2887=DIRECTION('center_axis',(1.,0.,0.));
#2888=DIRECTION('ref_axis',(0.,-1.,0.));
#2889=DIRECTION('',(0.,-1.,0.));
#2890=DIRECTION('',(0.,-1.,0.));
#2891=DIRECTION('center_axis',(0.,0.,-1.));
#2892=DIRECTION('ref_axis',(-1.,0.,0.));
#2893=DIRECTION('center_axis',(0.,1.,0.));
#2894=DIRECTION('ref_axis',(1.,0.,0.));
#2895=DIRECTION('',(1.,0.,0.));
#2896=DIRECTION('',(0.,0.,-1.));
#2897=DIRECTION('',(1.,0.,0.));
#2898=DIRECTION('',(0.,0.,-1.));
#2899=DIRECTION('center_axis',(-1.,0.,0.));
#2900=DIRECTION('ref_axis',(0.,1.,0.));
#2901=DIRECTION('',(0.,1.,0.));
#2902=DIRECTION('',(0.,0.,-1.));
#2903=DIRECTION('',(0.,1.,0.));
#2904=DIRECTION('center_axis',(0.,-1.,0.));
#2905=DIRECTION('ref_axis',(-1.,0.,0.));
#2906=DIRECTION('',(-1.,0.,0.));
#2907=DIRECTION('',(0.,0.,-1.));
#2908=DIRECTION('',(-1.,0.,0.));
#2909=DIRECTION('center_axis',(1.,0.,0.));
#2910=DIRECTION('ref_axis',(0.,-1.,0.));
#2911=DIRECTION('',(0.,-1.,0.));
#2912=DIRECTION('',(0.,-1.,0.));
#2913=DIRECTION('center_axis',(0.,0.,-1.));
#2914=DIRECTION('ref_axis',(-1.,0.,0.));
#2915=DIRECTION('center_axis',(0.,1.,0.));
#2916=DIRECTION('ref_axis',(1.,0.,0.));
#2917=DIRECTION('',(1.,0.,0.));
#2918=DIRECTION('',(0.,0.,-1.));
#2919=DIRECTION('',(1.,0.,0.));
#2920=DIRECTION('',(0.,0.,-1.));
#2921=DIRECTION('center_axis',(-1.,0.,0.));
#2922=DIRECTION('ref_axis',(0.,1.,0.));
#2923=DIRECTION('',(0.,1.,0.));
#2924=DIRECTION('',(0.,0.,-1.));
#2925=DIRECTION('',(0.,1.,0.));
#2926=DIRECTION('center_axis',(0.,-1.,0.));
#2927=DIRECTION('ref_axis',(-1.,0.,0.));
#2928=DIRECTION('',(-1.,0.,0.));
#2929=DIRECTION('',(0.,0.,-1.));
#2930=DIRECTION('',(-1.,0.,0.));
#2931=DIRECTION('center_axis',(1.,0.,0.));
#2932=DIRECTION('ref_axis',(0.,-1.,0.));
#2933=DIRECTION('',(0.,-1.,0.));
#2934=DIRECTION('',(0.,-1.,0.));
#2935=DIRECTION('center_axis',(0.,0.,-1.));
#2936=DIRECTION('ref_axis',(-1.,0.,0.));
#2937=DIRECTION('center_axis',(0.,1.,0.));
#2938=DIRECTION('ref_axis',(1.,0.,0.));
#2939=DIRECTION('',(1.,0.,0.));
#2940=DIRECTION('',(0.,0.,-1.));
#2941=DIRECTION('',(1.,0.,0.));
#2942=DIRECTION('',(0.,0.,-1.));
#2943=DIRECTION('center_axis',(-1.,0.,0.));
#2944=DIRECTION('ref_axis',(0.,1.,0.));
#2945=DIRECTION('',(0.,1.,0.));
#2946=DIRECTION('',(0.,0.,-1.));
#2947=DIRECTION('',(0.,1.,0.));
#2948=DIRECTION('center_axis',(0.,-1.,0.));
#2949=DIRECTION('ref_axis',(-1.,0.,0.));
#2950=DIRECTION('',(-1.,0.,0.));
#2951=DIRECTION('',(0.,0.,-1.));
#2952=DIRECTION('',(-1.,0.,0.));
#2953=DIRECTION('center_axis',(1.,0.,0.));
#2954=DIRECTION('ref_axis',(0.,-1.,0.));
#2955=DIRECTION('',(0.,-1.,0.));
#2956=DIRECTION('',(0.,-1.,0.));
#2957=DIRECTION('center_axis',(0.,0.,-1.));
#2958=DIRECTION('ref_axis',(-1.,0.,0.));
#2959=DIRECTION('center_axis',(0.,1.,0.));
#2960=DIRECTION('ref_axis',(1.,0.,0.));
#2961=DIRECTION('',(1.,0.,0.));
#2962=DIRECTION('',(0.,0.,-1.));
#2963=DIRECTION('',(1.,0.,0.));
#2964=DIRECTION('',(0.,0.,-1.));
#2965=DIRECTION('center_axis',(-1.,0.,0.));
#2966=DIRECTION('ref_axis',(0.,1.,0.));
#2967=DIRECTION('',(0.,1.,0.));
#2968=DIRECTION('',(0.,0.,-1.));
#2969=DIRECTION('',(0.,1.,0.));
#2970=DIRECTION('center_axis',(0.,-1.,0.));
#2971=DIRECTION('ref_axis',(-1.,0.,0.));
#2972=DIRECTION('',(-1.,0.,0.));
#2973=DIRECTION('',(0.,0.,-1.));
#2974=DIRECTION('',(-1.,0.,0.));
#2975=DIRECTION('center_axis',(1.,0.,0.));
#2976=DIRECTION('ref_axis',(0.,-1.,0.));
#2977=DIRECTION('',(0.,-1.,0.));
#2978=DIRECTION('',(0.,-1.,0.));
#2979=DIRECTION('center_axis',(0.,0.,-1.));
#2980=DIRECTION('ref_axis',(-1.,0.,0.));
#2981=DIRECTION('center_axis',(0.,1.,0.));
#2982=DIRECTION('ref_axis',(1.,0.,0.));
#2983=DIRECTION('',(1.,0.,0.));
#2984=DIRECTION('',(0.,0.,-1.));
#2985=DIRECTION('',(1.,0.,0.));
#2986=DIRECTION('',(0.,0.,-1.));
#2987=DIRECTION('center_axis',(-1.,0.,0.));
#2988=DIRECTION('ref_axis',(0.,1.,0.));
#2989=DIRECTION('',(0.,1.,0.));
#2990=DIRECTION('',(0.,0.,-1.));
#2991=DIRECTION('',(0.,1.,0.));
#2992=DIRECTION('center_axis',(0.,-1.,0.));
#2993=DIRECTION('ref_axis',(-1.,0.,0.));
#2994=DIRECTION('',(-1.,0.,0.));
#2995=DIRECTION('',(0.,0.,-1.));
#2996=DIRECTION('',(-1.,0.,0.));
#2997=DIRECTION('center_axis',(1.,0.,0.));
#2998=DIRECTION('ref_axis',(0.,-1.,0.));
#2999=DIRECTION('',(0.,-1.,0.));
#3000=DIRECTION('',(0.,-1.,0.));
#3001=DIRECTION('center_axis',(0.,0.,-1.));
#3002=DIRECTION('ref_axis',(-1.,0.,0.));
#3003=DIRECTION('center_axis',(0.,1.,0.));
#3004=DIRECTION('ref_axis',(1.,0.,0.));
#3005=DIRECTION('',(1.,0.,0.));
#3006=DIRECTION('',(0.,0.,-1.));
#3007=DIRECTION('',(1.,0.,0.));
#3008=DIRECTION('',(0.,0.,-1.));
#3009=DIRECTION('center_axis',(-1.,0.,0.));
#3010=DIRECTION('ref_axis',(0.,1.,0.));
#3011=DIRECTION('',(0.,1.,0.));
#3012=DIRECTION('',(0.,0.,-1.));
#3013=DIRECTION('',(0.,1.,0.));
#3014=DIRECTION('center_axis',(0.,-1.,0.));
#3015=DIRECTION('ref_axis',(-1.,0.,0.));
#3016=DIRECTION('',(-1.,0.,0.));
#3017=DIRECTION('',(0.,0.,-1.));
#3018=DIRECTION('',(-1.,0.,0.));
#3019=DIRECTION('center_axis',(1.,0.,0.));
#3020=DIRECTION('ref_axis',(0.,-1.,0.));
#3021=DIRECTION('',(0.,-1.,0.));
#3022=DIRECTION('',(0.,-1.,0.));
#3023=DIRECTION('center_axis',(0.,0.,-1.));
#3024=DIRECTION('ref_axis',(-1.,0.,0.));
#3025=DIRECTION('center_axis',(0.,1.,0.));
#3026=DIRECTION('ref_axis',(1.,0.,0.));
#3027=DIRECTION('',(1.,0.,0.));
#3028=DIRECTION('',(0.,0.,-1.));
#3029=DIRECTION('',(1.,0.,0.));
#3030=DIRECTION('',(0.,0.,-1.));
#3031=DIRECTION('center_axis',(-1.,0.,0.));
#3032=DIRECTION('ref_axis',(0.,1.,0.));
#3033=DIRECTION('',(0.,1.,0.));
#3034=DIRECTION('',(0.,0.,-1.));
#3035=DIRECTION('',(0.,1.,0.));
#3036=DIRECTION('center_axis',(0.,-1.,0.));
#3037=DIRECTION('ref_axis',(-1.,0.,0.));
#3038=DIRECTION('',(-1.,0.,0.));
#3039=DIRECTION('',(0.,0.,-1.));
#3040=DIRECTION('',(-1.,0.,0.));
#3041=DIRECTION('center_axis',(1.,0.,0.));
#3042=DIRECTION('ref_axis',(0.,-1.,0.));
#3043=DIRECTION('',(0.,-1.,0.));
#3044=DIRECTION('',(0.,-1.,0.));
#3045=DIRECTION('center_axis',(0.,0.,-1.));
#3046=DIRECTION('ref_axis',(-1.,0.,0.));
#3047=DIRECTION('center_axis',(0.,1.,0.));
#3048=DIRECTION('ref_axis',(1.,0.,0.));
#3049=DIRECTION('',(1.,0.,0.));
#3050=DIRECTION('',(0.,0.,-1.));
#3051=DIRECTION('',(1.,0.,0.));
#3052=DIRECTION('',(0.,0.,-1.));
#3053=DIRECTION('center_axis',(-1.,0.,0.));
#3054=DIRECTION('ref_axis',(0.,1.,0.));
#3055=DIRECTION('',(0.,1.,0.));
#3056=DIRECTION('',(0.,0.,-1.));
#3057=DIRECTION('',(0.,1.,0.));
#3058=DIRECTION('center_axis',(0.,-1.,0.));
#3059=DIRECTION('ref_axis',(-1.,0.,0.));
#3060=DIRECTION('',(-1.,0.,0.));
#3061=DIRECTION('',(0.,0.,-1.));
#3062=DIRECTION('',(-1.,0.,0.));
#3063=DIRECTION('center_axis',(1.,0.,0.));
#3064=DIRECTION('ref_axis',(0.,-1.,0.));
#3065=DIRECTION('',(0.,-1.,0.));
#3066=DIRECTION('',(0.,-1.,0.));
#3067=DIRECTION('center_axis',(0.,0.,-1.));
#3068=DIRECTION('ref_axis',(-1.,0.,0.));
#3069=DIRECTION('center_axis',(1.,0.,0.));
#3070=DIRECTION('ref_axis',(0.,1.,0.));
#3071=DIRECTION('',(0.,-1.,0.));
#3072=DIRECTION('',(0.,0.,1.));
#3073=DIRECTION('',(0.,1.,0.));
#3074=DIRECTION('',(0.,0.,1.));
#3075=DIRECTION('center_axis',(0.,-1.,0.));
#3076=DIRECTION('ref_axis',(1.,0.,0.));
#3077=DIRECTION('',(-1.,0.,0.));
#3078=DIRECTION('',(1.,0.,0.));
#3079=DIRECTION('',(0.,0.,1.));
#3080=DIRECTION('center_axis',(-1.,0.,0.));
#3081=DIRECTION('ref_axis',(0.,-1.,0.));
#3082=DIRECTION('',(0.,1.,0.));
#3083=DIRECTION('',(0.,-1.,0.));
#3084=DIRECTION('',(0.,0.,1.));
#3085=DIRECTION('center_axis',(0.,1.,0.));
#3086=DIRECTION('ref_axis',(-1.,0.,0.));
#3087=DIRECTION('',(1.,0.,0.));
#3088=DIRECTION('',(-1.,0.,0.));
#3089=DIRECTION('center_axis',(0.,0.,1.));
#3090=DIRECTION('ref_axis',(1.,0.,0.));
#3091=DIRECTION('center_axis',(0.,0.,1.));
#3092=DIRECTION('ref_axis',(1.,0.,0.));
#3093=CARTESIAN_POINT('',(0.,0.,0.));
#3094=CARTESIAN_POINT('Origin',(-161.75,39.,0.675));
#3095=CARTESIAN_POINT('',(-163.25,39.,1.));
#3096=CARTESIAN_POINT('Origin',(-161.75,39.,1.));
#3097=CARTESIAN_POINT('',(-163.25,39.,0.));
#3098=CARTESIAN_POINT('',(-163.25,39.,0.675));
#3099=CARTESIAN_POINT('Origin',(-161.75,39.,0.));
#3100=CARTESIAN_POINT('Origin',(161.75,39.,0.675));
#3101=CARTESIAN_POINT('',(160.25,39.,1.));
#3102=CARTESIAN_POINT('Origin',(161.75,39.,1.));
#3103=CARTESIAN_POINT('',(160.25,39.,0.));
#3104=CARTESIAN_POINT('',(160.25,39.,0.675));
#3105=CARTESIAN_POINT('Origin',(161.75,39.,0.));
#3106=CARTESIAN_POINT('Origin',(161.75,-39.1350095949813,0.675));
#3107=CARTESIAN_POINT('',(160.25,-39.1350095949813,1.));
#3108=CARTESIAN_POINT('Origin',(161.75,-39.1350095949813,1.));
#3109=CARTESIAN_POINT('',(160.25,-39.1350095949813,0.));
#3110=CARTESIAN_POINT('',(160.25,-39.1350095949813,0.675));
#3111=CARTESIAN_POINT('Origin',(161.75,-39.1350095949813,0.));
#3112=CARTESIAN_POINT('Origin',(-161.75,-39.,0.675));
#3113=CARTESIAN_POINT('',(-163.25,-39.,1.));
#3114=CARTESIAN_POINT('Origin',(-161.75,-39.,1.));
#3115=CARTESIAN_POINT('',(-163.25,-39.,0.));
#3116=CARTESIAN_POINT('',(-163.25,-39.,0.675));
#3117=CARTESIAN_POINT('Origin',(-161.75,-39.,0.));
#3118=CARTESIAN_POINT('Origin',(127.,13.,1.5));
#3119=CARTESIAN_POINT('',(127.,13.,1.5));
#3120=CARTESIAN_POINT('',(164.,13.,1.5));
#3121=CARTESIAN_POINT('',(63.5,13.,1.5));
#3122=CARTESIAN_POINT('',(127.,13.,1.));
#3123=CARTESIAN_POINT('',(127.,13.,1.5));
#3124=CARTESIAN_POINT('',(164.,13.,1.));
#3125=CARTESIAN_POINT('',(164.,13.,1.));
#3126=CARTESIAN_POINT('',(164.,13.,1.5));
#3127=CARTESIAN_POINT('Origin',(127.,-13.,1.5));
#3128=CARTESIAN_POINT('',(127.,-13.,1.5));
#3129=CARTESIAN_POINT('',(127.,-6.49999999999999,1.5));
#3130=CARTESIAN_POINT('',(127.,-13.,1.));
#3131=CARTESIAN_POINT('',(127.,-13.,1.5));
#3132=CARTESIAN_POINT('',(127.,13.,1.));
#3133=CARTESIAN_POINT('Origin',(164.,-13.,1.5));
#3134=CARTESIAN_POINT('',(164.,-13.,1.5));
#3135=CARTESIAN_POINT('',(82.,-13.,1.5));
#3136=CARTESIAN_POINT('',(164.,-13.,1.));
#3137=CARTESIAN_POINT('',(164.,-13.,1.5));
#3138=CARTESIAN_POINT('',(127.,-13.,1.));
#3139=CARTESIAN_POINT('Origin',(164.,13.,1.5));
#3140=CARTESIAN_POINT('',(164.,6.50000000000001,1.5));
#3141=CARTESIAN_POINT('',(164.,-13.,1.));
#3142=CARTESIAN_POINT('Origin',(145.5,1.11022302462516E-14,1.));
#3143=CARTESIAN_POINT('Origin',(43.8599999999999,13.,1.5));
#3144=CARTESIAN_POINT('',(43.8599999999999,13.,1.5));
#3145=CARTESIAN_POINT('',(80.86,13.,1.5));
#3146=CARTESIAN_POINT('',(21.93,13.,1.5));
#3147=CARTESIAN_POINT('',(43.8599999999999,13.,1.));
#3148=CARTESIAN_POINT('',(43.8599999999999,13.,1.5));
#3149=CARTESIAN_POINT('',(80.86,13.,1.));
#3150=CARTESIAN_POINT('',(80.86,13.,1.));
#3151=CARTESIAN_POINT('',(80.86,13.,1.5));
#3152=CARTESIAN_POINT('Origin',(43.8599999999999,-13.,1.5));
#3153=CARTESIAN_POINT('',(43.8599999999999,-13.,1.5));
#3154=CARTESIAN_POINT('',(43.8599999999999,-6.49999999999999,1.5));
#3155=CARTESIAN_POINT('',(43.8599999999999,-13.,1.));
#3156=CARTESIAN_POINT('',(43.8599999999999,-13.,1.5));
#3157=CARTESIAN_POINT('',(43.8599999999999,13.,1.));
#3158=CARTESIAN_POINT('Origin',(80.86,-13.,1.5));
#3159=CARTESIAN_POINT('',(80.86,-13.,1.5));
#3160=CARTESIAN_POINT('',(40.43,-13.,1.5));
#3161=CARTESIAN_POINT('',(80.86,-13.,1.));
#3162=CARTESIAN_POINT('',(80.86,-13.,1.5));
#3163=CARTESIAN_POINT('',(43.8599999999999,-13.,1.));
#3164=CARTESIAN_POINT('Origin',(80.86,13.,1.5));
#3165=CARTESIAN_POINT('',(80.86,6.50000000000001,1.5));
#3166=CARTESIAN_POINT('',(80.86,-13.,1.));
#3167=CARTESIAN_POINT('Origin',(62.36,1.11022302462516E-14,1.));
#3168=CARTESIAN_POINT('Origin',(-39.2800000000001,-17.4528272203536,1.5));
#3169=CARTESIAN_POINT('',(-39.2800000000001,-17.4528272203536,1.5));
#3170=CARTESIAN_POINT('',(-2.28000000000005,-17.4528272203536,1.5));
#3171=CARTESIAN_POINT('',(-19.64,-17.4528272203536,1.5));
#3172=CARTESIAN_POINT('',(-39.2800000000001,-17.4528272203536,1.));
#3173=CARTESIAN_POINT('',(-39.2800000000001,-17.4528272203536,1.5));
#3174=CARTESIAN_POINT('',(-2.28000000000005,-17.4528272203536,1.));
#3175=CARTESIAN_POINT('',(-2.28000000000005,-17.4528272203536,1.));
#3176=CARTESIAN_POINT('',(-2.28000000000005,-17.4528272203536,1.5));
#3177=CARTESIAN_POINT('Origin',(-39.2800000000001,-43.4528272203536,1.5));
#3178=CARTESIAN_POINT('',(-39.2800000000001,-43.4528272203536,1.5));
#3179=CARTESIAN_POINT('',(-39.2800000000001,-21.7264136101768,1.5));
#3180=CARTESIAN_POINT('',(-39.2800000000001,-43.4528272203536,1.));
#3181=CARTESIAN_POINT('',(-39.2800000000001,-43.4528272203536,1.5));
#3182=CARTESIAN_POINT('',(-39.2800000000001,-17.4528272203536,1.));
#3183=CARTESIAN_POINT('Origin',(-2.28000000000006,-43.4528272203536,1.5));
#3184=CARTESIAN_POINT('',(-2.28000000000005,-43.4528272203536,1.5));
#3185=CARTESIAN_POINT('',(-1.14000000000003,-43.4528272203536,1.5));
#3186=CARTESIAN_POINT('',(-2.28000000000005,-43.4528272203536,1.));
#3187=CARTESIAN_POINT('',(-2.28000000000005,-43.4528272203536,1.5));
#3188=CARTESIAN_POINT('',(-39.2800000000001,-43.4528272203536,1.));
#3189=CARTESIAN_POINT('Origin',(-2.28000000000005,-17.4528272203536,1.5));
#3190=CARTESIAN_POINT('',(-2.28000000000005,-8.7264136101768,1.5));
#3191=CARTESIAN_POINT('',(-2.28000000000005,-43.4528272203536,1.));
#3192=CARTESIAN_POINT('Origin',(-20.7800000000001,-30.4528272203536,1.));
#3193=CARTESIAN_POINT('Origin',(-122.42,-16.9282359795223,1.5));
#3194=CARTESIAN_POINT('',(-122.42,-16.9282359795223,1.5));
#3195=CARTESIAN_POINT('',(-85.42,-16.9282359795223,1.5));
#3196=CARTESIAN_POINT('',(-61.21,-16.9282359795223,1.5));
#3197=CARTESIAN_POINT('',(-122.42,-16.9282359795223,1.));
#3198=CARTESIAN_POINT('',(-122.42,-16.9282359795223,1.5));
#3199=CARTESIAN_POINT('',(-85.42,-16.9282359795223,1.));
#3200=CARTESIAN_POINT('',(-85.42,-16.9282359795223,1.));
#3201=CARTESIAN_POINT('',(-85.42,-16.9282359795223,1.5));
#3202=CARTESIAN_POINT('Origin',(-122.42,-42.9282359795223,1.5));
#3203=CARTESIAN_POINT('',(-122.42,-42.9282359795223,1.5));
#3204=CARTESIAN_POINT('',(-122.42,-21.4641179897611,1.5));
#3205=CARTESIAN_POINT('',(-122.42,-42.9282359795223,1.));
#3206=CARTESIAN_POINT('',(-122.42,-42.9282359795223,1.5));
#3207=CARTESIAN_POINT('',(-122.42,-16.9282359795223,1.));
#3208=CARTESIAN_POINT('Origin',(-85.42,-42.9282359795223,1.5));
#3209=CARTESIAN_POINT('',(-85.42,-42.9282359795223,1.5));
#3210=CARTESIAN_POINT('',(-42.71,-42.9282359795223,1.5));
#3211=CARTESIAN_POINT('',(-85.42,-42.9282359795223,1.));
#3212=CARTESIAN_POINT('',(-85.42,-42.9282359795223,1.5));
#3213=CARTESIAN_POINT('',(-122.42,-42.9282359795223,1.));
#3214=CARTESIAN_POINT('Origin',(-85.42,-16.9282359795223,1.5));
#3215=CARTESIAN_POINT('',(-85.42,-8.46411798976115,1.5));
#3216=CARTESIAN_POINT('',(-85.42,-42.9282359795223,1.));
#3217=CARTESIAN_POINT('Origin',(-103.92,-29.9282359795223,1.));
#3218=CARTESIAN_POINT('Origin',(43.8599999999999,43.,1.5));
#3219=CARTESIAN_POINT('',(43.8599999999999,43.,1.5));
#3220=CARTESIAN_POINT('',(80.86,43.,1.5));
#3221=CARTESIAN_POINT('',(21.93,43.,1.5));
#3222=CARTESIAN_POINT('',(43.8599999999999,43.,1.));
#3223=CARTESIAN_POINT('',(43.8599999999999,43.,1.5));
#3224=CARTESIAN_POINT('',(80.86,43.,1.));
#3225=CARTESIAN_POINT('',(80.86,43.,1.));
#3226=CARTESIAN_POINT('',(80.86,43.,1.5));
#3227=CARTESIAN_POINT('Origin',(43.8599999999999,17.,1.5));
#3228=CARTESIAN_POINT('',(43.8599999999999,17.,1.5));
#3229=CARTESIAN_POINT('',(43.8599999999999,8.5,1.5));
#3230=CARTESIAN_POINT('',(43.8599999999999,17.,1.));
#3231=CARTESIAN_POINT('',(43.8599999999999,17.,1.5));
#3232=CARTESIAN_POINT('',(43.8599999999999,43.,1.));
#3233=CARTESIAN_POINT('Origin',(80.86,17.,1.5));
#3234=CARTESIAN_POINT('',(80.86,17.,1.5));
#3235=CARTESIAN_POINT('',(40.43,17.,1.5));
#3236=CARTESIAN_POINT('',(80.86,17.,1.));
#3237=CARTESIAN_POINT('',(80.86,17.,1.5));
#3238=CARTESIAN_POINT('',(43.8599999999999,17.,1.));
#3239=CARTESIAN_POINT('Origin',(80.86,43.,1.5));
#3240=CARTESIAN_POINT('',(80.86,21.5,1.5));
#3241=CARTESIAN_POINT('',(80.86,17.,1.));
#3242=CARTESIAN_POINT('Origin',(62.36,30.,1.));
#3243=CARTESIAN_POINT('Origin',(-122.42,43.,1.5));
#3244=CARTESIAN_POINT('',(-122.42,43.,1.5));
#3245=CARTESIAN_POINT('',(-85.42,43.,1.5));
#3246=CARTESIAN_POINT('',(-61.21,43.,1.5));
#3247=CARTESIAN_POINT('',(-122.42,43.,1.));
#3248=CARTESIAN_POINT('',(-122.42,43.,1.5));
#3249=CARTESIAN_POINT('',(-85.42,43.,1.));
#3250=CARTESIAN_POINT('',(-85.42,43.,1.));
#3251=CARTESIAN_POINT('',(-85.42,43.,1.5));
#3252=CARTESIAN_POINT('Origin',(-122.42,17.,1.5));
#3253=CARTESIAN_POINT('',(-122.42,17.,1.5));
#3254=CARTESIAN_POINT('',(-122.42,8.5,1.5));
#3255=CARTESIAN_POINT('',(-122.42,17.,1.));
#3256=CARTESIAN_POINT('',(-122.42,17.,1.5));
#3257=CARTESIAN_POINT('',(-122.42,43.,1.));
#3258=CARTESIAN_POINT('Origin',(-85.42,17.,1.5));
#3259=CARTESIAN_POINT('',(-85.42,17.,1.5));
#3260=CARTESIAN_POINT('',(-42.71,17.,1.5));
#3261=CARTESIAN_POINT('',(-85.42,17.,1.));
#3262=CARTESIAN_POINT('',(-85.42,17.,1.5));
#3263=CARTESIAN_POINT('',(-122.42,17.,1.));
#3264=CARTESIAN_POINT('Origin',(-85.42,43.,1.5));
#3265=CARTESIAN_POINT('',(-85.42,21.5,1.5));
#3266=CARTESIAN_POINT('',(-85.42,17.,1.));
#3267=CARTESIAN_POINT('Origin',(-103.92,30.,1.));
#3268=CARTESIAN_POINT('Origin',(-80.8500000000001,43.,1.5));
#3269=CARTESIAN_POINT('',(-80.8500000000001,43.,1.5));
#3270=CARTESIAN_POINT('',(-43.8500000000001,43.,1.5));
#3271=CARTESIAN_POINT('',(-40.425,43.,1.5));
#3272=CARTESIAN_POINT('',(-80.8500000000001,43.,1.));
#3273=CARTESIAN_POINT('',(-80.8500000000001,43.,1.5));
#3274=CARTESIAN_POINT('',(-43.8500000000001,43.,1.));
#3275=CARTESIAN_POINT('',(-43.8500000000001,43.,1.));
#3276=CARTESIAN_POINT('',(-43.8500000000001,43.,1.5));
#3277=CARTESIAN_POINT('Origin',(-80.8500000000001,17.,1.5));
#3278=CARTESIAN_POINT('',(-80.8500000000001,17.,1.5));
#3279=CARTESIAN_POINT('',(-80.8500000000001,8.5,1.5));
#3280=CARTESIAN_POINT('',(-80.8500000000001,17.,1.));
#3281=CARTESIAN_POINT('',(-80.8500000000001,17.,1.5));
#3282=CARTESIAN_POINT('',(-80.8500000000001,43.,1.));
#3283=CARTESIAN_POINT('Origin',(-43.8500000000001,17.,1.5));
#3284=CARTESIAN_POINT('',(-43.8500000000001,17.,1.5));
#3285=CARTESIAN_POINT('',(-21.925,17.,1.5));
#3286=CARTESIAN_POINT('',(-43.8500000000001,17.,1.));
#3287=CARTESIAN_POINT('',(-43.8500000000001,17.,1.5));
#3288=CARTESIAN_POINT('',(-80.8500000000001,17.,1.));
#3289=CARTESIAN_POINT('Origin',(-43.8500000000001,43.,1.5));
#3290=CARTESIAN_POINT('',(-43.8500000000001,21.5,1.5));
#3291=CARTESIAN_POINT('',(-43.8500000000001,17.,1.));
#3292=CARTESIAN_POINT('Origin',(-62.3500000000001,30.,1.));
#3293=CARTESIAN_POINT('Origin',(127.,43.,1.5));
#3294=CARTESIAN_POINT('',(127.,43.,1.5));
#3295=CARTESIAN_POINT('',(164.,43.,1.5));
#3296=CARTESIAN_POINT('',(63.5,43.,1.5));
#3297=CARTESIAN_POINT('',(127.,43.,1.));
#3298=CARTESIAN_POINT('',(127.,43.,1.5));
#3299=CARTESIAN_POINT('',(164.,43.,1.));
#3300=CARTESIAN_POINT('',(164.,43.,1.));
#3301=CARTESIAN_POINT('',(164.,43.,1.5));
#3302=CARTESIAN_POINT('Origin',(127.,17.,1.5));
#3303=CARTESIAN_POINT('',(127.,17.,1.5));
#3304=CARTESIAN_POINT('',(127.,8.50000000000001,1.5));
#3305=CARTESIAN_POINT('',(127.,17.,1.));
#3306=CARTESIAN_POINT('',(127.,17.,1.5));
#3307=CARTESIAN_POINT('',(127.,43.,1.));
#3308=CARTESIAN_POINT('Origin',(164.,17.,1.5));
#3309=CARTESIAN_POINT('',(164.,17.,1.5));
#3310=CARTESIAN_POINT('',(82.,17.,1.5));
#3311=CARTESIAN_POINT('',(164.,17.,1.));
#3312=CARTESIAN_POINT('',(164.,17.,1.5));
#3313=CARTESIAN_POINT('',(127.,17.,1.));
#3314=CARTESIAN_POINT('Origin',(164.,43.,1.5));
#3315=CARTESIAN_POINT('',(164.,21.5,1.5));
#3316=CARTESIAN_POINT('',(164.,17.,1.));
#3317=CARTESIAN_POINT('Origin',(145.5,30.,1.));
#3318=CARTESIAN_POINT('Origin',(-122.42,13.0717640204777,1.5));
#3319=CARTESIAN_POINT('',(-122.42,13.0717640204777,1.5));
#3320=CARTESIAN_POINT('',(-85.42,13.0717640204777,1.5));
#3321=CARTESIAN_POINT('',(-61.21,13.0717640204777,1.5));
#3322=CARTESIAN_POINT('',(-122.42,13.0717640204777,1.));
#3323=CARTESIAN_POINT('',(-122.42,13.0717640204777,1.5));
#3324=CARTESIAN_POINT('',(-85.42,13.0717640204777,1.));
#3325=CARTESIAN_POINT('',(-85.42,13.0717640204777,1.));
#3326=CARTESIAN_POINT('',(-85.42,13.0717640204777,1.5));
#3327=CARTESIAN_POINT('Origin',(-122.42,-12.9282359795223,1.5));
#3328=CARTESIAN_POINT('',(-122.42,-12.9282359795223,1.5));
#3329=CARTESIAN_POINT('',(-122.42,-6.46411798976116,1.5));
#3330=CARTESIAN_POINT('',(-122.42,-12.9282359795223,1.));
#3331=CARTESIAN_POINT('',(-122.42,-12.9282359795223,1.5));
#3332=CARTESIAN_POINT('',(-122.42,13.0717640204777,1.));
#3333=CARTESIAN_POINT('Origin',(-85.42,-12.9282359795223,1.5));
#3334=CARTESIAN_POINT('',(-85.42,-12.9282359795223,1.5));
#3335=CARTESIAN_POINT('',(-42.71,-12.9282359795223,1.5));
#3336=CARTESIAN_POINT('',(-85.42,-12.9282359795223,1.));
#3337=CARTESIAN_POINT('',(-85.42,-12.9282359795223,1.5));
#3338=CARTESIAN_POINT('',(-122.42,-12.9282359795223,1.));
#3339=CARTESIAN_POINT('Origin',(-85.42,13.0717640204777,1.5));
#3340=CARTESIAN_POINT('',(-85.42,6.53588201023885,1.5));
#3341=CARTESIAN_POINT('',(-85.42,-12.9282359795223,1.));
#3342=CARTESIAN_POINT('Origin',(-103.92,0.0717640204776893,1.));
#3343=CARTESIAN_POINT('Origin',(-39.2800000000001,12.5471727796464,1.5));
#3344=CARTESIAN_POINT('',(-39.2800000000001,12.5471727796464,1.5));
#3345=CARTESIAN_POINT('',(-2.28000000000006,12.5471727796464,1.5));
#3346=CARTESIAN_POINT('',(-19.64,12.5471727796464,1.5));
#3347=CARTESIAN_POINT('',(-39.2800000000001,12.5471727796464,1.));
#3348=CARTESIAN_POINT('',(-39.2800000000001,12.5471727796464,1.5));
#3349=CARTESIAN_POINT('',(-2.28000000000006,12.5471727796464,1.));
#3350=CARTESIAN_POINT('',(-2.28000000000006,12.5471727796464,1.));
#3351=CARTESIAN_POINT('',(-2.28000000000006,12.5471727796464,1.5));
#3352=CARTESIAN_POINT('Origin',(-39.2800000000001,-13.4528272203536,1.5));
#3353=CARTESIAN_POINT('',(-39.2800000000001,-13.4528272203536,1.5));
#3354=CARTESIAN_POINT('',(-39.2800000000001,-6.7264136101768,1.5));
#3355=CARTESIAN_POINT('',(-39.28,-13.4528272203536,1.));
#3356=CARTESIAN_POINT('',(-39.2800000000001,-13.4528272203536,1.5));
#3357=CARTESIAN_POINT('',(-39.2800000000001,12.5471727796464,1.));
#3358=CARTESIAN_POINT('Origin',(-2.28000000000006,-13.4528272203536,1.5));
#3359=CARTESIAN_POINT('',(-2.28000000000005,-13.4528272203536,1.5));
#3360=CARTESIAN_POINT('',(-1.14000000000003,-13.4528272203536,1.5));
#3361=CARTESIAN_POINT('',(-2.28000000000005,-13.4528272203536,1.));
#3362=CARTESIAN_POINT('',(-2.28000000000005,-13.4528272203536,1.5));
#3363=CARTESIAN_POINT('',(-39.2800000000001,-13.4528272203536,1.));
#3364=CARTESIAN_POINT('Origin',(-2.28000000000006,12.5471727796464,1.5));
#3365=CARTESIAN_POINT('',(-2.28000000000005,6.27358638982321,1.5));
#3366=CARTESIAN_POINT('',(-2.28000000000005,-13.4528272203536,1.));
#3367=CARTESIAN_POINT('Origin',(-20.7800000000001,-0.452827220353589,1.));
#3368=CARTESIAN_POINT('Origin',(43.86,-17.,1.5));
#3369=CARTESIAN_POINT('',(43.86,-17.,1.5));
#3370=CARTESIAN_POINT('',(80.86,-17.,1.5));
#3371=CARTESIAN_POINT('',(21.93,-17.,1.5));
#3372=CARTESIAN_POINT('',(43.86,-17.,1.));
#3373=CARTESIAN_POINT('',(43.86,-17.,1.5));
#3374=CARTESIAN_POINT('',(80.86,-17.,1.));
#3375=CARTESIAN_POINT('',(80.86,-17.,1.));
#3376=CARTESIAN_POINT('',(80.86,-17.,1.5));
#3377=CARTESIAN_POINT('Origin',(43.86,-43.,1.5));
#3378=CARTESIAN_POINT('',(43.86,-43.,1.5));
#3379=CARTESIAN_POINT('',(43.86,-21.5,1.5));
#3380=CARTESIAN_POINT('',(43.86,-43.,1.));
#3381=CARTESIAN_POINT('',(43.86,-43.,1.5));
#3382=CARTESIAN_POINT('',(43.86,-17.,1.));
#3383=CARTESIAN_POINT('Origin',(80.86,-43.,1.5));
#3384=CARTESIAN_POINT('',(80.86,-43.,1.5));
#3385=CARTESIAN_POINT('',(40.43,-43.,1.5));
#3386=CARTESIAN_POINT('',(80.86,-43.,1.));
#3387=CARTESIAN_POINT('',(80.86,-43.,1.5));
#3388=CARTESIAN_POINT('',(43.86,-43.,1.));
#3389=CARTESIAN_POINT('Origin',(80.86,-17.,1.5));
#3390=CARTESIAN_POINT('',(80.86,-8.49999999999999,1.5));
#3391=CARTESIAN_POINT('',(80.86,-43.,1.));
#3392=CARTESIAN_POINT('Origin',(62.36,-30.,1.));
#3393=CARTESIAN_POINT('Origin',(127.,-17.,1.5));
#3394=CARTESIAN_POINT('',(127.,-17.,1.5));
#3395=CARTESIAN_POINT('',(164.,-17.,1.5));
#3396=CARTESIAN_POINT('',(63.5,-17.,1.5));
#3397=CARTESIAN_POINT('',(127.,-17.,1.));
#3398=CARTESIAN_POINT('',(127.,-17.,1.5));
#3399=CARTESIAN_POINT('',(164.,-17.,1.));
#3400=CARTESIAN_POINT('',(164.,-17.,1.));
#3401=CARTESIAN_POINT('',(164.,-17.,1.5));
#3402=CARTESIAN_POINT('Origin',(127.,-43.,1.5));
#3403=CARTESIAN_POINT('',(127.,-43.,1.5));
#3404=CARTESIAN_POINT('',(127.,-21.5,1.5));
#3405=CARTESIAN_POINT('',(127.,-43.,1.));
#3406=CARTESIAN_POINT('',(127.,-43.,1.5));
#3407=CARTESIAN_POINT('',(127.,-17.,1.));
#3408=CARTESIAN_POINT('Origin',(164.,-43.,1.5));
#3409=CARTESIAN_POINT('',(164.,-43.,1.5));
#3410=CARTESIAN_POINT('',(82.,-43.,1.5));
#3411=CARTESIAN_POINT('',(164.,-43.,1.));
#3412=CARTESIAN_POINT('',(164.,-43.,1.5));
#3413=CARTESIAN_POINT('',(127.,-43.,1.));
#3414=CARTESIAN_POINT('Origin',(164.,-17.,1.5));
#3415=CARTESIAN_POINT('',(164.,-8.49999999999999,1.5));
#3416=CARTESIAN_POINT('',(164.,-43.,1.));
#3417=CARTESIAN_POINT('Origin',(145.5,-30.,1.));
#3418=CARTESIAN_POINT('Origin',(85.43,-17.,1.5));
#3419=CARTESIAN_POINT('',(85.43,-17.,1.5));
#3420=CARTESIAN_POINT('',(122.43,-17.,1.5));
#3421=CARTESIAN_POINT('',(42.715,-17.,1.5));
#3422=CARTESIAN_POINT('',(85.43,-17.,1.));
#3423=CARTESIAN_POINT('',(85.43,-17.,1.5));
#3424=CARTESIAN_POINT('',(122.43,-17.,1.));
#3425=CARTESIAN_POINT('',(122.43,-17.,1.));
#3426=CARTESIAN_POINT('',(122.43,-17.,1.5));
#3427=CARTESIAN_POINT('Origin',(85.43,-43.,1.5));
#3428=CARTESIAN_POINT('',(85.43,-43.,1.5));
#3429=CARTESIAN_POINT('',(85.43,-21.5,1.5));
#3430=CARTESIAN_POINT('',(85.43,-43.,1.));
#3431=CARTESIAN_POINT('',(85.43,-43.,1.5));
#3432=CARTESIAN_POINT('',(85.43,-17.,1.));
#3433=CARTESIAN_POINT('Origin',(122.43,-43.,1.5));
#3434=CARTESIAN_POINT('',(122.43,-43.,1.5));
#3435=CARTESIAN_POINT('',(61.215,-43.,1.5));
#3436=CARTESIAN_POINT('',(122.43,-43.,1.));
#3437=CARTESIAN_POINT('',(122.43,-43.,1.5));
#3438=CARTESIAN_POINT('',(85.43,-43.,1.));
#3439=CARTESIAN_POINT('Origin',(122.43,-17.,1.5));
#3440=CARTESIAN_POINT('',(122.43,-8.49999999999999,1.5));
#3441=CARTESIAN_POINT('',(122.43,-43.,1.));
#3442=CARTESIAN_POINT('Origin',(103.93,-30.,1.));
#3443=CARTESIAN_POINT('Origin',(2.28999999999995,-17.4184478311026,1.5));
#3444=CARTESIAN_POINT('',(2.28999999999995,-17.4184478311026,1.5));
#3445=CARTESIAN_POINT('',(39.2899999999999,-17.4184478311026,1.5));
#3446=CARTESIAN_POINT('',(1.14499999999997,-17.4184478311026,1.5));
#3447=CARTESIAN_POINT('',(2.28999999999995,-17.4184478311026,1.));
#3448=CARTESIAN_POINT('',(2.28999999999995,-17.4184478311026,1.5));
#3449=CARTESIAN_POINT('',(39.2899999999999,-17.4184478311026,1.));
#3450=CARTESIAN_POINT('',(39.2899999999999,-17.4184478311026,1.));
#3451=CARTESIAN_POINT('',(39.2899999999999,-17.4184478311026,1.5));
#3452=CARTESIAN_POINT('Origin',(2.28999999999995,-43.4184478311026,1.5));
#3453=CARTESIAN_POINT('',(2.28999999999995,-43.4184478311026,1.5));
#3454=CARTESIAN_POINT('',(2.28999999999995,-21.7092239155513,1.5));
#3455=CARTESIAN_POINT('',(2.28999999999995,-43.4184478311026,1.));
#3456=CARTESIAN_POINT('',(2.28999999999995,-43.4184478311026,1.5));
#3457=CARTESIAN_POINT('',(2.28999999999995,-17.4184478311026,1.));
#3458=CARTESIAN_POINT('Origin',(39.2899999999999,-43.4184478311026,1.5));
#3459=CARTESIAN_POINT('',(39.2899999999999,-43.4184478311026,1.5));
#3460=CARTESIAN_POINT('',(19.645,-43.4184478311026,1.5));
#3461=CARTESIAN_POINT('',(39.2899999999999,-43.4184478311026,1.));
#3462=CARTESIAN_POINT('',(39.2899999999999,-43.4184478311026,1.5));
#3463=CARTESIAN_POINT('',(2.28999999999995,-43.4184478311026,1.));
#3464=CARTESIAN_POINT('Origin',(39.2899999999999,-17.4184478311026,1.5));
#3465=CARTESIAN_POINT('',(39.2899999999999,-8.70922391555131,1.5));
#3466=CARTESIAN_POINT('',(39.2899999999999,-43.4184478311026,1.));
#3467=CARTESIAN_POINT('Origin',(20.7899999999999,-30.4184478311026,1.));
#3468=CARTESIAN_POINT('Origin',(-80.8500000000001,-17.0843430197333,1.5));
#3469=CARTESIAN_POINT('',(-80.8500000000001,-17.0843430197333,1.5));
#3470=CARTESIAN_POINT('',(-43.8500000000001,-17.0843430197333,1.5));
#3471=CARTESIAN_POINT('',(-40.425,-17.0843430197333,1.5));
#3472=CARTESIAN_POINT('',(-80.8500000000001,-17.0843430197333,1.));
#3473=CARTESIAN_POINT('',(-80.8500000000001,-17.0843430197333,1.5));
#3474=CARTESIAN_POINT('',(-43.8500000000001,-17.0843430197333,1.));
#3475=CARTESIAN_POINT('',(-43.8500000000001,-17.0843430197333,1.));
#3476=CARTESIAN_POINT('',(-43.8500000000001,-17.0843430197333,1.5));
#3477=CARTESIAN_POINT('Origin',(-80.8500000000001,-43.0843430197333,1.5));
#3478=CARTESIAN_POINT('',(-80.8500000000001,-43.0843430197333,1.5));
#3479=CARTESIAN_POINT('',(-80.8500000000001,-21.5421715098667,1.5));
#3480=CARTESIAN_POINT('',(-80.8500000000001,-43.0843430197333,1.));
#3481=CARTESIAN_POINT('',(-80.8500000000001,-43.0843430197333,1.5));
#3482=CARTESIAN_POINT('',(-80.8500000000001,-17.0843430197333,1.));
#3483=CARTESIAN_POINT('Origin',(-43.8500000000001,-43.0843430197333,1.5));
#3484=CARTESIAN_POINT('',(-43.8500000000001,-43.0843430197333,1.5));
#3485=CARTESIAN_POINT('',(-21.925,-43.0843430197333,1.5));
#3486=CARTESIAN_POINT('',(-43.8500000000001,-43.0843430197333,1.));
#3487=CARTESIAN_POINT('',(-43.8500000000001,-43.0843430197333,1.5));
#3488=CARTESIAN_POINT('',(-80.8500000000001,-43.0843430197333,1.));
#3489=CARTESIAN_POINT('Origin',(-43.8500000000001,-17.0843430197333,1.5));
#3490=CARTESIAN_POINT('',(-43.8500000000001,-8.54217150986667,1.5));
#3491=CARTESIAN_POINT('',(-43.8500000000001,-43.0843430197333,1.));
#3492=CARTESIAN_POINT('Origin',(-62.3500000000001,-30.0843430197333,1.));
#3493=CARTESIAN_POINT('Origin',(-163.99,13.,1.5));
#3494=CARTESIAN_POINT('',(-163.99,13.,1.5));
#3495=CARTESIAN_POINT('',(-126.99,13.,1.5));
#3496=CARTESIAN_POINT('',(-81.995,13.,1.5));
#3497=CARTESIAN_POINT('',(-163.99,13.,1.));
#3498=CARTESIAN_POINT('',(-163.99,13.,1.5));
#3499=CARTESIAN_POINT('',(-126.99,13.,1.));
#3500=CARTESIAN_POINT('',(-126.99,13.,1.));
#3501=CARTESIAN_POINT('',(-126.99,13.,1.5));
#3502=CARTESIAN_POINT('Origin',(-163.99,-13.,1.5));
#3503=CARTESIAN_POINT('',(-163.99,-13.,1.5));
#3504=CARTESIAN_POINT('',(-163.99,-6.5,1.5));
#3505=CARTESIAN_POINT('',(-163.99,-13.,1.));
#3506=CARTESIAN_POINT('',(-163.99,-13.,1.5));
#3507=CARTESIAN_POINT('',(-163.99,13.,1.));
#3508=CARTESIAN_POINT('Origin',(-126.99,-13.,1.5));
#3509=CARTESIAN_POINT('',(-126.99,-13.,1.5));
#3510=CARTESIAN_POINT('',(-63.495,-13.,1.5));
#3511=CARTESIAN_POINT('',(-126.99,-13.,1.));
#3512=CARTESIAN_POINT('',(-126.99,-13.,1.5));
#3513=CARTESIAN_POINT('',(-163.99,-13.,1.));
#3514=CARTESIAN_POINT('Origin',(-126.99,13.,1.5));
#3515=CARTESIAN_POINT('',(-126.99,6.5,1.5));
#3516=CARTESIAN_POINT('',(-126.99,-13.,1.));
#3517=CARTESIAN_POINT('Origin',(-145.49,6.66133814775094E-15,1.));
#3518=CARTESIAN_POINT('Origin',(2.28999999999995,43.,1.5));
#3519=CARTESIAN_POINT('',(2.28999999999995,43.,1.5));
#3520=CARTESIAN_POINT('',(39.2899999999999,43.,1.5));
#3521=CARTESIAN_POINT('',(1.14499999999997,43.,1.5));
#3522=CARTESIAN_POINT('',(2.28999999999995,43.,1.));
#3523=CARTESIAN_POINT('',(2.28999999999995,43.,1.5));
#3524=CARTESIAN_POINT('',(39.2899999999999,43.,1.));
#3525=CARTESIAN_POINT('',(39.2899999999999,43.,1.));
#3526=CARTESIAN_POINT('',(39.2899999999999,43.,1.5));
#3527=CARTESIAN_POINT('Origin',(2.28999999999995,17.,1.5));
#3528=CARTESIAN_POINT('',(2.28999999999995,17.,1.5));
#3529=CARTESIAN_POINT('',(2.28999999999995,8.50000000000001,1.5));
#3530=CARTESIAN_POINT('',(2.28999999999995,17.,1.));
#3531=CARTESIAN_POINT('',(2.28999999999995,17.,1.5));
#3532=CARTESIAN_POINT('',(2.28999999999995,43.,1.));
#3533=CARTESIAN_POINT('Origin',(39.2899999999999,17.,1.5));
#3534=CARTESIAN_POINT('',(39.2899999999999,17.,1.5));
#3535=CARTESIAN_POINT('',(19.645,17.,1.5));
#3536=CARTESIAN_POINT('',(39.2899999999999,17.,1.));
#3537=CARTESIAN_POINT('',(39.2899999999999,17.,1.5));
#3538=CARTESIAN_POINT('',(2.28999999999995,17.,1.));
#3539=CARTESIAN_POINT('Origin',(39.2899999999999,43.,1.5));
#3540=CARTESIAN_POINT('',(39.2899999999999,21.5,1.5));
#3541=CARTESIAN_POINT('',(39.2899999999999,17.,1.));
#3542=CARTESIAN_POINT('Origin',(20.7899999999999,30.,1.));
#3543=CARTESIAN_POINT('Origin',(-163.99,43.,1.5));
#3544=CARTESIAN_POINT('',(-163.99,43.,1.5));
#3545=CARTESIAN_POINT('',(-126.99,43.,1.5));
#3546=CARTESIAN_POINT('',(-81.995,43.,1.5));
#3547=CARTESIAN_POINT('',(-163.99,43.,1.));
#3548=CARTESIAN_POINT('',(-163.99,43.,1.5));
#3549=CARTESIAN_POINT('',(-126.99,43.,1.));
#3550=CARTESIAN_POINT('',(-126.99,43.,1.));
#3551=CARTESIAN_POINT('',(-126.99,43.,1.5));
#3552=CARTESIAN_POINT('Origin',(-163.99,17.,1.5));
#3553=CARTESIAN_POINT('',(-163.99,17.,1.5));
#3554=CARTESIAN_POINT('',(-163.99,8.5,1.5));
#3555=CARTESIAN_POINT('',(-163.99,17.,1.));
#3556=CARTESIAN_POINT('',(-163.99,17.,1.5));
#3557=CARTESIAN_POINT('',(-163.99,43.,1.));
#3558=CARTESIAN_POINT('Origin',(-126.99,17.,1.5));
#3559=CARTESIAN_POINT('',(-126.99,17.,1.5));
#3560=CARTESIAN_POINT('',(-63.495,17.,1.5));
#3561=CARTESIAN_POINT('',(-126.99,17.,1.));
#3562=CARTESIAN_POINT('',(-126.99,17.,1.5));
#3563=CARTESIAN_POINT('',(-163.99,17.,1.));
#3564=CARTESIAN_POINT('Origin',(-126.99,43.,1.5));
#3565=CARTESIAN_POINT('',(-126.99,21.5,1.5));
#3566=CARTESIAN_POINT('',(-126.99,17.,1.));
#3567=CARTESIAN_POINT('Origin',(-145.49,30.,1.));
#3568=CARTESIAN_POINT('Origin',(-39.2800000000001,43.,1.5));
#3569=CARTESIAN_POINT('',(-39.2800000000001,43.,1.5));
#3570=CARTESIAN_POINT('',(-2.28000000000005,43.,1.5));
#3571=CARTESIAN_POINT('',(-19.64,43.,1.5));
#3572=CARTESIAN_POINT('',(-39.2800000000001,43.,1.));
#3573=CARTESIAN_POINT('',(-39.2800000000001,43.,1.5));
#3574=CARTESIAN_POINT('',(-2.28000000000005,43.,1.));
#3575=CARTESIAN_POINT('',(-2.28000000000005,43.,1.));
#3576=CARTESIAN_POINT('',(-2.28000000000005,43.,1.5));
#3577=CARTESIAN_POINT('Origin',(-39.2800000000001,17.,1.5));
#3578=CARTESIAN_POINT('',(-39.2800000000001,17.,1.5));
#3579=CARTESIAN_POINT('',(-39.2800000000001,8.5,1.5));
#3580=CARTESIAN_POINT('',(-39.2800000000001,17.,1.));
#3581=CARTESIAN_POINT('',(-39.2800000000001,17.,1.5));
#3582=CARTESIAN_POINT('',(-39.2800000000001,43.,1.));
#3583=CARTESIAN_POINT('Origin',(-2.28000000000005,17.,1.5));
#3584=CARTESIAN_POINT('',(-2.28000000000005,17.,1.5));
#3585=CARTESIAN_POINT('',(-1.14000000000003,17.,1.5));
#3586=CARTESIAN_POINT('',(-2.28000000000005,17.,1.));
#3587=CARTESIAN_POINT('',(-2.28000000000005,17.,1.5));
#3588=CARTESIAN_POINT('',(-39.2800000000001,17.,1.));
#3589=CARTESIAN_POINT('Origin',(-2.28000000000005,43.,1.5));
#3590=CARTESIAN_POINT('',(-2.28000000000005,21.5,1.5));
#3591=CARTESIAN_POINT('',(-2.28000000000005,17.,1.));
#3592=CARTESIAN_POINT('Origin',(-20.7800000000001,30.,1.));
#3593=CARTESIAN_POINT('Origin',(85.4299999999999,43.,1.5));
#3594=CARTESIAN_POINT('',(85.4299999999999,43.,1.5));
#3595=CARTESIAN_POINT('',(122.43,43.,1.5));
#3596=CARTESIAN_POINT('',(42.715,43.,1.5));
#3597=CARTESIAN_POINT('',(85.4299999999999,43.,1.));
#3598=CARTESIAN_POINT('',(85.4299999999999,43.,1.5));
#3599=CARTESIAN_POINT('',(122.43,43.,1.));
#3600=CARTESIAN_POINT('',(122.43,43.,1.));
#3601=CARTESIAN_POINT('',(122.43,43.,1.5));
#3602=CARTESIAN_POINT('Origin',(85.4299999999999,17.,1.5));
#3603=CARTESIAN_POINT('',(85.4299999999999,17.,1.5));
#3604=CARTESIAN_POINT('',(85.4299999999999,8.5,1.5));
#3605=CARTESIAN_POINT('',(85.4299999999999,17.,1.));
#3606=CARTESIAN_POINT('',(85.4299999999999,17.,1.5));
#3607=CARTESIAN_POINT('',(85.4299999999999,43.,1.));
#3608=CARTESIAN_POINT('Origin',(122.43,17.,1.5));
#3609=CARTESIAN_POINT('',(122.43,17.,1.5));
#3610=CARTESIAN_POINT('',(61.215,17.,1.5));
#3611=CARTESIAN_POINT('',(122.43,17.,1.));
#3612=CARTESIAN_POINT('',(122.43,17.,1.5));
#3613=CARTESIAN_POINT('',(85.4299999999999,17.,1.));
#3614=CARTESIAN_POINT('Origin',(122.43,43.,1.5));
#3615=CARTESIAN_POINT('',(122.43,21.5,1.5));
#3616=CARTESIAN_POINT('',(122.43,17.,1.));
#3617=CARTESIAN_POINT('Origin',(103.93,30.,1.));
#3618=CARTESIAN_POINT('Origin',(-80.8500000000001,12.9156569802667,1.5));
#3619=CARTESIAN_POINT('',(-80.8500000000001,12.9156569802667,1.5));
#3620=CARTESIAN_POINT('',(-43.8500000000001,12.9156569802667,1.5));
#3621=CARTESIAN_POINT('',(-40.425,12.9156569802667,1.5));
#3622=CARTESIAN_POINT('',(-80.8500000000001,12.9156569802667,1.));
#3623=CARTESIAN_POINT('',(-80.8500000000001,12.9156569802667,1.5));
#3624=CARTESIAN_POINT('',(-43.8500000000001,12.9156569802667,1.));
#3625=CARTESIAN_POINT('',(-43.8500000000001,12.9156569802667,1.));
#3626=CARTESIAN_POINT('',(-43.8500000000001,12.9156569802667,1.5));
#3627=CARTESIAN_POINT('Origin',(-80.8500000000001,-13.0843430197333,1.5));
#3628=CARTESIAN_POINT('',(-80.8500000000001,-13.0843430197333,1.5));
#3629=CARTESIAN_POINT('',(-80.8500000000001,-6.54217150986667,1.5));
#3630=CARTESIAN_POINT('',(-80.8500000000001,-13.0843430197333,1.));
#3631=CARTESIAN_POINT('',(-80.8500000000001,-13.0843430197333,1.5));
#3632=CARTESIAN_POINT('',(-80.8500000000001,12.9156569802667,1.));
#3633=CARTESIAN_POINT('Origin',(-43.8500000000001,-13.0843430197333,1.5));
#3634=CARTESIAN_POINT('',(-43.8500000000001,-13.0843430197333,1.5));
#3635=CARTESIAN_POINT('',(-21.925,-13.0843430197333,1.5));
#3636=CARTESIAN_POINT('',(-43.8500000000001,-13.0843430197333,1.));
#3637=CARTESIAN_POINT('',(-43.8500000000001,-13.0843430197333,1.5));
#3638=CARTESIAN_POINT('',(-80.8500000000001,-13.0843430197333,1.));
#3639=CARTESIAN_POINT('Origin',(-43.8500000000001,12.9156569802667,1.5));
#3640=CARTESIAN_POINT('',(-43.8500000000001,6.45782849013333,1.5));
#3641=CARTESIAN_POINT('',(-43.8500000000001,-13.0843430197333,1.));
#3642=CARTESIAN_POINT('Origin',(-62.3500000000001,-0.0843430197333461,1.));
#3643=CARTESIAN_POINT('Origin',(2.28999999999995,13.,1.5));
#3644=CARTESIAN_POINT('',(2.28999999999995,13.,1.5));
#3645=CARTESIAN_POINT('',(39.2899999999999,13.,1.5));
#3646=CARTESIAN_POINT('',(1.14499999999997,13.,1.5));
#3647=CARTESIAN_POINT('',(2.28999999999995,13.,1.));
#3648=CARTESIAN_POINT('',(2.28999999999995,13.,1.5));
#3649=CARTESIAN_POINT('',(39.2899999999999,13.,1.));
#3650=CARTESIAN_POINT('',(39.2899999999999,13.,1.));
#3651=CARTESIAN_POINT('',(39.2899999999999,13.,1.5));
#3652=CARTESIAN_POINT('Origin',(2.28999999999995,-13.,1.5));
#3653=CARTESIAN_POINT('',(2.28999999999995,-13.,1.5));
#3654=CARTESIAN_POINT('',(2.28999999999995,-6.49999999999999,1.5));
#3655=CARTESIAN_POINT('',(2.28999999999995,-13.,1.));
#3656=CARTESIAN_POINT('',(2.28999999999995,-13.,1.5));
#3657=CARTESIAN_POINT('',(2.28999999999995,13.,1.));
#3658=CARTESIAN_POINT('Origin',(39.2899999999999,-13.,1.5));
#3659=CARTESIAN_POINT('',(39.2899999999999,-13.,1.5));
#3660=CARTESIAN_POINT('',(19.645,-13.,1.5));
#3661=CARTESIAN_POINT('',(39.2899999999999,-13.,1.));
#3662=CARTESIAN_POINT('',(39.2899999999999,-13.,1.5));
#3663=CARTESIAN_POINT('',(2.28999999999995,-13.,1.));
#3664=CARTESIAN_POINT('Origin',(39.2899999999999,13.,1.5));
#3665=CARTESIAN_POINT('',(39.2899999999999,6.50000000000001,1.5));
#3666=CARTESIAN_POINT('',(39.2899999999999,-13.,1.));
#3667=CARTESIAN_POINT('Origin',(20.7899999999999,1.11022302462516E-14,1.));
#3668=CARTESIAN_POINT('Origin',(85.4299999999999,13.,1.5));
#3669=CARTESIAN_POINT('',(85.4299999999999,13.,1.5));
#3670=CARTESIAN_POINT('',(122.43,13.,1.5));
#3671=CARTESIAN_POINT('',(42.715,13.,1.5));
#3672=CARTESIAN_POINT('',(85.4299999999999,13.,1.));
#3673=CARTESIAN_POINT('',(85.4299999999999,13.,1.5));
#3674=CARTESIAN_POINT('',(122.43,13.,1.));
#3675=CARTESIAN_POINT('',(122.43,13.,1.));
#3676=CARTESIAN_POINT('',(122.43,13.,1.5));
#3677=CARTESIAN_POINT('Origin',(85.4299999999999,-13.,1.5));
#3678=CARTESIAN_POINT('',(85.4299999999999,-13.,1.5));
#3679=CARTESIAN_POINT('',(85.4299999999999,-6.49999999999999,1.5));
#3680=CARTESIAN_POINT('',(85.4299999999999,-13.,1.));
#3681=CARTESIAN_POINT('',(85.4299999999999,-13.,1.5));
#3682=CARTESIAN_POINT('',(85.4299999999999,13.,1.));
#3683=CARTESIAN_POINT('Origin',(122.43,-13.,1.5));
#3684=CARTESIAN_POINT('',(122.43,-13.,1.5));
#3685=CARTESIAN_POINT('',(61.215,-13.,1.5));
#3686=CARTESIAN_POINT('',(122.43,-13.,1.));
#3687=CARTESIAN_POINT('',(122.43,-13.,1.5));
#3688=CARTESIAN_POINT('',(85.4299999999999,-13.,1.));
#3689=CARTESIAN_POINT('Origin',(122.43,13.,1.5));
#3690=CARTESIAN_POINT('',(122.43,6.50000000000001,1.5));
#3691=CARTESIAN_POINT('',(122.43,-13.,1.));
#3692=CARTESIAN_POINT('Origin',(103.93,1.11022302462516E-14,1.));
#3693=CARTESIAN_POINT('Origin',(-163.99,-17.,1.5));
#3694=CARTESIAN_POINT('',(-163.99,-17.,1.5));
#3695=CARTESIAN_POINT('',(-126.99,-17.,1.5));
#3696=CARTESIAN_POINT('',(-81.995,-17.,1.5));
#3697=CARTESIAN_POINT('',(-163.99,-17.,1.));
#3698=CARTESIAN_POINT('',(-163.99,-17.,1.5));
#3699=CARTESIAN_POINT('',(-126.99,-17.,1.));
#3700=CARTESIAN_POINT('',(-126.99,-17.,1.));
#3701=CARTESIAN_POINT('',(-126.99,-17.,1.5));
#3702=CARTESIAN_POINT('Origin',(-163.99,-43.,1.5));
#3703=CARTESIAN_POINT('',(-163.99,-43.,1.5));
#3704=CARTESIAN_POINT('',(-163.99,-21.5,1.5));
#3705=CARTESIAN_POINT('',(-163.99,-43.,1.));
#3706=CARTESIAN_POINT('',(-163.99,-43.,1.5));
#3707=CARTESIAN_POINT('',(-163.99,-17.,1.));
#3708=CARTESIAN_POINT('Origin',(-126.99,-43.,1.5));
#3709=CARTESIAN_POINT('',(-126.99,-43.,1.5));
#3710=CARTESIAN_POINT('',(-63.495,-43.,1.5));
#3711=CARTESIAN_POINT('',(-126.99,-43.,1.));
#3712=CARTESIAN_POINT('',(-126.99,-43.,1.5));
#3713=CARTESIAN_POINT('',(-163.99,-43.,1.));
#3714=CARTESIAN_POINT('Origin',(-126.99,-17.,1.5));
#3715=CARTESIAN_POINT('',(-126.99,-8.5,1.5));
#3716=CARTESIAN_POINT('',(-126.99,-43.,1.));
#3717=CARTESIAN_POINT('Origin',(-145.49,-30.,1.));
#3718=CARTESIAN_POINT('Origin',(168.,-47.,0.));
#3719=CARTESIAN_POINT('',(168.,47.,0.));
#3720=CARTESIAN_POINT('',(168.,-47.,0.));
#3721=CARTESIAN_POINT('',(168.,47.,0.));
#3722=CARTESIAN_POINT('',(168.,47.,1.5));
#3723=CARTESIAN_POINT('',(168.,47.,0.));
#3724=CARTESIAN_POINT('',(168.,-47.,1.5));
#3725=CARTESIAN_POINT('',(168.,47.,1.5));
#3726=CARTESIAN_POINT('',(168.,-47.,0.));
#3727=CARTESIAN_POINT('Origin',(-168.,-47.,0.));
#3728=CARTESIAN_POINT('',(-168.,-47.,0.));
#3729=CARTESIAN_POINT('',(168.,-47.,0.));
#3730=CARTESIAN_POINT('',(-168.,-47.,1.5));
#3731=CARTESIAN_POINT('',(168.,-47.,1.5));
#3732=CARTESIAN_POINT('',(-168.,-47.,0.));
#3733=CARTESIAN_POINT('Origin',(-168.,47.,0.));
#3734=CARTESIAN_POINT('',(-168.,47.,0.));
#3735=CARTESIAN_POINT('',(-168.,-47.,0.));
#3736=CARTESIAN_POINT('',(-168.,47.,1.5));
#3737=CARTESIAN_POINT('',(-168.,-47.,1.5));
#3738=CARTESIAN_POINT('',(-168.,47.,0.));
#3739=CARTESIAN_POINT('Origin',(168.,47.,0.));
#3740=CARTESIAN_POINT('',(-168.,47.,0.));
#3741=CARTESIAN_POINT('',(-168.,47.,1.5));
#3742=CARTESIAN_POINT('Origin',(0.,0.,1.5));
#3743=CARTESIAN_POINT('Origin',(0.,0.,0.));
#3744=UNCERTAINTY_MEASURE_WITH_UNIT(LENGTH_MEASURE(0.01),#3748,
'DISTANCE_ACCURACY_VALUE',
'Maximum model space distance between geometric entities at asserted c
onnectivities');
#3745=UNCERTAINTY_MEASURE_WITH_UNIT(LENGTH_MEASURE(0.01),#3748,
'DISTANCE_ACCURACY_VALUE',
'Maximum model space distance between geometric entities at asserted c
onnectivities');
#3746=(
GEOMETRIC_REPRESENTATION_CONTEXT(3)
GLOBAL_UNCERTAINTY_ASSIGNED_CONTEXT((#3744))
GLOBAL_UNIT_ASSIGNED_CONTEXT((#3748,#3750,#3751))
REPRESENTATION_CONTEXT('','3D')
);
#3747=(
GEOMETRIC_REPRESENTATION_CONTEXT(3)
GLOBAL_UNCERTAINTY_ASSIGNED_CONTEXT((#3745))
GLOBAL_UNIT_ASSIGNED_CONTEXT((#3748,#3750,#3751))
REPRESENTATION_CONTEXT('','3D')
);
#3748=(
LENGTH_UNIT()
NAMED_UNIT(*)
SI_UNIT(.MILLI.,.METRE.)
);
#3749=(
LENGTH_UNIT()
NAMED_UNIT(*)
SI_UNIT($,.METRE.)
);
#3750=(
NAMED_UNIT(*)
PLANE_ANGLE_UNIT()
SI_UNIT($,.RADIAN.)
);
#3751=(
NAMED_UNIT(*)
SI_UNIT($,.STERADIAN.)
SOLID_ANGLE_UNIT()
);
#3752=SHAPE_DEFINITION_REPRESENTATION(#3753,#3754);
#3753=PRODUCT_DEFINITION_SHAPE('',$,#3756);
#3754=SHAPE_REPRESENTATION('',(#2372),#3746);
#3755=PRODUCT_DEFINITION_CONTEXT('part definition',#3760,'design');
#3756=PRODUCT_DEFINITION('2026-07-04-18-02-58-470','solar panel',#3757,
#3755);
#3757=PRODUCT_DEFINITION_FORMATION('',$,#3762);
#3758=PRODUCT_RELATED_PRODUCT_CATEGORY('solar panel','solar panel',(#3762));
#3759=APPLICATION_PROTOCOL_DEFINITION('international standard',
'automotive_design',2009,#3760);
#3760=APPLICATION_CONTEXT(
'Core Data for Automotive Mechanical Design Process');
#3761=PRODUCT_CONTEXT('part definition',#3760,'mechanical');
#3762=PRODUCT('2026-07-04-18-02-58-470','solar panel',$,(#3761));
#3763=PRESENTATION_STYLE_ASSIGNMENT((#3765));
#3764=PRESENTATION_STYLE_ASSIGNMENT((#3766));
#3765=SURFACE_STYLE_USAGE(.BOTH.,#3767);
#3766=SURFACE_STYLE_USAGE(.BOTH.,#3768);
#3767=SURFACE_SIDE_STYLE('',(#3769));
#3768=SURFACE_SIDE_STYLE('',(#3770));
#3769=SURFACE_STYLE_FILL_AREA(#3771);
#3770=SURFACE_STYLE_FILL_AREA(#3772);
#3771=FILL_AREA_STYLE('Steel - Satin',(#3773));
#3772=FILL_AREA_STYLE('Paint - Metallic (Blue)',(#3774));
#3773=FILL_AREA_STYLE_COLOUR('Steel - Satin',#3775);
#3774=FILL_AREA_STYLE_COLOUR('Paint - Metallic (Blue)',#3776);
#3775=COLOUR_RGB('Steel - Satin',0.627450980392157,0.627450980392157,0.627450980392157);
#3776=COLOUR_RGB('Paint - Metallic (Blue)',0.188235294117647,0.231372549019608,
0.588235294117647);
ENDSEC;
END-ISO-10303-21;
