ISO-10303-21;
HEADER;
/* Generated by software containing ST-Developer
 * from STEP Tools, Inc. (www.steptools.com) 
 */

FILE_DESCRIPTION(
/* description */ (''),
/* implementation_level */ '2;1');

FILE_NAME(
/* name */ 'Three_axis_housing.step',
/* time_stamp */ '2026-07-04T17:58:19+05:30',
/* author */ (''),
/* organization */ (''),
/* preprocessor_version */ 'ST-DEVELOPER v20.1',
/* originating_system */ 'Autodesk Translation Framework v15.8.0.0',
/* authorisation */ '');

FILE_SCHEMA (('AUTOMOTIVE_DESIGN { 1 0 10303 214 3 1 1 }'));
ENDSEC;

DATA;
#10=MECHANICAL_DESIGN_GEOMETRIC_PRESENTATION_REPRESENTATION('',(#13),#4933);
#11=SHAPE_REPRESENTATION_RELATIONSHIP('SRR','None',#4940,#12);
#12=ADVANCED_BREP_SHAPE_REPRESENTATION('',(#14),#4932);
#13=STYLED_ITEM('',(#4949),#14);
#14=MANIFOLD_SOLID_BREP('Body3',#2392);
#15=B_SPLINE_SURFACE_WITH_KNOTS('',3,3,((#3870,#3871,#3872,#3873,#3874),
(#3875,#3876,#3877,#3878,#3879),(#3880,#3881,#3882,#3883,#3884),(#3885,
#3886,#3887,#3888,#3889),(#3890,#3891,#3892,#3893,#3894)),.UNSPECIFIED.,
 .F.,.F.,.F.,(4,1,4),(4,1,4),(0.,0.5,1.),(-1.5707963267949,-0.673198425769242,
0.),.UNSPECIFIED.);
#16=B_SPLINE_SURFACE_WITH_KNOTS('',3,3,((#4322,#4323,#4324,#4325,#4326),
(#4327,#4328,#4329,#4330,#4331),(#4332,#4333,#4334,#4335,#4336),(#4337,
#4338,#4339,#4340,#4341),(#4342,#4343,#4344,#4345,#4346)),.UNSPECIFIED.,
 .F.,.F.,.F.,(4,1,4),(4,1,4),(0.,0.571428571428571,1.),(0.,0.162329174591087,
0.378768074045871),.UNSPECIFIED.);
#17=B_SPLINE_SURFACE_WITH_KNOTS('',3,3,((#4358,#4359,#4360,#4361),(#4362,
#4363,#4364,#4365),(#4366,#4367,#4368,#4369),(#4370,#4371,#4372,#4373),
(#4374,#4375,#4376,#4377)),.UNSPECIFIED.,.F.,.F.,.F.,(4,1,4),(4,4),(0.,
0.571428571428571,1.),(0.,0.17318876972681),.UNSPECIFIED.);
#18=B_SPLINE_SURFACE_WITH_KNOTS('',3,3,((#4415,#4416,#4417,#4418,#4419,
#4420,#4421,#4422,#4423,#4424,#4425,#4426,#4427),(#4428,#4429,#4430,#4431,
#4432,#4433,#4434,#4435,#4436,#4437,#4438,#4439,#4440),(#4441,#4442,#4443,
#4444,#4445,#4446,#4447,#4448,#4449,#4450,#4451,#4452,#4453),(#4454,#4455,
#4456,#4457,#4458,#4459,#4460,#4461,#4462,#4463,#4464,#4465,#4466),(#4467,
#4468,#4469,#4470,#4471,#4472,#4473,#4474,#4475,#4476,#4477,#4478,#4479)),
 .UNSPECIFIED.,.F.,.F.,.F.,(4,1,4),(4,1,1,1,1,1,1,1,1,1,4),(0.,0.571428571428571,
1.),(6.47197379266701,6.88285364917299,7.29373350567897,7.70461336218495,
8.11549321869093,8.32093314694393,8.52637307519691,8.7318130034499,8.9372529317029,
9.14269285995589,9.34813278820888),.UNSPECIFIED.);
#19=B_SPLINE_SURFACE_WITH_KNOTS('',3,3,((#4613,#4614,#4615,#4616,#4617),
(#4618,#4619,#4620,#4621,#4622),(#4623,#4624,#4625,#4626,#4627),(#4628,
#4629,#4630,#4631,#4632),(#4633,#4634,#4635,#4636,#4637)),.UNSPECIFIED.,
 .F.,.F.,.F.,(4,1,4),(4,1,4),(0.,0.571428571428571,1.),(0.,0.162329174039375,
0.378768072758541),.UNSPECIFIED.);
#20=B_SPLINE_SURFACE_WITH_KNOTS('',3,3,((#4645,#4646,#4647,#4648),(#4649,
#4650,#4651,#4652),(#4653,#4654,#4655,#4656),(#4657,#4658,#4659,#4660),
(#4661,#4662,#4663,#4664)),.UNSPECIFIED.,.F.,.F.,.F.,(4,1,4),(4,4),(0.,
0.571428571428571,1.),(-3.85946433114108E-16,0.173189355850756),
 .UNSPECIFIED.);
#21=B_SPLINE_SURFACE_WITH_KNOTS('',3,3,((#4801,#4802,#4803,#4804,#4805,
#4806,#4807,#4808,#4809,#4810,#4811,#4812,#4813),(#4814,#4815,#4816,#4817,
#4818,#4819,#4820,#4821,#4822,#4823,#4824,#4825,#4826),(#4827,#4828,#4829,
#4830,#4831,#4832,#4833,#4834,#4835,#4836,#4837,#4838,#4839),(#4840,#4841,
#4842,#4843,#4844,#4845,#4846,#4847,#4848,#4849,#4850,#4851,#4852),(#4853,
#4854,#4855,#4856,#4857,#4858,#4859,#4860,#4861,#4862,#4863,#4864,#4865)),
 .UNSPECIFIED.,.F.,.F.,.F.,(4,1,4),(4,1,1,1,1,1,1,1,1,1,4),(0.,0.571428571428571,
1.),(3.59581478934554,3.80125471815911,4.00669464697267,4.21213457578625,
4.41757450459982,4.62301443341338,4.82845436222695,5.23933421985409,5.65021407748123,
6.06109393510837,6.47197379273551),.UNSPECIFIED.);
#22=B_SPLINE_SURFACE_WITH_KNOTS('',3,3,((#4867,#4868,#4869,#4870),(#4871,
#4872,#4873,#4874),(#4875,#4876,#4877,#4878),(#4879,#4880,#4881,#4882),
(#4883,#4884,#4885,#4886)),.UNSPECIFIED.,.F.,.F.,.F.,(4,1,4),(4,4),(0.,
0.5,1.),(0.,0.0802861842796237),.UNSPECIFIED.);
#23=B_SPLINE_SURFACE_WITH_KNOTS('',3,3,((#4891,#4892,#4893,#4894,#4895,
#4896),(#4897,#4898,#4899,#4900,#4901,#4902),(#4903,#4904,#4905,#4906,#4907,
#4908),(#4909,#4910,#4911,#4912,#4913,#4914),(#4915,#4916,#4917,#4918,#4919,
#4920)),.UNSPECIFIED.,.F.,.F.,.F.,(4,1,4),(4,1,1,4),(0.,0.571428571428571,
1.),(-1.22944734053746E-16,0.424497624385624,0.707496040642707,0.99049445689979),
 .UNSPECIFIED.);
#24=SPHERICAL_SURFACE('',#2451,0.5);
#25=SPHERICAL_SURFACE('',#2453,0.5);
#26=SPHERICAL_SURFACE('',#2498,0.5);
#27=SPHERICAL_SURFACE('',#2507,0.5);
#28=SPHERICAL_SURFACE('',#2542,1.);
#29=SPHERICAL_SURFACE('',#2560,1.);
#30=SPHERICAL_SURFACE('',#2573,1.);
#31=SPHERICAL_SURFACE('',#2585,1.);
#32=SPHERICAL_SURFACE('',#2599,0.5);
#33=FACE_BOUND('',#252,.T.);
#34=FACE_BOUND('',#268,.T.);
#35=FACE_BOUND('',#270,.T.);
#36=FACE_BOUND('',#271,.T.);
#37=FACE_BOUND('',#272,.T.);
#38=FACE_BOUND('',#273,.T.);
#39=FACE_BOUND('',#274,.T.);
#40=FACE_BOUND('',#276,.T.);
#41=FACE_BOUND('',#297,.T.);
#42=PLANE('',#2416);
#43=PLANE('',#2457);
#44=PLANE('',#2465);
#45=PLANE('',#2479);
#46=PLANE('',#2509);
#47=PLANE('',#2512);
#48=PLANE('',#2514);
#49=PLANE('',#2518);
#50=PLANE('',#2521);
#51=PLANE('',#2526);
#52=PLANE('',#2531);
#53=PLANE('',#2535);
#54=PLANE('',#2544);
#55=PLANE('',#2554);
#56=PLANE('',#2566);
#57=PLANE('',#2575);
#58=PLANE('',#2578);
#59=PLANE('',#2586);
#60=PLANE('',#2608);
#61=PLANE('',#2611);
#62=PLANE('',#2612);
#63=PLANE('',#2613);
#64=PLANE('',#2614);
#65=PLANE('',#2615);
#66=PLANE('',#2616);
#67=PLANE('',#2617);
#68=PLANE('',#2618);
#69=PLANE('',#2619);
#70=PLANE('',#2623);
#71=PLANE('',#2626);
#72=PLANE('',#2627);
#73=PLANE('',#2631);
#74=PLANE('',#2640);
#75=PLANE('',#2643);
#76=PLANE('',#2655);
#77=PLANE('',#2658);
#78=PLANE('',#2661);
#79=PLANE('',#2662);
#80=PLANE('',#2663);
#81=PLANE('',#2664);
#82=PLANE('',#2667);
#83=PLANE('',#2670);
#84=PLANE('',#2673);
#85=PLANE('',#2693);
#86=PLANE('',#2694);
#87=PLANE('',#2695);
#88=PLANE('',#2696);
#89=TOROIDAL_SURFACE('',#2413,6.3,0.1);
#90=TOROIDAL_SURFACE('',#2423,2.5,0.5);
#91=TOROIDAL_SURFACE('',#2427,8.2,0.5);
#92=TOROIDAL_SURFACE('',#2430,2.5,0.5);
#93=TOROIDAL_SURFACE('',#2433,2.5,0.5);
#94=TOROIDAL_SURFACE('',#2442,10.5,0.5);
#95=TOROIDAL_SURFACE('',#2481,2.5,0.5);
#96=TOROIDAL_SURFACE('',#2486,2.5,0.5);
#97=TOROIDAL_SURFACE('',#2490,2.5,0.5);
#98=TOROIDAL_SURFACE('',#2503,2.5,0.5);
#99=TOROIDAL_SURFACE('',#2527,10.5,0.5);
#100=TOROIDAL_SURFACE('',#2594,7.2,1.);
#101=TOROIDAL_SURFACE('',#2602,7757.53392341635,1.);
#102=TOROIDAL_SURFACE('',#2674,8.,3.);
#103=TOROIDAL_SURFACE('',#2682,8.,3.);
#104=FACE_OUTER_BOUND('',#249,.T.);
#105=FACE_OUTER_BOUND('',#250,.T.);
#106=FACE_OUTER_BOUND('',#251,.T.);
#107=FACE_OUTER_BOUND('',#253,.T.);
#108=FACE_OUTER_BOUND('',#254,.T.);
#109=FACE_OUTER_BOUND('',#255,.T.);
#110=FACE_OUTER_BOUND('',#256,.T.);
#111=FACE_OUTER_BOUND('',#257,.T.);
#112=FACE_OUTER_BOUND('',#258,.T.);
#113=FACE_OUTER_BOUND('',#259,.T.);
#114=FACE_OUTER_BOUND('',#260,.T.);
#115=FACE_OUTER_BOUND('',#261,.T.);
#116=FACE_OUTER_BOUND('',#262,.T.);
#117=FACE_OUTER_BOUND('',#263,.T.);
#118=FACE_OUTER_BOUND('',#264,.T.);
#119=FACE_OUTER_BOUND('',#265,.T.);
#120=FACE_OUTER_BOUND('',#266,.T.);
#121=FACE_OUTER_BOUND('',#267,.T.);
#122=FACE_OUTER_BOUND('',#269,.T.);
#123=FACE_OUTER_BOUND('',#275,.T.);
#124=FACE_OUTER_BOUND('',#277,.T.);
#125=FACE_OUTER_BOUND('',#278,.T.);
#126=FACE_OUTER_BOUND('',#279,.T.);
#127=FACE_OUTER_BOUND('',#280,.T.);
#128=FACE_OUTER_BOUND('',#281,.T.);
#129=FACE_OUTER_BOUND('',#282,.T.);
#130=FACE_OUTER_BOUND('',#283,.T.);
#131=FACE_OUTER_BOUND('',#284,.T.);
#132=FACE_OUTER_BOUND('',#285,.T.);
#133=FACE_OUTER_BOUND('',#286,.T.);
#134=FACE_OUTER_BOUND('',#287,.T.);
#135=FACE_OUTER_BOUND('',#288,.T.);
#136=FACE_OUTER_BOUND('',#289,.T.);
#137=FACE_OUTER_BOUND('',#290,.T.);
#138=FACE_OUTER_BOUND('',#291,.T.);
#139=FACE_OUTER_BOUND('',#292,.T.);
#140=FACE_OUTER_BOUND('',#293,.T.);
#141=FACE_OUTER_BOUND('',#294,.T.);
#142=FACE_OUTER_BOUND('',#295,.T.);
#143=FACE_OUTER_BOUND('',#296,.T.);
#144=FACE_OUTER_BOUND('',#298,.T.);
#145=FACE_OUTER_BOUND('',#299,.T.);
#146=FACE_OUTER_BOUND('',#300,.T.);
#147=FACE_OUTER_BOUND('',#301,.T.);
#148=FACE_OUTER_BOUND('',#302,.T.);
#149=FACE_OUTER_BOUND('',#303,.T.);
#150=FACE_OUTER_BOUND('',#304,.T.);
#151=FACE_OUTER_BOUND('',#305,.T.);
#152=FACE_OUTER_BOUND('',#306,.T.);
#153=FACE_OUTER_BOUND('',#307,.T.);
#154=FACE_OUTER_BOUND('',#308,.T.);
#155=FACE_OUTER_BOUND('',#309,.T.);
#156=FACE_OUTER_BOUND('',#310,.T.);
#157=FACE_OUTER_BOUND('',#311,.T.);
#158=FACE_OUTER_BOUND('',#312,.T.);
#159=FACE_OUTER_BOUND('',#313,.T.);
#160=FACE_OUTER_BOUND('',#314,.T.);
#161=FACE_OUTER_BOUND('',#315,.T.);
#162=FACE_OUTER_BOUND('',#316,.T.);
#163=FACE_OUTER_BOUND('',#317,.T.);
#164=FACE_OUTER_BOUND('',#318,.T.);
#165=FACE_OUTER_BOUND('',#319,.T.);
#166=FACE_OUTER_BOUND('',#320,.T.);
#167=FACE_OUTER_BOUND('',#321,.T.);
#168=FACE_OUTER_BOUND('',#322,.T.);
#169=FACE_OUTER_BOUND('',#323,.T.);
#170=FACE_OUTER_BOUND('',#324,.T.);
#171=FACE_OUTER_BOUND('',#325,.T.);
#172=FACE_OUTER_BOUND('',#326,.T.);
#173=FACE_OUTER_BOUND('',#327,.T.);
#174=FACE_OUTER_BOUND('',#328,.T.);
#175=FACE_OUTER_BOUND('',#329,.T.);
#176=FACE_OUTER_BOUND('',#330,.T.);
#177=FACE_OUTER_BOUND('',#331,.T.);
#178=FACE_OUTER_BOUND('',#332,.T.);
#179=FACE_OUTER_BOUND('',#333,.T.);
#180=FACE_OUTER_BOUND('',#334,.T.);
#181=FACE_OUTER_BOUND('',#335,.T.);
#182=FACE_OUTER_BOUND('',#336,.T.);
#183=FACE_OUTER_BOUND('',#337,.T.);
#184=FACE_OUTER_BOUND('',#338,.T.);
#185=FACE_OUTER_BOUND('',#339,.T.);
#186=FACE_OUTER_BOUND('',#340,.T.);
#187=FACE_OUTER_BOUND('',#341,.T.);
#188=FACE_OUTER_BOUND('',#342,.T.);
#189=FACE_OUTER_BOUND('',#343,.T.);
#190=FACE_OUTER_BOUND('',#344,.T.);
#191=FACE_OUTER_BOUND('',#345,.T.);
#192=FACE_OUTER_BOUND('',#346,.T.);
#193=FACE_OUTER_BOUND('',#347,.T.);
#194=FACE_OUTER_BOUND('',#348,.T.);
#195=FACE_OUTER_BOUND('',#349,.T.);
#196=FACE_OUTER_BOUND('',#350,.T.);
#197=FACE_OUTER_BOUND('',#351,.T.);
#198=FACE_OUTER_BOUND('',#352,.T.);
#199=FACE_OUTER_BOUND('',#353,.T.);
#200=FACE_OUTER_BOUND('',#354,.T.);
#201=FACE_OUTER_BOUND('',#355,.T.);
#202=FACE_OUTER_BOUND('',#356,.T.);
#203=FACE_OUTER_BOUND('',#357,.T.);
#204=FACE_OUTER_BOUND('',#358,.T.);
#205=FACE_OUTER_BOUND('',#359,.T.);
#206=FACE_OUTER_BOUND('',#360,.T.);
#207=FACE_OUTER_BOUND('',#361,.T.);
#208=FACE_OUTER_BOUND('',#362,.T.);
#209=FACE_OUTER_BOUND('',#363,.T.);
#210=FACE_OUTER_BOUND('',#364,.T.);
#211=FACE_OUTER_BOUND('',#365,.T.);
#212=FACE_OUTER_BOUND('',#366,.T.);
#213=FACE_OUTER_BOUND('',#367,.T.);
#214=FACE_OUTER_BOUND('',#368,.T.);
#215=FACE_OUTER_BOUND('',#369,.T.);
#216=FACE_OUTER_BOUND('',#370,.T.);
#217=FACE_OUTER_BOUND('',#371,.T.);
#218=FACE_OUTER_BOUND('',#372,.T.);
#219=FACE_OUTER_BOUND('',#373,.T.);
#220=FACE_OUTER_BOUND('',#374,.T.);
#221=FACE_OUTER_BOUND('',#375,.T.);
#222=FACE_OUTER_BOUND('',#376,.T.);
#223=FACE_OUTER_BOUND('',#377,.T.);
#224=FACE_OUTER_BOUND('',#378,.T.);
#225=FACE_OUTER_BOUND('',#379,.T.);
#226=FACE_OUTER_BOUND('',#380,.T.);
#227=FACE_OUTER_BOUND('',#381,.T.);
#228=FACE_OUTER_BOUND('',#382,.T.);
#229=FACE_OUTER_BOUND('',#383,.T.);
#230=FACE_OUTER_BOUND('',#384,.T.);
#231=FACE_OUTER_BOUND('',#385,.T.);
#232=FACE_OUTER_BOUND('',#386,.T.);
#233=FACE_OUTER_BOUND('',#387,.T.);
#234=FACE_OUTER_BOUND('',#388,.T.);
#235=FACE_OUTER_BOUND('',#389,.T.);
#236=FACE_OUTER_BOUND('',#390,.T.);
#237=FACE_OUTER_BOUND('',#391,.T.);
#238=FACE_OUTER_BOUND('',#392,.T.);
#239=FACE_OUTER_BOUND('',#393,.T.);
#240=FACE_OUTER_BOUND('',#394,.T.);
#241=FACE_OUTER_BOUND('',#395,.T.);
#242=FACE_OUTER_BOUND('',#396,.T.);
#243=FACE_OUTER_BOUND('',#397,.T.);
#244=FACE_OUTER_BOUND('',#398,.T.);
#245=FACE_OUTER_BOUND('',#399,.T.);
#246=FACE_OUTER_BOUND('',#400,.T.);
#247=FACE_OUTER_BOUND('',#401,.T.);
#248=FACE_OUTER_BOUND('',#402,.T.);
#249=EDGE_LOOP('',(#1480,#1481,#1482,#1483,#1484,#1485,#1486,#1487,#1488,
#1489,#1490,#1491,#1492));
#250=EDGE_LOOP('',(#1493,#1494,#1495,#1496,#1497));
#251=EDGE_LOOP('',(#1498,#1499,#1500,#1501));
#252=EDGE_LOOP('',(#1502));
#253=EDGE_LOOP('',(#1503,#1504,#1505));
#254=EDGE_LOOP('',(#1506,#1507,#1508,#1509));
#255=EDGE_LOOP('',(#1510,#1511,#1512,#1513));
#256=EDGE_LOOP('',(#1514,#1515,#1516,#1517));
#257=EDGE_LOOP('',(#1518,#1519,#1520,#1521));
#258=EDGE_LOOP('',(#1522,#1523,#1524,#1525,#1526,#1527,#1528,#1529,#1530,
#1531));
#259=EDGE_LOOP('',(#1532,#1533,#1534,#1535));
#260=EDGE_LOOP('',(#1536,#1537,#1538,#1539));
#261=EDGE_LOOP('',(#1540,#1541,#1542,#1543));
#262=EDGE_LOOP('',(#1544,#1545,#1546,#1547));
#263=EDGE_LOOP('',(#1548,#1549,#1550,#1551,#1552,#1553));
#264=EDGE_LOOP('',(#1554,#1555,#1556));
#265=EDGE_LOOP('',(#1557,#1558,#1559));
#266=EDGE_LOOP('',(#1560,#1561,#1562,#1563));
#267=EDGE_LOOP('',(#1564,#1565,#1566,#1567,#1568,#1569,#1570,#1571,#1572,
#1573,#1574,#1575,#1576,#1577,#1578,#1579,#1580,#1581,#1582,#1583,#1584,
#1585));
#268=EDGE_LOOP('',(#1586));
#269=EDGE_LOOP('',(#1587,#1588,#1589,#1590,#1591,#1592,#1593,#1594,#1595,
#1596,#1597,#1598,#1599,#1600,#1601,#1602,#1603,#1604,#1605,#1606,#1607,
#1608,#1609,#1610,#1611));
#270=EDGE_LOOP('',(#1612));
#271=EDGE_LOOP('',(#1613));
#272=EDGE_LOOP('',(#1614));
#273=EDGE_LOOP('',(#1615));
#274=EDGE_LOOP('',(#1616));
#275=EDGE_LOOP('',(#1617,#1618,#1619,#1620));
#276=EDGE_LOOP('',(#1621));
#277=EDGE_LOOP('',(#1622,#1623,#1624,#1625));
#278=EDGE_LOOP('',(#1626,#1627,#1628,#1629));
#279=EDGE_LOOP('',(#1630,#1631,#1632,#1633));
#280=EDGE_LOOP('',(#1634,#1635,#1636,#1637));
#281=EDGE_LOOP('',(#1638,#1639,#1640,#1641));
#282=EDGE_LOOP('',(#1642,#1643,#1644,#1645));
#283=EDGE_LOOP('',(#1646,#1647,#1648,#1649,#1650,#1651));
#284=EDGE_LOOP('',(#1652,#1653,#1654));
#285=EDGE_LOOP('',(#1655,#1656,#1657,#1658));
#286=EDGE_LOOP('',(#1659,#1660,#1661,#1662));
#287=EDGE_LOOP('',(#1663,#1664,#1665,#1666));
#288=EDGE_LOOP('',(#1667,#1668,#1669));
#289=EDGE_LOOP('',(#1670,#1671,#1672,#1673));
#290=EDGE_LOOP('',(#1674,#1675,#1676,#1677));
#291=EDGE_LOOP('',(#1678,#1679,#1680,#1681));
#292=EDGE_LOOP('',(#1682,#1683,#1684,#1685));
#293=EDGE_LOOP('',(#1686,#1687,#1688,#1689));
#294=EDGE_LOOP('',(#1690,#1691,#1692,#1693));
#295=EDGE_LOOP('',(#1694,#1695,#1696,#1697));
#296=EDGE_LOOP('',(#1698,#1699,#1700,#1701));
#297=EDGE_LOOP('',(#1702));
#298=EDGE_LOOP('',(#1703,#1704,#1705,#1706));
#299=EDGE_LOOP('',(#1707,#1708,#1709,#1710));
#300=EDGE_LOOP('',(#1711,#1712,#1713,#1714));
#301=EDGE_LOOP('',(#1715,#1716,#1717,#1718));
#302=EDGE_LOOP('',(#1719,#1720,#1721,#1722,#1723));
#303=EDGE_LOOP('',(#1724,#1725,#1726,#1727));
#304=EDGE_LOOP('',(#1728,#1729,#1730,#1731));
#305=EDGE_LOOP('',(#1732,#1733,#1734,#1735));
#306=EDGE_LOOP('',(#1736,#1737,#1738,#1739,#1740));
#307=EDGE_LOOP('',(#1741,#1742,#1743));
#308=EDGE_LOOP('',(#1744,#1745,#1746,#1747,#1748,#1749,#1750,#1751));
#309=EDGE_LOOP('',(#1752,#1753,#1754,#1755));
#310=EDGE_LOOP('',(#1756,#1757,#1758,#1759));
#311=EDGE_LOOP('',(#1760,#1761,#1762,#1763));
#312=EDGE_LOOP('',(#1764,#1765,#1766,#1767));
#313=EDGE_LOOP('',(#1768,#1769,#1770,#1771,#1772,#1773));
#314=EDGE_LOOP('',(#1774,#1775,#1776,#1777,#1778,#1779));
#315=EDGE_LOOP('',(#1780,#1781,#1782,#1783));
#316=EDGE_LOOP('',(#1784,#1785,#1786));
#317=EDGE_LOOP('',(#1787,#1788,#1789,#1790,#1791,#1792));
#318=EDGE_LOOP('',(#1793,#1794,#1795,#1796));
#319=EDGE_LOOP('',(#1797,#1798,#1799,#1800));
#320=EDGE_LOOP('',(#1801,#1802,#1803,#1804));
#321=EDGE_LOOP('',(#1805,#1806,#1807,#1808,#1809));
#322=EDGE_LOOP('',(#1810,#1811,#1812));
#323=EDGE_LOOP('',(#1813,#1814,#1815,#1816));
#324=EDGE_LOOP('',(#1817,#1818,#1819,#1820));
#325=EDGE_LOOP('',(#1821,#1822,#1823,#1824));
#326=EDGE_LOOP('',(#1825,#1826,#1827,#1828));
#327=EDGE_LOOP('',(#1829,#1830,#1831,#1832));
#328=EDGE_LOOP('',(#1833,#1834,#1835));
#329=EDGE_LOOP('',(#1836,#1837,#1838,#1839,#1840,#1841,#1842,#1843,#1844,
#1845));
#330=EDGE_LOOP('',(#1846,#1847,#1848,#1849));
#331=EDGE_LOOP('',(#1850,#1851,#1852,#1853));
#332=EDGE_LOOP('',(#1854,#1855,#1856,#1857));
#333=EDGE_LOOP('',(#1858,#1859,#1860,#1861,#1862,#1863,#1864));
#334=EDGE_LOOP('',(#1865,#1866,#1867,#1868,#1869));
#335=EDGE_LOOP('',(#1870,#1871,#1872));
#336=EDGE_LOOP('',(#1873,#1874,#1875,#1876,#1877));
#337=EDGE_LOOP('',(#1878,#1879,#1880,#1881,#1882));
#338=EDGE_LOOP('',(#1883,#1884,#1885,#1886));
#339=EDGE_LOOP('',(#1887,#1888,#1889,#1890));
#340=EDGE_LOOP('',(#1891,#1892,#1893,#1894));
#341=EDGE_LOOP('',(#1895,#1896,#1897,#1898));
#342=EDGE_LOOP('',(#1899,#1900,#1901,#1902));
#343=EDGE_LOOP('',(#1903,#1904,#1905,#1906,#1907,#1908));
#344=EDGE_LOOP('',(#1909,#1910,#1911,#1912));
#345=EDGE_LOOP('',(#1913,#1914,#1915,#1916));
#346=EDGE_LOOP('',(#1917,#1918,#1919,#1920,#1921,#1922));
#347=EDGE_LOOP('',(#1923,#1924,#1925,#1926,#1927));
#348=EDGE_LOOP('',(#1928,#1929,#1930,#1931,#1932,#1933));
#349=EDGE_LOOP('',(#1934,#1935,#1936,#1937));
#350=EDGE_LOOP('',(#1938,#1939,#1940,#1941));
#351=EDGE_LOOP('',(#1942,#1943,#1944,#1945,#1946,#1947,#1948,#1949,#1950,
#1951));
#352=EDGE_LOOP('',(#1952,#1953,#1954,#1955,#1956));
#353=EDGE_LOOP('',(#1957,#1958,#1959,#1960,#1961));
#354=EDGE_LOOP('',(#1962,#1963,#1964,#1965));
#355=EDGE_LOOP('',(#1966,#1967,#1968,#1969,#1970,#1971));
#356=EDGE_LOOP('',(#1972,#1973,#1974,#1975,#1976,#1977,#1978,#1979,#1980));
#357=EDGE_LOOP('',(#1981,#1982,#1983,#1984));
#358=EDGE_LOOP('',(#1985,#1986,#1987,#1988));
#359=EDGE_LOOP('',(#1989,#1990,#1991,#1992,#1993,#1994,#1995,#1996,#1997,
#1998,#1999,#2000,#2001,#2002));
#360=EDGE_LOOP('',(#2003,#2004,#2005,#2006,#2007));
#361=EDGE_LOOP('',(#2008,#2009,#2010));
#362=EDGE_LOOP('',(#2011,#2012,#2013,#2014));
#363=EDGE_LOOP('',(#2015,#2016,#2017,#2018,#2019,#2020,#2021,#2022,#2023));
#364=EDGE_LOOP('',(#2024,#2025,#2026,#2027,#2028,#2029,#2030,#2031,#2032,
#2033,#2034));
#365=EDGE_LOOP('',(#2035,#2036,#2037,#2038,#2039,#2040,#2041));
#366=EDGE_LOOP('',(#2042,#2043,#2044,#2045));
#367=EDGE_LOOP('',(#2046,#2047,#2048,#2049,#2050,#2051));
#368=EDGE_LOOP('',(#2052,#2053,#2054,#2055));
#369=EDGE_LOOP('',(#2056,#2057,#2058,#2059));
#370=EDGE_LOOP('',(#2060));
#371=EDGE_LOOP('',(#2061,#2062,#2063,#2064));
#372=EDGE_LOOP('',(#2065));
#373=EDGE_LOOP('',(#2066,#2067,#2068,#2069,#2070));
#374=EDGE_LOOP('',(#2071));
#375=EDGE_LOOP('',(#2072));
#376=EDGE_LOOP('',(#2073));
#377=EDGE_LOOP('',(#2074));
#378=EDGE_LOOP('',(#2075,#2076,#2077,#2078));
#379=EDGE_LOOP('',(#2079));
#380=EDGE_LOOP('',(#2080,#2081,#2082,#2083,#2084));
#381=EDGE_LOOP('',(#2085));
#382=EDGE_LOOP('',(#2086,#2087,#2088,#2089));
#383=EDGE_LOOP('',(#2090));
#384=EDGE_LOOP('',(#2091,#2092,#2093,#2094));
#385=EDGE_LOOP('',(#2095,#2096,#2097,#2098));
#386=EDGE_LOOP('',(#2099,#2100,#2101,#2102));
#387=EDGE_LOOP('',(#2103,#2104,#2105,#2106));
#388=EDGE_LOOP('',(#2107,#2108,#2109,#2110,#2111,#2112));
#389=EDGE_LOOP('',(#2113,#2114,#2115,#2116));
#390=EDGE_LOOP('',(#2117,#2118,#2119,#2120));
#391=EDGE_LOOP('',(#2121,#2122,#2123,#2124));
#392=EDGE_LOOP('',(#2125,#2126,#2127,#2128));
#393=EDGE_LOOP('',(#2129,#2130,#2131,#2132,#2133,#2134,#2135));
#394=EDGE_LOOP('',(#2136,#2137,#2138,#2139));
#395=EDGE_LOOP('',(#2140,#2141,#2142,#2143));
#396=EDGE_LOOP('',(#2144,#2145,#2146,#2147));
#397=EDGE_LOOP('',(#2148,#2149,#2150,#2151));
#398=EDGE_LOOP('',(#2152,#2153,#2154,#2155,#2156,#2157,#2158));
#399=EDGE_LOOP('',(#2159,#2160,#2161,#2162));
#400=EDGE_LOOP('',(#2163,#2164,#2165,#2166,#2167,#2168,#2169));
#401=EDGE_LOOP('',(#2170,#2171,#2172,#2173,#2174,#2175,#2176,#2177));
#402=EDGE_LOOP('',(#2178,#2179,#2180,#2181));
#403=B_SPLINE_CURVE_WITH_KNOTS('',3,(#3462,#3463,#3464,#3465,#3466,#3467,
#3468,#3469,#3470,#3471,#3472,#3473,#3474,#3475,#3476,#3477,#3478,#3479),
 .UNSPECIFIED.,.F.,.F.,(4,2,2,2,2,2,2,2,4),(0.0726194617178446,0.0789479020870366,
0.0821121222716325,0.0852763424562285,0.0880253348017685,0.0907743271473086,
0.0935233194928497,0.0962723118383908,0.0988742240695096),.UNSPECIFIED.);
#404=B_SPLINE_CURVE_WITH_KNOTS('',3,(#3502,#3503,#3504,#3505,#3506,#3507,
#3508,#3509,#3510,#3511,#3512,#3513,#3514,#3515,#3516,#3517,#3518,#3519),
 .UNSPECIFIED.,.F.,.F.,(4,2,2,2,2,2,2,2,4),(0.746316010179749,0.78769080513495,
0.832133286842593,0.876575768550237,0.921018250257881,0.965460731965524,
1.01628747182422,1.06711421168292,1.16876769140032),.UNSPECIFIED.);
#405=B_SPLINE_CURVE_WITH_KNOTS('',3,(#3541,#3542,#3543,#3544,#3545),
 .UNSPECIFIED.,.F.,.F.,(4,1,4),(-0.378768072758541,-0.162329174039375,0.),
 .UNSPECIFIED.);
#406=B_SPLINE_CURVE_WITH_KNOTS('',3,(#3547,#3548,#3549,#3550),
 .UNSPECIFIED.,.F.,.F.,(4,4),(-3.85946433114108E-16,0.173189355850756),
 .UNSPECIFIED.);
#407=B_SPLINE_CURVE_WITH_KNOTS('',3,(#3558,#3559,#3560,#3561),
 .UNSPECIFIED.,.F.,.F.,(4,4),(-0.17318876972681,0.),.UNSPECIFIED.);
#408=B_SPLINE_CURVE_WITH_KNOTS('',3,(#3563,#3564,#3565,#3566,#3567),
 .UNSPECIFIED.,.F.,.F.,(4,1,4),(0.,0.162329174591087,0.378768074045871),
 .UNSPECIFIED.);
#409=B_SPLINE_CURVE_WITH_KNOTS('',3,(#3855,#3856,#3857,#3858,#3859,#3860,
#3861,#3862,#3863,#3864,#3865,#3866,#3867,#3868),.UNSPECIFIED.,.F.,.F.,
(4,2,2,2,2,2,4),(-0.12263629790196,-0.114060923536767,-0.0997594559187926,
-0.0674661357644596,-0.0321227404745251,0.,0.00039462892252811),
 .UNSPECIFIED.);
#410=B_SPLINE_CURVE_WITH_KNOTS('',3,(#3908,#3909,#3910,#3911,#3912,#3913),
 .UNSPECIFIED.,.F.,.F.,(4,2,4),(0.246674682072902,0.259172711572471,0.296196461437481),
 .UNSPECIFIED.);
#411=B_SPLINE_CURVE_WITH_KNOTS('',3,(#3918,#3919,#3920,#3921,#3922,#3923,
#3924),.UNSPECIFIED.,.F.,.F.,(4,3,4),(0.766644019326768,0.78613333833575,
0.805622657344731),.UNSPECIFIED.);
#412=B_SPLINE_CURVE_WITH_KNOTS('',3,(#3936,#3937,#3938,#3939,#3940,#3941,
#3942,#3943,#3944,#3945,#3946,#3947,#3948,#3949,#3950,#3951,#3952,#3953),
 .UNSPECIFIED.,.F.,.F.,(4,2,2,2,2,2,2,2,4),(0.,0.00101266314598759,0.00202532629197519,
0.00405065258395038,0.00810130516790075,0.0342241258608339,0.128968643435359,
0.220668950401168,0.312369257366977),.UNSPECIFIED.);
#413=B_SPLINE_CURVE_WITH_KNOTS('',3,(#4005,#4006,#4007,#4008,#4009,#4010,
#4011,#4012,#4013,#4014,#4015,#4016,#4017,#4018),.UNSPECIFIED.,.F.,.F.,
(4,2,2,2,2,2,4),(0.285975770762939,0.315542195179774,0.34510861959661,0.375607970329629,
0.406107321062648,0.435059789259515,0.441211467352397),.UNSPECIFIED.);
#414=B_SPLINE_CURVE_WITH_KNOTS('',3,(#4049,#4050,#4051,#4052),
 .UNSPECIFIED.,.F.,.F.,(4,4),(0.320130304424284,0.379130655861645),
 .UNSPECIFIED.);
#415=B_SPLINE_CURVE_WITH_KNOTS('',3,(#4058,#4059,#4060,#4061,#4062,#4063),
 .UNSPECIFIED.,.F.,.F.,(4,2,4),(0.,0.0332644138875408,0.0589680074817473),
 .UNSPECIFIED.);
#416=B_SPLINE_CURVE_WITH_KNOTS('',3,(#4064,#4065,#4066,#4067,#4068,#4069,
#4070,#4071,#4072,#4073,#4074,#4075,#4076,#4077),.UNSPECIFIED.,.F.,.F.,
(4,2,2,2,2,2,4),(0.174198592030227,0.175300442218263,0.187672820491353,
0.200045198764443,0.212417577037533,0.224789955310623,0.225891797720968),
 .UNSPECIFIED.);
#417=B_SPLINE_CURVE_WITH_KNOTS('',3,(#4083,#4084,#4085,#4086,#4087,#4088,
#4089,#4090,#4091,#4092),.UNSPECIFIED.,.F.,.F.,(4,2,2,2,4),(0.,0.0332644074051893,
0.0665288148103786,0.0891991513795391,0.1118694879487),.UNSPECIFIED.);
#418=B_SPLINE_CURVE_WITH_KNOTS('',3,(#4099,#4100,#4101,#4102,#4103,#4104,
#4105,#4106,#4107,#4108,#4109,#4110,#4111,#4112,#4113,#4114,#4115,#4116,
#4117,#4118),.UNSPECIFIED.,.F.,.F.,(4,2,2,2,2,2,2,2,2,4),(0.323218162484182,
0.32372866415034,0.324239165816498,0.326608187718689,0.33354438916654,0.34048059061439,
0.370029474839516,0.399578359064642,0.465915126371662,0.532251893678682),
 .UNSPECIFIED.);
#419=B_SPLINE_CURVE_WITH_KNOTS('',3,(#4182,#4183,#4184,#4185,#4186,#4187,
#4188,#4189,#4190,#4191),.UNSPECIFIED.,.F.,.F.,(4,2,2,2,4),(-0.3369190614899,
-0.298836655546655,-0.26075424960341,-0.2116330761592,-0.186248408102848),
 .UNSPECIFIED.);
#420=B_SPLINE_CURVE_WITH_KNOTS('',3,(#4198,#4199,#4200,#4201,#4202,#4203,
#4204,#4205),.UNSPECIFIED.,.F.,.F.,(4,2,2,4),(0.477312172786031,0.493361719910346,
0.552568622714081,0.611775525517816),.UNSPECIFIED.);
#421=B_SPLINE_CURVE_WITH_KNOTS('',3,(#4211,#4212,#4213,#4214,#4215,#4216,
#4217,#4218),.UNSPECIFIED.,.F.,.F.,(4,2,2,4),(1.32311314530595,1.34630916806429,
1.49043380602795,1.55831436357363),.UNSPECIFIED.);
#422=B_SPLINE_CURVE_WITH_KNOTS('',3,(#4231,#4232,#4233,#4234),
 .UNSPECIFIED.,.F.,.F.,(4,4),(-0.109073836790192,-0.0770039331063098),
 .UNSPECIFIED.);
#423=B_SPLINE_CURVE_WITH_KNOTS('',3,(#4241,#4242,#4243,#4244,#4245,#4246,
#4247,#4248),.UNSPECIFIED.,.F.,.F.,(4,2,2,4),(2.03897111671771,2.20915906432343,
2.45635094500798,2.47422224950677),.UNSPECIFIED.);
#424=B_SPLINE_CURVE_WITH_KNOTS('',3,(#4253,#4254,#4255,#4256,#4257,#4258,
#4259,#4260,#4261,#4262,#4263,#4264),.UNSPECIFIED.,.F.,.F.,(4,2,2,2,2,4),
(2.51172157426664,2.67079084070007,2.82986010713349,2.99008539317724,3.15031067922098,
3.16984890988176),.UNSPECIFIED.);
#425=B_SPLINE_CURVE_WITH_KNOTS('',3,(#4350,#4351,#4352,#4353,#4354),
 .UNSPECIFIED.,.F.,.F.,(4,1,4),(-0.378768074045871,-0.162329174591087,0.),
 .UNSPECIFIED.);
#426=B_SPLINE_CURVE_WITH_KNOTS('',3,(#4378,#4379,#4380,#4381),
 .UNSPECIFIED.,.F.,.F.,(4,4),(0.,0.17318876972681),.UNSPECIFIED.);
#427=B_SPLINE_CURVE_WITH_KNOTS('',3,(#4384,#4385,#4386,#4387,#4388,#4389,
#4390,#4391,#4392,#4393,#4394,#4395,#4396),.UNSPECIFIED.,.F.,.F.,(4,1,1,
1,1,1,1,1,1,1,4),(6.47197379266701,6.88285364917299,7.29373350567897,7.70461336218495,
8.11549321869093,8.32093314694393,8.52637307519691,8.7318130034499,8.9372529317029,
9.14269285995589,9.34813278820888),.UNSPECIFIED.);
#428=B_SPLINE_CURVE_WITH_KNOTS('',3,(#4398,#4399,#4400,#4401),
 .UNSPECIFIED.,.F.,.F.,(4,4),(-0.0802861842796237,0.),.UNSPECIFIED.);
#429=B_SPLINE_CURVE_WITH_KNOTS('',3,(#4402,#4403,#4404,#4405,#4406,#4407,
#4408,#4409,#4410,#4411,#4412,#4413,#4414),.UNSPECIFIED.,.F.,.F.,(4,1,1,
1,1,1,1,1,1,1,4),(3.59581478934554,3.80125471815911,4.00669464697267,4.21213457578625,
4.41757450459982,4.62301443341338,4.82845436222695,5.23933421985409,5.65021407748123,
6.06109393510837,6.47197379273551),.UNSPECIFIED.);
#430=B_SPLINE_CURVE_WITH_KNOTS('',3,(#4481,#4482,#4483,#4484,#4485,#4486,
#4487,#4488,#4489,#4490,#4491,#4492,#4493,#4494,#4495,#4496,#4497,#4498,
#4499,#4500,#4501,#4502,#4503,#4504,#4505,#4506,#4507,#4508,#4509,#4510,
#4511,#4512,#4513,#4514,#4515,#4516,#4517,#4518,#4519,#4520,#4521,#4522,
#4523,#4524,#4525,#4526,#4527,#4528,#4529,#4530,#4531,#4532,#4533,#4534,
#4535,#4536,#4537,#4538,#4539,#4540,#4541,#4542,#4543,#4544,#4545,#4546,
#4547,#4548,#4549,#4550,#4551,#4552,#4553,#4554,#4555,#4556,#4557,#4558,
#4559,#4560,#4561,#4562,#4563,#4564,#4565,#4566,#4567,#4568,#4569,#4570,
#4571,#4572,#4573,#4574,#4575,#4576,#4577,#4578,#4579,#4580,#4581,#4582,
#4583,#4584,#4585,#4586,#4587,#4588,#4589,#4590,#4591,#4592,#4593,#4594,
#4595,#4596,#4597,#4598,#4599,#4600,#4601,#4602,#4603,#4604,#4605,#4606,
#4607),.UNSPECIFIED.,.F.,.F.,(4,3,3,3,3,3,3,3,3,3,3,3,3,3,3,3,3,3,3,3,3,
3,3,3,3,3,3,3,3,3,3,3,3,3,3,3,3,3,3,3,3,3,4),(-9.08022433615741,-9.02686096895062,
-8.97477677413225,-8.9395121256587,-8.93726601591947,-8.89425374478025,
-8.85193840715639,-8.79565560708725,-8.76714774504444,-8.7318004747614,
-8.67513720999965,-8.63399455873623,-8.52644291218602,-8.39848609659275,
-8.32093669827282,-8.26033980806588,-8.14969518370224,-8.11546281036863,
-8.0030235743337,-7.89861303917158,-7.86703866402271,-7.75503492482173,
-7.70459231980917,-7.60431119278695,-7.58609158184842,-7.48899264898761,
-7.40060060279843,-7.36537492871576,-7.30129619816853,-7.29372804290797,
-7.23063334712613,-7.22126407631639,-7.15318090936811,-7.08665970226324,
-7.07427352087837,-7.00387175520243,-6.9335359731134,-6.88275948133841,
-6.8448090526751,-6.75878602020123,-6.66083352530354,-6.55931996837836,
-6.47197379266702),.UNSPECIFIED.);
#431=B_SPLINE_CURVE_WITH_KNOTS('',3,(#4640,#4641,#4642,#4643,#4644),
 .UNSPECIFIED.,.F.,.F.,(4,1,4),(0.,0.162329174039375,0.378768072758541),
 .UNSPECIFIED.);
#432=B_SPLINE_CURVE_WITH_KNOTS('',3,(#4665,#4666,#4667,#4668),
 .UNSPECIFIED.,.F.,.F.,(4,4),(-0.173189355850756,3.85946433114108E-16),
 .UNSPECIFIED.);
#433=B_SPLINE_CURVE_WITH_KNOTS('',3,(#4671,#4672,#4673,#4674,#4675,#4676,
#4677,#4678,#4679,#4680,#4681,#4682,#4683,#4684,#4685,#4686,#4687,#4688,
#4689,#4690,#4691,#4692,#4693,#4694,#4695,#4696,#4697,#4698,#4699,#4700,
#4701,#4702,#4703,#4704,#4705,#4706,#4707,#4708,#4709,#4710,#4711,#4712,
#4713,#4714,#4715,#4716,#4717,#4718,#4719,#4720,#4721,#4722,#4723,#4724,
#4725,#4726,#4727,#4728,#4729,#4730,#4731,#4732,#4733,#4734,#4735,#4736,
#4737,#4738,#4739,#4740,#4741,#4742,#4743,#4744,#4745,#4746,#4747,#4748,
#4749,#4750,#4751,#4752,#4753,#4754,#4755,#4756,#4757,#4758,#4759,#4760,
#4761,#4762,#4763,#4764,#4765,#4766,#4767,#4768,#4769,#4770,#4771,#4772,
#4773,#4774,#4775,#4776,#4777,#4778,#4779,#4780,#4781,#4782,#4783,#4784,
#4785,#4786,#4787,#4788,#4789,#4790,#4791,#4792,#4793,#4794,#4795,#4796,
#4797),.UNSPECIFIED.,.F.,.F.,(4,3,3,3,3,3,3,3,3,3,3,3,3,3,3,3,3,3,3,3,3,
3,3,3,3,3,3,3,3,3,3,3,3,3,3,3,3,3,3,3,3,3,4),(-6.47197379273376,-6.36738967446454,
-6.26480976649184,-6.17373005720419,-6.09913853143225,-6.06124210847397,
-5.98799056874067,-5.91480004410962,-5.86967406269767,-5.80016902321321,
-5.72926360772475,-5.722683507185,-5.66024347635758,-5.65036765931815,-5.58607821139839,
-5.57857265484476,-5.50332326561781,-5.42699368022824,-5.35785600215036,
-5.26701502600294,-5.23915257010049,-5.1369622756682,-5.07690892107167,
-4.96614695790384,-4.83763791671639,-4.82848470628003,-4.70219280519878,
-4.68360777835102,-4.62301986207388,-4.475428138092,-4.41751896642554,-4.30995302687538,
-4.2531727101124,-4.21215665575522,-4.17679983693947,-4.12097373581931,
-4.09200917505284,-4.04934926073476,-4.00668934641668,-4.00443545874411,
-3.95256831217086,-3.89932764617086,-3.86372324150634),.UNSPECIFIED.);
#434=B_SPLINE_CURVE_WITH_KNOTS('',3,(#4887,#4888,#4889,#4890),
 .UNSPECIFIED.,.F.,.F.,(4,4),(0.,0.0802861842796237),.UNSPECIFIED.);
#435=ELLIPSE('',#2409,8.76812408671319,6.2);
#436=ELLIPSE('',#2410,8.76812408671319,6.2);
#437=ELLIPSE('',#2411,8.76812408671319,6.2);
#438=ELLIPSE('',#2422,8.76812408671319,6.2);
#439=ELLIPSE('',#2541,1.4142135623731,1.);
#440=ELLIPSE('',#2550,1.00000402629627,1.);
#441=ELLIPSE('',#2556,1.4142135623731,1.);
#442=ELLIPSE('',#2572,1.4142135623731,1.);
#443=ELLIPSE('',#2635,8.76812408671319,6.2);
#444=ELLIPSE('',#2637,8.76812408671319,6.2);
#445=ELLIPSE('',#2638,8.76812408671319,6.2);
#446=ELLIPSE('',#2687,17.0293863659264,11.);
#447=ELLIPSE('',#2689,17.0293863659264,11.);
#448=CIRCLE('',#2407,6.2);
#449=CIRCLE('',#2408,6.2);
#450=CIRCLE('',#2412,6.2);
#451=CIRCLE('',#2414,6.3);
#452=CIRCLE('',#2415,0.1);
#453=CIRCLE('',#2417,2.5);
#454=CIRCLE('',#2418,2.5);
#455=CIRCLE('',#2419,2.5);
#456=CIRCLE('',#2420,8.2);
#457=CIRCLE('',#2424,0.499999999999998);
#458=CIRCLE('',#2425,0.499999999999998);
#459=CIRCLE('',#2426,3.);
#460=CIRCLE('',#2428,0.499999999999998);
#461=CIRCLE('',#2429,8.7);
#462=CIRCLE('',#2431,0.499999999999998);
#463=CIRCLE('',#2432,3.);
#464=CIRCLE('',#2434,2.);
#465=CIRCLE('',#2436,2.);
#466=CIRCLE('',#2438,3.);
#467=CIRCLE('',#2440,0.500000000000003);
#468=CIRCLE('',#2441,0.499999999999998);
#469=CIRCLE('',#2443,0.499999999999998);
#470=CIRCLE('',#2444,11.);
#471=CIRCLE('',#2445,10.5);
#472=CIRCLE('',#2447,0.499999999999998);
#473=CIRCLE('',#2449,0.499999999999998);
#474=CIRCLE('',#2450,0.5);
#475=CIRCLE('',#2452,0.5);
#476=CIRCLE('',#2454,0.5);
#477=CIRCLE('',#2456,0.5);
#478=CIRCLE('',#2458,2.5);
#479=CIRCLE('',#2459,0.8115);
#480=CIRCLE('',#2460,0.8115);
#481=CIRCLE('',#2461,0.8115);
#482=CIRCLE('',#2462,0.8115);
#483=CIRCLE('',#2463,1.);
#484=CIRCLE('',#2464,0.8115);
#485=CIRCLE('',#2466,1.);
#486=CIRCLE('',#2467,7757.53392341635);
#487=CIRCLE('',#2468,7.2);
#488=CIRCLE('',#2469,0.8115);
#489=CIRCLE('',#2470,0.8115);
#490=CIRCLE('',#2471,2.5);
#491=CIRCLE('',#2472,2.5);
#492=CIRCLE('',#2473,2.5);
#493=CIRCLE('',#2474,0.8);
#494=CIRCLE('',#2475,0.8);
#495=CIRCLE('',#2476,0.8115);
#496=CIRCLE('',#2477,0.811500000000001);
#497=CIRCLE('',#2478,0.8115);
#498=CIRCLE('',#2480,6.2);
#499=CIRCLE('',#2482,0.5);
#500=CIRCLE('',#2483,3.);
#501=CIRCLE('',#2485,0.5);
#502=CIRCLE('',#2487,0.5);
#503=CIRCLE('',#2489,0.5);
#504=CIRCLE('',#2491,0.5);
#505=CIRCLE('',#2492,3.);
#506=CIRCLE('',#2494,0.5);
#507=CIRCLE('',#2496,0.499999999999998);
#508=CIRCLE('',#2497,0.5);
#509=CIRCLE('',#2499,0.5);
#510=CIRCLE('',#2501,0.499999999999998);
#511=CIRCLE('',#2502,0.5);
#512=CIRCLE('',#2504,0.5);
#513=CIRCLE('',#2505,2.);
#514=CIRCLE('',#2508,0.499999999999999);
#515=CIRCLE('',#2511,3.);
#516=CIRCLE('',#2513,8.);
#517=CIRCLE('',#2515,8.);
#518=CIRCLE('',#2517,3.);
#519=CIRCLE('',#2520,0.5);
#520=CIRCLE('',#2522,10.5);
#521=CIRCLE('',#2523,6.2);
#522=CIRCLE('',#2525,0.499999999999998);
#523=CIRCLE('',#2528,11.);
#524=CIRCLE('',#2530,1.);
#525=CIRCLE('',#2532,1.);
#526=CIRCLE('',#2534,1.);
#527=CIRCLE('',#2537,1.);
#528=CIRCLE('',#2538,1.);
#529=CIRCLE('',#2540,1.);
#530=CIRCLE('',#2543,1.);
#531=CIRCLE('',#2546,1.);
#532=CIRCLE('',#2548,0.500000000000002);
#533=CIRCLE('',#2549,0.500000000000002);
#534=CIRCLE('',#2551,0.500008052543904);
#535=CIRCLE('',#2553,0.5);
#536=CIRCLE('',#2557,1.);
#537=CIRCLE('',#2559,1.);
#538=CIRCLE('',#2561,1.);
#539=CIRCLE('',#2563,0.8115);
#540=CIRCLE('',#2565,1.);
#541=CIRCLE('',#2568,1.);
#542=CIRCLE('',#2569,1.);
#543=CIRCLE('',#2571,1.);
#544=CIRCLE('',#2574,1.);
#545=CIRCLE('',#2577,1.);
#546=CIRCLE('',#2579,5.);
#547=CIRCLE('',#2581,1.);
#548=CIRCLE('',#2582,1.);
#549=CIRCLE('',#2584,1.);
#550=CIRCLE('',#2587,4.);
#551=CIRCLE('',#2588,6.2);
#552=CIRCLE('',#2589,1.);
#553=CIRCLE('',#2591,1.);
#554=CIRCLE('',#2593,0.999999999999981);
#555=CIRCLE('',#2595,1.);
#556=CIRCLE('',#2598,0.5);
#557=CIRCLE('',#2600,0.499999999999994);
#558=CIRCLE('',#2603,1.);
#559=CIRCLE('',#2604,7756.53392341635);
#560=CIRCLE('',#2606,7756.53392341635);
#561=CIRCLE('',#2610,1.);
#562=CIRCLE('',#2621,5.);
#563=CIRCLE('',#2622,5.);
#564=CIRCLE('',#2624,1.);
#565=CIRCLE('',#2629,1.);
#566=CIRCLE('',#2630,1.);
#567=CIRCLE('',#2633,5.);
#568=CIRCLE('',#2636,6.2);
#569=CIRCLE('',#2641,8.7);
#570=CIRCLE('',#2645,6.2);
#571=CIRCLE('',#2647,5.);
#572=CIRCLE('',#2649,0.8115);
#573=CIRCLE('',#2652,0.8115);
#574=CIRCLE('',#2654,0.8);
#575=CIRCLE('',#2657,0.8);
#576=CIRCLE('',#2660,0.8115);
#577=CIRCLE('',#2666,0.8115);
#578=CIRCLE('',#2669,0.8115);
#579=CIRCLE('',#2672,0.8115);
#580=CIRCLE('',#2675,3.);
#581=CIRCLE('',#2676,11.);
#582=CIRCLE('',#2677,3.);
#583=CIRCLE('',#2678,3.);
#584=CIRCLE('',#2681,1.);
#585=CIRCLE('',#2683,3.);
#586=CIRCLE('',#2684,11.);
#587=CIRCLE('',#2685,3.);
#588=CIRCLE('',#2688,1.);
#589=CIRCLE('',#2690,2.);
#590=LINE('',#3449,#754);
#591=LINE('',#3451,#755);
#592=LINE('',#3481,#756);
#593=LINE('',#3483,#757);
#594=LINE('',#3486,#758);
#595=LINE('',#3539,#759);
#596=LINE('',#3552,#760);
#597=LINE('',#3556,#761);
#598=LINE('',#3568,#762);
#599=LINE('',#3571,#763);
#600=LINE('',#3578,#764);
#601=LINE('',#3581,#765);
#602=LINE('',#3592,#766);
#603=LINE('',#3593,#767);
#604=LINE('',#3598,#768);
#605=LINE('',#3600,#769);
#606=LINE('',#3602,#770);
#607=LINE('',#3604,#771);
#608=LINE('',#3611,#772);
#609=LINE('',#3614,#773);
#610=LINE('',#3617,#774);
#611=LINE('',#3621,#775);
#612=LINE('',#3623,#776);
#613=LINE('',#3625,#777);
#614=LINE('',#3627,#778);
#615=LINE('',#3632,#779);
#616=LINE('',#3634,#780);
#617=LINE('',#3636,#781);
#618=LINE('',#3638,#782);
#619=LINE('',#3640,#783);
#620=LINE('',#3642,#784);
#621=LINE('',#3647,#785);
#622=LINE('',#3649,#786);
#623=LINE('',#3651,#787);
#624=LINE('',#3654,#788);
#625=LINE('',#3659,#789);
#626=LINE('',#3663,#790);
#627=LINE('',#3667,#791);
#628=LINE('',#3669,#792);
#629=LINE('',#3671,#793);
#630=LINE('',#3675,#794);
#631=LINE('',#3677,#795);
#632=LINE('',#3679,#796);
#633=LINE('',#3681,#797);
#634=LINE('',#3687,#798);
#635=LINE('',#3689,#799);
#636=LINE('',#3691,#800);
#637=LINE('',#3693,#801);
#638=LINE('',#3697,#802);
#639=LINE('',#3701,#803);
#640=LINE('',#3722,#804);
#641=LINE('',#3728,#805);
#642=LINE('',#3736,#806);
#643=LINE('',#3740,#807);
#644=LINE('',#3743,#808);
#645=LINE('',#3751,#809);
#646=LINE('',#3757,#810);
#647=LINE('',#3762,#811);
#648=LINE('',#3763,#812);
#649=LINE('',#3766,#813);
#650=LINE('',#3772,#814);
#651=LINE('',#3776,#815);
#652=LINE('',#3780,#816);
#653=LINE('',#3781,#817);
#654=LINE('',#3784,#818);
#655=LINE('',#3788,#819);
#656=LINE('',#3794,#820);
#657=LINE('',#3798,#821);
#658=LINE('',#3799,#822);
#659=LINE('',#3804,#823);
#660=LINE('',#3807,#824);
#661=LINE('',#3812,#825);
#662=LINE('',#3813,#826);
#663=LINE('',#3816,#827);
#664=LINE('',#3819,#828);
#665=LINE('',#3822,#829);
#666=LINE('',#3823,#830);
#667=LINE('',#3829,#831);
#668=LINE('',#3832,#832);
#669=LINE('',#3836,#833);
#670=LINE('',#3841,#834);
#671=LINE('',#3843,#835);
#672=LINE('',#3845,#836);
#673=LINE('',#3847,#837);
#674=LINE('',#3848,#838);
#675=LINE('',#3869,#839);
#676=LINE('',#3904,#840);
#677=LINE('',#3905,#841);
#678=LINE('',#3915,#842);
#679=LINE('',#3916,#843);
#680=LINE('',#3928,#844);
#681=LINE('',#3934,#845);
#682=LINE('',#3954,#846);
#683=LINE('',#3959,#847);
#684=LINE('',#3963,#848);
#685=LINE('',#3967,#849);
#686=LINE('',#3968,#850);
#687=LINE('',#3974,#851);
#688=LINE('',#3977,#852);
#689=LINE('',#3981,#853);
#690=LINE('',#3987,#854);
#691=LINE('',#3989,#855);
#692=LINE('',#3990,#856);
#693=LINE('',#3995,#857);
#694=LINE('',#4001,#858);
#695=LINE('',#4020,#859);
#696=LINE('',#4024,#860);
#697=LINE('',#4026,#861);
#698=LINE('',#4032,#862);
#699=LINE('',#4034,#863);
#700=LINE('',#4036,#864);
#701=LINE('',#4040,#865);
#702=LINE('',#4043,#866);
#703=LINE('',#4054,#867);
#704=LINE('',#4056,#868);
#705=LINE('',#4082,#869);
#706=LINE('',#4097,#870);
#707=LINE('',#4119,#871);
#708=LINE('',#4126,#872);
#709=LINE('',#4129,#873);
#710=LINE('',#4132,#874);
#711=LINE('',#4133,#875);
#712=LINE('',#4136,#876);
#713=LINE('',#4140,#877);
#714=LINE('',#4142,#878);
#715=LINE('',#4143,#879);
#716=LINE('',#4145,#880);
#717=LINE('',#4147,#881);
#718=LINE('',#4149,#882);
#719=LINE('',#4152,#883);
#720=LINE('',#4154,#884);
#721=LINE('',#4157,#885);
#722=LINE('',#4158,#886);
#723=LINE('',#4161,#887);
#724=LINE('',#4162,#888);
#725=LINE('',#4166,#889);
#726=LINE('',#4168,#890);
#727=LINE('',#4170,#891);
#728=LINE('',#4173,#892);
#729=LINE('',#4176,#893);
#730=LINE('',#4193,#894);
#731=LINE('',#4206,#895);
#732=LINE('',#4208,#896);
#733=LINE('',#4220,#897);
#734=LINE('',#4224,#898);
#735=LINE('',#4227,#899);
#736=LINE('',#4236,#900);
#737=LINE('',#4240,#901);
#738=LINE('',#4265,#902);
#739=LINE('',#4268,#903);
#740=LINE('',#4269,#904);
#741=LINE('',#4271,#905);
#742=LINE('',#4275,#906);
#743=LINE('',#4278,#907);
#744=LINE('',#4283,#908);
#745=LINE('',#4287,#909);
#746=LINE('',#4292,#910);
#747=LINE('',#4297,#911);
#748=LINE('',#4305,#912);
#749=LINE('',#4310,#913);
#750=LINE('',#4315,#914);
#751=LINE('',#4357,#915);
#752=LINE('',#4800,#916);
#753=LINE('',#4924,#917);
#754=VECTOR('',#2701,6.2);
#755=VECTOR('',#2702,6.2);
#756=VECTOR('',#2713,10.);
#757=VECTOR('',#2714,10.);
#758=VECTOR('',#2717,10.);
#759=VECTOR('',#2764,10.);
#760=VECTOR('',#2765,10.);
#761=VECTOR('',#2768,10.);
#762=VECTOR('',#2769,10.);
#763=VECTOR('',#2772,10.);
#764=VECTOR('',#2779,10.);
#765=VECTOR('',#2782,10.);
#766=VECTOR('',#2795,10.);
#767=VECTOR('',#2796,10.);
#768=VECTOR('',#2801,10.);
#769=VECTOR('',#2802,10.);
#770=VECTOR('',#2803,10.);
#771=VECTOR('',#2806,10.);
#772=VECTOR('',#2817,10.);
#773=VECTOR('',#2820,10.);
#774=VECTOR('',#2823,10.);
#775=VECTOR('',#2826,10.);
#776=VECTOR('',#2827,10.);
#777=VECTOR('',#2828,10.);
#778=VECTOR('',#2829,10.);
#779=VECTOR('',#2834,10.);
#780=VECTOR('',#2835,10.);
#781=VECTOR('',#2836,10.);
#782=VECTOR('',#2837,10.);
#783=VECTOR('',#2838,10.);
#784=VECTOR('',#2839,10.);
#785=VECTOR('',#2844,10.);
#786=VECTOR('',#2845,10.);
#787=VECTOR('',#2846,10.);
#788=VECTOR('',#2849,10.);
#789=VECTOR('',#2854,10.);
#790=VECTOR('',#2857,10.);
#791=VECTOR('',#2860,10.);
#792=VECTOR('',#2861,10.);
#793=VECTOR('',#2862,10.);
#794=VECTOR('',#2865,10.);
#795=VECTOR('',#2866,10.);
#796=VECTOR('',#2867,10.);
#797=VECTOR('',#2868,10.);
#798=VECTOR('',#2873,10.);
#799=VECTOR('',#2874,10.);
#800=VECTOR('',#2875,10.);
#801=VECTOR('',#2876,10.);
#802=VECTOR('',#2879,10.);
#803=VECTOR('',#2882,10.);
#804=VECTOR('',#2909,10.);
#805=VECTOR('',#2918,10.);
#806=VECTOR('',#2929,10.);
#807=VECTOR('',#2934,10.);
#808=VECTOR('',#2937,10.);
#809=VECTOR('',#2948,10.);
#810=VECTOR('',#2957,10.);
#811=VECTOR('',#2964,10.);
#812=VECTOR('',#2965,10.);
#813=VECTOR('',#2968,10.);
#814=VECTOR('',#2977,10.);
#815=VECTOR('',#2982,10.);
#816=VECTOR('',#2987,10.);
#817=VECTOR('',#2988,10.);
#818=VECTOR('',#2991,10.);
#819=VECTOR('',#2996,10.);
#820=VECTOR('',#3003,10.);
#821=VECTOR('',#3008,10.);
#822=VECTOR('',#3009,10.);
#823=VECTOR('',#3016,10.);
#824=VECTOR('',#3019,10.);
#825=VECTOR('',#3024,10.);
#826=VECTOR('',#3025,10.);
#827=VECTOR('',#3028,10.);
#828=VECTOR('',#3031,10.);
#829=VECTOR('',#3034,10.);
#830=VECTOR('',#3035,10.);
#831=VECTOR('',#3040,10.);
#832=VECTOR('',#3043,10.);
#833=VECTOR('',#3048,10.);
#834=VECTOR('',#3057,10.);
#835=VECTOR('',#3058,10.);
#836=VECTOR('',#3059,10.);
#837=VECTOR('',#3060,10.);
#838=VECTOR('',#3061,10.);
#839=VECTOR('',#3070,10.);
#840=VECTOR('',#3081,10.);
#841=VECTOR('',#3082,10.);
#842=VECTOR('',#3085,10.);
#843=VECTOR('',#3086,10.);
#844=VECTOR('',#3091,10.);
#845=VECTOR('',#3098,10.);
#846=VECTOR('',#3099,10.);
#847=VECTOR('',#3106,0.8115);
#848=VECTOR('',#3111,10.);
#849=VECTOR('',#3116,10.);
#850=VECTOR('',#3117,10.);
#851=VECTOR('',#3122,10.);
#852=VECTOR('',#3125,10.);
#853=VECTOR('',#3130,10.);
#854=VECTOR('',#3139,10.);
#855=VECTOR('',#3140,10.);
#856=VECTOR('',#3141,10.);
#857=VECTOR('',#3148,10.);
#858=VECTOR('',#3155,10.);
#859=VECTOR('',#3162,10.);
#860=VECTOR('',#3167,10.);
#861=VECTOR('',#3168,10.);
#862=VECTOR('',#3173,10.);
#863=VECTOR('',#3174,10.);
#864=VECTOR('',#3175,10.);
#865=VECTOR('',#3180,10.);
#866=VECTOR('',#3185,10.);
#867=VECTOR('',#3194,10.);
#868=VECTOR('',#3195,10.);
#869=VECTOR('',#3200,10.);
#870=VECTOR('',#3207,10.);
#871=VECTOR('',#3208,10.);
#872=VECTOR('',#3217,10.);
#873=VECTOR('',#3222,10.);
#874=VECTOR('',#3225,10.);
#875=VECTOR('',#3226,10.);
#876=VECTOR('',#3229,10.);
#877=VECTOR('',#3234,10.);
#878=VECTOR('',#3235,10.);
#879=VECTOR('',#3236,10.);
#880=VECTOR('',#3239,10.);
#881=VECTOR('',#3242,10.);
#882=VECTOR('',#3245,10.);
#883=VECTOR('',#3250,10.);
#884=VECTOR('',#3253,10.);
#885=VECTOR('',#3256,10.);
#886=VECTOR('',#3257,10.);
#887=VECTOR('',#3260,10.);
#888=VECTOR('',#3261,10.);
#889=VECTOR('',#3266,10.);
#890=VECTOR('',#3267,5.);
#891=VECTOR('',#3270,10.);
#892=VECTOR('',#3273,10.);
#893=VECTOR('',#3278,10.);
#894=VECTOR('',#3285,10.);
#895=VECTOR('',#3290,10.);
#896=VECTOR('',#3293,10.);
#897=VECTOR('',#3296,5.);
#898=VECTOR('',#3301,6.2);
#899=VECTOR('',#3304,5.);
#900=VECTOR('',#3309,10.);
#901=VECTOR('',#3314,10.);
#902=VECTOR('',#3321,10.);
#903=VECTOR('',#3324,10.);
#904=VECTOR('',#3325,10.);
#905=VECTOR('',#3328,6.2);
#906=VECTOR('',#3335,10.);
#907=VECTOR('',#3338,0.8115);
#908=VECTOR('',#3345,0.8115);
#909=VECTOR('',#3350,0.8);
#910=VECTOR('',#3357,0.8);
#911=VECTOR('',#3364,0.8115);
#912=VECTOR('',#3377,0.8115);
#913=VECTOR('',#3384,0.8115);
#914=VECTOR('',#3391,0.8115);
#915=VECTOR('',#3408,10.);
#916=VECTOR('',#3425,10.);
#917=VECTOR('',#3434,10.);
#918=VERTEX_POINT('',#3447);
#919=VERTEX_POINT('',#3448);
#920=VERTEX_POINT('',#3450);
#921=VERTEX_POINT('',#3452);
#922=VERTEX_POINT('',#3455);
#923=VERTEX_POINT('',#3457);
#924=VERTEX_POINT('',#3459);
#925=VERTEX_POINT('',#3461);
#926=VERTEX_POINT('',#3480);
#927=VERTEX_POINT('',#3482);
#928=VERTEX_POINT('',#3484);
#929=VERTEX_POINT('',#3488);
#930=VERTEX_POINT('',#3492);
#931=VERTEX_POINT('',#3493);
#932=VERTEX_POINT('',#3495);
#933=VERTEX_POINT('',#3497);
#934=VERTEX_POINT('',#3501);
#935=VERTEX_POINT('',#3522);
#936=VERTEX_POINT('',#3524);
#937=VERTEX_POINT('',#3528);
#938=VERTEX_POINT('',#3532);
#939=VERTEX_POINT('',#3538);
#940=VERTEX_POINT('',#3540);
#941=VERTEX_POINT('',#3546);
#942=VERTEX_POINT('',#3551);
#943=VERTEX_POINT('',#3553);
#944=VERTEX_POINT('',#3555);
#945=VERTEX_POINT('',#3557);
#946=VERTEX_POINT('',#3562);
#947=VERTEX_POINT('',#3570);
#948=VERTEX_POINT('',#3574);
#949=VERTEX_POINT('',#3575);
#950=VERTEX_POINT('',#3577);
#951=VERTEX_POINT('',#3579);
#952=VERTEX_POINT('',#3583);
#953=VERTEX_POINT('',#3584);
#954=VERTEX_POINT('',#3589);
#955=VERTEX_POINT('',#3590);
#956=VERTEX_POINT('',#3595);
#957=VERTEX_POINT('',#3597);
#958=VERTEX_POINT('',#3599);
#959=VERTEX_POINT('',#3601);
#960=VERTEX_POINT('',#3610);
#961=VERTEX_POINT('',#3612);
#962=VERTEX_POINT('',#3616);
#963=VERTEX_POINT('',#3618);
#964=VERTEX_POINT('',#3620);
#965=VERTEX_POINT('',#3622);
#966=VERTEX_POINT('',#3624);
#967=VERTEX_POINT('',#3626);
#968=VERTEX_POINT('',#3628);
#969=VERTEX_POINT('',#3631);
#970=VERTEX_POINT('',#3633);
#971=VERTEX_POINT('',#3635);
#972=VERTEX_POINT('',#3637);
#973=VERTEX_POINT('',#3639);
#974=VERTEX_POINT('',#3641);
#975=VERTEX_POINT('',#3643);
#976=VERTEX_POINT('',#3646);
#977=VERTEX_POINT('',#3648);
#978=VERTEX_POINT('',#3650);
#979=VERTEX_POINT('',#3652);
#980=VERTEX_POINT('',#3655);
#981=VERTEX_POINT('',#3658);
#982=VERTEX_POINT('',#3660);
#983=VERTEX_POINT('',#3662);
#984=VERTEX_POINT('',#3664);
#985=VERTEX_POINT('',#3666);
#986=VERTEX_POINT('',#3668);
#987=VERTEX_POINT('',#3670);
#988=VERTEX_POINT('',#3672);
#989=VERTEX_POINT('',#3674);
#990=VERTEX_POINT('',#3676);
#991=VERTEX_POINT('',#3678);
#992=VERTEX_POINT('',#3680);
#993=VERTEX_POINT('',#3682);
#994=VERTEX_POINT('',#3684);
#995=VERTEX_POINT('',#3686);
#996=VERTEX_POINT('',#3688);
#997=VERTEX_POINT('',#3690);
#998=VERTEX_POINT('',#3692);
#999=VERTEX_POINT('',#3694);
#1000=VERTEX_POINT('',#3696);
#1001=VERTEX_POINT('',#3698);
#1002=VERTEX_POINT('',#3700);
#1003=VERTEX_POINT('',#3703);
#1004=VERTEX_POINT('',#3705);
#1005=VERTEX_POINT('',#3707);
#1006=VERTEX_POINT('',#3709);
#1007=VERTEX_POINT('',#3711);
#1008=VERTEX_POINT('',#3714);
#1009=VERTEX_POINT('',#3717);
#1010=VERTEX_POINT('',#3726);
#1011=VERTEX_POINT('',#3730);
#1012=VERTEX_POINT('',#3734);
#1013=VERTEX_POINT('',#3738);
#1014=VERTEX_POINT('',#3741);
#1015=VERTEX_POINT('',#3747);
#1016=VERTEX_POINT('',#3749);
#1017=VERTEX_POINT('',#3753);
#1018=VERTEX_POINT('',#3761);
#1019=VERTEX_POINT('',#3765);
#1020=VERTEX_POINT('',#3771);
#1021=VERTEX_POINT('',#3775);
#1022=VERTEX_POINT('',#3779);
#1023=VERTEX_POINT('',#3783);
#1024=VERTEX_POINT('',#3787);
#1025=VERTEX_POINT('',#3790);
#1026=VERTEX_POINT('',#3793);
#1027=VERTEX_POINT('',#3797);
#1028=VERTEX_POINT('',#3803);
#1029=VERTEX_POINT('',#3805);
#1030=VERTEX_POINT('',#3809);
#1031=VERTEX_POINT('',#3811);
#1032=VERTEX_POINT('',#3815);
#1033=VERTEX_POINT('',#3817);
#1034=VERTEX_POINT('',#3821);
#1035=VERTEX_POINT('',#3825);
#1036=VERTEX_POINT('',#3826);
#1037=VERTEX_POINT('',#3828);
#1038=VERTEX_POINT('',#3830);
#1039=VERTEX_POINT('',#3835);
#1040=VERTEX_POINT('',#3842);
#1041=VERTEX_POINT('',#3844);
#1042=VERTEX_POINT('',#3846);
#1043=VERTEX_POINT('',#3852);
#1044=VERTEX_POINT('',#3854);
#1045=VERTEX_POINT('',#3895);
#1046=VERTEX_POINT('',#3896);
#1047=VERTEX_POINT('',#3901);
#1048=VERTEX_POINT('',#3902);
#1049=VERTEX_POINT('',#3907);
#1050=VERTEX_POINT('',#3914);
#1051=VERTEX_POINT('',#3925);
#1052=VERTEX_POINT('',#3927);
#1053=VERTEX_POINT('',#3931);
#1054=VERTEX_POINT('',#3933);
#1055=VERTEX_POINT('',#3935);
#1056=VERTEX_POINT('',#3958);
#1057=VERTEX_POINT('',#3962);
#1058=VERTEX_POINT('',#3966);
#1059=VERTEX_POINT('',#3970);
#1060=VERTEX_POINT('',#3971);
#1061=VERTEX_POINT('',#3973);
#1062=VERTEX_POINT('',#3975);
#1063=VERTEX_POINT('',#3980);
#1064=VERTEX_POINT('',#3986);
#1065=VERTEX_POINT('',#3988);
#1066=VERTEX_POINT('',#3994);
#1067=VERTEX_POINT('',#3998);
#1068=VERTEX_POINT('',#4000);
#1069=VERTEX_POINT('',#4004);
#1070=VERTEX_POINT('',#4023);
#1071=VERTEX_POINT('',#4025);
#1072=VERTEX_POINT('',#4027);
#1073=VERTEX_POINT('',#4029);
#1074=VERTEX_POINT('',#4031);
#1075=VERTEX_POINT('',#4033);
#1076=VERTEX_POINT('',#4035);
#1077=VERTEX_POINT('',#4039);
#1078=VERTEX_POINT('',#4048);
#1079=VERTEX_POINT('',#4053);
#1080=VERTEX_POINT('',#4055);
#1081=VERTEX_POINT('',#4057);
#1082=VERTEX_POINT('',#4079);
#1083=VERTEX_POINT('',#4081);
#1084=VERTEX_POINT('',#4096);
#1085=VERTEX_POINT('',#4098);
#1086=VERTEX_POINT('',#4121);
#1087=VERTEX_POINT('',#4125);
#1088=VERTEX_POINT('',#4131);
#1089=VERTEX_POINT('',#4135);
#1090=VERTEX_POINT('',#4139);
#1091=VERTEX_POINT('',#4141);
#1092=VERTEX_POINT('',#4156);
#1093=VERTEX_POINT('',#4160);
#1094=VERTEX_POINT('',#4164);
#1095=VERTEX_POINT('',#4167);
#1096=VERTEX_POINT('',#4172);
#1097=VERTEX_POINT('',#4180);
#1098=VERTEX_POINT('',#4181);
#1099=VERTEX_POINT('',#4192);
#1100=VERTEX_POINT('',#4195);
#1101=VERTEX_POINT('',#4197);
#1102=VERTEX_POINT('',#4210);
#1103=VERTEX_POINT('',#4219);
#1104=VERTEX_POINT('',#4223);
#1105=VERTEX_POINT('',#4226);
#1106=VERTEX_POINT('',#4229);
#1107=VERTEX_POINT('',#4235);
#1108=VERTEX_POINT('',#4239);
#1109=VERTEX_POINT('',#4252);
#1110=VERTEX_POINT('',#4267);
#1111=VERTEX_POINT('',#4277);
#1112=VERTEX_POINT('',#4282);
#1113=VERTEX_POINT('',#4286);
#1114=VERTEX_POINT('',#4291);
#1115=VERTEX_POINT('',#4296);
#1116=VERTEX_POINT('',#4304);
#1117=VERTEX_POINT('',#4309);
#1118=VERTEX_POINT('',#4314);
#1119=VERTEX_POINT('',#4319);
#1120=VERTEX_POINT('',#4347);
#1121=VERTEX_POINT('',#4349);
#1122=VERTEX_POINT('',#4383);
#1123=VERTEX_POINT('',#4397);
#1124=VERTEX_POINT('',#4480);
#1125=VERTEX_POINT('',#4610);
#1126=VERTEX_POINT('',#4638);
#1127=VERTEX_POINT('',#4670);
#1128=VERTEX_POINT('',#4798);
#1129=EDGE_CURVE('',#918,#919,#590,.T.);
#1130=EDGE_CURVE('',#920,#918,#591,.T.);
#1131=EDGE_CURVE('',#921,#920,#448,.T.);
#1132=EDGE_CURVE('',#920,#921,#449,.T.);
#1133=EDGE_CURVE('',#918,#922,#435,.T.);
#1134=EDGE_CURVE('',#922,#923,#436,.T.);
#1135=EDGE_CURVE('',#923,#924,#437,.T.);
#1136=EDGE_CURVE('',#925,#924,#403,.T.);
#1137=EDGE_CURVE('',#925,#926,#592,.T.);
#1138=EDGE_CURVE('',#926,#927,#593,.T.);
#1139=EDGE_CURVE('',#928,#927,#450,.T.);
#1140=EDGE_CURVE('',#919,#928,#594,.T.);
#1141=EDGE_CURVE('',#929,#929,#451,.T.);
#1142=EDGE_CURVE('',#929,#921,#452,.T.);
#1143=EDGE_CURVE('',#930,#931,#453,.T.);
#1144=EDGE_CURVE('',#932,#930,#454,.T.);
#1145=EDGE_CURVE('',#933,#932,#455,.T.);
#1146=EDGE_CURVE('',#931,#933,#456,.T.);
#1147=EDGE_CURVE('',#934,#919,#404,.T.);
#1148=EDGE_CURVE('',#934,#918,#438,.T.);
#1149=EDGE_CURVE('',#935,#930,#457,.T.);
#1150=EDGE_CURVE('',#931,#936,#458,.T.);
#1151=EDGE_CURVE('',#936,#935,#459,.T.);
#1152=EDGE_CURVE('',#933,#937,#460,.T.);
#1153=EDGE_CURVE('',#937,#936,#461,.T.);
#1154=EDGE_CURVE('',#932,#938,#462,.T.);
#1155=EDGE_CURVE('',#938,#937,#463,.T.);
#1156=EDGE_CURVE('',#935,#938,#464,.T.);
#1157=EDGE_CURVE('',#939,#935,#595,.T.);
#1158=EDGE_CURVE('',#940,#939,#405,.T.);
#1159=EDGE_CURVE('',#941,#940,#406,.T.);
#1160=EDGE_CURVE('',#941,#942,#596,.T.);
#1161=EDGE_CURVE('',#943,#942,#465,.T.);
#1162=EDGE_CURVE('',#943,#944,#597,.T.);
#1163=EDGE_CURVE('',#945,#944,#407,.T.);
#1164=EDGE_CURVE('',#946,#945,#408,.T.);
#1165=EDGE_CURVE('',#938,#946,#598,.T.);
#1166=EDGE_CURVE('',#936,#947,#599,.T.);
#1167=EDGE_CURVE('',#939,#947,#466,.T.);
#1168=EDGE_CURVE('',#948,#949,#467,.T.);
#1169=EDGE_CURVE('',#949,#950,#600,.T.);
#1170=EDGE_CURVE('',#950,#951,#468,.T.);
#1171=EDGE_CURVE('',#951,#948,#601,.T.);
#1172=EDGE_CURVE('',#952,#953,#469,.T.);
#1173=EDGE_CURVE('',#953,#951,#470,.T.);
#1174=EDGE_CURVE('',#950,#952,#471,.T.);
#1175=EDGE_CURVE('',#954,#955,#472,.T.);
#1176=EDGE_CURVE('',#955,#953,#602,.T.);
#1177=EDGE_CURVE('',#952,#954,#603,.T.);
#1178=EDGE_CURVE('',#949,#956,#473,.T.);
#1179=EDGE_CURVE('',#956,#957,#604,.T.);
#1180=EDGE_CURVE('',#957,#958,#605,.T.);
#1181=EDGE_CURVE('',#958,#959,#606,.T.);
#1182=EDGE_CURVE('',#959,#954,#474,.T.);
#1183=EDGE_CURVE('',#954,#949,#607,.T.);
#1184=EDGE_CURVE('',#959,#955,#475,.T.);
#1185=EDGE_CURVE('',#948,#956,#476,.T.);
#1186=EDGE_CURVE('',#959,#960,#608,.T.);
#1187=EDGE_CURVE('',#960,#961,#477,.T.);
#1188=EDGE_CURVE('',#961,#955,#609,.T.);
#1189=EDGE_CURVE('',#962,#956,#610,.T.);
#1190=EDGE_CURVE('',#963,#962,#478,.T.);
#1191=EDGE_CURVE('',#964,#963,#611,.T.);
#1192=EDGE_CURVE('',#965,#964,#612,.T.);
#1193=EDGE_CURVE('',#966,#965,#613,.T.);
#1194=EDGE_CURVE('',#967,#966,#614,.T.);
#1195=EDGE_CURVE('',#967,#968,#479,.T.);
#1196=EDGE_CURVE('',#968,#967,#480,.T.);
#1197=EDGE_CURVE('',#969,#967,#615,.T.);
#1198=EDGE_CURVE('',#970,#969,#616,.T.);
#1199=EDGE_CURVE('',#970,#971,#617,.T.);
#1200=EDGE_CURVE('',#972,#971,#618,.T.);
#1201=EDGE_CURVE('',#973,#972,#619,.T.);
#1202=EDGE_CURVE('',#974,#973,#620,.T.);
#1203=EDGE_CURVE('',#974,#975,#481,.T.);
#1204=EDGE_CURVE('',#975,#974,#482,.T.);
#1205=EDGE_CURVE('',#976,#974,#621,.T.);
#1206=EDGE_CURVE('',#977,#976,#622,.T.);
#1207=EDGE_CURVE('',#977,#978,#623,.T.);
#1208=EDGE_CURVE('',#979,#978,#483,.T.);
#1209=EDGE_CURVE('',#979,#957,#624,.T.);
#1210=EDGE_CURVE('',#980,#980,#484,.T.);
#1211=EDGE_CURVE('',#958,#981,#625,.T.);
#1212=EDGE_CURVE('',#982,#981,#485,.T.);
#1213=EDGE_CURVE('',#982,#983,#626,.T.);
#1214=EDGE_CURVE('',#984,#983,#486,.T.);
#1215=EDGE_CURVE('',#985,#984,#627,.T.);
#1216=EDGE_CURVE('',#986,#985,#628,.T.);
#1217=EDGE_CURVE('',#987,#986,#629,.T.);
#1218=EDGE_CURVE('',#988,#987,#487,.T.);
#1219=EDGE_CURVE('',#989,#988,#630,.T.);
#1220=EDGE_CURVE('',#990,#989,#631,.T.);
#1221=EDGE_CURVE('',#991,#990,#632,.T.);
#1222=EDGE_CURVE('',#992,#991,#633,.T.);
#1223=EDGE_CURVE('',#992,#993,#488,.T.);
#1224=EDGE_CURVE('',#993,#994,#489,.T.);
#1225=EDGE_CURVE('',#995,#994,#634,.T.);
#1226=EDGE_CURVE('',#996,#995,#635,.T.);
#1227=EDGE_CURVE('',#997,#996,#636,.T.);
#1228=EDGE_CURVE('',#998,#997,#637,.T.);
#1229=EDGE_CURVE('',#999,#998,#490,.T.);
#1230=EDGE_CURVE('',#1000,#999,#638,.T.);
#1231=EDGE_CURVE('',#1001,#1000,#491,.T.);
#1232=EDGE_CURVE('',#1002,#1001,#639,.T.);
#1233=EDGE_CURVE('',#960,#1002,#492,.T.);
#1234=EDGE_CURVE('',#1003,#1003,#493,.T.);
#1235=EDGE_CURVE('',#1004,#1004,#494,.T.);
#1236=EDGE_CURVE('',#1005,#1005,#495,.T.);
#1237=EDGE_CURVE('',#1006,#1006,#496,.T.);
#1238=EDGE_CURVE('',#1007,#1007,#497,.T.);
#1239=EDGE_CURVE('',#1008,#1008,#498,.T.);
#1240=EDGE_CURVE('',#1002,#1009,#499,.T.);
#1241=EDGE_CURVE('',#1009,#961,#500,.T.);
#1242=EDGE_CURVE('',#1001,#942,#501,.T.);
#1243=EDGE_CURVE('',#942,#1009,#640,.T.);
#1244=EDGE_CURVE('',#1000,#943,#502,.T.);
#1245=EDGE_CURVE('',#999,#1010,#503,.T.);
#1246=EDGE_CURVE('',#1010,#943,#641,.T.);
#1247=EDGE_CURVE('',#998,#1011,#504,.T.);
#1248=EDGE_CURVE('',#1011,#1010,#505,.T.);
#1249=EDGE_CURVE('',#997,#1012,#506,.T.);
#1250=EDGE_CURVE('',#1012,#1011,#642,.T.);
#1251=EDGE_CURVE('',#1013,#997,#507,.T.);
#1252=EDGE_CURVE('',#996,#965,#643,.T.);
#1253=EDGE_CURVE('',#964,#1014,#508,.T.);
#1254=EDGE_CURVE('',#1014,#1013,#644,.T.);
#1255=EDGE_CURVE('',#1013,#1012,#509,.T.);
#1256=EDGE_CURVE('',#1015,#964,#510,.T.);
#1257=EDGE_CURVE('',#963,#1016,#511,.T.);
#1258=EDGE_CURVE('',#1016,#1015,#645,.T.);
#1259=EDGE_CURVE('',#962,#1017,#512,.T.);
#1260=EDGE_CURVE('',#1017,#1016,#513,.T.);
#1261=EDGE_CURVE('',#948,#1017,#646,.T.);
#1262=EDGE_CURVE('',#1015,#1014,#514,.T.);
#1263=EDGE_CURVE('',#1018,#961,#647,.T.);
#1264=EDGE_CURVE('',#1018,#953,#648,.T.);
#1265=EDGE_CURVE('',#1009,#1019,#649,.T.);
#1266=EDGE_CURVE('',#1019,#1018,#515,.T.);
#1267=EDGE_CURVE('',#1019,#941,#516,.T.);
#1268=EDGE_CURVE('',#1020,#1010,#650,.T.);
#1269=EDGE_CURVE('',#944,#1020,#517,.T.);
#1270=EDGE_CURVE('',#1011,#1021,#651,.T.);
#1271=EDGE_CURVE('',#1021,#1020,#518,.T.);
#1272=EDGE_CURVE('',#1022,#1012,#652,.T.);
#1273=EDGE_CURVE('',#1021,#1022,#653,.T.);
#1274=EDGE_CURVE('',#1013,#1023,#654,.T.);
#1275=EDGE_CURVE('',#1022,#1023,#519,.T.);
#1276=EDGE_CURVE('',#1024,#1014,#655,.T.);
#1277=EDGE_CURVE('',#1023,#1024,#520,.T.);
#1278=EDGE_CURVE('',#1025,#1025,#521,.T.);
#1279=EDGE_CURVE('',#1015,#1026,#656,.T.);
#1280=EDGE_CURVE('',#1026,#1024,#522,.T.);
#1281=EDGE_CURVE('',#1027,#1016,#657,.T.);
#1282=EDGE_CURVE('',#1026,#1027,#658,.T.);
#1283=EDGE_CURVE('',#1026,#1022,#523,.T.);
#1284=EDGE_CURVE('',#978,#1028,#659,.T.);
#1285=EDGE_CURVE('',#1028,#1029,#524,.F.);
#1286=EDGE_CURVE('',#1029,#979,#660,.T.);
#1287=EDGE_CURVE('',#1030,#977,#525,.F.);
#1288=EDGE_CURVE('',#1030,#1031,#661,.T.);
#1289=EDGE_CURVE('',#1031,#1028,#662,.T.);
#1290=EDGE_CURVE('',#981,#1032,#663,.T.);
#1291=EDGE_CURVE('',#1033,#1032,#526,.T.);
#1292=EDGE_CURVE('',#1033,#982,#664,.T.);
#1293=EDGE_CURVE('',#958,#1034,#665,.T.);
#1294=EDGE_CURVE('',#1034,#1032,#666,.T.);
#1295=EDGE_CURVE('',#1035,#1036,#527,.T.);
#1296=EDGE_CURVE('',#1036,#1037,#667,.T.);
#1297=EDGE_CURVE('',#1037,#1038,#528,.F.);
#1298=EDGE_CURVE('',#1038,#1035,#668,.T.);
#1299=EDGE_CURVE('',#973,#1035,#529,.T.);
#1300=EDGE_CURVE('',#1035,#1039,#669,.T.);
#1301=EDGE_CURVE('',#1039,#976,#439,.F.);
#1302=EDGE_CURVE('',#973,#1036,#530,.T.);
#1303=EDGE_CURVE('',#1029,#1037,#670,.T.);
#1304=EDGE_CURVE('',#1040,#1036,#671,.T.);
#1305=EDGE_CURVE('',#1041,#1040,#672,.T.);
#1306=EDGE_CURVE('',#1042,#1041,#673,.F.);
#1307=EDGE_CURVE('',#957,#1042,#674,.T.);
#1308=EDGE_CURVE('',#1040,#972,#531,.T.);
#1309=EDGE_CURVE('',#1043,#985,#532,.T.);
#1310=EDGE_CURVE('',#984,#1044,#409,.F.);
#1311=EDGE_CURVE('',#1044,#1043,#675,.T.);
#1312=EDGE_CURVE('',#1045,#1046,#533,.T.);
#1313=EDGE_CURVE('',#1046,#985,#440,.T.);
#1314=EDGE_CURVE('',#1043,#1045,#534,.T.);
#1315=EDGE_CURVE('',#1047,#1048,#535,.F.);
#1316=EDGE_CURVE('',#1048,#1046,#676,.T.);
#1317=EDGE_CURVE('',#1045,#1047,#677,.T.);
#1318=EDGE_CURVE('',#1049,#1044,#410,.F.);
#1319=EDGE_CURVE('',#1049,#1050,#678,.T.);
#1320=EDGE_CURVE('',#1050,#1047,#679,.T.);
#1321=EDGE_CURVE('',#994,#992,#411,.T.);
#1322=EDGE_CURVE('',#991,#1051,#441,.F.);
#1323=EDGE_CURVE('',#1051,#1052,#680,.T.);
#1324=EDGE_CURVE('',#1052,#995,#536,.T.);
#1325=EDGE_CURVE('',#1053,#1052,#537,.T.);
#1326=EDGE_CURVE('',#1052,#1054,#681,.T.);
#1327=EDGE_CURVE('',#1054,#1055,#412,.F.);
#1328=EDGE_CURVE('',#1055,#1053,#682,.T.);
#1329=EDGE_CURVE('',#1053,#995,#538,.T.);
#1330=EDGE_CURVE('',#993,#1056,#683,.T.);
#1331=EDGE_CURVE('',#1056,#1056,#539,.T.);
#1332=EDGE_CURVE('',#1053,#1057,#684,.T.);
#1333=EDGE_CURVE('',#1057,#996,#540,.F.);
#1334=EDGE_CURVE('',#1055,#1058,#685,.T.);
#1335=EDGE_CURVE('',#1057,#1058,#686,.T.);
#1336=EDGE_CURVE('',#1059,#1060,#541,.T.);
#1337=EDGE_CURVE('',#1060,#1061,#687,.T.);
#1338=EDGE_CURVE('',#1061,#1062,#542,.F.);
#1339=EDGE_CURVE('',#1062,#1059,#688,.T.);
#1340=EDGE_CURVE('',#966,#1059,#543,.T.);
#1341=EDGE_CURVE('',#1059,#1063,#689,.T.);
#1342=EDGE_CURVE('',#1063,#969,#442,.F.);
#1343=EDGE_CURVE('',#966,#1060,#544,.T.);
#1344=EDGE_CURVE('',#1064,#1060,#690,.T.);
#1345=EDGE_CURVE('',#1064,#1065,#691,.T.);
#1346=EDGE_CURVE('',#1065,#1061,#692,.T.);
#1347=EDGE_CURVE('',#965,#1064,#545,.F.);
#1348=EDGE_CURVE('',#1051,#1066,#693,.T.);
#1349=EDGE_CURVE('',#1054,#1066,#546,.F.);
#1350=EDGE_CURVE('',#971,#1067,#547,.T.);
#1351=EDGE_CURVE('',#1067,#1068,#694,.T.);
#1352=EDGE_CURVE('',#1068,#972,#548,.T.);
#1353=EDGE_CURVE('',#1069,#1041,#413,.F.);
#1354=EDGE_CURVE('',#1040,#1068,#549,.T.);
#1355=EDGE_CURVE('',#1068,#1069,#695,.T.);
#1356=EDGE_CURVE('',#1067,#1070,#696,.T.);
#1357=EDGE_CURVE('',#1070,#1071,#697,.T.);
#1358=EDGE_CURVE('',#1072,#1071,#550,.F.);
#1359=EDGE_CURVE('',#1072,#1073,#551,.T.);
#1360=EDGE_CURVE('',#1073,#1074,#698,.F.);
#1361=EDGE_CURVE('',#1075,#1074,#699,.T.);
#1362=EDGE_CURVE('',#1076,#1075,#700,.T.);
#1363=EDGE_CURVE('',#1069,#1076,#552,.T.);
#1364=EDGE_CURVE('',#1046,#1077,#701,.T.);
#1365=EDGE_CURVE('',#1077,#986,#553,.T.);
#1366=EDGE_CURVE('',#1077,#928,#702,.T.);
#1367=EDGE_CURVE('',#928,#987,#554,.T.);
#1368=EDGE_CURVE('',#927,#988,#555,.T.);
#1369=EDGE_CURVE('',#1078,#989,#414,.T.);
#1370=EDGE_CURVE('',#927,#1079,#703,.T.);
#1371=EDGE_CURVE('',#1079,#1080,#704,.T.);
#1372=EDGE_CURVE('',#1080,#1081,#415,.T.);
#1373=EDGE_CURVE('',#1081,#1078,#416,.T.);
#1374=EDGE_CURVE('',#1082,#1078,#556,.T.);
#1375=EDGE_CURVE('',#1082,#1083,#705,.T.);
#1376=EDGE_CURVE('',#1083,#990,#417,.F.);
#1377=EDGE_CURVE('',#1082,#1081,#557,.T.);
#1378=EDGE_CURVE('',#1080,#1084,#706,.F.);
#1379=EDGE_CURVE('',#1085,#1084,#418,.F.);
#1380=EDGE_CURVE('',#1082,#1085,#707,.F.);
#1381=EDGE_CURVE('',#983,#1086,#558,.F.);
#1382=EDGE_CURVE('',#1086,#1049,#559,.T.);
#1383=EDGE_CURVE('',#1086,#1087,#708,.T.);
#1384=EDGE_CURVE('',#1087,#1050,#560,.T.);
#1385=EDGE_CURVE('',#1039,#1030,#709,.T.);
#1386=EDGE_CURVE('',#1039,#1088,#710,.T.);
#1387=EDGE_CURVE('',#1088,#1031,#711,.T.);
#1388=EDGE_CURVE('',#1063,#1089,#712,.T.);
#1389=EDGE_CURVE('',#1089,#970,#561,.F.);
#1390=EDGE_CURVE('',#1063,#1090,#713,.T.);
#1391=EDGE_CURVE('',#1090,#1091,#714,.T.);
#1392=EDGE_CURVE('',#1089,#1091,#715,.T.);
#1393=EDGE_CURVE('',#1091,#1070,#716,.T.);
#1394=EDGE_CURVE('',#1062,#1090,#717,.T.);
#1395=EDGE_CURVE('',#1038,#1088,#718,.T.);
#1396=EDGE_CURVE('',#1033,#1087,#719,.T.);
#1397=EDGE_CURVE('',#1032,#1048,#720,.T.);
#1398=EDGE_CURVE('',#1092,#926,#721,.T.);
#1399=EDGE_CURVE('',#1079,#1092,#722,.T.);
#1400=EDGE_CURVE('',#1077,#1093,#723,.T.);
#1401=EDGE_CURVE('',#919,#1093,#724,.T.);
#1402=EDGE_CURVE('',#1085,#1094,#562,.T.);
#1403=EDGE_CURVE('',#1084,#925,#725,.F.);
#1404=EDGE_CURVE('',#924,#1095,#726,.T.);
#1405=EDGE_CURVE('',#1095,#1058,#563,.F.);
#1406=EDGE_CURVE('',#1094,#1066,#727,.T.);
#1407=EDGE_CURVE('',#1096,#1094,#728,.T.);
#1408=EDGE_CURVE('',#1083,#1096,#564,.F.);
#1409=EDGE_CURVE('',#1096,#1051,#729,.T.);
#1410=EDGE_CURVE('',#1097,#1098,#419,.T.);
#1411=EDGE_CURVE('',#1098,#1099,#730,.T.);
#1412=EDGE_CURVE('',#1099,#1042,#565,.F.);
#1413=EDGE_CURVE('',#1076,#1100,#566,.T.);
#1414=EDGE_CURVE('',#1100,#1101,#420,.T.);
#1415=EDGE_CURVE('',#1101,#1097,#731,.T.);
#1416=EDGE_CURVE('',#1100,#1074,#732,.T.);
#1417=EDGE_CURVE('',#1098,#1102,#421,.T.);
#1418=EDGE_CURVE('',#1102,#1103,#733,.T.);
#1419=EDGE_CURVE('',#1103,#1099,#567,.F.);
#1420=EDGE_CURVE('',#1008,#1104,#734,.T.);
#1421=EDGE_CURVE('',#1104,#922,#443,.T.);
#1422=EDGE_CURVE('',#1105,#934,#735,.T.);
#1423=EDGE_CURVE('',#1103,#1105,#568,.T.);
#1424=EDGE_CURVE('',#1102,#1106,#444,.T.);
#1425=EDGE_CURVE('',#1073,#1106,#422,.T.);
#1426=EDGE_CURVE('',#1107,#1072,#736,.T.);
#1427=EDGE_CURVE('',#1107,#1104,#445,.T.);
#1428=EDGE_CURVE('',#1108,#1097,#737,.T.);
#1429=EDGE_CURVE('',#1106,#1108,#423,.T.);
#1430=EDGE_CURVE('',#1108,#1101,#569,.T.);
#1431=EDGE_CURVE('',#1109,#1107,#424,.T.);
#1432=EDGE_CURVE('',#1071,#1109,#738,.T.);
#1433=EDGE_CURVE('',#1110,#1065,#739,.T.);
#1434=EDGE_CURVE('',#1110,#1109,#740,.T.);
#1435=EDGE_CURVE('',#1025,#923,#741,.T.);
#1436=EDGE_CURVE('',#1095,#1110,#570,.T.);
#1437=EDGE_CURVE('',#1105,#1034,#571,.T.);
#1438=EDGE_CURVE('',#1048,#1093,#742,.T.);
#1439=EDGE_CURVE('',#1006,#1111,#743,.T.);
#1440=EDGE_CURVE('',#1111,#1111,#572,.T.);
#1441=EDGE_CURVE('',#1007,#1112,#744,.T.);
#1442=EDGE_CURVE('',#1112,#1112,#573,.T.);
#1443=EDGE_CURVE('',#1003,#1113,#745,.T.);
#1444=EDGE_CURVE('',#1113,#1113,#574,.T.);
#1445=EDGE_CURVE('',#1004,#1114,#746,.T.);
#1446=EDGE_CURVE('',#1114,#1114,#575,.T.);
#1447=EDGE_CURVE('',#975,#1115,#747,.T.);
#1448=EDGE_CURVE('',#1115,#1115,#576,.T.);
#1449=EDGE_CURVE('',#1005,#1116,#748,.T.);
#1450=EDGE_CURVE('',#1116,#1116,#577,.T.);
#1451=EDGE_CURVE('',#968,#1117,#749,.T.);
#1452=EDGE_CURVE('',#1117,#1117,#578,.T.);
#1453=EDGE_CURVE('',#980,#1118,#750,.T.);
#1454=EDGE_CURVE('',#1118,#1118,#579,.T.);
#1455=EDGE_CURVE('',#1119,#944,#580,.T.);
#1456=EDGE_CURVE('',#1021,#1119,#581,.T.);
#1457=EDGE_CURVE('',#945,#1120,#582,.T.);
#1458=EDGE_CURVE('',#1120,#1121,#425,.T.);
#1459=EDGE_CURVE('',#1121,#946,#583,.T.);
#1460=EDGE_CURVE('',#1121,#937,#751,.T.);
#1461=EDGE_CURVE('',#1119,#1120,#426,.T.);
#1462=EDGE_CURVE('',#1122,#1121,#427,.T.);
#1463=EDGE_CURVE('',#1123,#1122,#428,.T.);
#1464=EDGE_CURVE('',#947,#1123,#429,.T.);
#1465=EDGE_CURVE('',#1120,#1124,#430,.T.);
#1466=EDGE_CURVE('',#1122,#1124,#584,.T.);
#1467=EDGE_CURVE('',#941,#1125,#585,.T.);
#1468=EDGE_CURVE('',#1125,#1018,#586,.T.);
#1469=EDGE_CURVE('',#1126,#940,#587,.T.);
#1470=EDGE_CURVE('',#947,#1126,#431,.T.);
#1471=EDGE_CURVE('',#1126,#1125,#432,.T.);
#1472=EDGE_CURVE('',#1127,#1126,#433,.T.);
#1473=EDGE_CURVE('',#1128,#1127,#446,.T.);
#1474=EDGE_CURVE('',#951,#1128,#752,.T.);
#1475=EDGE_CURVE('',#1123,#1127,#588,.T.);
#1476=EDGE_CURVE('',#1124,#1127,#434,.T.);
#1477=EDGE_CURVE('',#1124,#1027,#447,.T.);
#1478=EDGE_CURVE('',#1027,#1128,#589,.T.);
#1479=EDGE_CURVE('',#1017,#1128,#753,.T.);
#1480=ORIENTED_EDGE('',*,*,#1129,.F.);
#1481=ORIENTED_EDGE('',*,*,#1130,.F.);
#1482=ORIENTED_EDGE('',*,*,#1131,.F.);
#1483=ORIENTED_EDGE('',*,*,#1132,.F.);
#1484=ORIENTED_EDGE('',*,*,#1130,.T.);
#1485=ORIENTED_EDGE('',*,*,#1133,.T.);
#1486=ORIENTED_EDGE('',*,*,#1134,.T.);
#1487=ORIENTED_EDGE('',*,*,#1135,.T.);
#1488=ORIENTED_EDGE('',*,*,#1136,.F.);
#1489=ORIENTED_EDGE('',*,*,#1137,.T.);
#1490=ORIENTED_EDGE('',*,*,#1138,.T.);
#1491=ORIENTED_EDGE('',*,*,#1139,.F.);
#1492=ORIENTED_EDGE('',*,*,#1140,.F.);
#1493=ORIENTED_EDGE('',*,*,#1141,.T.);
#1494=ORIENTED_EDGE('',*,*,#1142,.T.);
#1495=ORIENTED_EDGE('',*,*,#1131,.T.);
#1496=ORIENTED_EDGE('',*,*,#1132,.T.);
#1497=ORIENTED_EDGE('',*,*,#1142,.F.);
#1498=ORIENTED_EDGE('',*,*,#1143,.F.);
#1499=ORIENTED_EDGE('',*,*,#1144,.F.);
#1500=ORIENTED_EDGE('',*,*,#1145,.F.);
#1501=ORIENTED_EDGE('',*,*,#1146,.F.);
#1502=ORIENTED_EDGE('',*,*,#1141,.F.);
#1503=ORIENTED_EDGE('',*,*,#1129,.T.);
#1504=ORIENTED_EDGE('',*,*,#1147,.F.);
#1505=ORIENTED_EDGE('',*,*,#1148,.T.);
#1506=ORIENTED_EDGE('',*,*,#1149,.T.);
#1507=ORIENTED_EDGE('',*,*,#1143,.T.);
#1508=ORIENTED_EDGE('',*,*,#1150,.T.);
#1509=ORIENTED_EDGE('',*,*,#1151,.T.);
#1510=ORIENTED_EDGE('',*,*,#1152,.T.);
#1511=ORIENTED_EDGE('',*,*,#1153,.T.);
#1512=ORIENTED_EDGE('',*,*,#1150,.F.);
#1513=ORIENTED_EDGE('',*,*,#1146,.T.);
#1514=ORIENTED_EDGE('',*,*,#1154,.T.);
#1515=ORIENTED_EDGE('',*,*,#1155,.T.);
#1516=ORIENTED_EDGE('',*,*,#1152,.F.);
#1517=ORIENTED_EDGE('',*,*,#1145,.T.);
#1518=ORIENTED_EDGE('',*,*,#1154,.F.);
#1519=ORIENTED_EDGE('',*,*,#1144,.T.);
#1520=ORIENTED_EDGE('',*,*,#1149,.F.);
#1521=ORIENTED_EDGE('',*,*,#1156,.T.);
#1522=ORIENTED_EDGE('',*,*,#1156,.F.);
#1523=ORIENTED_EDGE('',*,*,#1157,.F.);
#1524=ORIENTED_EDGE('',*,*,#1158,.F.);
#1525=ORIENTED_EDGE('',*,*,#1159,.F.);
#1526=ORIENTED_EDGE('',*,*,#1160,.T.);
#1527=ORIENTED_EDGE('',*,*,#1161,.F.);
#1528=ORIENTED_EDGE('',*,*,#1162,.T.);
#1529=ORIENTED_EDGE('',*,*,#1163,.F.);
#1530=ORIENTED_EDGE('',*,*,#1164,.F.);
#1531=ORIENTED_EDGE('',*,*,#1165,.F.);
#1532=ORIENTED_EDGE('',*,*,#1151,.F.);
#1533=ORIENTED_EDGE('',*,*,#1166,.T.);
#1534=ORIENTED_EDGE('',*,*,#1167,.F.);
#1535=ORIENTED_EDGE('',*,*,#1157,.T.);
#1536=ORIENTED_EDGE('',*,*,#1168,.T.);
#1537=ORIENTED_EDGE('',*,*,#1169,.T.);
#1538=ORIENTED_EDGE('',*,*,#1170,.T.);
#1539=ORIENTED_EDGE('',*,*,#1171,.T.);
#1540=ORIENTED_EDGE('',*,*,#1172,.T.);
#1541=ORIENTED_EDGE('',*,*,#1173,.T.);
#1542=ORIENTED_EDGE('',*,*,#1170,.F.);
#1543=ORIENTED_EDGE('',*,*,#1174,.T.);
#1544=ORIENTED_EDGE('',*,*,#1175,.T.);
#1545=ORIENTED_EDGE('',*,*,#1176,.T.);
#1546=ORIENTED_EDGE('',*,*,#1172,.F.);
#1547=ORIENTED_EDGE('',*,*,#1177,.T.);
#1548=ORIENTED_EDGE('',*,*,#1178,.T.);
#1549=ORIENTED_EDGE('',*,*,#1179,.T.);
#1550=ORIENTED_EDGE('',*,*,#1180,.T.);
#1551=ORIENTED_EDGE('',*,*,#1181,.T.);
#1552=ORIENTED_EDGE('',*,*,#1182,.T.);
#1553=ORIENTED_EDGE('',*,*,#1183,.T.);
#1554=ORIENTED_EDGE('',*,*,#1182,.F.);
#1555=ORIENTED_EDGE('',*,*,#1184,.T.);
#1556=ORIENTED_EDGE('',*,*,#1175,.F.);
#1557=ORIENTED_EDGE('',*,*,#1168,.F.);
#1558=ORIENTED_EDGE('',*,*,#1185,.T.);
#1559=ORIENTED_EDGE('',*,*,#1178,.F.);
#1560=ORIENTED_EDGE('',*,*,#1184,.F.);
#1561=ORIENTED_EDGE('',*,*,#1186,.T.);
#1562=ORIENTED_EDGE('',*,*,#1187,.T.);
#1563=ORIENTED_EDGE('',*,*,#1188,.T.);
#1564=ORIENTED_EDGE('',*,*,#1179,.F.);
#1565=ORIENTED_EDGE('',*,*,#1189,.F.);
#1566=ORIENTED_EDGE('',*,*,#1190,.F.);
#1567=ORIENTED_EDGE('',*,*,#1191,.F.);
#1568=ORIENTED_EDGE('',*,*,#1192,.F.);
#1569=ORIENTED_EDGE('',*,*,#1193,.F.);
#1570=ORIENTED_EDGE('',*,*,#1194,.F.);
#1571=ORIENTED_EDGE('',*,*,#1195,.T.);
#1572=ORIENTED_EDGE('',*,*,#1196,.T.);
#1573=ORIENTED_EDGE('',*,*,#1197,.F.);
#1574=ORIENTED_EDGE('',*,*,#1198,.F.);
#1575=ORIENTED_EDGE('',*,*,#1199,.T.);
#1576=ORIENTED_EDGE('',*,*,#1200,.F.);
#1577=ORIENTED_EDGE('',*,*,#1201,.F.);
#1578=ORIENTED_EDGE('',*,*,#1202,.F.);
#1579=ORIENTED_EDGE('',*,*,#1203,.T.);
#1580=ORIENTED_EDGE('',*,*,#1204,.T.);
#1581=ORIENTED_EDGE('',*,*,#1205,.F.);
#1582=ORIENTED_EDGE('',*,*,#1206,.F.);
#1583=ORIENTED_EDGE('',*,*,#1207,.T.);
#1584=ORIENTED_EDGE('',*,*,#1208,.F.);
#1585=ORIENTED_EDGE('',*,*,#1209,.T.);
#1586=ORIENTED_EDGE('',*,*,#1210,.T.);
#1587=ORIENTED_EDGE('',*,*,#1181,.F.);
#1588=ORIENTED_EDGE('',*,*,#1211,.T.);
#1589=ORIENTED_EDGE('',*,*,#1212,.F.);
#1590=ORIENTED_EDGE('',*,*,#1213,.T.);
#1591=ORIENTED_EDGE('',*,*,#1214,.F.);
#1592=ORIENTED_EDGE('',*,*,#1215,.F.);
#1593=ORIENTED_EDGE('',*,*,#1216,.F.);
#1594=ORIENTED_EDGE('',*,*,#1217,.F.);
#1595=ORIENTED_EDGE('',*,*,#1218,.F.);
#1596=ORIENTED_EDGE('',*,*,#1219,.F.);
#1597=ORIENTED_EDGE('',*,*,#1220,.F.);
#1598=ORIENTED_EDGE('',*,*,#1221,.F.);
#1599=ORIENTED_EDGE('',*,*,#1222,.F.);
#1600=ORIENTED_EDGE('',*,*,#1223,.T.);
#1601=ORIENTED_EDGE('',*,*,#1224,.T.);
#1602=ORIENTED_EDGE('',*,*,#1225,.F.);
#1603=ORIENTED_EDGE('',*,*,#1226,.F.);
#1604=ORIENTED_EDGE('',*,*,#1227,.F.);
#1605=ORIENTED_EDGE('',*,*,#1228,.F.);
#1606=ORIENTED_EDGE('',*,*,#1229,.F.);
#1607=ORIENTED_EDGE('',*,*,#1230,.F.);
#1608=ORIENTED_EDGE('',*,*,#1231,.F.);
#1609=ORIENTED_EDGE('',*,*,#1232,.F.);
#1610=ORIENTED_EDGE('',*,*,#1233,.F.);
#1611=ORIENTED_EDGE('',*,*,#1186,.F.);
#1612=ORIENTED_EDGE('',*,*,#1234,.T.);
#1613=ORIENTED_EDGE('',*,*,#1235,.T.);
#1614=ORIENTED_EDGE('',*,*,#1236,.T.);
#1615=ORIENTED_EDGE('',*,*,#1237,.T.);
#1616=ORIENTED_EDGE('',*,*,#1238,.T.);
#1617=ORIENTED_EDGE('',*,*,#1169,.F.);
#1618=ORIENTED_EDGE('',*,*,#1183,.F.);
#1619=ORIENTED_EDGE('',*,*,#1177,.F.);
#1620=ORIENTED_EDGE('',*,*,#1174,.F.);
#1621=ORIENTED_EDGE('',*,*,#1239,.T.);
#1622=ORIENTED_EDGE('',*,*,#1240,.T.);
#1623=ORIENTED_EDGE('',*,*,#1241,.T.);
#1624=ORIENTED_EDGE('',*,*,#1187,.F.);
#1625=ORIENTED_EDGE('',*,*,#1233,.T.);
#1626=ORIENTED_EDGE('',*,*,#1242,.T.);
#1627=ORIENTED_EDGE('',*,*,#1243,.T.);
#1628=ORIENTED_EDGE('',*,*,#1240,.F.);
#1629=ORIENTED_EDGE('',*,*,#1232,.T.);
#1630=ORIENTED_EDGE('',*,*,#1244,.T.);
#1631=ORIENTED_EDGE('',*,*,#1161,.T.);
#1632=ORIENTED_EDGE('',*,*,#1242,.F.);
#1633=ORIENTED_EDGE('',*,*,#1231,.T.);
#1634=ORIENTED_EDGE('',*,*,#1245,.T.);
#1635=ORIENTED_EDGE('',*,*,#1246,.T.);
#1636=ORIENTED_EDGE('',*,*,#1244,.F.);
#1637=ORIENTED_EDGE('',*,*,#1230,.T.);
#1638=ORIENTED_EDGE('',*,*,#1247,.T.);
#1639=ORIENTED_EDGE('',*,*,#1248,.T.);
#1640=ORIENTED_EDGE('',*,*,#1245,.F.);
#1641=ORIENTED_EDGE('',*,*,#1229,.T.);
#1642=ORIENTED_EDGE('',*,*,#1249,.T.);
#1643=ORIENTED_EDGE('',*,*,#1250,.T.);
#1644=ORIENTED_EDGE('',*,*,#1247,.F.);
#1645=ORIENTED_EDGE('',*,*,#1228,.T.);
#1646=ORIENTED_EDGE('',*,*,#1251,.T.);
#1647=ORIENTED_EDGE('',*,*,#1227,.T.);
#1648=ORIENTED_EDGE('',*,*,#1252,.T.);
#1649=ORIENTED_EDGE('',*,*,#1192,.T.);
#1650=ORIENTED_EDGE('',*,*,#1253,.T.);
#1651=ORIENTED_EDGE('',*,*,#1254,.T.);
#1652=ORIENTED_EDGE('',*,*,#1251,.F.);
#1653=ORIENTED_EDGE('',*,*,#1255,.T.);
#1654=ORIENTED_EDGE('',*,*,#1249,.F.);
#1655=ORIENTED_EDGE('',*,*,#1256,.T.);
#1656=ORIENTED_EDGE('',*,*,#1191,.T.);
#1657=ORIENTED_EDGE('',*,*,#1257,.T.);
#1658=ORIENTED_EDGE('',*,*,#1258,.T.);
#1659=ORIENTED_EDGE('',*,*,#1259,.T.);
#1660=ORIENTED_EDGE('',*,*,#1260,.T.);
#1661=ORIENTED_EDGE('',*,*,#1257,.F.);
#1662=ORIENTED_EDGE('',*,*,#1190,.T.);
#1663=ORIENTED_EDGE('',*,*,#1185,.F.);
#1664=ORIENTED_EDGE('',*,*,#1261,.T.);
#1665=ORIENTED_EDGE('',*,*,#1259,.F.);
#1666=ORIENTED_EDGE('',*,*,#1189,.T.);
#1667=ORIENTED_EDGE('',*,*,#1256,.F.);
#1668=ORIENTED_EDGE('',*,*,#1262,.T.);
#1669=ORIENTED_EDGE('',*,*,#1253,.F.);
#1670=ORIENTED_EDGE('',*,*,#1176,.F.);
#1671=ORIENTED_EDGE('',*,*,#1188,.F.);
#1672=ORIENTED_EDGE('',*,*,#1263,.F.);
#1673=ORIENTED_EDGE('',*,*,#1264,.T.);
#1674=ORIENTED_EDGE('',*,*,#1241,.F.);
#1675=ORIENTED_EDGE('',*,*,#1265,.T.);
#1676=ORIENTED_EDGE('',*,*,#1266,.T.);
#1677=ORIENTED_EDGE('',*,*,#1263,.T.);
#1678=ORIENTED_EDGE('',*,*,#1243,.F.);
#1679=ORIENTED_EDGE('',*,*,#1160,.F.);
#1680=ORIENTED_EDGE('',*,*,#1267,.F.);
#1681=ORIENTED_EDGE('',*,*,#1265,.F.);
#1682=ORIENTED_EDGE('',*,*,#1246,.F.);
#1683=ORIENTED_EDGE('',*,*,#1268,.F.);
#1684=ORIENTED_EDGE('',*,*,#1269,.F.);
#1685=ORIENTED_EDGE('',*,*,#1162,.F.);
#1686=ORIENTED_EDGE('',*,*,#1248,.F.);
#1687=ORIENTED_EDGE('',*,*,#1270,.T.);
#1688=ORIENTED_EDGE('',*,*,#1271,.T.);
#1689=ORIENTED_EDGE('',*,*,#1268,.T.);
#1690=ORIENTED_EDGE('',*,*,#1250,.F.);
#1691=ORIENTED_EDGE('',*,*,#1272,.F.);
#1692=ORIENTED_EDGE('',*,*,#1273,.F.);
#1693=ORIENTED_EDGE('',*,*,#1270,.F.);
#1694=ORIENTED_EDGE('',*,*,#1255,.F.);
#1695=ORIENTED_EDGE('',*,*,#1274,.T.);
#1696=ORIENTED_EDGE('',*,*,#1275,.F.);
#1697=ORIENTED_EDGE('',*,*,#1272,.T.);
#1698=ORIENTED_EDGE('',*,*,#1254,.F.);
#1699=ORIENTED_EDGE('',*,*,#1276,.F.);
#1700=ORIENTED_EDGE('',*,*,#1277,.F.);
#1701=ORIENTED_EDGE('',*,*,#1274,.F.);
#1702=ORIENTED_EDGE('',*,*,#1278,.T.);
#1703=ORIENTED_EDGE('',*,*,#1262,.F.);
#1704=ORIENTED_EDGE('',*,*,#1279,.T.);
#1705=ORIENTED_EDGE('',*,*,#1280,.T.);
#1706=ORIENTED_EDGE('',*,*,#1276,.T.);
#1707=ORIENTED_EDGE('',*,*,#1258,.F.);
#1708=ORIENTED_EDGE('',*,*,#1281,.F.);
#1709=ORIENTED_EDGE('',*,*,#1282,.F.);
#1710=ORIENTED_EDGE('',*,*,#1279,.F.);
#1711=ORIENTED_EDGE('',*,*,#1275,.T.);
#1712=ORIENTED_EDGE('',*,*,#1277,.T.);
#1713=ORIENTED_EDGE('',*,*,#1280,.F.);
#1714=ORIENTED_EDGE('',*,*,#1283,.T.);
#1715=ORIENTED_EDGE('',*,*,#1208,.T.);
#1716=ORIENTED_EDGE('',*,*,#1284,.T.);
#1717=ORIENTED_EDGE('',*,*,#1285,.T.);
#1718=ORIENTED_EDGE('',*,*,#1286,.T.);
#1719=ORIENTED_EDGE('',*,*,#1284,.F.);
#1720=ORIENTED_EDGE('',*,*,#1207,.F.);
#1721=ORIENTED_EDGE('',*,*,#1287,.F.);
#1722=ORIENTED_EDGE('',*,*,#1288,.T.);
#1723=ORIENTED_EDGE('',*,*,#1289,.T.);
#1724=ORIENTED_EDGE('',*,*,#1212,.T.);
#1725=ORIENTED_EDGE('',*,*,#1290,.T.);
#1726=ORIENTED_EDGE('',*,*,#1291,.F.);
#1727=ORIENTED_EDGE('',*,*,#1292,.T.);
#1728=ORIENTED_EDGE('',*,*,#1290,.F.);
#1729=ORIENTED_EDGE('',*,*,#1211,.F.);
#1730=ORIENTED_EDGE('',*,*,#1293,.T.);
#1731=ORIENTED_EDGE('',*,*,#1294,.T.);
#1732=ORIENTED_EDGE('',*,*,#1295,.T.);
#1733=ORIENTED_EDGE('',*,*,#1296,.T.);
#1734=ORIENTED_EDGE('',*,*,#1297,.T.);
#1735=ORIENTED_EDGE('',*,*,#1298,.T.);
#1736=ORIENTED_EDGE('',*,*,#1299,.T.);
#1737=ORIENTED_EDGE('',*,*,#1300,.T.);
#1738=ORIENTED_EDGE('',*,*,#1301,.T.);
#1739=ORIENTED_EDGE('',*,*,#1205,.T.);
#1740=ORIENTED_EDGE('',*,*,#1202,.T.);
#1741=ORIENTED_EDGE('',*,*,#1299,.F.);
#1742=ORIENTED_EDGE('',*,*,#1302,.T.);
#1743=ORIENTED_EDGE('',*,*,#1295,.F.);
#1744=ORIENTED_EDGE('',*,*,#1303,.T.);
#1745=ORIENTED_EDGE('',*,*,#1296,.F.);
#1746=ORIENTED_EDGE('',*,*,#1304,.F.);
#1747=ORIENTED_EDGE('',*,*,#1305,.F.);
#1748=ORIENTED_EDGE('',*,*,#1306,.F.);
#1749=ORIENTED_EDGE('',*,*,#1307,.F.);
#1750=ORIENTED_EDGE('',*,*,#1209,.F.);
#1751=ORIENTED_EDGE('',*,*,#1286,.F.);
#1752=ORIENTED_EDGE('',*,*,#1302,.F.);
#1753=ORIENTED_EDGE('',*,*,#1201,.T.);
#1754=ORIENTED_EDGE('',*,*,#1308,.F.);
#1755=ORIENTED_EDGE('',*,*,#1304,.T.);
#1756=ORIENTED_EDGE('',*,*,#1309,.T.);
#1757=ORIENTED_EDGE('',*,*,#1215,.T.);
#1758=ORIENTED_EDGE('',*,*,#1310,.T.);
#1759=ORIENTED_EDGE('',*,*,#1311,.T.);
#1760=ORIENTED_EDGE('',*,*,#1312,.T.);
#1761=ORIENTED_EDGE('',*,*,#1313,.T.);
#1762=ORIENTED_EDGE('',*,*,#1309,.F.);
#1763=ORIENTED_EDGE('',*,*,#1314,.T.);
#1764=ORIENTED_EDGE('',*,*,#1315,.T.);
#1765=ORIENTED_EDGE('',*,*,#1316,.T.);
#1766=ORIENTED_EDGE('',*,*,#1312,.F.);
#1767=ORIENTED_EDGE('',*,*,#1317,.T.);
#1768=ORIENTED_EDGE('',*,*,#1317,.F.);
#1769=ORIENTED_EDGE('',*,*,#1314,.F.);
#1770=ORIENTED_EDGE('',*,*,#1311,.F.);
#1771=ORIENTED_EDGE('',*,*,#1318,.F.);
#1772=ORIENTED_EDGE('',*,*,#1319,.T.);
#1773=ORIENTED_EDGE('',*,*,#1320,.T.);
#1774=ORIENTED_EDGE('',*,*,#1321,.T.);
#1775=ORIENTED_EDGE('',*,*,#1222,.T.);
#1776=ORIENTED_EDGE('',*,*,#1322,.T.);
#1777=ORIENTED_EDGE('',*,*,#1323,.T.);
#1778=ORIENTED_EDGE('',*,*,#1324,.T.);
#1779=ORIENTED_EDGE('',*,*,#1225,.T.);
#1780=ORIENTED_EDGE('',*,*,#1325,.T.);
#1781=ORIENTED_EDGE('',*,*,#1326,.T.);
#1782=ORIENTED_EDGE('',*,*,#1327,.T.);
#1783=ORIENTED_EDGE('',*,*,#1328,.T.);
#1784=ORIENTED_EDGE('',*,*,#1325,.F.);
#1785=ORIENTED_EDGE('',*,*,#1329,.T.);
#1786=ORIENTED_EDGE('',*,*,#1324,.F.);
#1787=ORIENTED_EDGE('',*,*,#1321,.F.);
#1788=ORIENTED_EDGE('',*,*,#1224,.F.);
#1789=ORIENTED_EDGE('',*,*,#1330,.T.);
#1790=ORIENTED_EDGE('',*,*,#1331,.T.);
#1791=ORIENTED_EDGE('',*,*,#1330,.F.);
#1792=ORIENTED_EDGE('',*,*,#1223,.F.);
#1793=ORIENTED_EDGE('',*,*,#1329,.F.);
#1794=ORIENTED_EDGE('',*,*,#1332,.T.);
#1795=ORIENTED_EDGE('',*,*,#1333,.T.);
#1796=ORIENTED_EDGE('',*,*,#1226,.T.);
#1797=ORIENTED_EDGE('',*,*,#1328,.F.);
#1798=ORIENTED_EDGE('',*,*,#1334,.T.);
#1799=ORIENTED_EDGE('',*,*,#1335,.F.);
#1800=ORIENTED_EDGE('',*,*,#1332,.F.);
#1801=ORIENTED_EDGE('',*,*,#1336,.T.);
#1802=ORIENTED_EDGE('',*,*,#1337,.T.);
#1803=ORIENTED_EDGE('',*,*,#1338,.T.);
#1804=ORIENTED_EDGE('',*,*,#1339,.T.);
#1805=ORIENTED_EDGE('',*,*,#1340,.T.);
#1806=ORIENTED_EDGE('',*,*,#1341,.T.);
#1807=ORIENTED_EDGE('',*,*,#1342,.T.);
#1808=ORIENTED_EDGE('',*,*,#1197,.T.);
#1809=ORIENTED_EDGE('',*,*,#1194,.T.);
#1810=ORIENTED_EDGE('',*,*,#1340,.F.);
#1811=ORIENTED_EDGE('',*,*,#1343,.T.);
#1812=ORIENTED_EDGE('',*,*,#1336,.F.);
#1813=ORIENTED_EDGE('',*,*,#1337,.F.);
#1814=ORIENTED_EDGE('',*,*,#1344,.F.);
#1815=ORIENTED_EDGE('',*,*,#1345,.T.);
#1816=ORIENTED_EDGE('',*,*,#1346,.T.);
#1817=ORIENTED_EDGE('',*,*,#1343,.F.);
#1818=ORIENTED_EDGE('',*,*,#1193,.T.);
#1819=ORIENTED_EDGE('',*,*,#1347,.T.);
#1820=ORIENTED_EDGE('',*,*,#1344,.T.);
#1821=ORIENTED_EDGE('',*,*,#1323,.F.);
#1822=ORIENTED_EDGE('',*,*,#1348,.T.);
#1823=ORIENTED_EDGE('',*,*,#1349,.F.);
#1824=ORIENTED_EDGE('',*,*,#1326,.F.);
#1825=ORIENTED_EDGE('',*,*,#1350,.T.);
#1826=ORIENTED_EDGE('',*,*,#1351,.T.);
#1827=ORIENTED_EDGE('',*,*,#1352,.T.);
#1828=ORIENTED_EDGE('',*,*,#1200,.T.);
#1829=ORIENTED_EDGE('',*,*,#1353,.T.);
#1830=ORIENTED_EDGE('',*,*,#1305,.T.);
#1831=ORIENTED_EDGE('',*,*,#1354,.T.);
#1832=ORIENTED_EDGE('',*,*,#1355,.T.);
#1833=ORIENTED_EDGE('',*,*,#1354,.F.);
#1834=ORIENTED_EDGE('',*,*,#1308,.T.);
#1835=ORIENTED_EDGE('',*,*,#1352,.F.);
#1836=ORIENTED_EDGE('',*,*,#1351,.F.);
#1837=ORIENTED_EDGE('',*,*,#1356,.T.);
#1838=ORIENTED_EDGE('',*,*,#1357,.T.);
#1839=ORIENTED_EDGE('',*,*,#1358,.F.);
#1840=ORIENTED_EDGE('',*,*,#1359,.T.);
#1841=ORIENTED_EDGE('',*,*,#1360,.T.);
#1842=ORIENTED_EDGE('',*,*,#1361,.F.);
#1843=ORIENTED_EDGE('',*,*,#1362,.F.);
#1844=ORIENTED_EDGE('',*,*,#1363,.F.);
#1845=ORIENTED_EDGE('',*,*,#1355,.F.);
#1846=ORIENTED_EDGE('',*,*,#1313,.F.);
#1847=ORIENTED_EDGE('',*,*,#1364,.T.);
#1848=ORIENTED_EDGE('',*,*,#1365,.T.);
#1849=ORIENTED_EDGE('',*,*,#1216,.T.);
#1850=ORIENTED_EDGE('',*,*,#1365,.F.);
#1851=ORIENTED_EDGE('',*,*,#1366,.T.);
#1852=ORIENTED_EDGE('',*,*,#1367,.T.);
#1853=ORIENTED_EDGE('',*,*,#1217,.T.);
#1854=ORIENTED_EDGE('',*,*,#1368,.T.);
#1855=ORIENTED_EDGE('',*,*,#1218,.T.);
#1856=ORIENTED_EDGE('',*,*,#1367,.F.);
#1857=ORIENTED_EDGE('',*,*,#1139,.T.);
#1858=ORIENTED_EDGE('',*,*,#1369,.T.);
#1859=ORIENTED_EDGE('',*,*,#1219,.T.);
#1860=ORIENTED_EDGE('',*,*,#1368,.F.);
#1861=ORIENTED_EDGE('',*,*,#1370,.T.);
#1862=ORIENTED_EDGE('',*,*,#1371,.T.);
#1863=ORIENTED_EDGE('',*,*,#1372,.T.);
#1864=ORIENTED_EDGE('',*,*,#1373,.T.);
#1865=ORIENTED_EDGE('',*,*,#1369,.F.);
#1866=ORIENTED_EDGE('',*,*,#1374,.F.);
#1867=ORIENTED_EDGE('',*,*,#1375,.T.);
#1868=ORIENTED_EDGE('',*,*,#1376,.T.);
#1869=ORIENTED_EDGE('',*,*,#1220,.T.);
#1870=ORIENTED_EDGE('',*,*,#1373,.F.);
#1871=ORIENTED_EDGE('',*,*,#1377,.F.);
#1872=ORIENTED_EDGE('',*,*,#1374,.T.);
#1873=ORIENTED_EDGE('',*,*,#1372,.F.);
#1874=ORIENTED_EDGE('',*,*,#1378,.T.);
#1875=ORIENTED_EDGE('',*,*,#1379,.F.);
#1876=ORIENTED_EDGE('',*,*,#1380,.F.);
#1877=ORIENTED_EDGE('',*,*,#1377,.T.);
#1878=ORIENTED_EDGE('',*,*,#1381,.T.);
#1879=ORIENTED_EDGE('',*,*,#1382,.T.);
#1880=ORIENTED_EDGE('',*,*,#1318,.T.);
#1881=ORIENTED_EDGE('',*,*,#1310,.F.);
#1882=ORIENTED_EDGE('',*,*,#1214,.T.);
#1883=ORIENTED_EDGE('',*,*,#1382,.F.);
#1884=ORIENTED_EDGE('',*,*,#1383,.T.);
#1885=ORIENTED_EDGE('',*,*,#1384,.T.);
#1886=ORIENTED_EDGE('',*,*,#1319,.F.);
#1887=ORIENTED_EDGE('',*,*,#1385,.T.);
#1888=ORIENTED_EDGE('',*,*,#1287,.T.);
#1889=ORIENTED_EDGE('',*,*,#1206,.T.);
#1890=ORIENTED_EDGE('',*,*,#1301,.F.);
#1891=ORIENTED_EDGE('',*,*,#1385,.F.);
#1892=ORIENTED_EDGE('',*,*,#1386,.T.);
#1893=ORIENTED_EDGE('',*,*,#1387,.T.);
#1894=ORIENTED_EDGE('',*,*,#1288,.F.);
#1895=ORIENTED_EDGE('',*,*,#1388,.T.);
#1896=ORIENTED_EDGE('',*,*,#1389,.T.);
#1897=ORIENTED_EDGE('',*,*,#1198,.T.);
#1898=ORIENTED_EDGE('',*,*,#1342,.F.);
#1899=ORIENTED_EDGE('',*,*,#1388,.F.);
#1900=ORIENTED_EDGE('',*,*,#1390,.T.);
#1901=ORIENTED_EDGE('',*,*,#1391,.T.);
#1902=ORIENTED_EDGE('',*,*,#1392,.F.);
#1903=ORIENTED_EDGE('',*,*,#1350,.F.);
#1904=ORIENTED_EDGE('',*,*,#1199,.F.);
#1905=ORIENTED_EDGE('',*,*,#1389,.F.);
#1906=ORIENTED_EDGE('',*,*,#1392,.T.);
#1907=ORIENTED_EDGE('',*,*,#1393,.T.);
#1908=ORIENTED_EDGE('',*,*,#1356,.F.);
#1909=ORIENTED_EDGE('',*,*,#1339,.F.);
#1910=ORIENTED_EDGE('',*,*,#1394,.T.);
#1911=ORIENTED_EDGE('',*,*,#1390,.F.);
#1912=ORIENTED_EDGE('',*,*,#1341,.F.);
#1913=ORIENTED_EDGE('',*,*,#1298,.F.);
#1914=ORIENTED_EDGE('',*,*,#1395,.T.);
#1915=ORIENTED_EDGE('',*,*,#1386,.F.);
#1916=ORIENTED_EDGE('',*,*,#1300,.F.);
#1917=ORIENTED_EDGE('',*,*,#1303,.F.);
#1918=ORIENTED_EDGE('',*,*,#1285,.F.);
#1919=ORIENTED_EDGE('',*,*,#1289,.F.);
#1920=ORIENTED_EDGE('',*,*,#1387,.F.);
#1921=ORIENTED_EDGE('',*,*,#1395,.F.);
#1922=ORIENTED_EDGE('',*,*,#1297,.F.);
#1923=ORIENTED_EDGE('',*,*,#1292,.F.);
#1924=ORIENTED_EDGE('',*,*,#1396,.T.);
#1925=ORIENTED_EDGE('',*,*,#1383,.F.);
#1926=ORIENTED_EDGE('',*,*,#1381,.F.);
#1927=ORIENTED_EDGE('',*,*,#1213,.F.);
#1928=ORIENTED_EDGE('',*,*,#1384,.F.);
#1929=ORIENTED_EDGE('',*,*,#1396,.F.);
#1930=ORIENTED_EDGE('',*,*,#1291,.T.);
#1931=ORIENTED_EDGE('',*,*,#1397,.T.);
#1932=ORIENTED_EDGE('',*,*,#1315,.F.);
#1933=ORIENTED_EDGE('',*,*,#1320,.F.);
#1934=ORIENTED_EDGE('',*,*,#1370,.F.);
#1935=ORIENTED_EDGE('',*,*,#1138,.F.);
#1936=ORIENTED_EDGE('',*,*,#1398,.F.);
#1937=ORIENTED_EDGE('',*,*,#1399,.F.);
#1938=ORIENTED_EDGE('',*,*,#1366,.F.);
#1939=ORIENTED_EDGE('',*,*,#1400,.T.);
#1940=ORIENTED_EDGE('',*,*,#1401,.F.);
#1941=ORIENTED_EDGE('',*,*,#1140,.T.);
#1942=ORIENTED_EDGE('',*,*,#1402,.F.);
#1943=ORIENTED_EDGE('',*,*,#1379,.T.);
#1944=ORIENTED_EDGE('',*,*,#1403,.T.);
#1945=ORIENTED_EDGE('',*,*,#1136,.T.);
#1946=ORIENTED_EDGE('',*,*,#1404,.T.);
#1947=ORIENTED_EDGE('',*,*,#1405,.T.);
#1948=ORIENTED_EDGE('',*,*,#1334,.F.);
#1949=ORIENTED_EDGE('',*,*,#1327,.F.);
#1950=ORIENTED_EDGE('',*,*,#1349,.T.);
#1951=ORIENTED_EDGE('',*,*,#1406,.F.);
#1952=ORIENTED_EDGE('',*,*,#1380,.T.);
#1953=ORIENTED_EDGE('',*,*,#1402,.T.);
#1954=ORIENTED_EDGE('',*,*,#1407,.F.);
#1955=ORIENTED_EDGE('',*,*,#1408,.F.);
#1956=ORIENTED_EDGE('',*,*,#1375,.F.);
#1957=ORIENTED_EDGE('',*,*,#1408,.T.);
#1958=ORIENTED_EDGE('',*,*,#1409,.T.);
#1959=ORIENTED_EDGE('',*,*,#1322,.F.);
#1960=ORIENTED_EDGE('',*,*,#1221,.T.);
#1961=ORIENTED_EDGE('',*,*,#1376,.F.);
#1962=ORIENTED_EDGE('',*,*,#1409,.F.);
#1963=ORIENTED_EDGE('',*,*,#1407,.T.);
#1964=ORIENTED_EDGE('',*,*,#1406,.T.);
#1965=ORIENTED_EDGE('',*,*,#1348,.F.);
#1966=ORIENTED_EDGE('',*,*,#1371,.F.);
#1967=ORIENTED_EDGE('',*,*,#1399,.T.);
#1968=ORIENTED_EDGE('',*,*,#1398,.T.);
#1969=ORIENTED_EDGE('',*,*,#1137,.F.);
#1970=ORIENTED_EDGE('',*,*,#1403,.F.);
#1971=ORIENTED_EDGE('',*,*,#1378,.F.);
#1972=ORIENTED_EDGE('',*,*,#1410,.T.);
#1973=ORIENTED_EDGE('',*,*,#1411,.T.);
#1974=ORIENTED_EDGE('',*,*,#1412,.T.);
#1975=ORIENTED_EDGE('',*,*,#1306,.T.);
#1976=ORIENTED_EDGE('',*,*,#1353,.F.);
#1977=ORIENTED_EDGE('',*,*,#1363,.T.);
#1978=ORIENTED_EDGE('',*,*,#1413,.T.);
#1979=ORIENTED_EDGE('',*,*,#1414,.T.);
#1980=ORIENTED_EDGE('',*,*,#1415,.T.);
#1981=ORIENTED_EDGE('',*,*,#1413,.F.);
#1982=ORIENTED_EDGE('',*,*,#1362,.T.);
#1983=ORIENTED_EDGE('',*,*,#1361,.T.);
#1984=ORIENTED_EDGE('',*,*,#1416,.F.);
#1985=ORIENTED_EDGE('',*,*,#1411,.F.);
#1986=ORIENTED_EDGE('',*,*,#1417,.T.);
#1987=ORIENTED_EDGE('',*,*,#1418,.T.);
#1988=ORIENTED_EDGE('',*,*,#1419,.T.);
#1989=ORIENTED_EDGE('',*,*,#1239,.F.);
#1990=ORIENTED_EDGE('',*,*,#1420,.T.);
#1991=ORIENTED_EDGE('',*,*,#1421,.T.);
#1992=ORIENTED_EDGE('',*,*,#1133,.F.);
#1993=ORIENTED_EDGE('',*,*,#1148,.F.);
#1994=ORIENTED_EDGE('',*,*,#1422,.F.);
#1995=ORIENTED_EDGE('',*,*,#1423,.F.);
#1996=ORIENTED_EDGE('',*,*,#1418,.F.);
#1997=ORIENTED_EDGE('',*,*,#1424,.T.);
#1998=ORIENTED_EDGE('',*,*,#1425,.F.);
#1999=ORIENTED_EDGE('',*,*,#1359,.F.);
#2000=ORIENTED_EDGE('',*,*,#1426,.F.);
#2001=ORIENTED_EDGE('',*,*,#1427,.T.);
#2002=ORIENTED_EDGE('',*,*,#1420,.F.);
#2003=ORIENTED_EDGE('',*,*,#1410,.F.);
#2004=ORIENTED_EDGE('',*,*,#1428,.F.);
#2005=ORIENTED_EDGE('',*,*,#1429,.F.);
#2006=ORIENTED_EDGE('',*,*,#1424,.F.);
#2007=ORIENTED_EDGE('',*,*,#1417,.F.);
#2008=ORIENTED_EDGE('',*,*,#1415,.F.);
#2009=ORIENTED_EDGE('',*,*,#1430,.F.);
#2010=ORIENTED_EDGE('',*,*,#1428,.T.);
#2011=ORIENTED_EDGE('',*,*,#1431,.T.);
#2012=ORIENTED_EDGE('',*,*,#1426,.T.);
#2013=ORIENTED_EDGE('',*,*,#1358,.T.);
#2014=ORIENTED_EDGE('',*,*,#1432,.T.);
#2015=ORIENTED_EDGE('',*,*,#1432,.F.);
#2016=ORIENTED_EDGE('',*,*,#1357,.F.);
#2017=ORIENTED_EDGE('',*,*,#1393,.F.);
#2018=ORIENTED_EDGE('',*,*,#1391,.F.);
#2019=ORIENTED_EDGE('',*,*,#1394,.F.);
#2020=ORIENTED_EDGE('',*,*,#1338,.F.);
#2021=ORIENTED_EDGE('',*,*,#1346,.F.);
#2022=ORIENTED_EDGE('',*,*,#1433,.F.);
#2023=ORIENTED_EDGE('',*,*,#1434,.T.);
#2024=ORIENTED_EDGE('',*,*,#1278,.F.);
#2025=ORIENTED_EDGE('',*,*,#1435,.T.);
#2026=ORIENTED_EDGE('',*,*,#1134,.F.);
#2027=ORIENTED_EDGE('',*,*,#1421,.F.);
#2028=ORIENTED_EDGE('',*,*,#1427,.F.);
#2029=ORIENTED_EDGE('',*,*,#1431,.F.);
#2030=ORIENTED_EDGE('',*,*,#1434,.F.);
#2031=ORIENTED_EDGE('',*,*,#1436,.F.);
#2032=ORIENTED_EDGE('',*,*,#1404,.F.);
#2033=ORIENTED_EDGE('',*,*,#1135,.F.);
#2034=ORIENTED_EDGE('',*,*,#1435,.F.);
#2035=ORIENTED_EDGE('',*,*,#1437,.F.);
#2036=ORIENTED_EDGE('',*,*,#1422,.T.);
#2037=ORIENTED_EDGE('',*,*,#1147,.T.);
#2038=ORIENTED_EDGE('',*,*,#1401,.T.);
#2039=ORIENTED_EDGE('',*,*,#1438,.F.);
#2040=ORIENTED_EDGE('',*,*,#1397,.F.);
#2041=ORIENTED_EDGE('',*,*,#1294,.F.);
#2042=ORIENTED_EDGE('',*,*,#1237,.F.);
#2043=ORIENTED_EDGE('',*,*,#1439,.T.);
#2044=ORIENTED_EDGE('',*,*,#1440,.T.);
#2045=ORIENTED_EDGE('',*,*,#1439,.F.);
#2046=ORIENTED_EDGE('',*,*,#1414,.F.);
#2047=ORIENTED_EDGE('',*,*,#1416,.T.);
#2048=ORIENTED_EDGE('',*,*,#1360,.F.);
#2049=ORIENTED_EDGE('',*,*,#1425,.T.);
#2050=ORIENTED_EDGE('',*,*,#1429,.T.);
#2051=ORIENTED_EDGE('',*,*,#1430,.T.);
#2052=ORIENTED_EDGE('',*,*,#1238,.F.);
#2053=ORIENTED_EDGE('',*,*,#1441,.T.);
#2054=ORIENTED_EDGE('',*,*,#1442,.T.);
#2055=ORIENTED_EDGE('',*,*,#1441,.F.);
#2056=ORIENTED_EDGE('',*,*,#1234,.F.);
#2057=ORIENTED_EDGE('',*,*,#1443,.T.);
#2058=ORIENTED_EDGE('',*,*,#1444,.T.);
#2059=ORIENTED_EDGE('',*,*,#1443,.F.);
#2060=ORIENTED_EDGE('',*,*,#1444,.F.);
#2061=ORIENTED_EDGE('',*,*,#1235,.F.);
#2062=ORIENTED_EDGE('',*,*,#1445,.T.);
#2063=ORIENTED_EDGE('',*,*,#1446,.T.);
#2064=ORIENTED_EDGE('',*,*,#1445,.F.);
#2065=ORIENTED_EDGE('',*,*,#1446,.F.);
#2066=ORIENTED_EDGE('',*,*,#1203,.F.);
#2067=ORIENTED_EDGE('',*,*,#1204,.F.);
#2068=ORIENTED_EDGE('',*,*,#1447,.T.);
#2069=ORIENTED_EDGE('',*,*,#1448,.T.);
#2070=ORIENTED_EDGE('',*,*,#1447,.F.);
#2071=ORIENTED_EDGE('',*,*,#1448,.F.);
#2072=ORIENTED_EDGE('',*,*,#1331,.F.);
#2073=ORIENTED_EDGE('',*,*,#1440,.F.);
#2074=ORIENTED_EDGE('',*,*,#1442,.F.);
#2075=ORIENTED_EDGE('',*,*,#1236,.F.);
#2076=ORIENTED_EDGE('',*,*,#1449,.T.);
#2077=ORIENTED_EDGE('',*,*,#1450,.T.);
#2078=ORIENTED_EDGE('',*,*,#1449,.F.);
#2079=ORIENTED_EDGE('',*,*,#1450,.F.);
#2080=ORIENTED_EDGE('',*,*,#1195,.F.);
#2081=ORIENTED_EDGE('',*,*,#1196,.F.);
#2082=ORIENTED_EDGE('',*,*,#1451,.T.);
#2083=ORIENTED_EDGE('',*,*,#1452,.T.);
#2084=ORIENTED_EDGE('',*,*,#1451,.F.);
#2085=ORIENTED_EDGE('',*,*,#1452,.F.);
#2086=ORIENTED_EDGE('',*,*,#1210,.F.);
#2087=ORIENTED_EDGE('',*,*,#1453,.T.);
#2088=ORIENTED_EDGE('',*,*,#1454,.T.);
#2089=ORIENTED_EDGE('',*,*,#1453,.F.);
#2090=ORIENTED_EDGE('',*,*,#1454,.F.);
#2091=ORIENTED_EDGE('',*,*,#1455,.T.);
#2092=ORIENTED_EDGE('',*,*,#1269,.T.);
#2093=ORIENTED_EDGE('',*,*,#1271,.F.);
#2094=ORIENTED_EDGE('',*,*,#1456,.T.);
#2095=ORIENTED_EDGE('',*,*,#1457,.T.);
#2096=ORIENTED_EDGE('',*,*,#1458,.T.);
#2097=ORIENTED_EDGE('',*,*,#1459,.T.);
#2098=ORIENTED_EDGE('',*,*,#1164,.T.);
#2099=ORIENTED_EDGE('',*,*,#1155,.F.);
#2100=ORIENTED_EDGE('',*,*,#1165,.T.);
#2101=ORIENTED_EDGE('',*,*,#1459,.F.);
#2102=ORIENTED_EDGE('',*,*,#1460,.T.);
#2103=ORIENTED_EDGE('',*,*,#1457,.F.);
#2104=ORIENTED_EDGE('',*,*,#1163,.T.);
#2105=ORIENTED_EDGE('',*,*,#1455,.F.);
#2106=ORIENTED_EDGE('',*,*,#1461,.T.);
#2107=ORIENTED_EDGE('',*,*,#1153,.F.);
#2108=ORIENTED_EDGE('',*,*,#1460,.F.);
#2109=ORIENTED_EDGE('',*,*,#1462,.F.);
#2110=ORIENTED_EDGE('',*,*,#1463,.F.);
#2111=ORIENTED_EDGE('',*,*,#1464,.F.);
#2112=ORIENTED_EDGE('',*,*,#1166,.F.);
#2113=ORIENTED_EDGE('',*,*,#1458,.F.);
#2114=ORIENTED_EDGE('',*,*,#1465,.T.);
#2115=ORIENTED_EDGE('',*,*,#1466,.F.);
#2116=ORIENTED_EDGE('',*,*,#1462,.T.);
#2117=ORIENTED_EDGE('',*,*,#1467,.T.);
#2118=ORIENTED_EDGE('',*,*,#1468,.T.);
#2119=ORIENTED_EDGE('',*,*,#1266,.F.);
#2120=ORIENTED_EDGE('',*,*,#1267,.T.);
#2121=ORIENTED_EDGE('',*,*,#1469,.T.);
#2122=ORIENTED_EDGE('',*,*,#1158,.T.);
#2123=ORIENTED_EDGE('',*,*,#1167,.T.);
#2124=ORIENTED_EDGE('',*,*,#1470,.T.);
#2125=ORIENTED_EDGE('',*,*,#1469,.F.);
#2126=ORIENTED_EDGE('',*,*,#1471,.T.);
#2127=ORIENTED_EDGE('',*,*,#1467,.F.);
#2128=ORIENTED_EDGE('',*,*,#1159,.T.);
#2129=ORIENTED_EDGE('',*,*,#1173,.F.);
#2130=ORIENTED_EDGE('',*,*,#1264,.F.);
#2131=ORIENTED_EDGE('',*,*,#1468,.F.);
#2132=ORIENTED_EDGE('',*,*,#1471,.F.);
#2133=ORIENTED_EDGE('',*,*,#1472,.F.);
#2134=ORIENTED_EDGE('',*,*,#1473,.F.);
#2135=ORIENTED_EDGE('',*,*,#1474,.F.);
#2136=ORIENTED_EDGE('',*,*,#1470,.F.);
#2137=ORIENTED_EDGE('',*,*,#1464,.T.);
#2138=ORIENTED_EDGE('',*,*,#1475,.T.);
#2139=ORIENTED_EDGE('',*,*,#1472,.T.);
#2140=ORIENTED_EDGE('',*,*,#1475,.F.);
#2141=ORIENTED_EDGE('',*,*,#1463,.T.);
#2142=ORIENTED_EDGE('',*,*,#1466,.T.);
#2143=ORIENTED_EDGE('',*,*,#1476,.T.);
#2144=ORIENTED_EDGE('',*,*,#1476,.F.);
#2145=ORIENTED_EDGE('',*,*,#1477,.T.);
#2146=ORIENTED_EDGE('',*,*,#1478,.T.);
#2147=ORIENTED_EDGE('',*,*,#1473,.T.);
#2148=ORIENTED_EDGE('',*,*,#1260,.F.);
#2149=ORIENTED_EDGE('',*,*,#1479,.T.);
#2150=ORIENTED_EDGE('',*,*,#1478,.F.);
#2151=ORIENTED_EDGE('',*,*,#1281,.T.);
#2152=ORIENTED_EDGE('',*,*,#1283,.F.);
#2153=ORIENTED_EDGE('',*,*,#1282,.T.);
#2154=ORIENTED_EDGE('',*,*,#1477,.F.);
#2155=ORIENTED_EDGE('',*,*,#1465,.F.);
#2156=ORIENTED_EDGE('',*,*,#1461,.F.);
#2157=ORIENTED_EDGE('',*,*,#1456,.F.);
#2158=ORIENTED_EDGE('',*,*,#1273,.T.);
#2159=ORIENTED_EDGE('',*,*,#1316,.F.);
#2160=ORIENTED_EDGE('',*,*,#1438,.T.);
#2161=ORIENTED_EDGE('',*,*,#1400,.F.);
#2162=ORIENTED_EDGE('',*,*,#1364,.F.);
#2163=ORIENTED_EDGE('',*,*,#1423,.T.);
#2164=ORIENTED_EDGE('',*,*,#1437,.T.);
#2165=ORIENTED_EDGE('',*,*,#1293,.F.);
#2166=ORIENTED_EDGE('',*,*,#1180,.F.);
#2167=ORIENTED_EDGE('',*,*,#1307,.T.);
#2168=ORIENTED_EDGE('',*,*,#1412,.F.);
#2169=ORIENTED_EDGE('',*,*,#1419,.F.);
#2170=ORIENTED_EDGE('',*,*,#1436,.T.);
#2171=ORIENTED_EDGE('',*,*,#1433,.T.);
#2172=ORIENTED_EDGE('',*,*,#1345,.F.);
#2173=ORIENTED_EDGE('',*,*,#1347,.F.);
#2174=ORIENTED_EDGE('',*,*,#1252,.F.);
#2175=ORIENTED_EDGE('',*,*,#1333,.F.);
#2176=ORIENTED_EDGE('',*,*,#1335,.T.);
#2177=ORIENTED_EDGE('',*,*,#1405,.F.);
#2178=ORIENTED_EDGE('',*,*,#1171,.F.);
#2179=ORIENTED_EDGE('',*,*,#1474,.T.);
#2180=ORIENTED_EDGE('',*,*,#1479,.F.);
#2181=ORIENTED_EDGE('',*,*,#1261,.F.);
#2182=CYLINDRICAL_SURFACE('',#2406,6.2);
#2183=CYLINDRICAL_SURFACE('',#2421,6.2);
#2184=CYLINDRICAL_SURFACE('',#2435,2.);
#2185=CYLINDRICAL_SURFACE('',#2437,3.);
#2186=CYLINDRICAL_SURFACE('',#2439,0.5);
#2187=CYLINDRICAL_SURFACE('',#2446,0.5);
#2188=CYLINDRICAL_SURFACE('',#2448,0.5);
#2189=CYLINDRICAL_SURFACE('',#2455,0.5);
#2190=CYLINDRICAL_SURFACE('',#2484,0.5);
#2191=CYLINDRICAL_SURFACE('',#2488,0.5);
#2192=CYLINDRICAL_SURFACE('',#2493,0.5);
#2193=CYLINDRICAL_SURFACE('',#2495,0.5);
#2194=CYLINDRICAL_SURFACE('',#2500,0.5);
#2195=CYLINDRICAL_SURFACE('',#2506,0.5);
#2196=CYLINDRICAL_SURFACE('',#2510,3.);
#2197=CYLINDRICAL_SURFACE('',#2516,3.);
#2198=CYLINDRICAL_SURFACE('',#2519,0.5);
#2199=CYLINDRICAL_SURFACE('',#2524,0.5);
#2200=CYLINDRICAL_SURFACE('',#2529,1.);
#2201=CYLINDRICAL_SURFACE('',#2533,1.);
#2202=CYLINDRICAL_SURFACE('',#2536,1.);
#2203=CYLINDRICAL_SURFACE('',#2539,1.);
#2204=CYLINDRICAL_SURFACE('',#2545,1.);
#2205=CYLINDRICAL_SURFACE('',#2547,0.5);
#2206=CYLINDRICAL_SURFACE('',#2552,0.5);
#2207=CYLINDRICAL_SURFACE('',#2555,1.);
#2208=CYLINDRICAL_SURFACE('',#2558,1.);
#2209=CYLINDRICAL_SURFACE('',#2562,0.8115);
#2210=CYLINDRICAL_SURFACE('',#2564,1.);
#2211=CYLINDRICAL_SURFACE('',#2567,1.);
#2212=CYLINDRICAL_SURFACE('',#2570,1.);
#2213=CYLINDRICAL_SURFACE('',#2576,1.);
#2214=CYLINDRICAL_SURFACE('',#2580,1.);
#2215=CYLINDRICAL_SURFACE('',#2583,1.);
#2216=CYLINDRICAL_SURFACE('',#2590,1.);
#2217=CYLINDRICAL_SURFACE('',#2592,1.);
#2218=CYLINDRICAL_SURFACE('',#2596,1.);
#2219=CYLINDRICAL_SURFACE('',#2597,0.5);
#2220=CYLINDRICAL_SURFACE('',#2601,0.5);
#2221=CYLINDRICAL_SURFACE('',#2605,7756.53392341635);
#2222=CYLINDRICAL_SURFACE('',#2607,1.);
#2223=CYLINDRICAL_SURFACE('',#2609,1.);
#2224=CYLINDRICAL_SURFACE('',#2620,5.);
#2225=CYLINDRICAL_SURFACE('',#2625,1.);
#2226=CYLINDRICAL_SURFACE('',#2628,1.);
#2227=CYLINDRICAL_SURFACE('',#2632,5.);
#2228=CYLINDRICAL_SURFACE('',#2634,6.2);
#2229=CYLINDRICAL_SURFACE('',#2639,6.2);
#2230=CYLINDRICAL_SURFACE('',#2642,4.);
#2231=CYLINDRICAL_SURFACE('',#2644,6.2);
#2232=CYLINDRICAL_SURFACE('',#2646,5.);
#2233=CYLINDRICAL_SURFACE('',#2648,0.8115);
#2234=CYLINDRICAL_SURFACE('',#2650,8.7);
#2235=CYLINDRICAL_SURFACE('',#2651,0.8115);
#2236=CYLINDRICAL_SURFACE('',#2653,0.8);
#2237=CYLINDRICAL_SURFACE('',#2656,0.8);
#2238=CYLINDRICAL_SURFACE('',#2659,0.8115);
#2239=CYLINDRICAL_SURFACE('',#2665,0.8115);
#2240=CYLINDRICAL_SURFACE('',#2668,0.8115);
#2241=CYLINDRICAL_SURFACE('',#2671,0.8115);
#2242=CYLINDRICAL_SURFACE('',#2679,3.);
#2243=CYLINDRICAL_SURFACE('',#2680,8.7);
#2244=CYLINDRICAL_SURFACE('',#2686,11.);
#2245=CYLINDRICAL_SURFACE('',#2691,2.);
#2246=CYLINDRICAL_SURFACE('',#2692,11.);
#2247=ADVANCED_FACE('',(#104),#2182,.F.);
#2248=ADVANCED_FACE('',(#105),#89,.T.);
#2249=ADVANCED_FACE('',(#106,#33),#42,.T.);
#2250=ADVANCED_FACE('',(#107),#2183,.F.);
#2251=ADVANCED_FACE('',(#108),#90,.T.);
#2252=ADVANCED_FACE('',(#109),#91,.T.);
#2253=ADVANCED_FACE('',(#110),#92,.T.);
#2254=ADVANCED_FACE('',(#111),#93,.T.);
#2255=ADVANCED_FACE('',(#112),#2184,.F.);
#2256=ADVANCED_FACE('',(#113),#2185,.T.);
#2257=ADVANCED_FACE('',(#114),#2186,.T.);
#2258=ADVANCED_FACE('',(#115),#94,.T.);
#2259=ADVANCED_FACE('',(#116),#2187,.T.);
#2260=ADVANCED_FACE('',(#117),#2188,.T.);
#2261=ADVANCED_FACE('',(#118),#24,.T.);
#2262=ADVANCED_FACE('',(#119),#25,.T.);
#2263=ADVANCED_FACE('',(#120),#2189,.T.);
#2264=ADVANCED_FACE('',(#121,#34),#43,.F.);
#2265=ADVANCED_FACE('',(#122,#35,#36,#37,#38,#39),#44,.F.);
#2266=ADVANCED_FACE('',(#123,#40),#45,.T.);
#2267=ADVANCED_FACE('',(#124),#95,.T.);
#2268=ADVANCED_FACE('',(#125),#2190,.T.);
#2269=ADVANCED_FACE('',(#126),#96,.T.);
#2270=ADVANCED_FACE('',(#127),#2191,.T.);
#2271=ADVANCED_FACE('',(#128),#97,.T.);
#2272=ADVANCED_FACE('',(#129),#2192,.T.);
#2273=ADVANCED_FACE('',(#130),#2193,.T.);
#2274=ADVANCED_FACE('',(#131),#26,.T.);
#2275=ADVANCED_FACE('',(#132),#2194,.T.);
#2276=ADVANCED_FACE('',(#133),#98,.T.);
#2277=ADVANCED_FACE('',(#134),#2195,.T.);
#2278=ADVANCED_FACE('',(#135),#27,.T.);
#2279=ADVANCED_FACE('',(#136),#46,.T.);
#2280=ADVANCED_FACE('',(#137),#2196,.T.);
#2281=ADVANCED_FACE('',(#138),#47,.T.);
#2282=ADVANCED_FACE('',(#139),#48,.T.);
#2283=ADVANCED_FACE('',(#140),#2197,.T.);
#2284=ADVANCED_FACE('',(#141),#49,.T.);
#2285=ADVANCED_FACE('',(#142),#2198,.T.);
#2286=ADVANCED_FACE('',(#143,#41),#50,.T.);
#2287=ADVANCED_FACE('',(#144),#2199,.T.);
#2288=ADVANCED_FACE('',(#145),#51,.T.);
#2289=ADVANCED_FACE('',(#146),#99,.T.);
#2290=ADVANCED_FACE('',(#147),#2200,.T.);
#2291=ADVANCED_FACE('',(#148),#52,.F.);
#2292=ADVANCED_FACE('',(#149),#2201,.T.);
#2293=ADVANCED_FACE('',(#150),#53,.F.);
#2294=ADVANCED_FACE('',(#151),#2202,.T.);
#2295=ADVANCED_FACE('',(#152),#2203,.T.);
#2296=ADVANCED_FACE('',(#153),#28,.T.);
#2297=ADVANCED_FACE('',(#154),#54,.F.);
#2298=ADVANCED_FACE('',(#155),#2204,.T.);
#2299=ADVANCED_FACE('',(#156),#2205,.T.);
#2300=ADVANCED_FACE('',(#157),#15,.F.);
#2301=ADVANCED_FACE('',(#158),#2206,.T.);
#2302=ADVANCED_FACE('',(#159),#55,.F.);
#2303=ADVANCED_FACE('',(#160),#2207,.T.);
#2304=ADVANCED_FACE('',(#161),#2208,.T.);
#2305=ADVANCED_FACE('',(#162),#29,.T.);
#2306=ADVANCED_FACE('',(#163),#2209,.F.);
#2307=ADVANCED_FACE('',(#164),#2210,.T.);
#2308=ADVANCED_FACE('',(#165),#56,.F.);
#2309=ADVANCED_FACE('',(#166),#2211,.T.);
#2310=ADVANCED_FACE('',(#167),#2212,.T.);
#2311=ADVANCED_FACE('',(#168),#30,.T.);
#2312=ADVANCED_FACE('',(#169),#57,.F.);
#2313=ADVANCED_FACE('',(#170),#2213,.T.);
#2314=ADVANCED_FACE('',(#171),#58,.F.);
#2315=ADVANCED_FACE('',(#172),#2214,.T.);
#2316=ADVANCED_FACE('',(#173),#2215,.T.);
#2317=ADVANCED_FACE('',(#174),#31,.T.);
#2318=ADVANCED_FACE('',(#175),#59,.F.);
#2319=ADVANCED_FACE('',(#176),#2216,.T.);
#2320=ADVANCED_FACE('',(#177),#2217,.T.);
#2321=ADVANCED_FACE('',(#178),#100,.T.);
#2322=ADVANCED_FACE('',(#179),#2218,.T.);
#2323=ADVANCED_FACE('',(#180),#2219,.T.);
#2324=ADVANCED_FACE('',(#181),#32,.T.);
#2325=ADVANCED_FACE('',(#182),#2220,.T.);
#2326=ADVANCED_FACE('',(#183),#101,.T.);
#2327=ADVANCED_FACE('',(#184),#2221,.F.);
#2328=ADVANCED_FACE('',(#185),#2222,.T.);
#2329=ADVANCED_FACE('',(#186),#60,.F.);
#2330=ADVANCED_FACE('',(#187),#2223,.T.);
#2331=ADVANCED_FACE('',(#188),#61,.F.);
#2332=ADVANCED_FACE('',(#189),#62,.F.);
#2333=ADVANCED_FACE('',(#190),#63,.F.);
#2334=ADVANCED_FACE('',(#191),#64,.F.);
#2335=ADVANCED_FACE('',(#192),#65,.F.);
#2336=ADVANCED_FACE('',(#193),#66,.F.);
#2337=ADVANCED_FACE('',(#194),#67,.T.);
#2338=ADVANCED_FACE('',(#195),#68,.T.);
#2339=ADVANCED_FACE('',(#196),#69,.T.);
#2340=ADVANCED_FACE('',(#197),#2224,.T.);
#2341=ADVANCED_FACE('',(#198),#70,.F.);
#2342=ADVANCED_FACE('',(#199),#2225,.T.);
#2343=ADVANCED_FACE('',(#200),#71,.F.);
#2344=ADVANCED_FACE('',(#201),#72,.F.);
#2345=ADVANCED_FACE('',(#202),#2226,.T.);
#2346=ADVANCED_FACE('',(#203),#73,.T.);
#2347=ADVANCED_FACE('',(#204),#2227,.T.);
#2348=ADVANCED_FACE('',(#205),#2228,.F.);
#2349=ADVANCED_FACE('',(#206),#2229,.F.);
#2350=ADVANCED_FACE('',(#207),#74,.T.);
#2351=ADVANCED_FACE('',(#208),#2230,.T.);
#2352=ADVANCED_FACE('',(#209),#75,.T.);
#2353=ADVANCED_FACE('',(#210),#2231,.F.);
#2354=ADVANCED_FACE('',(#211),#2232,.T.);
#2355=ADVANCED_FACE('',(#212),#2233,.F.);
#2356=ADVANCED_FACE('',(#213),#2234,.T.);
#2357=ADVANCED_FACE('',(#214),#2235,.F.);
#2358=ADVANCED_FACE('',(#215),#2236,.F.);
#2359=ADVANCED_FACE('',(#216),#76,.F.);
#2360=ADVANCED_FACE('',(#217),#2237,.F.);
#2361=ADVANCED_FACE('',(#218),#77,.F.);
#2362=ADVANCED_FACE('',(#219),#2238,.F.);
#2363=ADVANCED_FACE('',(#220),#78,.F.);
#2364=ADVANCED_FACE('',(#221),#79,.F.);
#2365=ADVANCED_FACE('',(#222),#80,.F.);
#2366=ADVANCED_FACE('',(#223),#81,.F.);
#2367=ADVANCED_FACE('',(#224),#2239,.F.);
#2368=ADVANCED_FACE('',(#225),#82,.F.);
#2369=ADVANCED_FACE('',(#226),#2240,.F.);
#2370=ADVANCED_FACE('',(#227),#83,.F.);
#2371=ADVANCED_FACE('',(#228),#2241,.F.);
#2372=ADVANCED_FACE('',(#229),#84,.F.);
#2373=ADVANCED_FACE('',(#230),#102,.T.);
#2374=ADVANCED_FACE('',(#231),#16,.F.);
#2375=ADVANCED_FACE('',(#232),#2242,.T.);
#2376=ADVANCED_FACE('',(#233),#17,.F.);
#2377=ADVANCED_FACE('',(#234),#2243,.T.);
#2378=ADVANCED_FACE('',(#235),#18,.T.);
#2379=ADVANCED_FACE('',(#236),#103,.T.);
#2380=ADVANCED_FACE('',(#237),#19,.F.);
#2381=ADVANCED_FACE('',(#238),#20,.F.);
#2382=ADVANCED_FACE('',(#239),#2244,.T.);
#2383=ADVANCED_FACE('',(#240),#21,.T.);
#2384=ADVANCED_FACE('',(#241),#22,.T.);
#2385=ADVANCED_FACE('',(#242),#23,.T.);
#2386=ADVANCED_FACE('',(#243),#2245,.F.);
#2387=ADVANCED_FACE('',(#244),#2246,.T.);
#2388=ADVANCED_FACE('',(#245),#85,.F.);
#2389=ADVANCED_FACE('',(#246),#86,.F.);
#2390=ADVANCED_FACE('',(#247),#87,.F.);
#2391=ADVANCED_FACE('',(#248),#88,.T.);
#2392=CLOSED_SHELL('',(#2247,#2248,#2249,#2250,#2251,#2252,#2253,#2254,
#2255,#2256,#2257,#2258,#2259,#2260,#2261,#2262,#2263,#2264,#2265,#2266,
#2267,#2268,#2269,#2270,#2271,#2272,#2273,#2274,#2275,#2276,#2277,#2278,
#2279,#2280,#2281,#2282,#2283,#2284,#2285,#2286,#2287,#2288,#2289,#2290,
#2291,#2292,#2293,#2294,#2295,#2296,#2297,#2298,#2299,#2300,#2301,#2302,
#2303,#2304,#2305,#2306,#2307,#2308,#2309,#2310,#2311,#2312,#2313,#2314,
#2315,#2316,#2317,#2318,#2319,#2320,#2321,#2322,#2323,#2324,#2325,#2326,
#2327,#2328,#2329,#2330,#2331,#2332,#2333,#2334,#2335,#2336,#2337,#2338,
#2339,#2340,#2341,#2342,#2343,#2344,#2345,#2346,#2347,#2348,#2349,#2350,
#2351,#2352,#2353,#2354,#2355,#2356,#2357,#2358,#2359,#2360,#2361,#2362,
#2363,#2364,#2365,#2366,#2367,#2368,#2369,#2370,#2371,#2372,#2373,#2374,
#2375,#2376,#2377,#2378,#2379,#2380,#2381,#2382,#2383,#2384,#2385,#2386,
#2387,#2388,#2389,#2390,#2391));
#2393=DERIVED_UNIT_ELEMENT(#2395,1.);
#2394=DERIVED_UNIT_ELEMENT(#4935,-3.);
#2395=(
MASS_UNIT()
NAMED_UNIT(*)
SI_UNIT(.KILO.,.GRAM.)
);
#2396=DERIVED_UNIT((#2393,#2394));
#2397=MEASURE_REPRESENTATION_ITEM('density measure',
POSITIVE_RATIO_MEASURE(2700.),#2396);
#2398=PROPERTY_DEFINITION_REPRESENTATION(#2403,#2400);
#2399=PROPERTY_DEFINITION_REPRESENTATION(#2404,#2401);
#2400=REPRESENTATION('material name',(#2402),#4932);
#2401=REPRESENTATION('density',(#2397),#4932);
#2402=DESCRIPTIVE_REPRESENTATION_ITEM('Aluminum 6061','Aluminum 6061');
#2403=PROPERTY_DEFINITION('material property','material name',#4942);
#2404=PROPERTY_DEFINITION('material property','density of part',#4942);
#2405=AXIS2_PLACEMENT_3D('',#3445,#2697,#2698);
#2406=AXIS2_PLACEMENT_3D('',#3446,#2699,#2700);
#2407=AXIS2_PLACEMENT_3D('',#3453,#2703,#2704);
#2408=AXIS2_PLACEMENT_3D('',#3454,#2705,#2706);
#2409=AXIS2_PLACEMENT_3D('',#3456,#2707,#2708);
#2410=AXIS2_PLACEMENT_3D('',#3458,#2709,#2710);
#2411=AXIS2_PLACEMENT_3D('',#3460,#2711,#2712);
#2412=AXIS2_PLACEMENT_3D('',#3485,#2715,#2716);
#2413=AXIS2_PLACEMENT_3D('',#3487,#2718,#2719);
#2414=AXIS2_PLACEMENT_3D('',#3489,#2720,#2721);
#2415=AXIS2_PLACEMENT_3D('',#3490,#2722,#2723);
#2416=AXIS2_PLACEMENT_3D('',#3491,#2724,#2725);
#2417=AXIS2_PLACEMENT_3D('',#3494,#2726,#2727);
#2418=AXIS2_PLACEMENT_3D('',#3496,#2728,#2729);
#2419=AXIS2_PLACEMENT_3D('',#3498,#2730,#2731);
#2420=AXIS2_PLACEMENT_3D('',#3499,#2732,#2733);
#2421=AXIS2_PLACEMENT_3D('',#3500,#2734,#2735);
#2422=AXIS2_PLACEMENT_3D('',#3520,#2736,#2737);
#2423=AXIS2_PLACEMENT_3D('',#3521,#2738,#2739);
#2424=AXIS2_PLACEMENT_3D('',#3523,#2740,#2741);
#2425=AXIS2_PLACEMENT_3D('',#3525,#2742,#2743);
#2426=AXIS2_PLACEMENT_3D('',#3526,#2744,#2745);
#2427=AXIS2_PLACEMENT_3D('',#3527,#2746,#2747);
#2428=AXIS2_PLACEMENT_3D('',#3529,#2748,#2749);
#2429=AXIS2_PLACEMENT_3D('',#3530,#2750,#2751);
#2430=AXIS2_PLACEMENT_3D('',#3531,#2752,#2753);
#2431=AXIS2_PLACEMENT_3D('',#3533,#2754,#2755);
#2432=AXIS2_PLACEMENT_3D('',#3534,#2756,#2757);
#2433=AXIS2_PLACEMENT_3D('',#3535,#2758,#2759);
#2434=AXIS2_PLACEMENT_3D('',#3536,#2760,#2761);
#2435=AXIS2_PLACEMENT_3D('',#3537,#2762,#2763);
#2436=AXIS2_PLACEMENT_3D('',#3554,#2766,#2767);
#2437=AXIS2_PLACEMENT_3D('',#3569,#2770,#2771);
#2438=AXIS2_PLACEMENT_3D('',#3572,#2773,#2774);
#2439=AXIS2_PLACEMENT_3D('',#3573,#2775,#2776);
#2440=AXIS2_PLACEMENT_3D('',#3576,#2777,#2778);
#2441=AXIS2_PLACEMENT_3D('',#3580,#2780,#2781);
#2442=AXIS2_PLACEMENT_3D('',#3582,#2783,#2784);
#2443=AXIS2_PLACEMENT_3D('',#3585,#2785,#2786);
#2444=AXIS2_PLACEMENT_3D('',#3586,#2787,#2788);
#2445=AXIS2_PLACEMENT_3D('',#3587,#2789,#2790);
#2446=AXIS2_PLACEMENT_3D('',#3588,#2791,#2792);
#2447=AXIS2_PLACEMENT_3D('',#3591,#2793,#2794);
#2448=AXIS2_PLACEMENT_3D('',#3594,#2797,#2798);
#2449=AXIS2_PLACEMENT_3D('',#3596,#2799,#2800);
#2450=AXIS2_PLACEMENT_3D('',#3603,#2804,#2805);
#2451=AXIS2_PLACEMENT_3D('',#3605,#2807,#2808);
#2452=AXIS2_PLACEMENT_3D('',#3606,#2809,#2810);
#2453=AXIS2_PLACEMENT_3D('',#3607,#2811,#2812);
#2454=AXIS2_PLACEMENT_3D('',#3608,#2813,#2814);
#2455=AXIS2_PLACEMENT_3D('',#3609,#2815,#2816);
#2456=AXIS2_PLACEMENT_3D('',#3613,#2818,#2819);
#2457=AXIS2_PLACEMENT_3D('',#3615,#2821,#2822);
#2458=AXIS2_PLACEMENT_3D('',#3619,#2824,#2825);
#2459=AXIS2_PLACEMENT_3D('',#3629,#2830,#2831);
#2460=AXIS2_PLACEMENT_3D('',#3630,#2832,#2833);
#2461=AXIS2_PLACEMENT_3D('',#3644,#2840,#2841);
#2462=AXIS2_PLACEMENT_3D('',#3645,#2842,#2843);
#2463=AXIS2_PLACEMENT_3D('',#3653,#2847,#2848);
#2464=AXIS2_PLACEMENT_3D('',#3656,#2850,#2851);
#2465=AXIS2_PLACEMENT_3D('',#3657,#2852,#2853);
#2466=AXIS2_PLACEMENT_3D('',#3661,#2855,#2856);
#2467=AXIS2_PLACEMENT_3D('',#3665,#2858,#2859);
#2468=AXIS2_PLACEMENT_3D('',#3673,#2863,#2864);
#2469=AXIS2_PLACEMENT_3D('',#3683,#2869,#2870);
#2470=AXIS2_PLACEMENT_3D('',#3685,#2871,#2872);
#2471=AXIS2_PLACEMENT_3D('',#3695,#2877,#2878);
#2472=AXIS2_PLACEMENT_3D('',#3699,#2880,#2881);
#2473=AXIS2_PLACEMENT_3D('',#3702,#2883,#2884);
#2474=AXIS2_PLACEMENT_3D('',#3704,#2885,#2886);
#2475=AXIS2_PLACEMENT_3D('',#3706,#2887,#2888);
#2476=AXIS2_PLACEMENT_3D('',#3708,#2889,#2890);
#2477=AXIS2_PLACEMENT_3D('',#3710,#2891,#2892);
#2478=AXIS2_PLACEMENT_3D('',#3712,#2893,#2894);
#2479=AXIS2_PLACEMENT_3D('',#3713,#2895,#2896);
#2480=AXIS2_PLACEMENT_3D('',#3715,#2897,#2898);
#2481=AXIS2_PLACEMENT_3D('',#3716,#2899,#2900);
#2482=AXIS2_PLACEMENT_3D('',#3718,#2901,#2902);
#2483=AXIS2_PLACEMENT_3D('',#3719,#2903,#2904);
#2484=AXIS2_PLACEMENT_3D('',#3720,#2905,#2906);
#2485=AXIS2_PLACEMENT_3D('',#3721,#2907,#2908);
#2486=AXIS2_PLACEMENT_3D('',#3723,#2910,#2911);
#2487=AXIS2_PLACEMENT_3D('',#3724,#2912,#2913);
#2488=AXIS2_PLACEMENT_3D('',#3725,#2914,#2915);
#2489=AXIS2_PLACEMENT_3D('',#3727,#2916,#2917);
#2490=AXIS2_PLACEMENT_3D('',#3729,#2919,#2920);
#2491=AXIS2_PLACEMENT_3D('',#3731,#2921,#2922);
#2492=AXIS2_PLACEMENT_3D('',#3732,#2923,#2924);
#2493=AXIS2_PLACEMENT_3D('',#3733,#2925,#2926);
#2494=AXIS2_PLACEMENT_3D('',#3735,#2927,#2928);
#2495=AXIS2_PLACEMENT_3D('',#3737,#2930,#2931);
#2496=AXIS2_PLACEMENT_3D('',#3739,#2932,#2933);
#2497=AXIS2_PLACEMENT_3D('',#3742,#2935,#2936);
#2498=AXIS2_PLACEMENT_3D('',#3744,#2938,#2939);
#2499=AXIS2_PLACEMENT_3D('',#3745,#2940,#2941);
#2500=AXIS2_PLACEMENT_3D('',#3746,#2942,#2943);
#2501=AXIS2_PLACEMENT_3D('',#3748,#2944,#2945);
#2502=AXIS2_PLACEMENT_3D('',#3750,#2946,#2947);
#2503=AXIS2_PLACEMENT_3D('',#3752,#2949,#2950);
#2504=AXIS2_PLACEMENT_3D('',#3754,#2951,#2952);
#2505=AXIS2_PLACEMENT_3D('',#3755,#2953,#2954);
#2506=AXIS2_PLACEMENT_3D('',#3756,#2955,#2956);
#2507=AXIS2_PLACEMENT_3D('',#3758,#2958,#2959);
#2508=AXIS2_PLACEMENT_3D('',#3759,#2960,#2961);
#2509=AXIS2_PLACEMENT_3D('',#3760,#2962,#2963);
#2510=AXIS2_PLACEMENT_3D('',#3764,#2966,#2967);
#2511=AXIS2_PLACEMENT_3D('',#3767,#2969,#2970);
#2512=AXIS2_PLACEMENT_3D('',#3768,#2971,#2972);
#2513=AXIS2_PLACEMENT_3D('',#3769,#2973,#2974);
#2514=AXIS2_PLACEMENT_3D('',#3770,#2975,#2976);
#2515=AXIS2_PLACEMENT_3D('',#3773,#2978,#2979);
#2516=AXIS2_PLACEMENT_3D('',#3774,#2980,#2981);
#2517=AXIS2_PLACEMENT_3D('',#3777,#2983,#2984);
#2518=AXIS2_PLACEMENT_3D('',#3778,#2985,#2986);
#2519=AXIS2_PLACEMENT_3D('',#3782,#2989,#2990);
#2520=AXIS2_PLACEMENT_3D('',#3785,#2992,#2993);
#2521=AXIS2_PLACEMENT_3D('',#3786,#2994,#2995);
#2522=AXIS2_PLACEMENT_3D('',#3789,#2997,#2998);
#2523=AXIS2_PLACEMENT_3D('',#3791,#2999,#3000);
#2524=AXIS2_PLACEMENT_3D('',#3792,#3001,#3002);
#2525=AXIS2_PLACEMENT_3D('',#3795,#3004,#3005);
#2526=AXIS2_PLACEMENT_3D('',#3796,#3006,#3007);
#2527=AXIS2_PLACEMENT_3D('',#3800,#3010,#3011);
#2528=AXIS2_PLACEMENT_3D('',#3801,#3012,#3013);
#2529=AXIS2_PLACEMENT_3D('',#3802,#3014,#3015);
#2530=AXIS2_PLACEMENT_3D('',#3806,#3017,#3018);
#2531=AXIS2_PLACEMENT_3D('',#3808,#3020,#3021);
#2532=AXIS2_PLACEMENT_3D('',#3810,#3022,#3023);
#2533=AXIS2_PLACEMENT_3D('',#3814,#3026,#3027);
#2534=AXIS2_PLACEMENT_3D('',#3818,#3029,#3030);
#2535=AXIS2_PLACEMENT_3D('',#3820,#3032,#3033);
#2536=AXIS2_PLACEMENT_3D('',#3824,#3036,#3037);
#2537=AXIS2_PLACEMENT_3D('',#3827,#3038,#3039);
#2538=AXIS2_PLACEMENT_3D('',#3831,#3041,#3042);
#2539=AXIS2_PLACEMENT_3D('',#3833,#3044,#3045);
#2540=AXIS2_PLACEMENT_3D('',#3834,#3046,#3047);
#2541=AXIS2_PLACEMENT_3D('',#3837,#3049,#3050);
#2542=AXIS2_PLACEMENT_3D('',#3838,#3051,#3052);
#2543=AXIS2_PLACEMENT_3D('',#3839,#3053,#3054);
#2544=AXIS2_PLACEMENT_3D('',#3840,#3055,#3056);
#2545=AXIS2_PLACEMENT_3D('',#3849,#3062,#3063);
#2546=AXIS2_PLACEMENT_3D('',#3850,#3064,#3065);
#2547=AXIS2_PLACEMENT_3D('',#3851,#3066,#3067);
#2548=AXIS2_PLACEMENT_3D('',#3853,#3068,#3069);
#2549=AXIS2_PLACEMENT_3D('',#3897,#3071,#3072);
#2550=AXIS2_PLACEMENT_3D('',#3898,#3073,#3074);
#2551=AXIS2_PLACEMENT_3D('',#3899,#3075,#3076);
#2552=AXIS2_PLACEMENT_3D('',#3900,#3077,#3078);
#2553=AXIS2_PLACEMENT_3D('',#3903,#3079,#3080);
#2554=AXIS2_PLACEMENT_3D('',#3906,#3083,#3084);
#2555=AXIS2_PLACEMENT_3D('',#3917,#3087,#3088);
#2556=AXIS2_PLACEMENT_3D('',#3926,#3089,#3090);
#2557=AXIS2_PLACEMENT_3D('',#3929,#3092,#3093);
#2558=AXIS2_PLACEMENT_3D('',#3930,#3094,#3095);
#2559=AXIS2_PLACEMENT_3D('',#3932,#3096,#3097);
#2560=AXIS2_PLACEMENT_3D('',#3955,#3100,#3101);
#2561=AXIS2_PLACEMENT_3D('',#3956,#3102,#3103);
#2562=AXIS2_PLACEMENT_3D('',#3957,#3104,#3105);
#2563=AXIS2_PLACEMENT_3D('',#3960,#3107,#3108);
#2564=AXIS2_PLACEMENT_3D('',#3961,#3109,#3110);
#2565=AXIS2_PLACEMENT_3D('',#3964,#3112,#3113);
#2566=AXIS2_PLACEMENT_3D('',#3965,#3114,#3115);
#2567=AXIS2_PLACEMENT_3D('',#3969,#3118,#3119);
#2568=AXIS2_PLACEMENT_3D('',#3972,#3120,#3121);
#2569=AXIS2_PLACEMENT_3D('',#3976,#3123,#3124);
#2570=AXIS2_PLACEMENT_3D('',#3978,#3126,#3127);
#2571=AXIS2_PLACEMENT_3D('',#3979,#3128,#3129);
#2572=AXIS2_PLACEMENT_3D('',#3982,#3131,#3132);
#2573=AXIS2_PLACEMENT_3D('',#3983,#3133,#3134);
#2574=AXIS2_PLACEMENT_3D('',#3984,#3135,#3136);
#2575=AXIS2_PLACEMENT_3D('',#3985,#3137,#3138);
#2576=AXIS2_PLACEMENT_3D('',#3991,#3142,#3143);
#2577=AXIS2_PLACEMENT_3D('',#3992,#3144,#3145);
#2578=AXIS2_PLACEMENT_3D('',#3993,#3146,#3147);
#2579=AXIS2_PLACEMENT_3D('',#3996,#3149,#3150);
#2580=AXIS2_PLACEMENT_3D('',#3997,#3151,#3152);
#2581=AXIS2_PLACEMENT_3D('',#3999,#3153,#3154);
#2582=AXIS2_PLACEMENT_3D('',#4002,#3156,#3157);
#2583=AXIS2_PLACEMENT_3D('',#4003,#3158,#3159);
#2584=AXIS2_PLACEMENT_3D('',#4019,#3160,#3161);
#2585=AXIS2_PLACEMENT_3D('',#4021,#3163,#3164);
#2586=AXIS2_PLACEMENT_3D('',#4022,#3165,#3166);
#2587=AXIS2_PLACEMENT_3D('',#4028,#3169,#3170);
#2588=AXIS2_PLACEMENT_3D('',#4030,#3171,#3172);
#2589=AXIS2_PLACEMENT_3D('',#4037,#3176,#3177);
#2590=AXIS2_PLACEMENT_3D('',#4038,#3178,#3179);
#2591=AXIS2_PLACEMENT_3D('',#4041,#3181,#3182);
#2592=AXIS2_PLACEMENT_3D('',#4042,#3183,#3184);
#2593=AXIS2_PLACEMENT_3D('',#4044,#3186,#3187);
#2594=AXIS2_PLACEMENT_3D('',#4045,#3188,#3189);
#2595=AXIS2_PLACEMENT_3D('',#4046,#3190,#3191);
#2596=AXIS2_PLACEMENT_3D('',#4047,#3192,#3193);
#2597=AXIS2_PLACEMENT_3D('',#4078,#3196,#3197);
#2598=AXIS2_PLACEMENT_3D('',#4080,#3198,#3199);
#2599=AXIS2_PLACEMENT_3D('',#4093,#3201,#3202);
#2600=AXIS2_PLACEMENT_3D('',#4094,#3203,#3204);
#2601=AXIS2_PLACEMENT_3D('',#4095,#3205,#3206);
#2602=AXIS2_PLACEMENT_3D('',#4120,#3209,#3210);
#2603=AXIS2_PLACEMENT_3D('',#4122,#3211,#3212);
#2604=AXIS2_PLACEMENT_3D('',#4123,#3213,#3214);
#2605=AXIS2_PLACEMENT_3D('',#4124,#3215,#3216);
#2606=AXIS2_PLACEMENT_3D('',#4127,#3218,#3219);
#2607=AXIS2_PLACEMENT_3D('',#4128,#3220,#3221);
#2608=AXIS2_PLACEMENT_3D('',#4130,#3223,#3224);
#2609=AXIS2_PLACEMENT_3D('',#4134,#3227,#3228);
#2610=AXIS2_PLACEMENT_3D('',#4137,#3230,#3231);
#2611=AXIS2_PLACEMENT_3D('',#4138,#3232,#3233);
#2612=AXIS2_PLACEMENT_3D('',#4144,#3237,#3238);
#2613=AXIS2_PLACEMENT_3D('',#4146,#3240,#3241);
#2614=AXIS2_PLACEMENT_3D('',#4148,#3243,#3244);
#2615=AXIS2_PLACEMENT_3D('',#4150,#3246,#3247);
#2616=AXIS2_PLACEMENT_3D('',#4151,#3248,#3249);
#2617=AXIS2_PLACEMENT_3D('',#4153,#3251,#3252);
#2618=AXIS2_PLACEMENT_3D('',#4155,#3254,#3255);
#2619=AXIS2_PLACEMENT_3D('',#4159,#3258,#3259);
#2620=AXIS2_PLACEMENT_3D('',#4163,#3262,#3263);
#2621=AXIS2_PLACEMENT_3D('',#4165,#3264,#3265);
#2622=AXIS2_PLACEMENT_3D('',#4169,#3268,#3269);
#2623=AXIS2_PLACEMENT_3D('',#4171,#3271,#3272);
#2624=AXIS2_PLACEMENT_3D('',#4174,#3274,#3275);
#2625=AXIS2_PLACEMENT_3D('',#4175,#3276,#3277);
#2626=AXIS2_PLACEMENT_3D('',#4177,#3279,#3280);
#2627=AXIS2_PLACEMENT_3D('',#4178,#3281,#3282);
#2628=AXIS2_PLACEMENT_3D('',#4179,#3283,#3284);
#2629=AXIS2_PLACEMENT_3D('',#4194,#3286,#3287);
#2630=AXIS2_PLACEMENT_3D('',#4196,#3288,#3289);
#2631=AXIS2_PLACEMENT_3D('',#4207,#3291,#3292);
#2632=AXIS2_PLACEMENT_3D('',#4209,#3294,#3295);
#2633=AXIS2_PLACEMENT_3D('',#4221,#3297,#3298);
#2634=AXIS2_PLACEMENT_3D('',#4222,#3299,#3300);
#2635=AXIS2_PLACEMENT_3D('',#4225,#3302,#3303);
#2636=AXIS2_PLACEMENT_3D('',#4228,#3305,#3306);
#2637=AXIS2_PLACEMENT_3D('',#4230,#3307,#3308);
#2638=AXIS2_PLACEMENT_3D('',#4237,#3310,#3311);
#2639=AXIS2_PLACEMENT_3D('',#4238,#3312,#3313);
#2640=AXIS2_PLACEMENT_3D('',#4249,#3315,#3316);
#2641=AXIS2_PLACEMENT_3D('',#4250,#3317,#3318);
#2642=AXIS2_PLACEMENT_3D('',#4251,#3319,#3320);
#2643=AXIS2_PLACEMENT_3D('',#4266,#3322,#3323);
#2644=AXIS2_PLACEMENT_3D('',#4270,#3326,#3327);
#2645=AXIS2_PLACEMENT_3D('',#4272,#3329,#3330);
#2646=AXIS2_PLACEMENT_3D('',#4273,#3331,#3332);
#2647=AXIS2_PLACEMENT_3D('',#4274,#3333,#3334);
#2648=AXIS2_PLACEMENT_3D('',#4276,#3336,#3337);
#2649=AXIS2_PLACEMENT_3D('',#4279,#3339,#3340);
#2650=AXIS2_PLACEMENT_3D('',#4280,#3341,#3342);
#2651=AXIS2_PLACEMENT_3D('',#4281,#3343,#3344);
#2652=AXIS2_PLACEMENT_3D('',#4284,#3346,#3347);
#2653=AXIS2_PLACEMENT_3D('',#4285,#3348,#3349);
#2654=AXIS2_PLACEMENT_3D('',#4288,#3351,#3352);
#2655=AXIS2_PLACEMENT_3D('',#4289,#3353,#3354);
#2656=AXIS2_PLACEMENT_3D('',#4290,#3355,#3356);
#2657=AXIS2_PLACEMENT_3D('',#4293,#3358,#3359);
#2658=AXIS2_PLACEMENT_3D('',#4294,#3360,#3361);
#2659=AXIS2_PLACEMENT_3D('',#4295,#3362,#3363);
#2660=AXIS2_PLACEMENT_3D('',#4298,#3365,#3366);
#2661=AXIS2_PLACEMENT_3D('',#4299,#3367,#3368);
#2662=AXIS2_PLACEMENT_3D('',#4300,#3369,#3370);
#2663=AXIS2_PLACEMENT_3D('',#4301,#3371,#3372);
#2664=AXIS2_PLACEMENT_3D('',#4302,#3373,#3374);
#2665=AXIS2_PLACEMENT_3D('',#4303,#3375,#3376);
#2666=AXIS2_PLACEMENT_3D('',#4306,#3378,#3379);
#2667=AXIS2_PLACEMENT_3D('',#4307,#3380,#3381);
#2668=AXIS2_PLACEMENT_3D('',#4308,#3382,#3383);
#2669=AXIS2_PLACEMENT_3D('',#4311,#3385,#3386);
#2670=AXIS2_PLACEMENT_3D('',#4312,#3387,#3388);
#2671=AXIS2_PLACEMENT_3D('',#4313,#3389,#3390);
#2672=AXIS2_PLACEMENT_3D('',#4316,#3392,#3393);
#2673=AXIS2_PLACEMENT_3D('',#4317,#3394,#3395);
#2674=AXIS2_PLACEMENT_3D('',#4318,#3396,#3397);
#2675=AXIS2_PLACEMENT_3D('',#4320,#3398,#3399);
#2676=AXIS2_PLACEMENT_3D('',#4321,#3400,#3401);
#2677=AXIS2_PLACEMENT_3D('',#4348,#3402,#3403);
#2678=AXIS2_PLACEMENT_3D('',#4355,#3404,#3405);
#2679=AXIS2_PLACEMENT_3D('',#4356,#3406,#3407);
#2680=AXIS2_PLACEMENT_3D('',#4382,#3409,#3410);
#2681=AXIS2_PLACEMENT_3D('',#4608,#3411,#3412);
#2682=AXIS2_PLACEMENT_3D('',#4609,#3413,#3414);
#2683=AXIS2_PLACEMENT_3D('',#4611,#3415,#3416);
#2684=AXIS2_PLACEMENT_3D('',#4612,#3417,#3418);
#2685=AXIS2_PLACEMENT_3D('',#4639,#3419,#3420);
#2686=AXIS2_PLACEMENT_3D('',#4669,#3421,#3422);
#2687=AXIS2_PLACEMENT_3D('',#4799,#3423,#3424);
#2688=AXIS2_PLACEMENT_3D('',#4866,#3426,#3427);
#2689=AXIS2_PLACEMENT_3D('',#4921,#3428,#3429);
#2690=AXIS2_PLACEMENT_3D('',#4922,#3430,#3431);
#2691=AXIS2_PLACEMENT_3D('',#4923,#3432,#3433);
#2692=AXIS2_PLACEMENT_3D('',#4925,#3435,#3436);
#2693=AXIS2_PLACEMENT_3D('',#4926,#3437,#3438);
#2694=AXIS2_PLACEMENT_3D('',#4927,#3439,#3440);
#2695=AXIS2_PLACEMENT_3D('',#4928,#3441,#3442);
#2696=AXIS2_PLACEMENT_3D('',#4929,#3443,#3444);
#2697=DIRECTION('axis',(0.,0.,1.));
#2698=DIRECTION('refdir',(1.,0.,0.));
#2699=DIRECTION('center_axis',(0.,0.,1.));
#2700=DIRECTION('ref_axis',(1.,0.,0.));
#2701=DIRECTION('',(0.,0.,-1.));
#2702=DIRECTION('',(0.,0.,-1.));
#2703=DIRECTION('center_axis',(0.,0.,-1.));
#2704=DIRECTION('ref_axis',(1.,0.,0.));
#2705=DIRECTION('center_axis',(0.,0.,-1.));
#2706=DIRECTION('ref_axis',(1.,0.,0.));
#2707=DIRECTION('center_axis',(0.,0.707106781186547,-0.707106781186548));
#2708=DIRECTION('ref_axis',(0.,-0.707106781186548,-0.707106781186547));
#2709=DIRECTION('center_axis',(0.707106781186548,0.,-0.707106781186547));
#2710=DIRECTION('ref_axis',(-0.707106781186547,0.,-0.707106781186547));
#2711=DIRECTION('center_axis',(0.707106781186548,0.,0.707106781186547));
#2712=DIRECTION('ref_axis',(0.707106781186547,0.,-0.707106781186547));
#2713=DIRECTION('',(0.,0.,-1.));
#2714=DIRECTION('',(0.,0.,-1.));
#2715=DIRECTION('center_axis',(0.,0.,1.));
#2716=DIRECTION('ref_axis',(-0.707106781186548,-0.707106781186547,0.));
#2717=DIRECTION('',(0.,0.,-1.));
#2718=DIRECTION('center_axis',(0.,0.,-1.));
#2719=DIRECTION('ref_axis',(-1.,0.,0.));
#2720=DIRECTION('center_axis',(0.,0.,1.));
#2721=DIRECTION('ref_axis',(1.,0.,0.));
#2722=DIRECTION('center_axis',(0.,-1.,0.));
#2723=DIRECTION('ref_axis',(1.,0.,0.));
#2724=DIRECTION('center_axis',(0.,0.,1.));
#2725=DIRECTION('ref_axis',(1.,0.,0.));
#2726=DIRECTION('center_axis',(0.,0.,-1.));
#2727=DIRECTION('ref_axis',(-0.691979209378293,-0.721917428649698,0.));
#2728=DIRECTION('center_axis',(0.,0.,1.));
#2729=DIRECTION('ref_axis',(0.707106781186548,0.707106781186547,0.));
#2730=DIRECTION('center_axis',(0.,0.,-1.));
#2731=DIRECTION('ref_axis',(-0.721917428649699,-0.691979209378293,0.));
#2732=DIRECTION('center_axis',(0.,0.,-1.));
#2733=DIRECTION('ref_axis',(0.707106781186548,0.707106781186547,0.));
#2734=DIRECTION('center_axis',(0.,0.,1.));
#2735=DIRECTION('ref_axis',(1.,0.,0.));
#2736=DIRECTION('center_axis',(0.,0.707106781186548,0.707106781186548));
#2737=DIRECTION('ref_axis',(0.,0.707106781186547,-0.707106781186547));
#2738=DIRECTION('center_axis',(0.,0.,-1.));
#2739=DIRECTION('ref_axis',(-1.,0.,0.));
#2740=DIRECTION('center_axis',(-0.899922644159819,0.436049578062403,0.));
#2741=DIRECTION('ref_axis',(-0.436049578062403,-0.899922644159819,0.));
#2742=DIRECTION('center_axis',(0.473752066526475,-0.880658264857541,0.));
#2743=DIRECTION('ref_axis',(0.,0.,1.));
#2744=DIRECTION('center_axis',(0.,0.,1.));
#2745=DIRECTION('ref_axis',(-0.691979209378293,-0.721917428649698,0.));
#2746=DIRECTION('center_axis',(0.,0.,1.));
#2747=DIRECTION('ref_axis',(0.707106781186548,0.707106781186547,0.));
#2748=DIRECTION('center_axis',(0.880658264857543,-0.47375206652647,0.));
#2749=DIRECTION('ref_axis',(0.,0.,1.));
#2750=DIRECTION('center_axis',(0.,0.,1.));
#2751=DIRECTION('ref_axis',(0.707106781186548,0.707106781186547,0.));
#2752=DIRECTION('center_axis',(0.,0.,-1.));
#2753=DIRECTION('ref_axis',(-1.,0.,0.));
#2754=DIRECTION('center_axis',(0.436049578062403,-0.899922644159819,0.));
#2755=DIRECTION('ref_axis',(0.,0.,1.));
#2756=DIRECTION('center_axis',(0.,0.,1.));
#2757=DIRECTION('ref_axis',(-0.721917428649699,-0.691979209378293,0.));
#2758=DIRECTION('center_axis',(0.,0.,-1.));
#2759=DIRECTION('ref_axis',(-1.,0.,0.));
#2760=DIRECTION('center_axis',(0.,0.,-1.));
#2761=DIRECTION('ref_axis',(0.707106781186548,0.707106781186547,0.));
#2762=DIRECTION('center_axis',(0.,0.,1.));
#2763=DIRECTION('ref_axis',(1.,-1.38777878078145E-15,0.));
#2764=DIRECTION('',(0.,0.,1.));
#2765=DIRECTION('',(0.,0.,-1.));
#2766=DIRECTION('center_axis',(0.,0.,1.));
#2767=DIRECTION('ref_axis',(0.707106781186548,0.707106781186547,0.));
#2768=DIRECTION('',(0.,0.,1.));
#2769=DIRECTION('',(0.,0.,-1.));
#2770=DIRECTION('center_axis',(0.,0.,1.));
#2771=DIRECTION('ref_axis',(-0.691979209378293,-0.721917428649698,0.));
#2772=DIRECTION('',(0.,0.,-1.));
#2773=DIRECTION('center_axis',(-2.0609390924599E-12,9.98609855537597E-13,
-1.));
#2774=DIRECTION('ref_axis',(-0.436049578062403,-0.899922644159819,0.));
#2775=DIRECTION('center_axis',(0.,0.,1.));
#2776=DIRECTION('ref_axis',(0.707106781557567,0.707106780815528,0.));
#2777=DIRECTION('center_axis',(0.,0.,1.));
#2778=DIRECTION('ref_axis',(1.,-1.0493739210915E-9,0.));
#2779=DIRECTION('',(0.,0.,1.));
#2780=DIRECTION('center_axis',(0.,0.,-1.));
#2781=DIRECTION('ref_axis',(0.,1.,0.));
#2782=DIRECTION('',(0.,0.,-1.));
#2783=DIRECTION('center_axis',(0.,1.,0.));
#2784=DIRECTION('ref_axis',(0.,0.,1.));
#2785=DIRECTION('center_axis',(-2.22044587123163E-15,0.,1.));
#2786=DIRECTION('ref_axis',(0.,1.,0.));
#2787=DIRECTION('center_axis',(0.,1.,0.));
#2788=DIRECTION('ref_axis',(0.,0.,1.));
#2789=DIRECTION('center_axis',(0.,-1.,0.));
#2790=DIRECTION('ref_axis',(0.,0.,1.));
#2791=DIRECTION('center_axis',(0.,0.,1.));
#2792=DIRECTION('ref_axis',(-0.707106781186549,0.707106781186546,0.));
#2793=DIRECTION('center_axis',(0.,0.,1.));
#2794=DIRECTION('ref_axis',(0.,1.,0.));
#2795=DIRECTION('',(0.,0.,1.));
#2796=DIRECTION('',(0.,0.,-1.));
#2797=DIRECTION('center_axis',(-1.,0.,0.));
#2798=DIRECTION('ref_axis',(0.,0.707106781186546,-0.707106781186549));
#2799=DIRECTION('center_axis',(-1.,0.,0.));
#2800=DIRECTION('ref_axis',(0.,1.,0.));
#2801=DIRECTION('',(-1.,0.,0.));
#2802=DIRECTION('',(-1.,0.,0.));
#2803=DIRECTION('',(-1.,0.,0.));
#2804=DIRECTION('center_axis',(1.,0.,-4.44089209850063E-15));
#2805=DIRECTION('ref_axis',(-4.44089209850063E-15,0.,-1.));
#2806=DIRECTION('',(1.,0.,0.));
#2807=DIRECTION('center_axis',(0.408248290463865,-0.40824829046386,-0.816496580927727));
#2808=DIRECTION('ref_axis',(-0.577350269189627,0.577350269189623,-0.577350269189627));
#2809=DIRECTION('center_axis',(0.,1.,0.));
#2810=DIRECTION('ref_axis',(-0.707106781186548,0.,-0.707106781186547));
#2811=DIRECTION('center_axis',(0.408248290178258,-0.81649658121333,-0.40824829017826));
#2812=DIRECTION('ref_axis',(0.577350269391579,0.57735026878572,-0.577350269391578));
#2813=DIRECTION('center_axis',(1.0493781117925E-9,1.,0.));
#2814=DIRECTION('ref_axis',(0.707106781186546,-7.4202866073847E-10,-0.707106781186549));
#2815=DIRECTION('center_axis',(0.,-1.,0.));
#2816=DIRECTION('ref_axis',(-0.707106781186548,0.,-0.707106781186547));
#2817=DIRECTION('',(0.,-1.,0.));
#2818=DIRECTION('center_axis',(0.,1.,0.));
#2819=DIRECTION('ref_axis',(0.,0.,-1.));
#2820=DIRECTION('',(0.,1.,0.));
#2821=DIRECTION('center_axis',(0.,0.,1.));
#2822=DIRECTION('ref_axis',(1.,0.,0.));
#2823=DIRECTION('',(1.0493781117925E-9,1.,0.));
#2824=DIRECTION('center_axis',(0.,0.,-1.));
#2825=DIRECTION('ref_axis',(-0.707106781186547,-0.707106781186547,0.));
#2826=DIRECTION('',(-1.,0.,0.));
#2827=DIRECTION('',(0.,1.,0.));
#2828=DIRECTION('',(1.,1.05606498285587E-16,0.));
#2829=DIRECTION('',(0.,-1.,0.));
#2830=DIRECTION('center_axis',(0.,0.,1.));
#2831=DIRECTION('ref_axis',(-1.,0.,0.));
#2832=DIRECTION('center_axis',(0.,0.,1.));
#2833=DIRECTION('ref_axis',(-1.,0.,0.));
#2834=DIRECTION('',(0.,-1.,0.));
#2835=DIRECTION('',(1.,0.,0.));
#2836=DIRECTION('',(0.,-1.,0.));
#2837=DIRECTION('',(1.,1.05606498285587E-16,0.));
#2838=DIRECTION('',(0.,-1.,0.));
#2839=DIRECTION('',(-1.,0.,0.));
#2840=DIRECTION('center_axis',(0.,0.,1.));
#2841=DIRECTION('ref_axis',(-1.,0.,0.));
#2842=DIRECTION('center_axis',(0.,0.,1.));
#2843=DIRECTION('ref_axis',(-1.,0.,0.));
#2844=DIRECTION('',(-1.,0.,0.));
#2845=DIRECTION('',(0.,-1.,0.));
#2846=DIRECTION('',(-1.,0.,0.));
#2847=DIRECTION('center_axis',(0.,0.,1.));
#2848=DIRECTION('ref_axis',(-0.707106781186549,-0.707106781186546,0.));
#2849=DIRECTION('',(0.,1.,0.));
#2850=DIRECTION('center_axis',(0.,0.,1.));
#2851=DIRECTION('ref_axis',(-1.,0.,0.));
#2852=DIRECTION('center_axis',(0.,0.,1.));
#2853=DIRECTION('ref_axis',(1.,0.,0.));
#2854=DIRECTION('',(1.58409744468932E-16,-1.,0.));
#2855=DIRECTION('center_axis',(0.,0.,1.));
#2856=DIRECTION('ref_axis',(0.707106781186547,-0.707106781186548,0.));
#2857=DIRECTION('',(-1.,-3.5527136788005E-15,0.));
#2858=DIRECTION('center_axis',(0.,0.,-1.));
#2859=DIRECTION('ref_axis',(-0.999999670748739,-0.000811481616231363,0.));
#2860=DIRECTION('',(-0.999983895171562,0.00567533236999118,0.));
#2861=DIRECTION('',(-1.58409744468932E-16,1.,0.));
#2862=DIRECTION('',(2.65551319869119E-8,1.,0.));
#2863=DIRECTION('center_axis',(0.,0.,-1.));
#2864=DIRECTION('ref_axis',(-0.707106781186548,-0.707106781186547,0.));
#2865=DIRECTION('',(-1.,-2.65474065286391E-8,0.));
#2866=DIRECTION('',(2.32880381645373E-12,1.,0.));
#2867=DIRECTION('',(-1.,2.32865623158579E-12,0.));
#2868=DIRECTION('',(-2.32880381645373E-12,-1.,0.));
#2869=DIRECTION('center_axis',(0.,0.,1.));
#2870=DIRECTION('ref_axis',(-1.,0.,0.));
#2871=DIRECTION('center_axis',(0.,0.,1.));
#2872=DIRECTION('ref_axis',(-1.,0.,0.));
#2873=DIRECTION('',(-2.32880381645373E-12,-1.,0.));
#2874=DIRECTION('',(-1.,-1.84188831870118E-16,0.));
#2875=DIRECTION('',(0.,1.,0.));
#2876=DIRECTION('',(1.,0.,0.));
#2877=DIRECTION('center_axis',(0.,0.,1.));
#2878=DIRECTION('ref_axis',(-0.707106781186547,-0.707106781186548,0.));
#2879=DIRECTION('',(0.,-1.,0.));
#2880=DIRECTION('center_axis',(0.,0.,-1.));
#2881=DIRECTION('ref_axis',(0.707106781186548,0.707106781186547,0.));
#2882=DIRECTION('',(1.,0.,0.));
#2883=DIRECTION('center_axis',(0.,0.,1.));
#2884=DIRECTION('ref_axis',(-0.707106781186547,-0.707106781186547,0.));
#2885=DIRECTION('center_axis',(0.,0.,1.));
#2886=DIRECTION('ref_axis',(-1.,0.,0.));
#2887=DIRECTION('center_axis',(0.,0.,1.));
#2888=DIRECTION('ref_axis',(-1.,0.,0.));
#2889=DIRECTION('center_axis',(0.,0.,1.));
#2890=DIRECTION('ref_axis',(-1.,0.,0.));
#2891=DIRECTION('center_axis',(0.,0.,1.));
#2892=DIRECTION('ref_axis',(-0.846465369957935,0.532443778686516,0.));
#2893=DIRECTION('center_axis',(0.,0.,1.));
#2894=DIRECTION('ref_axis',(-1.,0.,0.));
#2895=DIRECTION('center_axis',(0.,1.,0.));
#2896=DIRECTION('ref_axis',(-1.,0.,0.));
#2897=DIRECTION('center_axis',(0.,-1.,0.));
#2898=DIRECTION('ref_axis',(-1.,0.,0.));
#2899=DIRECTION('center_axis',(0.,0.,1.));
#2900=DIRECTION('ref_axis',(1.,0.,0.));
#2901=DIRECTION('center_axis',(-1.,0.,0.));
#2902=DIRECTION('ref_axis',(0.,0.,-1.));
#2903=DIRECTION('center_axis',(0.,0.,-1.));
#2904=DIRECTION('ref_axis',(-0.707106781186548,-0.707106781186548,0.));
#2905=DIRECTION('center_axis',(-1.,0.,0.));
#2906=DIRECTION('ref_axis',(0.,-0.707106781186548,-0.707106781186547));
#2907=DIRECTION('center_axis',(-1.,0.,0.));
#2908=DIRECTION('ref_axis',(0.,0.,-1.));
#2909=DIRECTION('',(-1.,0.,0.));
#2910=DIRECTION('center_axis',(0.,0.,1.));
#2911=DIRECTION('ref_axis',(1.,0.,0.));
#2912=DIRECTION('center_axis',(1.11022302462516E-15,1.,0.));
#2913=DIRECTION('ref_axis',(0.,0.,-1.));
#2914=DIRECTION('center_axis',(0.,1.,0.));
#2915=DIRECTION('ref_axis',(-0.707106781186548,0.,-0.707106781186547));
#2916=DIRECTION('center_axis',(0.,1.,0.));
#2917=DIRECTION('ref_axis',(0.,0.,-1.));
#2918=DIRECTION('',(0.,1.,0.));
#2919=DIRECTION('center_axis',(0.,0.,1.));
#2920=DIRECTION('ref_axis',(1.,0.,0.));
#2921=DIRECTION('center_axis',(-1.,0.,0.));
#2922=DIRECTION('ref_axis',(0.,0.,-1.));
#2923=DIRECTION('center_axis',(0.,0.,-1.));
#2924=DIRECTION('ref_axis',(-0.707106781186548,-0.707106781186548,0.));
#2925=DIRECTION('center_axis',(1.,0.,0.));
#2926=DIRECTION('ref_axis',(0.,-0.707106781186548,-0.707106781186547));
#2927=DIRECTION('center_axis',(-1.,0.,0.));
#2928=DIRECTION('ref_axis',(0.,0.,-1.));
#2929=DIRECTION('',(-1.,0.,0.));
#2930=DIRECTION('center_axis',(0.,1.,0.));
#2931=DIRECTION('ref_axis',(0.707106781186546,0.,-0.707106781186549));
#2932=DIRECTION('center_axis',(8.3266726846887E-16,1.,0.));
#2933=DIRECTION('ref_axis',(1.,-8.3266726846887E-16,0.));
#2934=DIRECTION('',(0.,1.,0.));
#2935=DIRECTION('center_axis',(0.,-1.,0.));
#2936=DIRECTION('ref_axis',(0.,0.,-1.));
#2937=DIRECTION('',(0.,-1.,0.));
#2938=DIRECTION('center_axis',(-0.40824829046386,-0.816496580927727,0.408248290463865));
#2939=DIRECTION('ref_axis',(0.577350269189623,-0.577350269189627,-0.577350269189627));
#2940=DIRECTION('center_axis',(0.,0.,-1.));
#2941=DIRECTION('ref_axis',(0.707106781186546,-0.707106781186549,0.));
#2942=DIRECTION('center_axis',(-1.,0.,0.));
#2943=DIRECTION('ref_axis',(0.,0.707106781186546,-0.707106781186549));
#2944=DIRECTION('center_axis',(-1.,0.,0.));
#2945=DIRECTION('ref_axis',(0.,1.,0.));
#2946=DIRECTION('center_axis',(1.,0.,0.));
#2947=DIRECTION('ref_axis',(0.,0.,-1.));
#2948=DIRECTION('',(1.,0.,0.));
#2949=DIRECTION('center_axis',(0.,0.,-1.));
#2950=DIRECTION('ref_axis',(-1.,0.,0.));
#2951=DIRECTION('center_axis',(0.,-1.,0.));
#2952=DIRECTION('ref_axis',(0.,0.,-1.));
#2953=DIRECTION('center_axis',(0.,0.,1.));
#2954=DIRECTION('ref_axis',(-0.707106781186548,-0.707106781186548,0.));
#2955=DIRECTION('center_axis',(1.0493781117925E-9,1.,0.));
#2956=DIRECTION('ref_axis',(0.707106781186546,-7.42025695973953E-10,-0.707106781186549));
#2957=DIRECTION('',(-1.0493781117925E-9,-1.,0.));
#2958=DIRECTION('center_axis',(0.40824829046386,-0.816496580927727,-0.408248290463864));
#2959=DIRECTION('ref_axis',(0.577350269189624,0.577350269189624,-0.577350269189629));
#2960=DIRECTION('center_axis',(0.,0.,-1.));
#2961=DIRECTION('ref_axis',(0.707106781186548,0.707106781186548,0.));
#2962=DIRECTION('center_axis',(-1.,0.,0.));
#2963=DIRECTION('ref_axis',(0.,-1.,0.));
#2964=DIRECTION('',(0.,0.,-1.));
#2965=DIRECTION('',(0.,1.,0.));
#2966=DIRECTION('center_axis',(0.,0.,1.));
#2967=DIRECTION('ref_axis',(-0.707106781186548,-0.707106781186547,0.));
#2968=DIRECTION('',(0.,0.,1.));
#2969=DIRECTION('center_axis',(0.,0.,-1.));
#2970=DIRECTION('ref_axis',(0.,-1.,0.));
#2971=DIRECTION('center_axis',(0.,-1.,0.));
#2972=DIRECTION('ref_axis',(1.,0.,0.));
#2973=DIRECTION('center_axis',(0.,1.,0.));
#2974=DIRECTION('ref_axis',(-0.917160620249158,0.,0.398517749497032));
#2975=DIRECTION('center_axis',(-1.,0.,0.));
#2976=DIRECTION('ref_axis',(0.,-1.,0.));
#2977=DIRECTION('',(0.,0.,-1.));
#2978=DIRECTION('center_axis',(1.,0.,0.));
#2979=DIRECTION('ref_axis',(0.,-0.917160619364877,0.398517751532144));
#2980=DIRECTION('center_axis',(0.,0.,1.));
#2981=DIRECTION('ref_axis',(-0.707106781186548,-0.707106781186548,0.));
#2982=DIRECTION('',(0.,0.,1.));
#2983=DIRECTION('center_axis',(0.,0.,-1.));
#2984=DIRECTION('ref_axis',(-3.70074341541719E-16,-1.,0.));
#2985=DIRECTION('center_axis',(0.,-1.,0.));
#2986=DIRECTION('ref_axis',(1.,0.,0.));
#2987=DIRECTION('',(0.,0.,-1.));
#2988=DIRECTION('',(1.,0.,0.));
#2989=DIRECTION('center_axis',(0.,0.,1.));
#2990=DIRECTION('ref_axis',(0.707106781186546,-0.707106781186549,0.));
#2991=DIRECTION('',(0.,0.,1.));
#2992=DIRECTION('center_axis',(0.,-2.22044604925031E-15,1.));
#2993=DIRECTION('ref_axis',(0.,-1.,-2.22044604925031E-15));
#2994=DIRECTION('center_axis',(1.,0.,0.));
#2995=DIRECTION('ref_axis',(0.,1.,0.));
#2996=DIRECTION('',(0.,0.,-1.));
#2997=DIRECTION('center_axis',(-1.,0.,0.));
#2998=DIRECTION('ref_axis',(0.,0.,1.));
#2999=DIRECTION('center_axis',(-1.,0.,0.));
#3000=DIRECTION('ref_axis',(0.,1.,0.));
#3001=DIRECTION('center_axis',(0.,0.,1.));
#3002=DIRECTION('ref_axis',(0.707106781186548,0.707106781186548,0.));
#3003=DIRECTION('',(0.,0.,1.));
#3004=DIRECTION('center_axis',(0.,0.,-1.));
#3005=DIRECTION('ref_axis',(0.,1.,0.));
#3006=DIRECTION('center_axis',(0.,1.,0.));
#3007=DIRECTION('ref_axis',(-1.,0.,0.));
#3008=DIRECTION('',(0.,0.,-1.));
#3009=DIRECTION('',(-1.,0.,0.));
#3010=DIRECTION('center_axis',(1.,0.,0.));
#3011=DIRECTION('ref_axis',(0.,-1.61486985400023E-16,1.));
#3012=DIRECTION('center_axis',(1.,0.,0.));
#3013=DIRECTION('ref_axis',(0.,0.,1.));
#3014=DIRECTION('center_axis',(0.,0.,1.));
#3015=DIRECTION('ref_axis',(-0.707106781186549,-0.707106781186546,0.));
#3016=DIRECTION('',(0.,0.,1.));
#3017=DIRECTION('center_axis',(0.,0.,1.));
#3018=DIRECTION('ref_axis',(-0.707106781186549,-0.707106781186546,0.));
#3019=DIRECTION('',(0.,0.,-1.));
#3020=DIRECTION('center_axis',(0.,1.,0.));
#3021=DIRECTION('ref_axis',(-1.,0.,0.));
#3022=DIRECTION('center_axis',(0.,1.,0.));
#3023=DIRECTION('ref_axis',(-0.707106781186549,0.,-0.707106781186546));
#3024=DIRECTION('',(0.,0.,1.));
#3025=DIRECTION('',(-1.,0.,0.));
#3026=DIRECTION('center_axis',(0.,0.,-1.));
#3027=DIRECTION('ref_axis',(0.707106781186547,-0.707106781186548,0.));
#3028=DIRECTION('',(0.,0.,1.));
#3029=DIRECTION('center_axis',(0.,0.,1.));
#3030=DIRECTION('ref_axis',(0.707106781186547,-0.707106781186548,0.));
#3031=DIRECTION('',(0.,0.,-1.));
#3032=DIRECTION('center_axis',(-1.,-1.58409744468932E-16,0.));
#3033=DIRECTION('ref_axis',(1.58409744468932E-16,-1.,0.));
#3034=DIRECTION('',(0.,0.,1.));
#3035=DIRECTION('',(1.58409744468932E-16,-1.,0.));
#3036=DIRECTION('center_axis',(0.,0.,-1.));
#3037=DIRECTION('ref_axis',(-0.707106781186549,0.707106781186546,0.));
#3038=DIRECTION('center_axis',(0.,0.,1.));
#3039=DIRECTION('ref_axis',(0.,1.,0.));
#3040=DIRECTION('',(0.,0.,1.));
#3041=DIRECTION('center_axis',(0.,0.,1.));
#3042=DIRECTION('ref_axis',(-0.707106781186549,0.707106781186546,0.));
#3043=DIRECTION('',(0.,0.,-1.));
#3044=DIRECTION('center_axis',(1.,0.,0.));
#3045=DIRECTION('ref_axis',(0.,0.707106781186546,-0.707106781186549));
#3046=DIRECTION('center_axis',(1.,0.,0.));
#3047=DIRECTION('ref_axis',(0.,0.,-1.));
#3048=DIRECTION('',(1.,0.,0.));
#3049=DIRECTION('center_axis',(0.707106781186548,0.707106781186548,0.));
#3050=DIRECTION('ref_axis',(-0.707106781186547,0.707106781186547,0.));
#3051=DIRECTION('center_axis',(-0.816496580927726,-0.408248290463863,0.408248290463863));
#3052=DIRECTION('ref_axis',(-0.577350269189626,0.577350269189626,-0.577350269189625));
#3053=DIRECTION('center_axis',(0.,1.,0.));
#3054=DIRECTION('ref_axis',(-0.707106781186548,0.,-0.707106781186547));
#3055=DIRECTION('center_axis',(1.,0.,0.));
#3056=DIRECTION('ref_axis',(0.,1.,0.));
#3057=DIRECTION('',(0.,-1.,0.));
#3058=DIRECTION('',(0.,1.,0.));
#3059=DIRECTION('',(0.,0.,-1.));
#3060=DIRECTION('',(0.,1.,0.));
#3061=DIRECTION('',(0.,0.,1.));
#3062=DIRECTION('center_axis',(0.,1.,0.));
#3063=DIRECTION('ref_axis',(-0.707106781186548,0.,-0.707106781186547));
#3064=DIRECTION('center_axis',(0.,-1.,0.));
#3065=DIRECTION('ref_axis',(-0.707106781186548,0.,-0.707106781186547));
#3066=DIRECTION('center_axis',(0.999983895171562,-0.00567533236999118,0.));
#3067=DIRECTION('ref_axis',(0.00401306600430578,0.707095393353148,-0.707106781186549));
#3068=DIRECTION('center_axis',(-0.999983895171562,0.00567533236999205,2.22041028934763E-15));
#3069=DIRECTION('ref_axis',(0.00567533236999205,0.999983895171562,0.));
#3070=DIRECTION('',(0.999983895171562,-0.00567533236999118,0.));
#3071=DIRECTION('center_axis',(0.,0.,-1.));
#3072=DIRECTION('ref_axis',(0.00567533236999094,0.999983895171562,0.));
#3073=DIRECTION('center_axis',(0.00283770046043636,0.999995973719943,0.));
#3074=DIRECTION('ref_axis',(0.999995973719943,-0.00283770046043636,5.55109277278167E-16));
#3075=DIRECTION('center_axis',(-0.00567533236999118,-0.999983895171562,
0.));
#3076=DIRECTION('ref_axis',(0.999983895171562,-0.00567533236999118,4.85714750794795E-16));
#3077=DIRECTION('center_axis',(0.,0.,1.));
#3078=DIRECTION('ref_axis',(0.709110475303383,0.705097393141551,0.));
#3079=DIRECTION('center_axis',(0.,0.,1.));
#3080=DIRECTION('ref_axis',(0.709110475303383,0.705097393141551,0.));
#3081=DIRECTION('',(0.,0.,-1.));
#3082=DIRECTION('',(0.,0.,1.));
#3083=DIRECTION('center_axis',(-0.00567533236999118,-0.999983895171562,
0.));
#3084=DIRECTION('ref_axis',(0.999983895171562,-0.00567533236999118,0.));
#3085=DIRECTION('',(0.,0.,1.));
#3086=DIRECTION('',(0.999983895171562,-0.00567533236999118,0.));
#3087=DIRECTION('center_axis',(2.32880381645373E-12,1.,0.));
#3088=DIRECTION('ref_axis',(-0.707106781186546,1.64859708161797E-12,-0.707106781186549));
#3089=DIRECTION('center_axis',(-0.707106781188195,-0.7071067811849,0.));
#3090=DIRECTION('ref_axis',(-0.7071067811849,0.707106781188195,0.));
#3091=DIRECTION('',(2.32880381645373E-12,1.,0.));
#3092=DIRECTION('center_axis',(-2.32924790566358E-12,-1.,0.));
#3093=DIRECTION('ref_axis',(-1.,2.32924790566358E-12,0.));
#3094=DIRECTION('center_axis',(0.,0.,1.));
#3095=DIRECTION('ref_axis',(-0.707106781185723,0.707106781187372,0.));
#3096=DIRECTION('center_axis',(0.,0.,1.));
#3097=DIRECTION('ref_axis',(0.,1.,0.));
#3098=DIRECTION('',(0.,0.,1.));
#3099=DIRECTION('',(0.,0.,-1.));
#3100=DIRECTION('center_axis',(-0.816496580928044,-0.408248290464021,0.40824829046307));
#3101=DIRECTION('ref_axis',(-0.577350269189176,0.577350269190523,-0.577350269189178));
#3102=DIRECTION('center_axis',(-1.,-1.84188831870118E-16,0.));
#3103=DIRECTION('ref_axis',(0.,0.707106781186548,-0.707106781186547));
#3104=DIRECTION('center_axis',(0.,0.,1.));
#3105=DIRECTION('ref_axis',(-1.,0.,0.));
#3106=DIRECTION('',(0.,0.,1.));
#3107=DIRECTION('center_axis',(0.,0.,1.));
#3108=DIRECTION('ref_axis',(-1.,0.,0.));
#3109=DIRECTION('center_axis',(1.,1.84188831870118E-16,0.));
#3110=DIRECTION('ref_axis',(0.,0.707106781186548,-0.707106781186547));
#3111=DIRECTION('',(1.,1.84188831870118E-16,0.));
#3112=DIRECTION('center_axis',(1.,0.,0.));
#3113=DIRECTION('ref_axis',(0.,0.707106781186548,-0.707106781186547));
#3114=DIRECTION('center_axis',(1.84188831870118E-16,-1.,0.));
#3115=DIRECTION('ref_axis',(1.,1.84188831870118E-16,0.));
#3116=DIRECTION('',(1.,0.,0.));
#3117=DIRECTION('',(0.,0.,1.));
#3118=DIRECTION('center_axis',(0.,0.,-1.));
#3119=DIRECTION('ref_axis',(-0.707106781186546,-0.707106781186549,0.));
#3120=DIRECTION('center_axis',(0.,0.,1.));
#3121=DIRECTION('ref_axis',(-1.,0.,0.));
#3122=DIRECTION('',(0.,0.,1.));
#3123=DIRECTION('center_axis',(0.,0.,1.));
#3124=DIRECTION('ref_axis',(-0.707106781186546,-0.707106781186549,0.));
#3125=DIRECTION('',(0.,0.,-1.));
#3126=DIRECTION('center_axis',(0.,1.,0.));
#3127=DIRECTION('ref_axis',(-0.707106781186546,0.,-0.707106781186549));
#3128=DIRECTION('center_axis',(0.,1.,0.));
#3129=DIRECTION('ref_axis',(0.,0.,-1.));
#3130=DIRECTION('',(0.,1.,0.));
#3131=DIRECTION('center_axis',(-0.707106781186548,0.707106781186548,0.));
#3132=DIRECTION('ref_axis',(-0.707106781186547,-0.707106781186547,0.));
#3133=DIRECTION('center_axis',(-0.816496580927726,0.408248290463863,0.408248290463863));
#3134=DIRECTION('ref_axis',(-0.577350269189624,-0.577350269189627,-0.577350269189627));
#3135=DIRECTION('center_axis',(-1.,-1.05606498285587E-16,0.));
#3136=DIRECTION('ref_axis',(0.,-0.707106781186548,-0.707106781186547));
#3137=DIRECTION('center_axis',(-1.05606498285587E-16,1.,0.));
#3138=DIRECTION('ref_axis',(-1.,-1.05606498285587E-16,0.));
#3139=DIRECTION('',(-1.,-1.05606498285587E-16,0.));
#3140=DIRECTION('',(0.,0.,1.));
#3141=DIRECTION('',(-1.,-1.05606498285587E-16,0.));
#3142=DIRECTION('center_axis',(-1.,-1.05606498285587E-16,0.));
#3143=DIRECTION('ref_axis',(0.,-0.707106781186548,-0.707106781186547));
#3144=DIRECTION('center_axis',(1.,0.,0.));
#3145=DIRECTION('ref_axis',(0.,-0.707106781186548,-0.707106781186547));
#3146=DIRECTION('center_axis',(1.,-2.32880381645373E-12,0.));
#3147=DIRECTION('ref_axis',(2.32880381645373E-12,1.,0.));
#3148=DIRECTION('',(0.,0.,1.));
#3149=DIRECTION('center_axis',(1.,-2.32880381645373E-12,0.));
#3150=DIRECTION('ref_axis',(0.,0.999885966978365,0.0151014250896784));
#3151=DIRECTION('center_axis',(-1.,-1.05606498285587E-16,0.));
#3152=DIRECTION('ref_axis',(0.,-0.707106781186548,-0.707106781186547));
#3153=DIRECTION('center_axis',(-1.,0.,0.));
#3154=DIRECTION('ref_axis',(0.,-0.707106781186548,-0.707106781186547));
#3155=DIRECTION('',(-1.,-1.05606498285587E-16,0.));
#3156=DIRECTION('center_axis',(1.,0.,0.));
#3157=DIRECTION('ref_axis',(0.,-1.,0.));
#3158=DIRECTION('center_axis',(0.,0.,1.));
#3159=DIRECTION('ref_axis',(-0.707106781186548,-0.707106781186548,0.));
#3160=DIRECTION('center_axis',(0.,0.,1.));
#3161=DIRECTION('ref_axis',(-1.,0.,0.));
#3162=DIRECTION('',(0.,0.,1.));
#3163=DIRECTION('center_axis',(-0.816496580927726,0.408248290463863,0.408248290463862));
#3164=DIRECTION('ref_axis',(-0.577350269189626,-0.577350269189626,-0.577350269189625));
#3165=DIRECTION('center_axis',(-1.05606498285587E-16,1.,0.));
#3166=DIRECTION('ref_axis',(-1.,-1.05606498285587E-16,0.));
#3167=DIRECTION('',(0.,0.,1.));
#3168=DIRECTION('',(-1.,-1.05606498285587E-16,0.));
#3169=DIRECTION('center_axis',(-1.05606498285587E-16,1.,0.));
#3170=DIRECTION('ref_axis',(-0.724230490880885,0.,-0.689557971513949));
#3171=DIRECTION('center_axis',(-1.05606498285587E-16,1.,0.));
#3172=DIRECTION('ref_axis',(-1.,0.,0.));
#3173=DIRECTION('',(0.,0.,1.));
#3174=DIRECTION('',(-1.,2.64375442289822E-8,0.));
#3175=DIRECTION('',(0.,0.,1.));
#3176=DIRECTION('center_axis',(-1.05606498285587E-16,1.,0.));
#3177=DIRECTION('ref_axis',(-0.633222609271277,0.,-0.773969719761487));
#3178=DIRECTION('center_axis',(1.58409744468932E-16,-1.,0.));
#3179=DIRECTION('ref_axis',(0.707106781186548,0.,-0.707106781186547));
#3180=DIRECTION('',(1.58409744468932E-16,-1.,0.));
#3181=DIRECTION('center_axis',(0.,1.,0.));
#3182=DIRECTION('ref_axis',(1.,0.,0.));
#3183=DIRECTION('center_axis',(-2.65551319869119E-8,-1.,0.));
#3184=DIRECTION('ref_axis',(0.707106781186548,-1.87773135074241E-8,-0.707106781186547));
#3185=DIRECTION('',(-2.65551319869119E-8,-1.,0.));
#3186=DIRECTION('center_axis',(2.65551292066851E-8,1.,0.));
#3187=DIRECTION('ref_axis',(1.,-2.65551292066851E-8,0.));
#3188=DIRECTION('center_axis',(0.,0.,1.));
#3189=DIRECTION('ref_axis',(-0.707106782490527,-0.707106779882568,0.));
#3190=DIRECTION('center_axis',(-1.,0.,0.));
#3191=DIRECTION('ref_axis',(0.,1.,-2.77555756156289E-16));
#3192=DIRECTION('center_axis',(1.,2.65474065286391E-8,0.));
#3193=DIRECTION('ref_axis',(-1.87718495856678E-8,0.707106781186548,-0.707106781186547));
#3194=DIRECTION('',(1.,2.65474065286391E-8,0.));
#3195=DIRECTION('',(1.,1.84188833084052E-16,0.));
#3196=DIRECTION('center_axis',(-2.32880381645373E-12,-1.,0.));
#3197=DIRECTION('ref_axis',(0.707106781186546,-1.6454568967006E-12,-0.707106781186549));
#3198=DIRECTION('center_axis',(2.32880381645373E-12,1.,0.));
#3199=DIRECTION('ref_axis',(0.707106781186546,-1.64757096854373E-12,-0.707106781186549));
#3200=DIRECTION('',(-2.32880381645373E-12,-1.,0.));
#3201=DIRECTION('center_axis',(0.408248290463227,-0.816496580928361,-0.40824829046323));
#3202=DIRECTION('ref_axis',(0.577350269190071,0.57735026918873,-0.577350269190076));
#3203=DIRECTION('center_axis',(0.,0.,1.));
#3204=DIRECTION('ref_axis',(1.,-2.32924790566361E-12,0.));
#3205=DIRECTION('center_axis',(0.,0.,-1.));
#3206=DIRECTION('ref_axis',(0.70710678118737,0.707106781185725,0.));
#3207=DIRECTION('',(0.,0.,-1.));
#3208=DIRECTION('',(0.,0.,-1.));
#3209=DIRECTION('center_axis',(0.,0.,1.));
#3210=DIRECTION('ref_axis',(1.,0.,0.));
#3211=DIRECTION('center_axis',(-3.5527136788005E-15,1.,0.));
#3212=DIRECTION('ref_axis',(-1.,-3.5527136788005E-15,0.));
#3213=DIRECTION('center_axis',(0.,0.,1.));
#3214=DIRECTION('ref_axis',(-0.999999670748739,-0.000811481616231363,0.));
#3215=DIRECTION('center_axis',(0.,0.,1.));
#3216=DIRECTION('ref_axis',(-0.999998682995173,-0.00162296269803468,0.));
#3217=DIRECTION('',(0.,0.,1.));
#3218=DIRECTION('center_axis',(0.,0.,1.));
#3219=DIRECTION('ref_axis',(-0.999998682995173,-0.00162296269803468,0.));
#3220=DIRECTION('center_axis',(0.,1.,0.));
#3221=DIRECTION('ref_axis',(-0.707106781186549,0.,-0.707106781186546));
#3222=DIRECTION('',(0.,1.,0.));
#3223=DIRECTION('center_axis',(1.,0.,0.));
#3224=DIRECTION('ref_axis',(0.,1.,0.));
#3225=DIRECTION('',(0.,0.,1.));
#3226=DIRECTION('',(0.,1.,0.));
#3227=DIRECTION('center_axis',(-1.,0.,0.));
#3228=DIRECTION('ref_axis',(0.,-0.707106781186549,-0.707106781186546));
#3229=DIRECTION('',(-1.,0.,0.));
#3230=DIRECTION('center_axis',(-1.,0.,0.));
#3231=DIRECTION('ref_axis',(0.,-0.707106781186549,-0.707106781186546));
#3232=DIRECTION('center_axis',(0.,1.,0.));
#3233=DIRECTION('ref_axis',(-1.,0.,0.));
#3234=DIRECTION('',(0.,0.,1.));
#3235=DIRECTION('',(-1.,0.,0.));
#3236=DIRECTION('',(0.,0.,1.));
#3237=DIRECTION('center_axis',(-1.,0.,0.));
#3238=DIRECTION('ref_axis',(0.,-1.,0.));
#3239=DIRECTION('',(0.,-1.,0.));
#3240=DIRECTION('center_axis',(1.,0.,0.));
#3241=DIRECTION('ref_axis',(0.,1.,0.));
#3242=DIRECTION('',(0.,1.,0.));
#3243=DIRECTION('center_axis',(0.,-1.,0.));
#3244=DIRECTION('ref_axis',(1.,0.,0.));
#3245=DIRECTION('',(1.,0.,0.));
#3246=DIRECTION('center_axis',(0.,0.,1.));
#3247=DIRECTION('ref_axis',(1.,0.,0.));
#3248=DIRECTION('center_axis',(-3.5527136788005E-15,1.,0.));
#3249=DIRECTION('ref_axis',(-1.,-3.5527136788005E-15,0.));
#3250=DIRECTION('',(-1.,-3.5527136788005E-15,0.));
#3251=DIRECTION('center_axis',(0.,0.,-1.));
#3252=DIRECTION('ref_axis',(1.,0.,0.));
#3253=DIRECTION('',(1.58409744468932E-16,-1.,0.));
#3254=DIRECTION('center_axis',(-2.65474065286391E-8,1.,0.));
#3255=DIRECTION('ref_axis',(1.,2.65474065286391E-8,0.));
#3256=DIRECTION('',(-1.,0.,0.));
#3257=DIRECTION('',(0.,0.,1.));
#3258=DIRECTION('center_axis',(1.,-2.65551319869119E-8,0.));
#3259=DIRECTION('ref_axis',(-2.65551319869119E-8,-1.,0.));
#3260=DIRECTION('',(0.,0.,1.));
#3261=DIRECTION('',(0.,1.,0.));
#3262=DIRECTION('center_axis',(-1.,0.,0.));
#3263=DIRECTION('ref_axis',(0.,0.999885966978365,0.0151014250896784));
#3264=DIRECTION('center_axis',(-1.,2.32880381645373E-12,0.));
#3265=DIRECTION('ref_axis',(0.,0.999885966978365,0.0151014250896784));
#3266=DIRECTION('',(1.,0.,0.));
#3267=DIRECTION('',(1.,0.,0.));
#3268=DIRECTION('center_axis',(1.,0.,0.));
#3269=DIRECTION('ref_axis',(0.,0.999885966978365,0.0151014250896784));
#3270=DIRECTION('',(1.,-2.32865623158579E-12,0.));
#3271=DIRECTION('center_axis',(-1.,2.32880381645373E-12,0.));
#3272=DIRECTION('ref_axis',(-2.32880381645373E-12,-1.,0.));
#3273=DIRECTION('',(0.,0.,1.));
#3274=DIRECTION('center_axis',(-1.,2.32880381645373E-12,0.));
#3275=DIRECTION('ref_axis',(1.6454568967006E-12,0.707106781186547,-0.707106781186548));
#3276=DIRECTION('center_axis',(1.,-2.32865623158579E-12,0.));
#3277=DIRECTION('ref_axis',(1.6454568967006E-12,0.707106781186547,-0.707106781186548));
#3278=DIRECTION('',(1.,-2.32865623158579E-12,0.));
#3279=DIRECTION('center_axis',(-2.32865623158579E-12,-1.,0.));
#3280=DIRECTION('ref_axis',(1.,-2.32865623158579E-12,0.));
#3281=DIRECTION('center_axis',(1.84188831870118E-16,-1.,0.));
#3282=DIRECTION('ref_axis',(1.,1.84188831870118E-16,0.));
#3283=DIRECTION('center_axis',(0.,-1.,0.));
#3284=DIRECTION('ref_axis',(-0.633222609271277,0.,-0.773969719761487));
#3285=DIRECTION('',(0.,1.,0.));
#3286=DIRECTION('center_axis',(0.,1.,0.));
#3287=DIRECTION('ref_axis',(-0.633222609271277,0.,-0.773969719761487));
#3288=DIRECTION('center_axis',(2.64375442289822E-8,1.,0.));
#3289=DIRECTION('ref_axis',(-0.633222609271277,1.67408507394009E-8,-0.773969719761487));
#3290=DIRECTION('',(0.,-1.,0.));
#3291=DIRECTION('center_axis',(-2.64375442289822E-8,-1.,0.));
#3292=DIRECTION('ref_axis',(1.,-2.64375442289822E-8,0.));
#3293=DIRECTION('',(0.,0.,1.));
#3294=DIRECTION('center_axis',(0.,-1.,0.));
#3295=DIRECTION('ref_axis',(-0.970334853890789,0.,0.241764909208804));
#3296=DIRECTION('',(0.,1.,0.));
#3297=DIRECTION('center_axis',(0.,1.,0.));
#3298=DIRECTION('ref_axis',(-0.970334853890789,0.,0.241764909208804));
#3299=DIRECTION('center_axis',(0.,-1.,0.));
#3300=DIRECTION('ref_axis',(-1.,0.,0.));
#3301=DIRECTION('',(0.,-1.,0.));
#3302=DIRECTION('center_axis',(0.707106781186548,-0.707106781186547,0.));
#3303=DIRECTION('ref_axis',(0.707106781186547,0.707106781186547,0.));
#3304=DIRECTION('',(0.,-1.,0.));
#3305=DIRECTION('center_axis',(0.,1.,0.));
#3306=DIRECTION('ref_axis',(-1.,0.,0.));
#3307=DIRECTION('center_axis',(0.707106781186548,-0.707106781186547,0.));
#3308=DIRECTION('ref_axis',(0.707106781186547,0.707106781186547,0.));
#3309=DIRECTION('',(0.,1.,0.));
#3310=DIRECTION('center_axis',(0.707106781186548,-0.707106781186547,0.));
#3311=DIRECTION('ref_axis',(0.707106781186547,0.707106781186547,0.));
#3312=DIRECTION('center_axis',(-1.,0.,0.));
#3313=DIRECTION('ref_axis',(0.,1.,0.));
#3314=DIRECTION('',(-1.,0.,0.));
#3315=DIRECTION('center_axis',(0.,0.,-1.));
#3316=DIRECTION('ref_axis',(1.,0.,0.));
#3317=DIRECTION('center_axis',(0.,0.,1.));
#3318=DIRECTION('ref_axis',(-0.599299489035901,-0.800524904322975,0.));
#3319=DIRECTION('center_axis',(0.,1.,0.));
#3320=DIRECTION('ref_axis',(-0.724230490880885,0.,-0.689557971513949));
#3321=DIRECTION('',(0.,-1.,0.));
#3322=DIRECTION('center_axis',(0.,0.,-1.));
#3323=DIRECTION('ref_axis',(1.,0.,0.));
#3324=DIRECTION('',(0.,1.,0.));
#3325=DIRECTION('',(-1.,0.,0.));
#3326=DIRECTION('center_axis',(-1.,0.,0.));
#3327=DIRECTION('ref_axis',(0.,1.,0.));
#3328=DIRECTION('',(-1.,0.,0.));
#3329=DIRECTION('center_axis',(1.,0.,0.));
#3330=DIRECTION('ref_axis',(0.,1.,0.));
#3331=DIRECTION('center_axis',(0.,1.,0.));
#3332=DIRECTION('ref_axis',(0.970334871756776,0.,0.241764837502813));
#3333=DIRECTION('center_axis',(0.,1.,0.));
#3334=DIRECTION('ref_axis',(0.970334871756776,0.,0.241764837502813));
#3335=DIRECTION('',(1.58409744468932E-16,-1.,0.));
#3336=DIRECTION('center_axis',(0.,0.,1.));
#3337=DIRECTION('ref_axis',(-1.,0.,0.));
#3338=DIRECTION('',(0.,0.,1.));
#3339=DIRECTION('center_axis',(0.,0.,1.));
#3340=DIRECTION('ref_axis',(-1.,0.,0.));
#3341=DIRECTION('center_axis',(0.,0.,1.));
#3342=DIRECTION('ref_axis',(-0.599299489035901,-0.800524904322975,0.));
#3343=DIRECTION('center_axis',(0.,0.,1.));
#3344=DIRECTION('ref_axis',(-1.,0.,0.));
#3345=DIRECTION('',(0.,0.,1.));
#3346=DIRECTION('center_axis',(0.,0.,1.));
#3347=DIRECTION('ref_axis',(-1.,0.,0.));
#3348=DIRECTION('center_axis',(0.,0.,1.));
#3349=DIRECTION('ref_axis',(-1.,0.,0.));
#3350=DIRECTION('',(0.,0.,1.));
#3351=DIRECTION('center_axis',(0.,0.,1.));
#3352=DIRECTION('ref_axis',(-1.,0.,0.));
#3353=DIRECTION('center_axis',(0.,0.,1.));
#3354=DIRECTION('ref_axis',(-1.,0.,0.));
#3355=DIRECTION('center_axis',(0.,0.,1.));
#3356=DIRECTION('ref_axis',(-1.,0.,0.));
#3357=DIRECTION('',(0.,0.,1.));
#3358=DIRECTION('center_axis',(0.,0.,1.));
#3359=DIRECTION('ref_axis',(-1.,0.,0.));
#3360=DIRECTION('center_axis',(0.,0.,1.));
#3361=DIRECTION('ref_axis',(-1.,0.,0.));
#3362=DIRECTION('center_axis',(0.,0.,1.));
#3363=DIRECTION('ref_axis',(-1.,0.,0.));
#3364=DIRECTION('',(0.,0.,1.));
#3365=DIRECTION('center_axis',(0.,0.,1.));
#3366=DIRECTION('ref_axis',(-1.,0.,0.));
#3367=DIRECTION('center_axis',(0.,0.,1.));
#3368=DIRECTION('ref_axis',(-1.,0.,0.));
#3369=DIRECTION('center_axis',(0.,0.,1.));
#3370=DIRECTION('ref_axis',(-1.,0.,0.));
#3371=DIRECTION('center_axis',(0.,0.,1.));
#3372=DIRECTION('ref_axis',(-1.,0.,0.));
#3373=DIRECTION('center_axis',(0.,0.,1.));
#3374=DIRECTION('ref_axis',(-1.,0.,0.));
#3375=DIRECTION('center_axis',(0.,0.,1.));
#3376=DIRECTION('ref_axis',(-1.,0.,0.));
#3377=DIRECTION('',(0.,0.,1.));
#3378=DIRECTION('center_axis',(0.,0.,1.));
#3379=DIRECTION('ref_axis',(-1.,0.,0.));
#3380=DIRECTION('center_axis',(0.,0.,1.));
#3381=DIRECTION('ref_axis',(-1.,0.,0.));
#3382=DIRECTION('center_axis',(0.,0.,1.));
#3383=DIRECTION('ref_axis',(-1.,0.,0.));
#3384=DIRECTION('',(0.,0.,1.));
#3385=DIRECTION('center_axis',(0.,0.,1.));
#3386=DIRECTION('ref_axis',(-1.,0.,0.));
#3387=DIRECTION('center_axis',(0.,0.,1.));
#3388=DIRECTION('ref_axis',(-1.,0.,0.));
#3389=DIRECTION('center_axis',(0.,0.,1.));
#3390=DIRECTION('ref_axis',(-1.,0.,0.));
#3391=DIRECTION('',(0.,0.,1.));
#3392=DIRECTION('center_axis',(0.,0.,1.));
#3393=DIRECTION('ref_axis',(-1.,0.,0.));
#3394=DIRECTION('center_axis',(0.,0.,1.));
#3395=DIRECTION('ref_axis',(-1.,0.,0.));
#3396=DIRECTION('center_axis',(-1.,0.,0.));
#3397=DIRECTION('ref_axis',(0.,0.,1.));
#3398=DIRECTION('center_axis',(0.,-0.435889894354067,-0.9));
#3399=DIRECTION('ref_axis',(0.,-0.9,0.435889894354067));
#3400=DIRECTION('center_axis',(-1.,0.,0.));
#3401=DIRECTION('ref_axis',(0.,-0.917160619364877,0.398517751532144));
#3402=DIRECTION('center_axis',(-0.114447792982241,0.614674426939523,0.780433886724598));
#3403=DIRECTION('ref_axis',(-0.983104224161789,-0.183046672833041,0.));
#3404=DIRECTION('center_axis',(9.97508245106774E-13,-2.05866557994753E-12,
-1.));
#3405=DIRECTION('ref_axis',(-0.473752066525474,-0.880658264858079,1.34040926506411E-12));
#3406=DIRECTION('center_axis',(0.,0.,1.));
#3407=DIRECTION('ref_axis',(-0.721917428649699,-0.691979209378293,0.));
#3408=DIRECTION('',(0.,0.,1.));
#3409=DIRECTION('center_axis',(0.,0.,1.));
#3410=DIRECTION('ref_axis',(0.707106781186548,0.707106781186547,0.));
#3411=DIRECTION('center_axis',(0.611070430079591,-0.661992969642684,0.434002577902486));
#3412=DIRECTION('ref_axis',(-0.734803446528758,-0.678280100673357,0.));
#3413=DIRECTION('center_axis',(0.,-1.,0.));
#3414=DIRECTION('ref_axis',(0.,0.,-1.));
#3415=DIRECTION('center_axis',(-0.435889884008101,-1.61311661808994E-16,
-0.90000000501078));
#3416=DIRECTION('ref_axis',(3.70074341541719E-16,-1.,0.));
#3417=DIRECTION('center_axis',(0.,-1.,0.));
#3418=DIRECTION('ref_axis',(-0.917160620249158,0.,0.398517749497032));
#3419=DIRECTION('center_axis',(0.614674422720311,-0.114447793979095,0.78043388990149));
#3420=DIRECTION('ref_axis',(-0.78559583276807,-1.48029736616687E-15,0.618739999949448));
#3421=DIRECTION('center_axis',(0.,-1.,0.));
#3422=DIRECTION('ref_axis',(-1.,0.,0.));
#3423=DIRECTION('center_axis',(0.763386285369115,-0.645942241466174,0.));
#3424=DIRECTION('ref_axis',(0.645942241466174,0.763386285369115,0.));
#3425=DIRECTION('',(-1.0493781117925E-9,-1.,0.));
#3426=DIRECTION('center_axis',(0.661992966716316,-0.611070434517565,-0.434002576117521));
#3427=DIRECTION('ref_axis',(-0.678280104952058,-0.734803442579188,0.));
#3428=DIRECTION('center_axis',(-0.645942241466174,0.763386285369114,-1.30389081646133E-16));
#3429=DIRECTION('ref_axis',(0.763386285369114,0.645942241466174,0.));
#3430=DIRECTION('center_axis',(5.55111512312579E-16,1.23259516440783E-30,
-1.));
#3431=DIRECTION('ref_axis',(2.22044604925031E-15,-1.,0.));
#3432=DIRECTION('center_axis',(0.,0.,-1.));
#3433=DIRECTION('ref_axis',(-0.707106781186548,-0.707106781186548,0.));
#3434=DIRECTION('',(0.,0.,1.));
#3435=DIRECTION('center_axis',(-1.,0.,0.));
#3436=DIRECTION('ref_axis',(0.,1.,0.));
#3437=DIRECTION('center_axis',(-1.,-1.58409744468932E-16,0.));
#3438=DIRECTION('ref_axis',(1.58409744468932E-16,-1.,0.));
#3439=DIRECTION('center_axis',(0.,1.,0.));
#3440=DIRECTION('ref_axis',(-1.,0.,0.));
#3441=DIRECTION('center_axis',(1.,0.,0.));
#3442=DIRECTION('ref_axis',(0.,1.,0.));
#3443=DIRECTION('center_axis',(1.,-1.0493781117925E-9,0.));
#3444=DIRECTION('ref_axis',(1.0493781117925E-9,1.,0.));
#3445=CARTESIAN_POINT('',(0.,0.,0.));
#3446=CARTESIAN_POINT('Origin',(11.,11.,0.));
#3447=CARTESIAN_POINT('',(4.80000004008625,11.,9.5));
#3448=CARTESIAN_POINT('',(4.8,11.,5.));
#3449=CARTESIAN_POINT('',(4.8,11.,0.));
#3450=CARTESIAN_POINT('',(4.8,11.,22.4));
#3451=CARTESIAN_POINT('',(4.8,11.,0.));
#3452=CARTESIAN_POINT('',(17.2,11.,22.4));
#3453=CARTESIAN_POINT('Origin',(11.,11.,22.4));
#3454=CARTESIAN_POINT('Origin',(11.,11.,22.4));
#3455=CARTESIAN_POINT('',(15.3840620834428,15.3840620433566,13.8840620433566));
#3456=CARTESIAN_POINT('Origin',(11.0000000400862,11.,9.5));
#3457=CARTESIAN_POINT('',(11.,4.8,9.5));
#3458=CARTESIAN_POINT('Origin',(11.,11.,9.5));
#3459=CARTESIAN_POINT('',(11.093628835556,4.80070700473413,9.40637116444399));
#3460=CARTESIAN_POINT('Origin',(11.,11.,9.5));
#3461=CARTESIAN_POINT('',(11.,4.80000016391277,9.21786656755823));
#3462=CARTESIAN_POINT('Ctrl Pts',(11.,4.8,9.2178593167036));
#3463=CARTESIAN_POINT('Ctrl Pts',(11.0210948012306,4.8,9.2178593167036));
#3464=CARTESIAN_POINT('Ctrl Pts',(11.0433022101086,4.80012163836319,9.22285626987591));
#3465=CARTESIAN_POINT('Ctrl Pts',(11.0724375331878,4.80041513407984,9.23791358270535));
#3466=CARTESIAN_POINT('Ctrl Pts',(11.0814888663477,4.80053043313408,9.24414713596898));
#3467=CARTESIAN_POINT('Ctrl Pts',(11.0974585156993,4.80076085033827,9.2586484646053));
#3468=CARTESIAN_POINT('Ctrl Pts',(11.1043799578939,4.80087621256784,9.26691279320145));
#3469=CARTESIAN_POINT('Ctrl Pts',(11.1147676857645,4.8010604369522,9.28366311254242));
#3470=CARTESIAN_POINT('Ctrl Pts',(11.1189764904232,4.8011411520188,9.29276035599749));
#3471=CARTESIAN_POINT('Ctrl Pts',(11.1245120094422,4.80124966033869,9.31177910117549));
#3472=CARTESIAN_POINT('Ctrl Pts',(11.1258382886161,4.80127716984231,9.32170073117714));
#3473=CARTESIAN_POINT('Ctrl Pts',(11.1258382886161,4.80127716984231,9.34002734681408));
#3474=CARTESIAN_POINT('Ctrl Pts',(11.1245120094422,4.80124966033869,9.34994897681574));
#3475=CARTESIAN_POINT('Ctrl Pts',(11.1189764904232,4.8011411520188,9.36896772199374));
#3476=CARTESIAN_POINT('Ctrl Pts',(11.1147676857645,4.80106043695219,9.37806496544879));
#3477=CARTESIAN_POINT('Ctrl Pts',(11.1053677630794,4.80089373110553,9.39322243864383));
#3478=CARTESIAN_POINT('Ctrl Pts',(11.0998776039623,4.80080138080411,9.40012239603787));
#3479=CARTESIAN_POINT('Ctrl Pts',(11.0936288355561,4.80070700473413,9.4063711644441));
#3480=CARTESIAN_POINT('',(11.,4.8,5.));
#3481=CARTESIAN_POINT('',(11.,4.80000016391277,0.));
#3482=CARTESIAN_POINT('',(11.,4.8,1.));
#3483=CARTESIAN_POINT('',(11.,4.8,5.));
#3484=CARTESIAN_POINT('',(4.79999999999998,11.,1.));
#3485=CARTESIAN_POINT('Origin',(11.,11.,1.));
#3486=CARTESIAN_POINT('',(4.79999999999998,11.,5.));
#3487=CARTESIAN_POINT('Origin',(11.,11.,22.4));
#3488=CARTESIAN_POINT('',(17.3,11.,22.5));
#3489=CARTESIAN_POINT('Origin',(11.,11.,22.5));
#3490=CARTESIAN_POINT('Origin',(17.3,11.,22.4));
#3491=CARTESIAN_POINT('Origin',(11.,11.,22.5));
#3492=CARTESIAN_POINT('',(4.89012394515601,6.04980661039955,22.5));
#3493=CARTESIAN_POINT('',(3.77860222816816,7.11523305448291,22.5));
#3494=CARTESIAN_POINT('Origin',(5.98024789031202,8.2996132207991,22.5));
#3495=CARTESIAN_POINT('',(6.04980661039955,4.89012394515601,22.5));
#3496=CARTESIAN_POINT('Origin',(3.8,3.8,22.5));
#3497=CARTESIAN_POINT('',(7.11523305448291,3.77860222816816,22.5));
#3498=CARTESIAN_POINT('Origin',(8.2996132207991,5.98024789031201,22.5));
#3499=CARTESIAN_POINT('Origin',(11.,11.,22.5));
#3500=CARTESIAN_POINT('Origin',(11.,11.,0.));
#3501=CARTESIAN_POINT('',(4.98392383519423,12.4989419925174,8.00105800748257));
#3502=CARTESIAN_POINT('Ctrl Pts',(4.98392381575451,12.4989420753832,8.00105808550485));
#3503=CARTESIAN_POINT('Ctrl Pts',(5.00824191070159,12.5965439202177,7.90345624163044));
#3504=CARTESIAN_POINT('Ctrl Pts',(5.03205713968436,12.682008008474,7.79515551513769));
#3505=CARTESIAN_POINT('Ctrl Pts',(5.07552368657784,12.8294584077727,7.55391293348714));
#3506=CARTESIAN_POINT('Ctrl Pts',(5.09664431571884,12.8953793268053,7.40746697836571));
#3507=CARTESIAN_POINT('Ctrl Pts',(5.12510182480913,12.98182791835,7.10070431691779));
#3508=CARTESIAN_POINT('Ctrl Pts',(5.13224947641036,13.00237453862,6.94037542566065));
#3509=CARTESIAN_POINT('Ctrl Pts',(5.13224947641036,13.00237453862,6.64409221427636));
#3510=CARTESIAN_POINT('Ctrl Pts',(5.12510182480913,12.98182791835,6.48376332301921));
#3511=CARTESIAN_POINT('Ctrl Pts',(5.09664431571884,12.8953793268053,6.17700066157129));
#3512=CARTESIAN_POINT('Ctrl Pts',(5.07552368657784,12.8294584077727,6.03055470644987));
#3513=CARTESIAN_POINT('Ctrl Pts',(5.02726971898821,12.6657677698604,5.76274158237699));
#3514=CARTESIAN_POINT('Ctrl Pts',(4.99718719564815,12.5566826540165,5.63201657606283));
#3515=CARTESIAN_POINT('Ctrl Pts',(4.93723539736306,12.3037094096149,5.40439730001174));
#3516=CARTESIAN_POINT('Ctrl Pts',(4.90742025104596,12.1597959970571,5.30751687799134));
#3517=CARTESIAN_POINT('Ctrl Pts',(4.83106814248388,11.6949279541481,5.07536498603007));
#3518=CARTESIAN_POINT('Ctrl Pts',(4.8,11.3388449323913,4.9999991674945));
#3519=CARTESIAN_POINT('Ctrl Pts',(4.8,11.,4.9999991674945));
#3520=CARTESIAN_POINT('Origin',(11.0000000400862,11.,9.5));
#3521=CARTESIAN_POINT('Origin',(5.98024789031202,8.2996132207991,22.));
#3522=CARTESIAN_POINT('',(4.67209915612481,5.59984528831964,22.));
#3523=CARTESIAN_POINT('Origin',(4.89012394515601,6.04980661039955,22.));
#3524=CARTESIAN_POINT('',(3.33827309573939,6.87835702121967,22.));
#3525=CARTESIAN_POINT('Origin',(3.77860222816816,7.11523305448291,22.));
#3526=CARTESIAN_POINT('Origin',(5.98024789031202,8.2996132207991,22.));
#3527=CARTESIAN_POINT('Origin',(11.,11.,22.));
#3528=CARTESIAN_POINT('',(6.87835702121967,3.33827309573939,22.));
#3529=CARTESIAN_POINT('Origin',(7.11523305448291,3.77860222816816,22.));
#3530=CARTESIAN_POINT('Origin',(11.,11.,22.));
#3531=CARTESIAN_POINT('Origin',(8.2996132207991,5.98024789031201,22.));
#3532=CARTESIAN_POINT('',(5.59984528831964,4.67209915612481,22.));
#3533=CARTESIAN_POINT('Origin',(6.04980661039955,4.89012394515601,22.));
#3534=CARTESIAN_POINT('Origin',(8.2996132207991,5.98024789031201,22.));
#3535=CARTESIAN_POINT('Origin',(3.8,3.8,22.));
#3536=CARTESIAN_POINT('Origin',(3.8,3.8,22.));
#3537=CARTESIAN_POINT('Origin',(3.8,3.8,0.));
#3538=CARTESIAN_POINT('',(4.67209915612481,5.59984528831964,15.6277906320373));
#3539=CARTESIAN_POINT('',(4.67209915612481,5.59984528831964,0.));
#3540=CARTESIAN_POINT('',(4.16609335117667,5.76620844729755,12.1499199995956));
#3541=CARTESIAN_POINT('Ctrl Pts',(4.16609335117667,5.76620844729755,12.1499199995956));
#3542=CARTESIAN_POINT('Ctrl Pts',(4.34347929134264,5.73318050797797,12.7129741717736));
#3543=CARTESIAN_POINT('Ctrl Pts',(4.57011441481045,5.65062923502781,13.8427559304707));
#3544=CARTESIAN_POINT('Ctrl Pts',(4.67209915612441,5.59984528831983,15.0866933852392));
#3545=CARTESIAN_POINT('Ctrl Pts',(4.67209915612481,5.59984528831964,15.6277906320373));
#3546=CARTESIAN_POINT('',(3.8,5.8,10.6871190720648));
#3547=CARTESIAN_POINT('Ctrl Pts',(3.8,5.8,10.6871190720648));
#3548=CARTESIAN_POINT('Ctrl Pts',(3.9006553176443,5.8,11.2066871425098));
#3549=CARTESIAN_POINT('Ctrl Pts',(4.02416073952146,5.79263524121837,11.6994009275325));
#3550=CARTESIAN_POINT('Ctrl Pts',(4.16609335117668,5.76620844729755,12.1499199995956));
#3551=CARTESIAN_POINT('',(3.8,5.8,0.5));
#3552=CARTESIAN_POINT('',(3.8,5.8,0.));
#3553=CARTESIAN_POINT('',(5.8,3.8,0.5));
#3554=CARTESIAN_POINT('Origin',(3.8,3.8,0.5));
#3555=CARTESIAN_POINT('',(5.8,3.8,10.6871191548325));
#3556=CARTESIAN_POINT('',(5.8,3.8,0.));
#3557=CARTESIAN_POINT('',(5.76620844832358,4.16609334566608,12.1499200330003));
#3558=CARTESIAN_POINT('Ctrl Pts',(5.76620844832358,4.16609334566608,12.1499200330003));
#3559=CARTESIAN_POINT('Ctrl Pts',(5.79263508823339,4.02416155896031,11.6994035843981));
#3560=CARTESIAN_POINT('Ctrl Pts',(5.8,3.90065497938605,11.206685464013));
#3561=CARTESIAN_POINT('Ctrl Pts',(5.8,3.8,10.6871191548325));
#3562=CARTESIAN_POINT('',(5.59984528831964,4.67209915612481,15.6277906726686));
#3563=CARTESIAN_POINT('Ctrl Pts',(5.59984528831964,4.67209915612481,15.6277906726686));
#3564=CARTESIAN_POINT('Ctrl Pts',(5.59984528831983,4.67209915612441,15.0866934240316));
#3565=CARTESIAN_POINT('Ctrl Pts',(5.65062923564505,4.57011441359888,13.8427559653728));
#3566=CARTESIAN_POINT('Ctrl Pts',(5.73318050917944,4.34347928765247,12.7129742047999));
#3567=CARTESIAN_POINT('Ctrl Pts',(5.76620844832358,4.16609334566608,12.1499200330003));
#3568=CARTESIAN_POINT('',(5.59984528831964,4.67209915612481,0.));
#3569=CARTESIAN_POINT('Origin',(5.98024789031202,8.2996132207991,0.));
#3570=CARTESIAN_POINT('',(3.33827309573778,6.87835702122267,15.6277906320413));
#3571=CARTESIAN_POINT('',(3.33827309573939,6.87835702121967,0.));
#3572=CARTESIAN_POINT('Origin',(5.98024789031201,8.2996132207991,15.6277906320373));
#3573=CARTESIAN_POINT('Origin',(21.5000000395616,37.7,0.));
#3574=CARTESIAN_POINT('',(22.0000000395616,37.6999999994753,0.5));
#3575=CARTESIAN_POINT('',(21.5000000395616,38.2,0.5));
#3576=CARTESIAN_POINT('Origin',(21.5000000395616,37.7,0.5));
#3577=CARTESIAN_POINT('',(21.5000000395616,38.2,7.2));
#3578=CARTESIAN_POINT('',(21.5000000395616,38.2,0.));
#3579=CARTESIAN_POINT('',(22.0000000395616,37.6999999994753,7.2));
#3580=CARTESIAN_POINT('Origin',(21.5000000395616,37.7,7.2));
#3581=CARTESIAN_POINT('',(22.0000000395616,37.6999999994753,0.));
#3582=CARTESIAN_POINT('Origin',(11.0000000400862,37.7,7.2));
#3583=CARTESIAN_POINT('',(0.500000040086246,38.2,7.2));
#3584=CARTESIAN_POINT('',(0.,37.7,7.2));
#3585=CARTESIAN_POINT('Origin',(0.500000040086246,37.7,7.2));
#3586=CARTESIAN_POINT('Origin',(11.0000000400862,37.7,7.2));
#3587=CARTESIAN_POINT('Origin',(11.0000000400862,38.2,7.2));
#3588=CARTESIAN_POINT('Origin',(0.5,37.7,0.));
#3589=CARTESIAN_POINT('',(0.5,38.2,0.5));
#3590=CARTESIAN_POINT('',(0.,37.7,0.5));
#3591=CARTESIAN_POINT('Origin',(0.5,37.7,0.5));
#3592=CARTESIAN_POINT('',(0.,37.7,0.));
#3593=CARTESIAN_POINT('',(0.5,38.2,0.));
#3594=CARTESIAN_POINT('Origin',(20.5500000200431,37.7,0.5));
#3595=CARTESIAN_POINT('',(21.5000000395616,37.7,0.));
#3596=CARTESIAN_POINT('Origin',(21.5000000395616,37.7,0.5));
#3597=CARTESIAN_POINT('',(17.1999994077991,37.7,0.));
#3598=CARTESIAN_POINT('',(20.5500000200431,37.7,0.));
#3599=CARTESIAN_POINT('',(4.80000016391277,37.7,0.));
#3600=CARTESIAN_POINT('',(18.1499997038995,37.7,0.));
#3601=CARTESIAN_POINT('',(0.5,37.7,0.));
#3602=CARTESIAN_POINT('',(20.5500000200431,37.7,0.));
#3603=CARTESIAN_POINT('Origin',(0.500000000000003,37.7,0.5));
#3604=CARTESIAN_POINT('',(20.5500000200431,38.2,0.5));
#3605=CARTESIAN_POINT('Origin',(0.5,37.7,0.5));
#3606=CARTESIAN_POINT('Origin',(0.5,37.7,0.5));
#3607=CARTESIAN_POINT('Origin',(21.5000000395616,37.7,0.5));
#3608=CARTESIAN_POINT('Origin',(21.5000000395616,37.7,0.5));
#3609=CARTESIAN_POINT('Origin',(0.5,28.65,0.5));
#3610=CARTESIAN_POINT('',(0.5,8.8,0.));
#3611=CARTESIAN_POINT('',(0.5,28.65,0.));
#3612=CARTESIAN_POINT('',(0.,8.8,0.5));
#3613=CARTESIAN_POINT('Origin',(0.5,8.8,0.5));
#3614=CARTESIAN_POINT('',(0.,28.65,0.5));
#3615=CARTESIAN_POINT('Origin',(19.1,19.1,0.));
#3616=CARTESIAN_POINT('',(21.5000000400862,24.,0.));
#3617=CARTESIAN_POINT('',(21.5000000226141,21.5499999990031,0.));
#3618=CARTESIAN_POINT('',(24.0000000400862,21.5,0.));
#3619=CARTESIAN_POINT('Origin',(24.0000000400862,24.,0.));
#3620=CARTESIAN_POINT('',(37.7,21.5,0.));
#3621=CARTESIAN_POINT('',(28.65,21.5,0.));
#3622=CARTESIAN_POINT('',(37.7,18.1999994448116,0.));
#3623=CARTESIAN_POINT('',(37.7,9.55,0.));
#3624=CARTESIAN_POINT('',(34.8885,18.1999994448116,0.));
#3625=CARTESIAN_POINT('',(28.4,18.1999994448116,0.));
#3626=CARTESIAN_POINT('',(34.8885,19.5,0.));
#3627=CARTESIAN_POINT('',(34.8885,18.149999774018,0.));
#3628=CARTESIAN_POINT('',(36.5115,19.5,0.));
#3629=CARTESIAN_POINT('Origin',(35.7,19.5,0.));
#3630=CARTESIAN_POINT('Origin',(35.7,19.5,0.));
#3631=CARTESIAN_POINT('',(34.8885,20.5,0.));
#3632=CARTESIAN_POINT('',(34.8885,18.149999774018,0.));
#3633=CARTESIAN_POINT('',(21.3115000295925,20.5,0.));
#3634=CARTESIAN_POINT('',(26.49425,20.5,0.));
#3635=CARTESIAN_POINT('',(21.3115000295925,18.1999994448116,0.));
#3636=CARTESIAN_POINT('',(21.3115000295925,19.3,0.));
#3637=CARTESIAN_POINT('',(18.1999994077991,18.1999994448116,0.));
#3638=CARTESIAN_POINT('',(28.4,18.1999994448116,0.));
#3639=CARTESIAN_POINT('',(18.1999994077991,20.3115,0.));
#3640=CARTESIAN_POINT('',(18.1999994077991,18.15,0.));
#3641=CARTESIAN_POINT('',(19.5000000295925,20.3115,0.));
#3642=CARTESIAN_POINT('',(18.1499999372415,20.3115,0.));
#3643=CARTESIAN_POINT('',(20.3115000295925,19.5,0.));
#3644=CARTESIAN_POINT('Origin',(19.5000000295925,19.5,0.));
#3645=CARTESIAN_POINT('Origin',(19.5000000295925,19.5,0.));
#3646=CARTESIAN_POINT('',(20.5000000295925,20.3115,0.));
#3647=CARTESIAN_POINT('',(18.1499999372415,20.3115,0.));
#3648=CARTESIAN_POINT('',(20.5000000295925,33.8885,0.));
#3649=CARTESIAN_POINT('',(20.5000000295925,20.20575,0.));
#3650=CARTESIAN_POINT('',(18.1999994077991,33.8885,0.));
#3651=CARTESIAN_POINT('',(19.3000000147962,33.8885,0.));
#3652=CARTESIAN_POINT('',(17.1999994077991,34.8885,0.));
#3653=CARTESIAN_POINT('Origin',(18.1999994077991,34.8885,0.));
#3654=CARTESIAN_POINT('',(17.1999994077991,18.15,0.));
#3655=CARTESIAN_POINT('',(20.3115000295925,35.7,0.));
#3656=CARTESIAN_POINT('Origin',(19.5000000295925,35.7,0.));
#3657=CARTESIAN_POINT('Origin',(19.1,19.1,0.));
#3658=CARTESIAN_POINT('',(4.80000016391277,34.8885,0.));
#3659=CARTESIAN_POINT('',(4.80000016391277,28.4,0.));
#3660=CARTESIAN_POINT('',(3.80000016391278,33.8885,0.));
#3661=CARTESIAN_POINT('Origin',(3.80000016391277,34.8885,0.));
#3662=CARTESIAN_POINT('',(1.49999999999978,33.8885,0.));
#3663=CARTESIAN_POINT('',(11.9500000819564,33.8885,0.));
#3664=CARTESIAN_POINT('',(1.51103201486876,20.8055975128267,0.));
#3665=CARTESIAN_POINT('Origin',(7759.03392341635,33.8885000000215,0.));
#3666=CARTESIAN_POINT('',(3.80000016391278,20.7926066485809,0.));
#3667=CARTESIAN_POINT('',(10.8082454366267,20.7528318867621,0.));
#3668=CARTESIAN_POINT('',(3.80000016391278,17.1743422348068,0.));
#3669=CARTESIAN_POINT('',(3.80000016391278,28.4,0.));
#3670=CARTESIAN_POINT('',(3.8,11.0000000265551,0.));
#3671=CARTESIAN_POINT('',(3.80000018952853,18.137171333804,0.));
#3672=CARTESIAN_POINT('',(11.,3.8,0.));
#3673=CARTESIAN_POINT('Origin',(11.,11.,0.));
#3674=CARTESIAN_POINT('',(20.7745967115605,3.80000025949019,0.));
#3675=CARTESIAN_POINT('',(15.0500002163614,3.800000107517,0.));
#3676=CARTESIAN_POINT('',(20.7745967115547,1.30000016395219,0.));
#3677=CARTESIAN_POINT('',(20.7745967115795,11.9500000819741,0.));
#3678=CARTESIAN_POINT('',(34.9135317453506,1.30000016391926,0.));
#3679=CARTESIAN_POINT('',(20.1872983557566,1.30000016395356,0.));
#3680=CARTESIAN_POINT('',(34.9135317453529,2.30000016391926,0.));
#3681=CARTESIAN_POINT('',(34.9135317453725,10.7000000819412,0.));
#3682=CARTESIAN_POINT('',(36.5115,2.5,-2.77555756156289E-16));
#3683=CARTESIAN_POINT('Origin',(35.7,2.5,0.));
#3684=CARTESIAN_POINT('',(34.9135317453538,2.69999983608441,0.));
#3685=CARTESIAN_POINT('Origin',(35.7,2.5,0.));
#3686=CARTESIAN_POINT('',(34.9135317453564,3.80000016391277,0.));
#3687=CARTESIAN_POINT('',(34.9135317453725,10.7000000819412,0.));
#3688=CARTESIAN_POINT('',(37.7,3.80000016391277,0.));
#3689=CARTESIAN_POINT('',(18.1371711174035,3.80000016391277,0.));
#3690=CARTESIAN_POINT('',(37.7,0.5,0.));
#3691=CARTESIAN_POINT('',(37.7,9.55,0.));
#3692=CARTESIAN_POINT('',(8.8,0.5,0.));
#3693=CARTESIAN_POINT('',(12.45,0.5,0.));
#3694=CARTESIAN_POINT('',(6.3,3.,0.));
#3695=CARTESIAN_POINT('Origin',(8.8,3.,0.));
#3696=CARTESIAN_POINT('',(6.3,3.8,0.));
#3697=CARTESIAN_POINT('',(6.3,11.45,0.));
#3698=CARTESIAN_POINT('',(3.8,6.3,0.));
#3699=CARTESIAN_POINT('Origin',(3.8,3.8,0.));
#3700=CARTESIAN_POINT('',(3.,6.3,0.));
#3701=CARTESIAN_POINT('',(9.55,6.3,0.));
#3702=CARTESIAN_POINT('Origin',(3.,8.8,0.));
#3703=CARTESIAN_POINT('',(20.3,2.5,0.));
#3704=CARTESIAN_POINT('Origin',(19.5,2.5,0.));
#3705=CARTESIAN_POINT('',(3.3,19.5,0.));
#3706=CARTESIAN_POINT('Origin',(2.5,19.5,0.));
#3707=CARTESIAN_POINT('',(3.31149999999999,35.7,0.));
#3708=CARTESIAN_POINT('Origin',(2.49999999999999,35.7,0.));
#3709=CARTESIAN_POINT('',(9.1115,2.5,0.));
#3710=CARTESIAN_POINT('Origin',(8.3,2.5,0.));
#3711=CARTESIAN_POINT('',(3.3115,8.3,0.));
#3712=CARTESIAN_POINT('Origin',(2.5,8.3,0.));
#3713=CARTESIAN_POINT('Origin',(22.0000000400862,38.2,0.));
#3714=CARTESIAN_POINT('',(17.2000000400862,38.2,9.5));
#3715=CARTESIAN_POINT('Origin',(11.0000000400862,38.2,9.5));
#3716=CARTESIAN_POINT('Origin',(3.,8.8,0.5));
#3717=CARTESIAN_POINT('',(3.,5.8,0.5));
#3718=CARTESIAN_POINT('Origin',(3.,6.3,0.5));
#3719=CARTESIAN_POINT('Origin',(3.,8.8,0.5));
#3720=CARTESIAN_POINT('Origin',(9.55,6.3,0.5));
#3721=CARTESIAN_POINT('Origin',(3.8,6.3,0.5));
#3722=CARTESIAN_POINT('',(9.55,5.8,0.5));
#3723=CARTESIAN_POINT('Origin',(3.8,3.8,0.5));
#3724=CARTESIAN_POINT('Origin',(6.3,3.8,0.5));
#3725=CARTESIAN_POINT('Origin',(6.3,11.45,0.5));
#3726=CARTESIAN_POINT('',(5.8,3.,0.5));
#3727=CARTESIAN_POINT('Origin',(6.3,3.,0.5));
#3728=CARTESIAN_POINT('',(5.8,11.45,0.5));
#3729=CARTESIAN_POINT('Origin',(8.8,3.,0.5));
#3730=CARTESIAN_POINT('',(8.8,0.,0.5));
#3731=CARTESIAN_POINT('Origin',(8.8,0.5,0.5));
#3732=CARTESIAN_POINT('Origin',(8.8,3.,0.5));
#3733=CARTESIAN_POINT('Origin',(12.45,0.5,0.5));
#3734=CARTESIAN_POINT('',(37.7,0.,0.5));
#3735=CARTESIAN_POINT('Origin',(37.7,0.5,0.5));
#3736=CARTESIAN_POINT('',(12.45,0.,0.5));
#3737=CARTESIAN_POINT('Origin',(37.7,9.55,0.5));
#3738=CARTESIAN_POINT('',(38.2,0.5,0.5));
#3739=CARTESIAN_POINT('Origin',(37.7,0.5,0.5));
#3740=CARTESIAN_POINT('',(37.7,11.9500000819564,0.));
#3741=CARTESIAN_POINT('',(38.2,21.5,0.5));
#3742=CARTESIAN_POINT('Origin',(37.7,21.5,0.5));
#3743=CARTESIAN_POINT('',(38.2,9.55,0.5));
#3744=CARTESIAN_POINT('Origin',(37.7,0.5,0.5));
#3745=CARTESIAN_POINT('Origin',(37.7,0.5,0.5));
#3746=CARTESIAN_POINT('Origin',(28.65,21.5,0.5));
#3747=CARTESIAN_POINT('',(37.7,22.,0.5));
#3748=CARTESIAN_POINT('Origin',(37.7,21.5,0.5));
#3749=CARTESIAN_POINT('',(24.0000000400862,22.,0.5));
#3750=CARTESIAN_POINT('Origin',(24.0000000400862,21.5,0.5));
#3751=CARTESIAN_POINT('',(28.65,22.,0.5));
#3752=CARTESIAN_POINT('Origin',(24.0000000400862,24.,0.5));
#3753=CARTESIAN_POINT('',(22.0000000251851,24.,0.5));
#3754=CARTESIAN_POINT('Origin',(21.5000000400862,24.,0.5));
#3755=CARTESIAN_POINT('Origin',(24.0000000400862,24.,0.5));
#3756=CARTESIAN_POINT('Origin',(21.5000000226141,21.5499999990031,0.5));
#3757=CARTESIAN_POINT('',(22.0000000226141,21.5499999984784,0.5));
#3758=CARTESIAN_POINT('Origin',(37.7,21.5,0.5));
#3759=CARTESIAN_POINT('Origin',(37.7,21.5,0.5));
#3760=CARTESIAN_POINT('Origin',(0.,38.2,0.));
#3761=CARTESIAN_POINT('',(0.,8.8,7.2));
#3762=CARTESIAN_POINT('',(0.,8.8,0.));
#3763=CARTESIAN_POINT('',(0.,38.2,7.2));
#3764=CARTESIAN_POINT('Origin',(3.,8.8,0.));
#3765=CARTESIAN_POINT('',(3.,5.8,7.2));
#3766=CARTESIAN_POINT('',(3.,5.8,0.));
#3767=CARTESIAN_POINT('Origin',(3.,8.8,7.2));
#3768=CARTESIAN_POINT('Origin',(0.,5.8,0.));
#3769=CARTESIAN_POINT('Origin',(11.0000000400862,5.8,7.2));
#3770=CARTESIAN_POINT('Origin',(5.8,3.8,0.));
#3771=CARTESIAN_POINT('',(5.8,3.,7.2));
#3772=CARTESIAN_POINT('',(5.8,3.,0.));
#3773=CARTESIAN_POINT('Origin',(5.8,11.,7.2));
#3774=CARTESIAN_POINT('Origin',(8.8,3.,0.));
#3775=CARTESIAN_POINT('',(8.8,0.,7.2));
#3776=CARTESIAN_POINT('',(8.8,0.,0.));
#3777=CARTESIAN_POINT('Origin',(8.8,3.,7.2));
#3778=CARTESIAN_POINT('Origin',(5.8,0.,0.));
#3779=CARTESIAN_POINT('',(37.7,0.,7.2));
#3780=CARTESIAN_POINT('',(37.7,0.,0.));
#3781=CARTESIAN_POINT('',(38.2,0.,7.2));
#3782=CARTESIAN_POINT('Origin',(37.7,0.5,0.));
#3783=CARTESIAN_POINT('',(38.2,0.5,7.2));
#3784=CARTESIAN_POINT('',(38.2,0.5,0.));
#3785=CARTESIAN_POINT('Origin',(37.7,0.5,7.2));
#3786=CARTESIAN_POINT('Origin',(38.2,0.,0.));
#3787=CARTESIAN_POINT('',(38.2,21.5,7.2));
#3788=CARTESIAN_POINT('',(38.2,21.5,0.));
#3789=CARTESIAN_POINT('Origin',(38.2,11.,7.2));
#3790=CARTESIAN_POINT('',(38.2,4.8,9.5));
#3791=CARTESIAN_POINT('Origin',(38.2,11.,9.5));
#3792=CARTESIAN_POINT('Origin',(37.7,21.5,0.));
#3793=CARTESIAN_POINT('',(37.7,22.,7.2));
#3794=CARTESIAN_POINT('',(37.7,22.,0.));
#3795=CARTESIAN_POINT('Origin',(37.7,21.5,7.2));
#3796=CARTESIAN_POINT('Origin',(38.2,22.,0.));
#3797=CARTESIAN_POINT('',(24.0000000400862,22.,7.2));
#3798=CARTESIAN_POINT('',(24.0000000400862,22.,9.1));
#3799=CARTESIAN_POINT('',(38.2,22.,7.2));
#3800=CARTESIAN_POINT('Origin',(37.7,11.,7.2));
#3801=CARTESIAN_POINT('Origin',(37.7,11.,7.2));
#3802=CARTESIAN_POINT('Origin',(18.1999994077991,34.8885,0.));
#3803=CARTESIAN_POINT('',(18.1999994077991,33.8885,5.));
#3804=CARTESIAN_POINT('',(18.1999994077991,33.8885,0.));
#3805=CARTESIAN_POINT('',(17.1999994077991,34.8885,5.));
#3806=CARTESIAN_POINT('Origin',(18.1999994077991,34.8885,5.));
#3807=CARTESIAN_POINT('',(17.1999994077991,34.8885,0.));
#3808=CARTESIAN_POINT('Origin',(19.5000000295925,33.8885,0.));
#3809=CARTESIAN_POINT('',(19.5000000295925,33.8885,1.));
#3810=CARTESIAN_POINT('Origin',(20.5000000295925,33.8885,1.));
#3811=CARTESIAN_POINT('',(19.5000000295925,33.8885,5.));
#3812=CARTESIAN_POINT('',(19.5000000295925,33.8885,0.));
#3813=CARTESIAN_POINT('',(19.5000000295925,33.8885,5.));
#3814=CARTESIAN_POINT('Origin',(3.80000016391277,34.8885,0.));
#3815=CARTESIAN_POINT('',(4.80000016391277,34.8885,5.));
#3816=CARTESIAN_POINT('',(4.80000016391277,34.8885,0.));
#3817=CARTESIAN_POINT('',(3.80000016391278,33.8885,5.));
#3818=CARTESIAN_POINT('Origin',(3.80000016391277,34.8885,5.));
#3819=CARTESIAN_POINT('',(3.80000016391278,33.8885,0.));
#3820=CARTESIAN_POINT('Origin',(4.80000016391277,37.7,0.));
#3821=CARTESIAN_POINT('',(4.80000016391277,37.7,5.));
#3822=CARTESIAN_POINT('',(4.80000016391277,37.7,0.));
#3823=CARTESIAN_POINT('',(4.80000016391277,38.2,5.));
#3824=CARTESIAN_POINT('Origin',(18.1999994077991,20.3115,0.));
#3825=CARTESIAN_POINT('',(18.1999994077991,21.3115,1.));
#3826=CARTESIAN_POINT('',(17.1999994077991,20.3115,1.));
#3827=CARTESIAN_POINT('Origin',(18.1999994077991,20.3115,1.));
#3828=CARTESIAN_POINT('',(17.1999994077991,20.3115,5.));
#3829=CARTESIAN_POINT('',(17.1999994077991,20.3115,0.));
#3830=CARTESIAN_POINT('',(18.1999994077991,21.3115,5.));
#3831=CARTESIAN_POINT('Origin',(18.1999994077991,20.3115,5.));
#3832=CARTESIAN_POINT('',(18.1999994077991,21.3115,0.));
#3833=CARTESIAN_POINT('Origin',(18.1499999372415,20.3115,1.));
#3834=CARTESIAN_POINT('Origin',(18.1999994077991,20.3115,1.));
#3835=CARTESIAN_POINT('',(19.5000000295925,21.3115,1.));
#3836=CARTESIAN_POINT('',(18.1499999372415,21.3115,1.));
#3837=CARTESIAN_POINT('Origin',(20.5000000295925,20.3115,1.));
#3838=CARTESIAN_POINT('Origin',(18.1999994077991,20.3115,1.));
#3839=CARTESIAN_POINT('Origin',(18.1999994077991,20.3115,1.));
#3840=CARTESIAN_POINT('Origin',(17.1999994077991,17.2,0.));
#3841=CARTESIAN_POINT('',(17.1999994077991,22.4,5.));
#3842=CARTESIAN_POINT('',(17.1999994077991,18.1999994448116,1.));
#3843=CARTESIAN_POINT('',(17.1999994077991,18.15,1.));
#3844=CARTESIAN_POINT('',(17.1999994077991,18.1999994448116,5.33516471860346));
#3845=CARTESIAN_POINT('',(17.1999994077991,18.1999994448116,0.));
#3846=CARTESIAN_POINT('',(17.1999994077991,37.7,5.33516471860346));
#3847=CARTESIAN_POINT('',(17.1999994077991,38.2,5.33516471860346));
#3848=CARTESIAN_POINT('',(17.1999994077991,37.7,0.));
#3849=CARTESIAN_POINT('Origin',(18.1999994077991,18.15,1.));
#3850=CARTESIAN_POINT('Origin',(18.1999994077991,18.1999994448116,1.));
#3851=CARTESIAN_POINT('Origin',(10.8082454366267,20.7528318867621,0.5));
#3852=CARTESIAN_POINT('',(3.80283783009777,21.2925985961667,0.5));
#3853=CARTESIAN_POINT('Origin',(3.80000016391278,20.7926066485809,0.5));
#3854=CARTESIAN_POINT('',(2.37623940744423,21.3006951467673,0.500000018603512));
#3855=CARTESIAN_POINT('Ctrl Pts',(2.37623939670739,21.3006951468282,0.500000018610999));
#3856=CARTESIAN_POINT('Ctrl Pts',(2.36391388000623,21.3007651001534,0.478651821134484));
#3857=CARTESIAN_POINT('Ctrl Pts',(2.35081620245626,21.2994736968213,0.457788778814259));
#3858=CARTESIAN_POINT('Ctrl Pts',(2.31401428388751,21.2928658260333,0.403678561529047));
#3859=CARTESIAN_POINT('Ctrl Pts',(2.28915986225017,21.2854617668958,0.371607476850098));
#3860=CARTESIAN_POINT('Ctrl Pts',(2.20352195650044,21.2532207511087,0.273662763411069));
#3861=CARTESIAN_POINT('Ctrl Pts',(2.13343882906463,21.216907526426,0.21198714737641));
#3862=CARTESIAN_POINT('Ctrl Pts',(1.96480450092904,21.1167345013397,0.10298000943558));
#3863=CARTESIAN_POINT('Ctrl Pts',(1.87096535504515,21.0547437025709,0.0620015464563936));
#3864=CARTESIAN_POINT('Ctrl Pts',(1.68997966514091,20.9312722647401,0.0121189741496998));
#3865=CARTESIAN_POINT('Ctrl Pts',(1.60188727558657,20.8694030163824,0.000288882721581749));
#3866=CARTESIAN_POINT('Ctrl Pts',(1.51318499288666,20.8071095045047,1.74235675691075E-6));
#3867=CARTESIAN_POINT('Ctrl Pts',(1.51210850297101,20.8063535087602,1.10273910178899E-14));
#3868=CARTESIAN_POINT('Ctrl Pts',(1.51103201487899,20.8055975135266,0.));
#3869=CARTESIAN_POINT('',(10.8110831028117,21.2528238343479,0.5));
#3870=CARTESIAN_POINT('Ctrl Pts',(3.80283783009777,21.2925985961667,0.5));
#3871=CARTESIAN_POINT('Ctrl Pts',(3.95243748026871,21.2917495547559,0.5));
#3872=CARTESIAN_POINT('Ctrl Pts',(4.21158987790493,21.2902787550778,0.625437839253566));
#3873=CARTESIAN_POINT('Ctrl Pts',(4.30283783009777,21.2897608842808,0.887800262371793));
#3874=CARTESIAN_POINT('Ctrl Pts',(4.30283783009777,21.2897608842808,1.));
#3875=CARTESIAN_POINT('Ctrl Pts',(3.80283783009777,21.2925985961667,0.369100306100425));
#3876=CARTESIAN_POINT('Ctrl Pts',(3.9916735040456,21.2915222601757,0.369243200275029));
#3877=CARTESIAN_POINT('Ctrl Pts',(4.31832362395925,21.2896731704317,0.527699001306732));
#3878=CARTESIAN_POINT('Ctrl Pts',(4.43326247659389,21.2890206691417,0.858478967776378));
#3879=CARTESIAN_POINT('Ctrl Pts',(4.43326247659389,21.2890206691417,1.));
#3880=CARTESIAN_POINT('Ctrl Pts',(3.80222296280025,21.1842600258225,0.108340315146392));
#3881=CARTESIAN_POINT('Ctrl Pts',(4.06884408003154,21.1829951634725,0.108756142782359));
#3882=CARTESIAN_POINT('Ctrl Pts',(4.53035559489258,21.1808001742056,0.333124109425639));
#3883=CARTESIAN_POINT('Ctrl Pts',(4.69248214908823,21.1800297412387,0.800342904413145));
#3884=CARTESIAN_POINT('Ctrl Pts',(4.69248214908823,21.1800297412387,1.));
#3885=CARTESIAN_POINT('Ctrl Pts',(3.80074306318279,20.9235042343634,-1.58793030334149E-15));
#3886=CARTESIAN_POINT('Ctrl Pts',(4.10025622613663,20.9225123010792,0.000227298240717312));
#3887=CARTESIAN_POINT('Ctrl Pts',(4.61780722140424,20.9207990263691,0.251306173166952));
#3888=CARTESIAN_POINT('Ctrl Pts',(4.80000016391278,20.9201956836915,0.775534368671267));
#3889=CARTESIAN_POINT('Ctrl Pts',(4.80000016391278,20.9201956836915,1.));
#3890=CARTESIAN_POINT('Ctrl Pts',(3.80000016391278,20.7926066485809,-1.59594559789866E-15));
#3891=CARTESIAN_POINT('Ctrl Pts',(4.09919946425466,20.7917576071701,-1.63159564702168E-15));
#3892=CARTESIAN_POINT('Ctrl Pts',(4.6175042595271,20.790286807492,0.25087567850713));
#3893=CARTESIAN_POINT('Ctrl Pts',(4.80000016391278,20.789768936695,0.775600524743585));
#3894=CARTESIAN_POINT('Ctrl Pts',(4.80000016391278,20.789768936695,1.));
#3895=CARTESIAN_POINT('',(4.30283783009777,21.2897608842808,1.));
#3896=CARTESIAN_POINT('',(4.80000016391278,20.789768936695,1.));
#3897=CARTESIAN_POINT('Origin',(4.30000016391278,20.789768936695,1.));
#3898=CARTESIAN_POINT('Origin',(3.80000016391278,20.7926066485809,1.));
#3899=CARTESIAN_POINT('Origin',(3.80283783009777,21.2925985961667,1.));
#3900=CARTESIAN_POINT('Origin',(4.30000016391278,20.789768936695,0.));
#3901=CARTESIAN_POINT('',(4.30283783009777,21.2897608842808,5.));
#3902=CARTESIAN_POINT('',(4.80000016391278,20.789768936695,5.));
#3903=CARTESIAN_POINT('Origin',(4.30000016391278,20.789768936695,5.));
#3904=CARTESIAN_POINT('',(4.80000016391278,20.789768936695,0.));
#3905=CARTESIAN_POINT('',(4.30283783009777,21.2897608842808,0.));
#3906=CARTESIAN_POINT('Origin',(2.51021539261728,21.2999347762762,0.));
#3907=CARTESIAN_POINT('',(2.51021539261728,21.2999347762762,1.));
#3908=CARTESIAN_POINT('Ctrl Pts',(2.37623939938962,21.300695146813,0.500000023254053));
#3909=CARTESIAN_POINT('Ctrl Pts',(2.39875019305977,21.3005673885195,0.538989453577907));
#3910=CARTESIAN_POINT('Ctrl Pts',(2.41815304041181,21.3004572691384,0.578831366296816));
#3911=CARTESIAN_POINT('Ctrl Pts',(2.48132340930776,21.3000987505251,0.731338213780604));
#3912=CARTESIAN_POINT('Ctrl Pts',(2.51021539261728,21.2999347762762,0.876587500449965));
#3913=CARTESIAN_POINT('Ctrl Pts',(2.51021539261728,21.2999347762762,1.));
#3914=CARTESIAN_POINT('',(2.51021539261728,21.2999347762762,5.));
#3915=CARTESIAN_POINT('',(2.51021539261728,21.2999347762762,0.));
#3916=CARTESIAN_POINT('',(2.51021539261681,21.2999347762762,5.));
#3917=CARTESIAN_POINT('Origin',(34.9135317453725,10.7000000819412,1.));
#3918=CARTESIAN_POINT('Ctrl Pts',(34.9135317453538,2.69999983608441,2.77555756156289E-16));
#3919=CARTESIAN_POINT('Ctrl Pts',(34.8965449488637,2.63320190040009,8.07135598753187E-17));
#3920=CARTESIAN_POINT('Ctrl Pts',(34.8885000000001,2.5649643966985,0.000313343229707587));
#3921=CARTESIAN_POINT('Ctrl Pts',(34.8885,2.5000000000019,0.000313343229707552));
#3922=CARTESIAN_POINT('Ctrl Pts',(34.8884999999999,2.43503560330529,0.000313343229707517));
#3923=CARTESIAN_POINT('Ctrl Pts',(34.896544948863,2.36679809960366,-4.62773603416915E-17));
#3924=CARTESIAN_POINT('Ctrl Pts',(34.9135317453529,2.30000016391926,1.38777878078145E-16));
#3925=CARTESIAN_POINT('',(33.9135317453529,2.30000016392159,1.));
#3926=CARTESIAN_POINT('Origin',(34.9135317453506,1.30000016391927,1.));
#3927=CARTESIAN_POINT('',(33.9135317453564,3.8000001639151,1.));
#3928=CARTESIAN_POINT('',(33.9135317453725,10.7000000819435,1.));
#3929=CARTESIAN_POINT('Origin',(34.9135317453564,3.80000016391277,1.));
#3930=CARTESIAN_POINT('Origin',(34.9135317453564,3.80000016391277,0.));
#3931=CARTESIAN_POINT('',(34.9135317453564,4.80000016391277,1.));
#3932=CARTESIAN_POINT('Origin',(34.9135317453564,3.80000016391277,1.));
#3933=CARTESIAN_POINT('',(33.9135317453622,3.8000001639151,6.32916211897198));
#3934=CARTESIAN_POINT('',(33.9135317453564,3.8000001639151,0.));
#3935=CARTESIAN_POINT('',(34.9135317453564,4.80000016391277,9.21786656755832));
#3936=CARTESIAN_POINT('Ctrl Pts',(34.9135317453564,4.80000016391277,9.21786656755842));
#3937=CARTESIAN_POINT('Ctrl Pts',(34.9101562015364,4.80000016391277,9.21786656755842));
#3938=CARTESIAN_POINT('Ctrl Pts',(34.9072035893095,4.79998398009964,9.21714842625391));
#3939=CARTESIAN_POINT('Ctrl Pts',(34.9017243417337,4.79993412237911,9.21497603855817));
#3940=CARTESIAN_POINT('Ctrl Pts',(34.8991873345828,4.79990086479708,9.21354803426592));
#3941=CARTESIAN_POINT('Ctrl Pts',(34.8919291613414,4.79977729530454,9.20834394177673));
#3942=CARTESIAN_POINT('Ctrl Pts',(34.8874386928609,4.79966922733048,9.20397068004759));
#3943=CARTESIAN_POINT('Ctrl Pts',(34.8743920535573,4.79927164848514,9.18890471403862));
#3944=CARTESIAN_POINT('Ctrl Pts',(34.8663994734633,4.79891368578099,9.17671465094953));
#3945=CARTESIAN_POINT('Ctrl Pts',(34.8139752387998,4.79606968981995,9.0909265717975));
#3946=CARTESIAN_POINT('Ctrl Pts',(34.7720963714742,4.79063517418391,8.99534909177938));
#3947=CARTESIAN_POINT('Ctrl Pts',(34.6040781533259,4.7602868640341,8.63042427882962));
#3948=CARTESIAN_POINT('Ctrl Pts',(34.4563256946329,4.69991980967749,8.28669559590461));
#3949=CARTESIAN_POINT('Ctrl Pts',(34.2341071485068,4.54570814174928,7.72716142726479));
#3950=CARTESIAN_POINT('Ctrl Pts',(34.1255618624445,4.43662515502543,7.42916835254785));
#3951=CARTESIAN_POINT('Ctrl Pts',(33.9649939448092,4.15561559997109,6.85242980107281));
#3952=CARTESIAN_POINT('Ctrl Pts',(33.9135317453564,3.98350482223698,6.57361820298721));
#3953=CARTESIAN_POINT('Ctrl Pts',(33.9135317453564,3.80000016391277,6.32916211896888));
#3954=CARTESIAN_POINT('',(34.9135317453564,4.80000016391277,0.));
#3955=CARTESIAN_POINT('Origin',(34.9135317453564,3.80000016391277,1.));
#3956=CARTESIAN_POINT('Origin',(34.9135317453564,3.80000016391277,1.));
#3957=CARTESIAN_POINT('Origin',(35.7,2.5,1.5));
#3958=CARTESIAN_POINT('',(36.5115,2.5,3.));
#3959=CARTESIAN_POINT('',(36.5115,2.5,1.5));
#3960=CARTESIAN_POINT('Origin',(35.7,2.5,3.));
#3961=CARTESIAN_POINT('Origin',(18.1371711174035,3.80000016391277,1.));
#3962=CARTESIAN_POINT('',(37.7,4.80000016391277,1.));
#3963=CARTESIAN_POINT('',(18.1371711174035,4.80000016391277,1.));
#3964=CARTESIAN_POINT('Origin',(37.7,3.80000016391277,1.));
#3965=CARTESIAN_POINT('Origin',(17.1743422348071,4.80000016391277,0.));
#3966=CARTESIAN_POINT('',(37.7,4.80000016391277,9.21786656755832));
#3967=CARTESIAN_POINT('',(21.2745967115512,4.80000016391277,9.21786656755832));
#3968=CARTESIAN_POINT('',(37.7,4.80000016391277,0.));
#3969=CARTESIAN_POINT('Origin',(34.8885,18.1999994448116,0.));
#3970=CARTESIAN_POINT('',(33.8885,18.1999994448116,1.));
#3971=CARTESIAN_POINT('',(34.8885,17.1999994448116,1.));
#3972=CARTESIAN_POINT('Origin',(34.8885,18.1999994448116,1.));
#3973=CARTESIAN_POINT('',(34.8885,17.1999994448116,5.));
#3974=CARTESIAN_POINT('',(34.8885,17.1999994448116,0.));
#3975=CARTESIAN_POINT('',(33.8885,18.1999994448116,5.));
#3976=CARTESIAN_POINT('Origin',(34.8885,18.1999994448116,5.));
#3977=CARTESIAN_POINT('',(33.8885,18.1999994448116,0.));
#3978=CARTESIAN_POINT('Origin',(34.8885,18.149999774018,1.));
#3979=CARTESIAN_POINT('Origin',(34.8885,18.1999994448116,1.));
#3980=CARTESIAN_POINT('',(33.8885,19.5,1.));
#3981=CARTESIAN_POINT('',(33.8885,18.149999774018,1.));
#3982=CARTESIAN_POINT('Origin',(34.8885,20.5,1.));
#3983=CARTESIAN_POINT('Origin',(34.8885,18.1999994448116,1.));
#3984=CARTESIAN_POINT('Origin',(34.8885,18.1999994448116,1.));
#3985=CARTESIAN_POINT('Origin',(37.7,17.1999994448116,0.));
#3986=CARTESIAN_POINT('',(37.7,17.1999994448116,1.));
#3987=CARTESIAN_POINT('',(28.4,17.1999994448116,1.));
#3988=CARTESIAN_POINT('',(37.7,17.1999994448116,5.));
#3989=CARTESIAN_POINT('',(37.7,17.1999994448116,0.));
#3990=CARTESIAN_POINT('',(38.2,17.1999994448116,5.));
#3991=CARTESIAN_POINT('Origin',(28.4,18.1999994448116,1.));
#3992=CARTESIAN_POINT('Origin',(37.7,18.1999994448116,1.));
#3993=CARTESIAN_POINT('Origin',(33.9135317453529,2.30000016392159,0.));
#3994=CARTESIAN_POINT('',(33.9135317453529,2.30000016392159,5.));
#3995=CARTESIAN_POINT('',(33.9135317453529,2.30000016392159,0.));
#3996=CARTESIAN_POINT('Origin',(33.9135317453529,-0.198722830157694,9.3308640389956));
#3997=CARTESIAN_POINT('Origin',(28.4,18.1999994448116,1.));
#3998=CARTESIAN_POINT('',(21.3115000295925,17.1999994448116,1.));
#3999=CARTESIAN_POINT('Origin',(21.3115000295925,18.1999994448116,1.));
#4000=CARTESIAN_POINT('',(18.1999994077991,17.1999994448116,1.));
#4001=CARTESIAN_POINT('',(28.4,17.1999994448116,1.));
#4002=CARTESIAN_POINT('Origin',(18.1999994077991,18.1999994448116,1.));
#4003=CARTESIAN_POINT('Origin',(18.1999994077991,18.1999994448116,0.));
#4004=CARTESIAN_POINT('',(18.1999994077991,17.1999994448116,5.03253633866258));
#4005=CARTESIAN_POINT('Ctrl Pts',(17.1999994077991,18.1999994448116,5.33516471860346));
#4006=CARTESIAN_POINT('Ctrl Pts',(17.1999994077991,18.1014446967555,5.33516471860346));
#4007=CARTESIAN_POINT('Ctrl Pts',(17.2153959842751,17.9981525180746,5.31695207456204));
#4008=CARTESIAN_POINT('Ctrl Pts',(17.2755853216902,17.8054805878887,5.25770655189068));
#4009=CARTESIAN_POINT('Ctrl Pts',(17.3203423899377,17.7156328599643,5.21816968816025));
#4010=CARTESIAN_POINT('Ctrl Pts',(17.4247162319808,17.5613427324635,5.14476392596458));
#4011=CARTESIAN_POINT('Ctrl Pts',(17.4939083653459,17.4842793761365,5.1042484360581));
#4012=CARTESIAN_POINT('Ctrl Pts',(17.6563265852302,17.3542809838976,5.03918347035591));
#4013=CARTESIAN_POINT('Ctrl Pts',(17.7497463721255,17.3013824021224,5.01504548381334));
#4014=CARTESIAN_POINT('Ctrl Pts',(17.9341047663998,17.231222890348,4.99601770960825));
#4015=CARTESIAN_POINT('Ctrl Pts',(18.0362784599576,17.2083954466015,4.99877880140604));
#4016=CARTESIAN_POINT('Ctrl Pts',(18.1577825471811,17.2006631941496,5.02222880686205));
#4017=CARTESIAN_POINT('Ctrl Pts',(18.1789973862068,17.1999994448116,5.02704391361663));
#4018=CARTESIAN_POINT('Ctrl Pts',(18.1999994077991,17.1999994448116,5.03253633866258));
#4019=CARTESIAN_POINT('Origin',(18.1999994077991,18.1999994448116,1.));
#4020=CARTESIAN_POINT('',(18.1999994077991,17.1999994448116,0.));
#4021=CARTESIAN_POINT('Origin',(18.1999994077991,18.1999994448116,1.));
#4022=CARTESIAN_POINT('Origin',(37.7,17.1999994448116,0.));
#4023=CARTESIAN_POINT('',(21.3115000295925,17.1999998886509,5.));
#4024=CARTESIAN_POINT('',(21.3115000295925,17.1999994448116,0.));
#4025=CARTESIAN_POINT('',(21.1877377673739,17.1999994448116,5.));
#4026=CARTESIAN_POINT('',(38.2,17.1999994448116,5.));
#4027=CARTESIAN_POINT('',(17.1925465017709,17.1999994448116,9.19607843137255));
#4028=CARTESIAN_POINT('Origin',(21.1877377673739,17.1999994448116,9.));
#4029=CARTESIAN_POINT('',(17.1032783718536,17.1999994448116,8.40913171969353));
#4030=CARTESIAN_POINT('Origin',(11.0000000400862,17.1999994448116,9.5));
#4031=CARTESIAN_POINT('',(17.1032778052692,17.2000000025571,7.2));
#4032=CARTESIAN_POINT('',(17.1032783718536,17.1999994448116,0.));
#4033=CARTESIAN_POINT('',(17.1999999915633,17.2,7.2));
#4034=CARTESIAN_POINT('',(19.5516388592276,17.1999999378284,7.2));
#4035=CARTESIAN_POINT('',(17.1999994077991,17.2,5.33516471860346));
#4036=CARTESIAN_POINT('',(17.1999999915633,17.2,0.));
#4037=CARTESIAN_POINT('Origin',(17.9469894001085,17.1999994448116,6.));
#4038=CARTESIAN_POINT('Origin',(3.80000016391278,28.4,1.));
#4039=CARTESIAN_POINT('',(4.80000016391278,17.1743422348068,1.));
#4040=CARTESIAN_POINT('',(4.80000016391278,28.4,1.));
#4041=CARTESIAN_POINT('Origin',(3.80000016391278,17.1743422348068,1.));
#4042=CARTESIAN_POINT('Origin',(3.80000018952853,18.137171333804,1.));
#4043=CARTESIAN_POINT('',(4.80000018952853,18.1371713072489,1.));
#4044=CARTESIAN_POINT('Origin',(3.8,11.0000000265551,1.));
#4045=CARTESIAN_POINT('Origin',(11.,11.,1.));
#4046=CARTESIAN_POINT('Origin',(11.,3.8,1.));
#4047=CARTESIAN_POINT('Origin',(15.0500002163614,3.800000107517,1.));
#4048=CARTESIAN_POINT('',(21.1152216659711,4.30000016391198,0.133974535812652));
#4049=CARTESIAN_POINT('Ctrl Pts',(21.1152216659711,4.30000016391198,0.133974535812652));
#4050=CARTESIAN_POINT('Ctrl Pts',(21.0209055682881,4.14797630906621,0.0462035482269584));
#4051=CARTESIAN_POINT('Ctrl Pts',(20.8881429394219,3.96057887790193,-7.18939739073829E-17));
#4052=CARTESIAN_POINT('Ctrl Pts',(20.7745967115605,3.80000025949019,6.93889390390723E-17));
#4053=CARTESIAN_POINT('',(17.1743422348071,4.80000016391277,1.));
#4054=CARTESIAN_POINT('',(15.050000189814,4.800000107517,1.));
#4055=CARTESIAN_POINT('',(20.7745967115617,4.80000016391277,1.));
#4056=CARTESIAN_POINT('',(15.0500002163614,4.80000016391277,1.));
#4057=CARTESIAN_POINT('',(21.1152216184566,4.66602567231734,0.5));
#4058=CARTESIAN_POINT('Ctrl Pts',(20.774596698288,4.80000016391277,1.));
#4059=CARTESIAN_POINT('Ctrl Pts',(20.8386140947022,4.80000016561227,0.909465734089699));
#4060=CARTESIAN_POINT('Ctrl Pts',(20.9083999890166,4.78707457581192,0.810908878860758));
#4061=CARTESIAN_POINT('Ctrl Pts',(21.0249832696221,4.73632381610104,0.640400913513847));
#4062=CARTESIAN_POINT('Ctrl Pts',(21.0733995452661,4.70494547287648,0.567411073911925));
#4063=CARTESIAN_POINT('Ctrl Pts',(21.1152216184566,4.66602567231734,0.500000000000004));
#4064=CARTESIAN_POINT('Ctrl Pts',(21.1152216184566,4.66602567231734,0.500000000000003));
#4065=CARTESIAN_POINT('Ctrl Pts',(21.1170063700549,4.66436477483053,0.497123241084627));
#4066=CARTESIAN_POINT('Ctrl Pts',(21.1187332730618,4.6626993570663,0.494271821064261));
#4067=CARTESIAN_POINT('Ctrl Pts',(21.1391283029205,4.6423491457195,0.459816232646234));
#4068=CARTESIAN_POINT('Ctrl Pts',(21.1547811026056,4.61900237005421,0.424565240537014));
#4069=CARTESIAN_POINT('Ctrl Pts',(21.1751161879148,4.56597959229885,0.355666793879434));
#4070=CARTESIAN_POINT('Ctrl Pts',(21.1798293826287,4.53626896189275,0.322055123697139));
#4071=CARTESIAN_POINT('Ctrl Pts',(21.1798293841771,4.47794500580958,0.263731178762878));
#4072=CARTESIAN_POINT('Ctrl Pts',(21.1751161911442,4.44433332982283,0.234020554656688));
#4073=CARTESIAN_POINT('Ctrl Pts',(21.1547811090717,4.37543487248985,0.180997789531756));
#4074=CARTESIAN_POINT('Ctrl Pts',(21.1391283109422,4.34018387550224,0.157651020189327));
#4075=CARTESIAN_POINT('Ctrl Pts',(21.1187332943111,4.30572830254144,0.137300826634137));
#4076=CARTESIAN_POINT('Ctrl Pts',(21.1170064040328,4.30287690252486,0.135635421134466));
#4077=CARTESIAN_POINT('Ctrl Pts',(21.1152216659711,4.30000016391198,0.133974535812652));
#4078=CARTESIAN_POINT('Origin',(20.7745967115795,11.9500000819741,0.5));
#4079=CARTESIAN_POINT('',(21.2745967115617,4.30000016391161,0.5));
#4080=CARTESIAN_POINT('Origin',(20.7745967115617,4.30000016391277,0.5));
#4081=CARTESIAN_POINT('',(21.2745967115567,2.16602556773546,0.5));
#4082=CARTESIAN_POINT('',(21.2745967115795,11.950000081973,0.5));
#4083=CARTESIAN_POINT('Ctrl Pts',(20.7745967115547,1.30000016395219,6.93889390390723E-17));
#4084=CARTESIAN_POINT('Ctrl Pts',(20.8386140934543,1.39053441366179,-1.02379041031729E-17));
#4085=CARTESIAN_POINT('Ctrl Pts',(20.9084001742842,1.48909109452102,0.0129256489404465));
#4086=CARTESIAN_POINT('Ctrl Pts',(21.0399315112058,1.6814614679929,0.0701836010215431));
#4087=CARTESIAN_POINT('Ctrl Pts',(21.1015726255863,1.77532888852616,0.114574550085257));
#4088=CARTESIAN_POINT('Ctrl Pts',(21.1835896128,1.91428232206516,0.208000677999014));
#4089=CARTESIAN_POINT('Ctrl Pts',(21.2155623170748,1.97329782712952,0.256537281409692));
#4090=CARTESIAN_POINT('Ctrl Pts',(21.2611776144785,2.08029358701598,0.369754978933075));
#4091=CARTESIAN_POINT('Ctrl Pts',(21.2745967115566,2.12824167345353,0.434556375395877));
#4092=CARTESIAN_POINT('Ctrl Pts',(21.2745967115567,2.16602556773546,0.499999999999999));
#4093=CARTESIAN_POINT('Origin',(20.7745967115617,4.30000016391277,0.5));
#4094=CARTESIAN_POINT('Origin',(20.7745967115617,4.30000016391277,0.5));
#4095=CARTESIAN_POINT('Origin',(20.7745967115617,4.30000016391277,0.));
#4096=CARTESIAN_POINT('',(20.7745967115617,4.80000016391277,9.21786656755835));
#4097=CARTESIAN_POINT('',(20.7745967115617,4.80000016391277,0.));
#4098=CARTESIAN_POINT('',(21.2745967115629,4.30000016391281,7.14877984661865));
#4099=CARTESIAN_POINT('Ctrl Pts',(20.7745967115617,4.80000016391277,9.21786656755835));
#4100=CARTESIAN_POINT('Ctrl Pts',(20.7762983837822,4.80000016391277,9.21786656755835));
#4101=CARTESIAN_POINT('Ctrl Pts',(20.778078032476,4.79999072229903,9.21744689005285));
#4102=CARTESIAN_POINT('Ctrl Pts',(20.7813955165033,4.79995676463546,9.21596064729269));
#4103=CARTESIAN_POINT('Ctrl Pts',(20.7829359887238,4.7999323397558,9.21489997283239));
#4104=CARTESIAN_POINT('Ctrl Pts',(20.7903407233604,4.79978937153627,9.20879432168399));
#4105=CARTESIAN_POINT('Ctrl Pts',(20.7952698514464,4.79958746566969,9.20070363773877));
#4106=CARTESIAN_POINT('Ctrl Pts',(20.8103883809737,4.7988450938597,9.17363042691108));
#4107=CARTESIAN_POINT('Ctrl Pts',(20.8194796554633,4.79806308688943,9.15005310425907));
#4108=CARTESIAN_POINT('Ctrl Pts',(20.837386400004,4.79612364412003,9.10267355975808));
#4109=CARTESIAN_POINT('Ctrl Pts',(20.8457965634161,4.79496329285679,9.07871926350657));
#4110=CARTESIAN_POINT('Ctrl Pts',(20.8853287157834,4.78866113210849,8.96387948480577));
#4111=CARTESIAN_POINT('Ctrl Pts',(20.9178953444444,4.78022135575592,8.86094398087624));
#4112=CARTESIAN_POINT('Ctrl Pts',(20.9813406307222,4.75651277190849,8.65532700927017));
#4113=CARTESIAN_POINT('Ctrl Pts',(21.0118563209603,4.74123634608918,8.55253459782563));
#4114=CARTESIAN_POINT('Ctrl Pts',(21.0982079773796,4.68758552885107,8.24951449431866));
#4115=CARTESIAN_POINT('Ctrl Pts',(21.1577199036204,4.6323609856266,8.02061944200661));
#4116=CARTESIAN_POINT('Ctrl Pts',(21.246118150868,4.48685274158109,7.56975810211974));
#4117=CARTESIAN_POINT('Ctrl Pts',(21.2745967115617,4.39650177145547,7.34773367357618));
#4118=CARTESIAN_POINT('Ctrl Pts',(21.2745967115617,4.30000016391277,7.14877984661858));
#4119=CARTESIAN_POINT('',(21.2745967115617,4.30000016391161,0.));
#4120=CARTESIAN_POINT('Origin',(7759.03392341635,33.8885000000215,1.));
#4121=CARTESIAN_POINT('',(2.50000000000064,33.8884999995146,1.));
#4122=CARTESIAN_POINT('Origin',(1.49999999999977,33.888499999994,1.));
#4123=CARTESIAN_POINT('Origin',(7759.03392341635,33.8885000000215,1.));
#4124=CARTESIAN_POINT('Origin',(7759.03392341635,33.8885000000215,0.));
#4125=CARTESIAN_POINT('',(2.50000000000064,33.8884999995146,5.));
#4126=CARTESIAN_POINT('',(2.50000000000064,33.8884999995146,0.));
#4127=CARTESIAN_POINT('Origin',(7759.03392341635,33.8885000000215,5.));
#4128=CARTESIAN_POINT('Origin',(20.5000000295925,20.20575,1.));
#4129=CARTESIAN_POINT('',(19.5000000295925,20.20575,1.));
#4130=CARTESIAN_POINT('Origin',(19.5000000295925,21.3115,0.));
#4131=CARTESIAN_POINT('',(19.5000000295925,21.3115,5.));
#4132=CARTESIAN_POINT('',(19.5000000295925,21.3115,0.));
#4133=CARTESIAN_POINT('',(19.5000000295925,33.8885,5.));
#4134=CARTESIAN_POINT('Origin',(26.49425,20.5,1.));
#4135=CARTESIAN_POINT('',(21.3115000295925,19.5,1.));
#4136=CARTESIAN_POINT('',(26.49425,19.5,1.));
#4137=CARTESIAN_POINT('Origin',(21.3115000295925,20.5,1.));
#4138=CARTESIAN_POINT('Origin',(33.8885,19.5,0.));
#4139=CARTESIAN_POINT('',(33.8885,19.5,5.));
#4140=CARTESIAN_POINT('',(33.8885,19.5,0.));
#4141=CARTESIAN_POINT('',(21.3115000295925,19.5,5.));
#4142=CARTESIAN_POINT('',(33.8885,19.5,5.));
#4143=CARTESIAN_POINT('',(21.3115000295925,19.5,0.));
#4144=CARTESIAN_POINT('Origin',(21.3115000295925,19.5,0.));
#4145=CARTESIAN_POINT('',(21.3115000295925,19.5,5.));
#4146=CARTESIAN_POINT('Origin',(33.8885,17.199999548036,0.));
#4147=CARTESIAN_POINT('',(33.8885,19.5,5.));
#4148=CARTESIAN_POINT('Origin',(17.199999874483,21.3115,0.));
#4149=CARTESIAN_POINT('',(19.5000000295925,21.3115,5.));
#4150=CARTESIAN_POINT('Origin',(18.3499997729645,27.6,5.));
#4151=CARTESIAN_POINT('Origin',(4.80000016391277,33.8885,0.));
#4152=CARTESIAN_POINT('',(2.5,33.8885,5.));
#4153=CARTESIAN_POINT('Origin',(3.65000008195639,27.5877196386765,5.));
#4154=CARTESIAN_POINT('',(4.80000016391277,38.2,5.));
#4155=CARTESIAN_POINT('Origin',(11.,4.8,5.));
#4156=CARTESIAN_POINT('',(17.1743422348071,4.80000016391277,5.));
#4157=CARTESIAN_POINT('',(38.2,4.80000031964965,5.));
#4158=CARTESIAN_POINT('',(17.1743422348071,4.80000016391277,0.));
#4159=CARTESIAN_POINT('Origin',(4.80000016396047,17.1743422347593,5.));
#4160=CARTESIAN_POINT('',(4.80000016391278,17.1743422348068,5.));
#4161=CARTESIAN_POINT('',(4.80000016391278,17.1743422348068,0.));
#4162=CARTESIAN_POINT('',(4.80000031964965,38.2,5.));
#4163=CARTESIAN_POINT('Origin',(21.2745967115512,-0.198722830157694,9.3308640389956));
#4164=CARTESIAN_POINT('',(21.274596711557,2.30000016395102,5.));
#4165=CARTESIAN_POINT('Origin',(21.2745967115628,-0.198722830157694,9.3308640389956));
#4166=CARTESIAN_POINT('',(21.2745967115512,4.80000016391277,9.21786656755832));
#4167=CARTESIAN_POINT('',(37.7,4.80070700473413,9.40637116444399));
#4168=CARTESIAN_POINT('',(21.2745967115512,4.80070700473413,9.40637116444399));
#4169=CARTESIAN_POINT('Origin',(37.7,-0.198722830157694,9.3308640389956));
#4170=CARTESIAN_POINT('',(21.274596711557,2.30000016395102,5.));
#4171=CARTESIAN_POINT('Origin',(21.2745967115628,4.80000016395103,0.));
#4172=CARTESIAN_POINT('',(21.274596711557,2.30000016395102,1.));
#4173=CARTESIAN_POINT('',(21.274596711557,2.30000016395102,0.));
#4174=CARTESIAN_POINT('Origin',(21.2745967115547,1.30000016395102,1.));
#4175=CARTESIAN_POINT('Origin',(20.1872983557566,1.30000016395356,1.));
#4176=CARTESIAN_POINT('',(20.1872983557589,2.30000016395356,1.));
#4177=CARTESIAN_POINT('Origin',(21.274596711557,2.30000016395102,0.));
#4178=CARTESIAN_POINT('Origin',(17.1743422348071,4.80000016391277,0.));
#4179=CARTESIAN_POINT('Origin',(17.9469894001085,38.2,6.));
#4180=CARTESIAN_POINT('',(17.9469894001085,15.2649736224272,5.));
#4181=CARTESIAN_POINT('',(16.9667991492197,15.9763807278418,5.801941745785));
#4182=CARTESIAN_POINT('Ctrl Pts',(17.9469894001085,15.2649736224272,5.));
#4183=CARTESIAN_POINT('Ctrl Pts',(17.8200480469643,15.2649736224272,5.));
#4184=CARTESIAN_POINT('Ctrl Pts',(17.6903303039861,15.2922441770594,5.02551432839789));
#4185=CARTESIAN_POINT('Ctrl Pts',(17.4592495616526,15.386802563977,5.11818014012315));
#4186=CARTESIAN_POINT('Ctrl Pts',(17.3574687937439,15.4532685015274,5.18512610756162));
#4187=CARTESIAN_POINT('Ctrl Pts',(17.1746082782955,15.6078997190155,5.34988431154255));
#4188=CARTESIAN_POINT('Ctrl Pts',(17.089567329757,15.7115001343519,5.46648841405779));
#4189=CARTESIAN_POINT('Ctrl Pts',(17.0031508283746,15.8697692684696,5.66168294491041));
#4190=CARTESIAN_POINT('Ctrl Pts',(16.9810587970901,15.9239378661957,5.73137075201835));
#4191=CARTESIAN_POINT('Ctrl Pts',(16.9667991492197,15.9763807278416,5.80194174578512));
#4192=CARTESIAN_POINT('',(16.9667991492198,37.7,5.80194174578465));
#4193=CARTESIAN_POINT('',(16.9667991492198,38.2,5.80194174578465));
#4194=CARTESIAN_POINT('Origin',(17.9469894001085,37.7,6.));
#4195=CARTESIAN_POINT('',(17.1032778052692,17.2000000025571,5.46320325566016));
#4196=CARTESIAN_POINT('Origin',(17.9469894001085,17.1999999802514,6.));
#4197=CARTESIAN_POINT('',(17.9469894001085,16.2373025762105,5.));
#4198=CARTESIAN_POINT('Ctrl Pts',(17.1032778052692,17.2000000025571,5.46320325566016));
#4199=CARTESIAN_POINT('Ctrl Pts',(17.1298219059297,17.173869999274,5.42148250057373));
#4200=CARTESIAN_POINT('Ctrl Pts',(17.1584278144864,17.1453622326986,5.38342258303357));
#4201=CARTESIAN_POINT('Ctrl Pts',(17.2947412500486,17.0074541364425,5.22427437676463));
#4202=CARTESIAN_POINT('Ctrl Pts',(17.4260551898741,16.8683089851642,5.1342242829277));
#4203=CARTESIAN_POINT('Ctrl Pts',(17.6928516433221,16.5621014843649,5.02206656269374));
#4204=CARTESIAN_POINT('Ctrl Pts',(17.8281830918389,16.3948925096169,5.));
#4205=CARTESIAN_POINT('Ctrl Pts',(17.9469894001085,16.2373025762105,5.));
#4206=CARTESIAN_POINT('',(17.9469894001085,38.2,5.));
#4207=CARTESIAN_POINT('Origin',(17.1032778052692,17.2000000025571,0.));
#4208=CARTESIAN_POINT('',(17.1032778052692,17.2000000025571,0.));
#4209=CARTESIAN_POINT('Origin',(21.8677504036631,38.2,6.7922330168614));
#4210=CARTESIAN_POINT('',(17.0160761342091,17.0160760941229,8.00105756290542));
#4211=CARTESIAN_POINT('Ctrl Pts',(16.9667991492197,15.9763807278416,5.80194174578512));
#4212=CARTESIAN_POINT('Ctrl Pts',(16.9543937126894,16.0220043363296,5.86333624809064));
#4213=CARTESIAN_POINT('Ctrl Pts',(16.9430072854954,16.0665327924061,5.92563038788036));
#4214=CARTESIAN_POINT('Ctrl Pts',(16.8688348614384,16.3795863072218,6.38122327215125));
#4215=CARTESIAN_POINT('Ctrl Pts',(16.8449381983837,16.6256032475917,6.84415503103467));
#4216=CARTESIAN_POINT('Ctrl Pts',(16.9199606165245,16.8895083832352,7.5476755099188));
#4217=CARTESIAN_POINT('Ctrl Pts',(16.9600761404138,16.9600761003276,7.77629894936186));
#4218=CARTESIAN_POINT('Ctrl Pts',(17.0160761342091,17.0160760941229,8.00105756290542));
#4219=CARTESIAN_POINT('',(17.0160761342091,37.7,8.00105756290542));
#4220=CARTESIAN_POINT('',(17.0160761342091,38.2,8.00105756290542));
#4221=CARTESIAN_POINT('Origin',(21.8677504036631,37.7,6.7922330168614));
#4222=CARTESIAN_POINT('Origin',(11.0000000400862,38.2,9.5));
#4223=CARTESIAN_POINT('',(17.2000000400862,17.2,9.5));
#4224=CARTESIAN_POINT('',(17.2000000400862,38.2,9.5));
#4225=CARTESIAN_POINT('Origin',(11.0000000400862,11.,9.5));
#4226=CARTESIAN_POINT('',(4.98392383519424,37.7,8.00105800748256));
#4227=CARTESIAN_POINT('',(4.98392383519424,38.2,8.00105800748256));
#4228=CARTESIAN_POINT('Origin',(11.0000000400862,37.7,9.5));
#4229=CARTESIAN_POINT('',(17.1518290163661,17.1518289762798,8.72863740912347));
#4230=CARTESIAN_POINT('Origin',(11.0000000400862,11.,9.5));
#4231=CARTESIAN_POINT('Ctrl Pts',(17.1032783718536,17.1999994448116,8.40913171969353));
#4232=CARTESIAN_POINT('Ctrl Pts',(17.1222253355558,17.1813480570485,8.51513772894704));
#4233=CARTESIAN_POINT('Ctrl Pts',(17.1384332438077,17.1652247489256,8.62180243584457));
#4234=CARTESIAN_POINT('Ctrl Pts',(17.1518290163661,17.1518289762798,8.72863740912348));
#4235=CARTESIAN_POINT('',(17.1925465017709,17.1925464616846,9.19607843137255));
#4236=CARTESIAN_POINT('',(17.1925465017709,38.2,9.19607843137255));
#4237=CARTESIAN_POINT('Origin',(11.0000000400862,11.,9.5));
#4238=CARTESIAN_POINT('Origin',(38.2,11.,9.5));
#4239=CARTESIAN_POINT('',(18.5828754440515,15.2649736224272,5.));
#4240=CARTESIAN_POINT('',(38.2,15.2649736224272,5.));
#4241=CARTESIAN_POINT('Ctrl Pts',(17.1518290163661,17.1518289762798,8.72863740912347));
#4242=CARTESIAN_POINT('Ctrl Pts',(17.222902304731,17.0807556874518,8.16180836812064));
#4243=CARTESIAN_POINT('Ctrl Pts',(17.372776578352,16.9297978449168,7.60383750265962));
#4244=CARTESIAN_POINT('Ctrl Pts',(17.8414494847834,16.3910493147291,6.33024537005683));
#4245=CARTESIAN_POINT('Ctrl Pts',(18.2004281579029,15.9226688355878,5.65454474887463));
#4246=CARTESIAN_POINT('Ctrl Pts',(18.5373699135239,15.3451222288189,5.07699814210572));
#4247=CARTESIAN_POINT('Ctrl Pts',(18.5601253675372,15.3054219374283,5.03833577701141));
#4248=CARTESIAN_POINT('Ctrl Pts',(18.5828754440515,15.2649736224272,5.));
#4249=CARTESIAN_POINT('Origin',(27.4371711174035,11.0000000819564,5.));
#4250=CARTESIAN_POINT('Origin',(11.,11.,5.));
#4251=CARTESIAN_POINT('Origin',(21.1877377673739,38.2,9.));
#4252=CARTESIAN_POINT('',(21.1877377673739,15.2649736224272,5.));
#4253=CARTESIAN_POINT('Ctrl Pts',(21.1877377673739,15.2649736224272,5.));
#4254=CARTESIAN_POINT('Ctrl Pts',(20.6575068792625,15.2649736224272,5.));
#4255=CARTESIAN_POINT('Ctrl Pts',(20.1202381396103,15.3863814277959,5.1096043146495));
#4256=CARTESIAN_POINT('Ctrl Pts',(19.1539064441801,15.7585328749011,5.51599765346384));
#4257=CARTESIAN_POINT('Ctrl Pts',(18.7220402131931,16.0012155275485,5.81345768526103));
#4258=CARTESIAN_POINT('Ctrl Pts',(18.0313716054074,16.438359668427,6.49510911076257));
#4259=CARTESIAN_POINT('Ctrl Pts',(17.7220694783263,16.667355254832,6.93199473668017));
#4260=CARTESIAN_POINT('Ctrl Pts',(17.2997811202355,17.0174750797559,7.91773538632455));
#4261=CARTESIAN_POINT('Ctrl Pts',(17.1877377673739,17.1367345087395,8.46765529271209));
#4262=CARTESIAN_POINT('Ctrl Pts',(17.1877377673739,17.1850580347354,9.06491530730797));
#4263=CARTESIAN_POINT('Ctrl Pts',(17.189319663004,17.1893196229178,9.13033005728287));
#4264=CARTESIAN_POINT('Ctrl Pts',(17.1925465017709,17.1925464616846,9.19607843137255));
#4265=CARTESIAN_POINT('',(21.1877377673739,38.2,5.));
#4266=CARTESIAN_POINT('Origin',(27.4371711174035,11.0000000819564,5.));
#4267=CARTESIAN_POINT('',(37.7,15.2649736224272,5.));
#4268=CARTESIAN_POINT('',(37.7,4.80000016391277,5.));
#4269=CARTESIAN_POINT('',(38.2,15.2649736224272,5.));
#4270=CARTESIAN_POINT('Origin',(38.2,11.,9.5));
#4271=CARTESIAN_POINT('',(38.2,4.8,9.5));
#4272=CARTESIAN_POINT('Origin',(37.7,11.,9.5));
#4273=CARTESIAN_POINT('Origin',(0.132249476410358,38.2,6.7922338199685));
#4274=CARTESIAN_POINT('Origin',(0.132249476410358,37.7,6.7922338199685));
#4275=CARTESIAN_POINT('',(4.80000016391277,38.2,5.));
#4276=CARTESIAN_POINT('Origin',(8.3,2.5,1.5));
#4277=CARTESIAN_POINT('',(9.1115,2.5,3.));
#4278=CARTESIAN_POINT('',(9.1115,2.5,1.5));
#4279=CARTESIAN_POINT('Origin',(8.3,2.5,3.));
#4280=CARTESIAN_POINT('Origin',(11.,11.,0.));
#4281=CARTESIAN_POINT('Origin',(2.5,8.3,1.5));
#4282=CARTESIAN_POINT('',(3.3115,8.3,3.));
#4283=CARTESIAN_POINT('',(3.3115,8.3,1.5));
#4284=CARTESIAN_POINT('Origin',(2.5,8.3,3.));
#4285=CARTESIAN_POINT('Origin',(19.5,2.5,1.5));
#4286=CARTESIAN_POINT('',(20.3,2.5,3.));
#4287=CARTESIAN_POINT('',(20.3,2.5,1.5));
#4288=CARTESIAN_POINT('Origin',(19.5,2.5,3.));
#4289=CARTESIAN_POINT('Origin',(19.5,2.5,3.));
#4290=CARTESIAN_POINT('Origin',(2.5,19.5,1.5));
#4291=CARTESIAN_POINT('',(3.3,19.5,3.));
#4292=CARTESIAN_POINT('',(3.3,19.5,1.5));
#4293=CARTESIAN_POINT('Origin',(2.5,19.5,3.));
#4294=CARTESIAN_POINT('Origin',(2.5,19.5,3.));
#4295=CARTESIAN_POINT('Origin',(19.5000000295925,19.5,1.5));
#4296=CARTESIAN_POINT('',(20.3115000295925,19.5,3.));
#4297=CARTESIAN_POINT('',(20.3115000295925,19.5,1.5));
#4298=CARTESIAN_POINT('Origin',(19.5000000295925,19.5,3.));
#4299=CARTESIAN_POINT('Origin',(19.5000000295925,19.5,3.));
#4300=CARTESIAN_POINT('Origin',(35.7,2.5,3.));
#4301=CARTESIAN_POINT('Origin',(8.3,2.5,3.));
#4302=CARTESIAN_POINT('Origin',(2.5,8.3,3.));
#4303=CARTESIAN_POINT('Origin',(2.49999999999999,35.7,1.5));
#4304=CARTESIAN_POINT('',(3.31149999999999,35.7,3.));
#4305=CARTESIAN_POINT('',(3.31149999999999,35.7,1.5));
#4306=CARTESIAN_POINT('Origin',(2.49999999999999,35.7,3.));
#4307=CARTESIAN_POINT('Origin',(2.49999999999999,35.7,3.));
#4308=CARTESIAN_POINT('Origin',(35.7,19.5,1.5));
#4309=CARTESIAN_POINT('',(36.5115,19.5,3.));
#4310=CARTESIAN_POINT('',(36.5115,19.5,1.5));
#4311=CARTESIAN_POINT('Origin',(35.7,19.5,3.));
#4312=CARTESIAN_POINT('Origin',(35.7,19.5,3.));
#4313=CARTESIAN_POINT('Origin',(19.5000000295925,35.7,1.5));
#4314=CARTESIAN_POINT('',(20.3115000295925,35.7,3.));
#4315=CARTESIAN_POINT('',(20.3115000295925,35.7,1.5));
#4316=CARTESIAN_POINT('Origin',(19.5000000295925,35.7,3.));
#4317=CARTESIAN_POINT('Origin',(19.5000000295925,35.7,3.));
#4318=CARTESIAN_POINT('Origin',(8.8,11.,7.2));
#4319=CARTESIAN_POINT('',(8.8,1.1,11.9947888378947));
#4320=CARTESIAN_POINT('Origin',(8.8,3.8,10.6871191548325));
#4321=CARTESIAN_POINT('Origin',(8.8,11.,7.2));
#4322=CARTESIAN_POINT('Ctrl Pts',(5.59984528831964,4.67209915612481,15.6277906726686));
#4323=CARTESIAN_POINT('Ctrl Pts',(5.59984528831983,4.67209915612441,15.0866934240316));
#4324=CARTESIAN_POINT('Ctrl Pts',(5.65062923564505,4.57011441359888,13.8427559653728));
#4325=CARTESIAN_POINT('Ctrl Pts',(5.73318050917944,4.34347928765247,12.7129742047999));
#4326=CARTESIAN_POINT('Ctrl Pts',(5.76620844832358,4.16609334566608,12.1499200330003));
#4327=CARTESIAN_POINT('Ctrl Pts',(5.7558378229834,4.35016050206718,15.6277906726693));
#4328=CARTESIAN_POINT('Ctrl Pts',(5.77551203197597,4.30925451098837,15.1460147953028));
#4329=CARTESIAN_POINT('Ctrl Pts',(5.86757158024023,4.07819555270246,14.0281298214884));
#4330=CARTESIAN_POINT('Ctrl Pts',(5.90905689191578,3.72821771534356,13.0844272839615));
#4331=CARTESIAN_POINT('Ctrl Pts',(5.88265597550827,3.54067877736698,12.6595769182526));
#4332=CARTESIAN_POINT('Ctrl Pts',(6.13064888312056,3.83628404412029,15.6277906726705));
#4333=CARTESIAN_POINT('Ctrl Pts',(6.21117018104543,3.73680162416892,15.2497780292432));
#4334=CARTESIAN_POINT('Ctrl Pts',(6.48159789263342,3.32603842266647,14.3538267681252));
#4335=CARTESIAN_POINT('Ctrl Pts',(6.66790794178522,2.79565482396801,13.7360358804436));
#4336=CARTESIAN_POINT('Ctrl Pts',(6.68849098696173,2.5661403586077,13.5453020186211));
#4337=CARTESIAN_POINT('Ctrl Pts',(6.64207176522298,3.46538327318832,15.6277906726717));
#4338=CARTESIAN_POINT('Ctrl Pts',(6.81177024381202,3.34989133826252,15.3421052007255));
#4339=CARTESIAN_POINT('Ctrl Pts',(7.37951905394597,2.93318235119937,14.6245265162855));
#4340=CARTESIAN_POINT('Ctrl Pts',(7.90559444009225,2.51451232443886,14.1259945603643));
#4341=CARTESIAN_POINT('Ctrl Pts',(8.10818302230519,2.3151537217645,13.9511732816693));
#4342=CARTESIAN_POINT('Ctrl Pts',(6.87835702122223,3.33827309573801,15.6277906726721));
#4343=CARTESIAN_POINT('Ctrl Pts',(7.08810275302533,3.22543991418267,15.3781489617323));
#4344=CARTESIAN_POINT('Ctrl Pts',(7.78948779820542,2.84466244806312,14.7244108770888));
#4345=CARTESIAN_POINT('Ctrl Pts',(8.44769936984487,2.52921098445388,14.2229554385));
#4346=CARTESIAN_POINT('Ctrl Pts',(8.71552112080895,2.35844587572716,14.0061400453754));
#4347=CARTESIAN_POINT('',(8.71552112080894,2.35844587572716,14.0061400453754));
#4348=CARTESIAN_POINT('Origin',(8.71552112080895,4.7152333641652,12.1499200330003));
#4349=CARTESIAN_POINT('',(6.87835702122268,3.33827309573778,15.6277906726726));
#4350=CARTESIAN_POINT('Ctrl Pts',(8.71552112080895,2.35844587572716,14.0061400453754));
#4351=CARTESIAN_POINT('Ctrl Pts',(8.44769936984487,2.52921098445388,14.2229554385));
#4352=CARTESIAN_POINT('Ctrl Pts',(7.78948779820542,2.84466244806312,14.7244108770888));
#4353=CARTESIAN_POINT('Ctrl Pts',(7.08810275302533,3.22543991418267,15.3781489617323));
#4354=CARTESIAN_POINT('Ctrl Pts',(6.87835702122223,3.33827309573801,15.6277906726721));
#4355=CARTESIAN_POINT('Origin',(8.2996132207991,5.98024789031201,15.6277906726686));
#4356=CARTESIAN_POINT('Origin',(8.2996132207991,5.98024789031201,0.));
#4357=CARTESIAN_POINT('',(6.87835702121967,3.33827309573939,0.));
#4358=CARTESIAN_POINT('Ctrl Pts',(8.8,1.1,11.9947888378947));
#4359=CARTESIAN_POINT('Ctrl Pts',(8.8,1.44600149163951,12.7091925130178));
#4360=CARTESIAN_POINT('Ctrl Pts',(8.78158772058348,1.87055535892607,13.3866799285474));
#4361=CARTESIAN_POINT('Ctrl Pts',(8.71552112080895,2.35844587572716,14.0061400453754));
#4362=CARTESIAN_POINT('Ctrl Pts',(7.90240209897434,1.1,11.9947888378947));
#4363=CARTESIAN_POINT('Ctrl Pts',(7.92880342920246,1.43853784870708,12.6915453443501));
#4364=CARTESIAN_POINT('Ctrl Pts',(7.9388728684206,1.84334795479389,13.3425783427326));
#4365=CARTESIAN_POINT('Ctrl Pts',(7.9057369894706,2.30072300377695,13.9328510271007));
#4366=CARTESIAN_POINT('Ctrl Pts',(6.34748364360997,1.77687701979068,11.6669623349533));
#4367=CARTESIAN_POINT('Ctrl Pts',(6.41611303654182,2.03414550769058,12.3041065661766));
#4368=CARTESIAN_POINT('Ctrl Pts',(6.47683118118657,2.3421758164491,12.8933404899162));
#4369=CARTESIAN_POINT('Ctrl Pts',(6.49835056914976,2.68255123993461,13.4257327065605));
#4370=CARTESIAN_POINT('Ctrl Pts',(5.8,3.19412141680768,10.9805595455204));
#4371=CARTESIAN_POINT('Ctrl Pts',(5.83072903218743,3.33299287753124,11.5353628530941));
#4372=CARTESIAN_POINT('Ctrl Pts',(5.85434541441278,3.50376340564698,12.0570315410182));
#4373=CARTESIAN_POINT('Ctrl Pts',(5.8535440937121,3.69703241944176,12.5321626969395));
#4374=CARTESIAN_POINT('Ctrl Pts',(5.8,3.8,10.6871191548325));
#4375=CARTESIAN_POINT('Ctrl Pts',(5.8,3.90065497938605,11.206685464013));
#4376=CARTESIAN_POINT('Ctrl Pts',(5.79263508823339,4.02416155896031,11.6994035843981));
#4377=CARTESIAN_POINT('Ctrl Pts',(5.76620844832358,4.16609334566608,12.1499200330003));
#4378=CARTESIAN_POINT('Ctrl Pts',(8.8,1.1,11.9947888378947));
#4379=CARTESIAN_POINT('Ctrl Pts',(8.8,1.44600149163951,12.7091925130178));
#4380=CARTESIAN_POINT('Ctrl Pts',(8.78158772058348,1.87055535892607,13.3866799285474));
#4381=CARTESIAN_POINT('Ctrl Pts',(8.71552112080895,2.35844587572716,14.0061400453754));
#4382=CARTESIAN_POINT('Origin',(11.,11.,0.));
#4383=CARTESIAN_POINT('',(17.3927899848002,16.9010368758582,17.2355661585345));
#4384=CARTESIAN_POINT('Ctrl Pts',(17.3927899848002,16.9010368758582,17.2355661585345));
#4385=CARTESIAN_POINT('Ctrl Pts',(18.1434311588372,16.087842266078,17.8299758816405));
#4386=CARTESIAN_POINT('Ctrl Pts',(19.3850042736597,14.1332316222755,18.910445389849));
#4387=CARTESIAN_POINT('Ctrl Pts',(19.9549417569941,10.3775887620299,19.4328396445524));
#4388=CARTESIAN_POINT('Ctrl Pts',(18.8947220550492,6.81876436102214,18.4699329252704));
#4389=CARTESIAN_POINT('Ctrl Pts',(17.1087792571306,4.64329460926491,16.9701603352159));
#4390=CARTESIAN_POINT('Ctrl Pts',(15.3144660689404,3.38490380706414,15.7132261981042));
#4391=CARTESIAN_POINT('Ctrl Pts',(13.7788933157562,2.69713194328923,14.8563116874338));
#4392=CARTESIAN_POINT('Ctrl Pts',(12.0400735219521,2.29690467970715,14.2625368029553));
#4393=CARTESIAN_POINT('Ctrl Pts',(10.1658045039137,2.27339122553538,14.2234137113568));
#4394=CARTESIAN_POINT('Ctrl Pts',(8.40319433520594,2.63663439001513,14.7724407718931));
#4395=CARTESIAN_POINT('Ctrl Pts',(7.3659633875897,3.07596416963579,15.3313546617523));
#4396=CARTESIAN_POINT('Ctrl Pts',(6.87835702122273,3.33827309573774,15.6277906726733));
#4397=CARTESIAN_POINT('',(16.9010369130829,17.3927899504389,17.2355661576054));
#4398=CARTESIAN_POINT('Ctrl Pts',(16.9010369131903,17.3927899503398,17.2355661575269));
#4399=CARTESIAN_POINT('Ctrl Pts',(17.0599356544464,17.2461141882867,17.1194181215126));
#4400=CARTESIAN_POINT('Ctrl Pts',(17.2461142238148,17.0599356178194,17.1194181220435));
#4401=CARTESIAN_POINT('Ctrl Pts',(17.3927899848002,16.9010368758582,17.2355661585345));
#4402=CARTESIAN_POINT('Ctrl Pts',(3.33827309573775,6.87835702122273,15.627790632042));
#4403=CARTESIAN_POINT('Ctrl Pts',(3.07596416938772,7.36596338805082,15.3313546180205));
#4404=CARTESIAN_POINT('Ctrl Pts',(2.63659975359066,8.4032075738727,14.772444804126));
#4405=CARTESIAN_POINT('Ctrl Pts',(2.27335747143381,10.1658844968797,14.2234026831828));
#4406=CARTESIAN_POINT('Ctrl Pts',(2.2967622908253,12.0401344393832,14.2625520573472));
#4407=CARTESIAN_POINT('Ctrl Pts',(2.69708480341778,13.7791584040579,14.8562626150578));
#4408=CARTESIAN_POINT('Ctrl Pts',(3.38427171524609,15.3146700024167,15.7132925029385));
#4409=CARTESIAN_POINT('Ctrl Pts',(4.6429973640176,17.1098473980618,16.9702100011128));
#4410=CARTESIAN_POINT('Ctrl Pts',(6.81450976753144,18.8938852010532,18.4709944583221));
#4411=CARTESIAN_POINT('Ctrl Pts',(10.3809610474894,19.9540521578125,19.4315262896988));
#4412=CARTESIAN_POINT('Ctrl Pts',(14.1326759037211,19.3843941587549,18.9101869451704));
#4413=CARTESIAN_POINT('Ctrl Pts',(16.0878423046786,18.1434311319757,17.8299758798887));
#4414=CARTESIAN_POINT('Ctrl Pts',(16.901036913083,17.3927899504389,17.2355661576054));
#4415=CARTESIAN_POINT('Ctrl Pts',(18.1275934313289,17.0310405618206,16.3992689786567));
#4416=CARTESIAN_POINT('Ctrl Pts',(18.9645152000828,16.19993074512,16.9441445581705));
#4417=CARTESIAN_POINT('Ctrl Pts',(20.3487978683333,14.2022587557164,17.9345749406949));
#4418=CARTESIAN_POINT('Ctrl Pts',(20.9842454072233,10.3638766370555,18.4134363408397));
#4419=CARTESIAN_POINT('Ctrl Pts',(19.8021613717215,6.72664901648527,17.5307718481646));
#4420=CARTESIAN_POINT('Ctrl Pts',(17.810937792433,4.5032522491242,16.1559803072812));
#4421=CARTESIAN_POINT('Ctrl Pts',(15.8103817090485,3.21713827790942,15.0037906815955));
#4422=CARTESIAN_POINT('Ctrl Pts',(14.0983063405558,2.51421435200154,14.218285713481));
#4423=CARTESIAN_POINT('Ctrl Pts',(12.1596222026362,2.10516982111833,13.6739920693757));
#4424=CARTESIAN_POINT('Ctrl Pts',(10.0699199641337,2.08113835023586,13.6381292354104));
#4425=CARTESIAN_POINT('Ctrl Pts',(8.1047109254595,2.45238399822427,14.141404040902));
#4426=CARTESIAN_POINT('Ctrl Pts',(6.9482580298414,2.90139249904347,14.653741773273));
#4427=CARTESIAN_POINT('Ctrl Pts',(6.40460495469661,3.16948026164001,14.9254747832838));
#4428=CARTESIAN_POINT('Ctrl Pts',(17.9482060474509,16.9152292310178,16.4751948848575));
#4429=CARTESIAN_POINT('Ctrl Pts',(18.7552138907964,16.0805342118918,17.0069678713345));
#4430=CARTESIAN_POINT('Ctrl Pts',(20.0747373011641,14.0902193872597,17.9561067017788));
#4431=CARTESIAN_POINT('Ctrl Pts',(20.6650848938766,10.3906472830897,18.3957088080483));
#4432=CARTESIAN_POINT('Ctrl Pts',(19.5598862822695,6.85392613743995,17.5766895024463));
#4433=CARTESIAN_POINT('Ctrl Pts',(17.6462967943897,4.61848081398977,16.2414587720392));
#4434=CARTESIAN_POINT('Ctrl Pts',(15.7024436197164,3.31394084599243,15.1006664691817));
#4435=CARTESIAN_POINT('Ctrl Pts',(14.0320939530062,2.59501791677477,14.3171749893432));
#4436=CARTESIAN_POINT('Ctrl Pts',(12.1355104758878,2.17563202002416,13.771063962079));
#4437=CARTESIAN_POINT('Ctrl Pts',(10.0892572197788,2.15079676779743,13.7350424612768));
#4438=CARTESIAN_POINT('Ctrl Pts',(8.16640222152148,2.53198697144775,14.239984746686));
#4439=CARTESIAN_POINT('Ctrl Pts',(7.03766279637603,2.99111563616862,14.7514832037869));
#4440=CARTESIAN_POINT('Ctrl Pts',(6.50806187102423,3.26433975824752,15.0216241050269));
#4441=CARTESIAN_POINT('Ctrl Pts',(17.6353993508583,16.7901950908409,16.7249058459768));
#4442=CARTESIAN_POINT('Ctrl Pts',(18.3910885839959,15.954342348225,17.2642892969619));
#4443=CARTESIAN_POINT('Ctrl Pts',(19.5991253809508,13.9743532296208,18.2145404716233));
#4444=CARTESIAN_POINT('Ctrl Pts',(20.1156523475576,10.4180660662276,18.6441700872873));
#4445=CARTESIAN_POINT('Ctrl Pts',(19.1380804212645,6.98618279810274,17.8394778725068));
#4446=CARTESIAN_POINT('Ctrl Pts',(17.3585194173226,4.74295760334509,16.4894832070861));
#4447=CARTESIAN_POINT('Ctrl Pts',(15.5135490717004,3.42600147708096,15.3253303258989));
#4448=CARTESIAN_POINT('Ctrl Pts',(13.9160358499448,2.69528825694942,14.5230362182493));
#4449=CARTESIAN_POINT('Ctrl Pts',(12.0932656939056,2.26840299204451,13.9629187615021));
#4450=CARTESIAN_POINT('Ctrl Pts',(10.1230414705352,2.24299125601821,13.9259112837527));
#4451=CARTESIAN_POINT('Ctrl Pts',(8.27435342810404,2.63139084372023,14.4440854588327));
#4452=CARTESIAN_POINT('Ctrl Pts',(7.19405025282054,3.09793858732448,14.9680022168248));
#4453=CARTESIAN_POINT('Ctrl Pts',(6.68890584795358,3.37481064655005,15.2442965690188));
#4454=CARTESIAN_POINT('Ctrl Pts',(17.4428235902872,16.8468338029424,17.0824423905886));
#4455=CARTESIAN_POINT('Ctrl Pts',(18.1878849786634,16.0257238953093,17.6603985096577));
#4456=CARTESIAN_POINT('Ctrl Pts',(19.4016418052767,14.0650185014237,18.7018757162091));
#4457=CARTESIAN_POINT('Ctrl Pts',(19.9422077524737,10.3945596192431,19.1966118036735));
#4458=CARTESIAN_POINT('Ctrl Pts',(18.9292631279085,6.89264064562745,18.2809393749653));
#4459=CARTESIAN_POINT('Ctrl Pts',(17.165290809801,4.69409508660284,16.8259950337531));
#4460=CARTESIAN_POINT('Ctrl Pts',(15.3657982215479,3.41294978656911,15.5968674635191));
#4461=CARTESIAN_POINT('Ctrl Pts',(13.8166031214793,2.70800552523252,14.7563213656033));
#4462=CARTESIAN_POINT('Ctrl Pts',(12.0551621335374,2.29685277976347,14.1726478242321));
#4463=CARTESIAN_POINT('Ctrl Pts',(10.1536773199592,2.27256065766868,14.1341575885313));
#4464=CARTESIAN_POINT('Ctrl Pts',(8.3676497075045,2.64610985251068,14.6739362548594));
#4465=CARTESIAN_POINT('Ctrl Pts',(7.32057336519824,3.09637382434538,15.2223596781005));
#4466=CARTESIAN_POINT('Ctrl Pts',(6.82971337607774,3.36444105251554,15.5127630432369));
#4467=CARTESIAN_POINT('Ctrl Pts',(17.3927899848002,16.9010368758582,17.2355661585345));
#4468=CARTESIAN_POINT('Ctrl Pts',(18.1434311588372,16.087842266078,17.8299758816405));
#4469=CARTESIAN_POINT('Ctrl Pts',(19.3850042736597,14.1332316222755,18.910445389849));
#4470=CARTESIAN_POINT('Ctrl Pts',(19.9549417569941,10.3775887620299,19.4328396445524));
#4471=CARTESIAN_POINT('Ctrl Pts',(18.8947220550492,6.81876436102214,18.4699329252704));
#4472=CARTESIAN_POINT('Ctrl Pts',(17.1087792571306,4.64329460926491,16.9701603352159));
#4473=CARTESIAN_POINT('Ctrl Pts',(15.3144660689404,3.38490380706414,15.7132261981042));
#4474=CARTESIAN_POINT('Ctrl Pts',(13.7788933157562,2.69713194328923,14.8563116874338));
#4475=CARTESIAN_POINT('Ctrl Pts',(12.0400735219521,2.29690467970715,14.2625368029553));
#4476=CARTESIAN_POINT('Ctrl Pts',(10.1658045039137,2.27339122553538,14.2234137113568));
#4477=CARTESIAN_POINT('Ctrl Pts',(8.40319433520594,2.63663439001513,14.7724407718931));
#4478=CARTESIAN_POINT('Ctrl Pts',(7.3659633875897,3.07596416963579,15.3313546617523));
#4479=CARTESIAN_POINT('Ctrl Pts',(6.87835702122273,3.33827309573774,15.6277906726733));
#4480=CARTESIAN_POINT('',(18.127593431329,17.0310405618206,16.3992689786567));
#4481=CARTESIAN_POINT('Ctrl Pts',(8.71552112732974,2.3585407792758,14.0060655215419));
#4482=CARTESIAN_POINT('Ctrl Pts',(8.8811505011542,2.32180981299396,13.9593043869284));
#4483=CARTESIAN_POINT('Ctrl Pts',(9.04921278849564,2.28882634069978,13.9165094550382));
#4484=CARTESIAN_POINT('Ctrl Pts',(9.21926994536882,2.25978811479989,13.8783824106876));
#4485=CARTESIAN_POINT('Ctrl Pts',(9.38525066496095,2.23144596373043,13.8411693090834));
#4486=CARTESIAN_POINT('Ctrl Pts',(9.55313174774993,2.20686283739106,13.8084033262797));
#4487=CARTESIAN_POINT('Ctrl Pts',(9.72255439064082,2.18622464579251,13.7807308719442));
#4488=CARTESIAN_POINT('Ctrl Pts',(9.83726538820624,2.17225114434181,13.7619946818592));
#4489=CARTESIAN_POINT('Ctrl Pts',(9.95268406769502,2.16008615581274,13.7455933708578));
#4490=CARTESIAN_POINT('Ctrl Pts',(10.0687122541158,2.14978534773374,13.7317246509359));
#4491=CARTESIAN_POINT('Ctrl Pts',(10.0761024324056,2.14912925880759,13.7308413111541));
#4492=CARTESIAN_POINT('Ctrl Pts',(10.0834948496772,2.14848085791888,13.7299684166008));
#4493=CARTESIAN_POINT('Ctrl Pts',(10.0908894937558,2.14784017921669,13.7291060457654));
#4494=CARTESIAN_POINT('Ctrl Pts',(10.2324945233461,2.13557139039909,13.7125919246852));
#4495=CARTESIAN_POINT('Ctrl Pts',(10.3749203764447,2.12613453566667,13.6999366255626));
#4496=CARTESIAN_POINT('Ctrl Pts',(10.5177946591665,2.11960939096014,13.6912254654358));
#4497=CARTESIAN_POINT('Ctrl Pts',(10.6583539309979,2.11318997403589,13.682655453388));
#4498=CARTESIAN_POINT('Ctrl Pts',(10.7993471781008,2.109588280576,13.6779027232649));
#4499=CARTESIAN_POINT('Ctrl Pts',(10.9403708129935,2.10888257564587,13.6770529416626));
#4500=CARTESIAN_POINT('Ctrl Pts',(11.1279435819559,2.10794393136887,13.6759226638317));
#4501=CARTESIAN_POINT('Ctrl Pts',(11.3155781773587,2.11188790197489,13.6813654250641));
#4502=CARTESIAN_POINT('Ctrl Pts',(11.5024514114777,2.12071179668742,13.693320367647));
#4503=CARTESIAN_POINT('Ctrl Pts',(11.5971047757598,2.12518119715855,13.6993756785672));
#4504=CARTESIAN_POINT('Ctrl Pts',(11.6915624894147,2.13090300153099,13.7071022853333));
#4505=CARTESIAN_POINT('Ctrl Pts',(11.7857150367918,2.13787969653207,13.7164957734659));
#4506=CARTESIAN_POINT('Ctrl Pts',(11.9024560093341,2.14653019173633,13.7281428820224));
#4507=CARTESIAN_POINT('Ctrl Pts',(12.0187744392779,2.15707634707587,13.7423066512282));
#4508=CARTESIAN_POINT('Ctrl Pts',(12.134393003093,2.16951814814201,13.7589731154325));
#4509=CARTESIAN_POINT('Ctrl Pts',(12.3197347633018,2.18946291508664,13.785690207482));
#4510=CARTESIAN_POINT('Ctrl Pts',(12.5032778096177,2.21428080011657,13.8188410589925));
#4511=CARTESIAN_POINT('Ctrl Pts',(12.6845747160009,2.24365727244088,13.8574968767889));
#4512=CARTESIAN_POINT('Ctrl Pts',(12.8162126550753,2.26498724630085,13.8855644940994));
#4513=CARTESIAN_POINT('Ctrl Pts',(12.9466662845967,2.28871967736385,13.9165331228798));
#4514=CARTESIAN_POINT('Ctrl Pts',(13.0757642637208,2.31472364334337,13.9500340578629));
#4515=CARTESIAN_POINT('Ctrl Pts',(13.4132413050569,2.3827010165084,14.0376093746635));
#4516=CARTESIAN_POINT('Ctrl Pts',(13.7420633491009,2.46626686412407,14.1425744166967));
#4517=CARTESIAN_POINT('Ctrl Pts',(14.0605021916303,2.56323876231685,14.2585411033997));
#4518=CARTESIAN_POINT('Ctrl Pts',(14.4393566448929,2.678608593396,14.3965094973887));
#4519=CARTESIAN_POINT('Ctrl Pts',(14.803515635866,2.81295381542065,14.5500520118839));
#4520=CARTESIAN_POINT('Ctrl Pts',(15.1536885114425,2.96501712970786,14.7126701331587));
#4521=CARTESIAN_POINT('Ctrl Pts',(15.3659139851932,3.05717649202736,14.811226332782));
#4522=CARTESIAN_POINT('Ctrl Pts',(15.5730016791398,3.15584474338361,14.9131168390171));
#4523=CARTESIAN_POINT('Ctrl Pts',(15.7751046298012,3.26074915678283,15.0168975060478));
#4524=CARTESIAN_POINT('Ctrl Pts',(15.9330273291005,3.34272118182356,15.097991438714));
#4525=CARTESIAN_POINT('Ctrl Pts',(16.087906366514,3.4285009881045,15.1802394743609));
#4526=CARTESIAN_POINT('Ctrl Pts',(16.2397830178925,3.51803258587734,15.2631991777658));
#4527=CARTESIAN_POINT('Ctrl Pts',(16.517096506819,3.68150945689207,15.4146763441552));
#4528=CARTESIAN_POINT('Ctrl Pts',(16.7840515177665,3.85733685622726,15.5683811511389));
#4529=CARTESIAN_POINT('Ctrl Pts',(17.0410071054217,4.04515310579037,15.721637921123));
#4530=CARTESIAN_POINT('Ctrl Pts',(17.1205066713279,4.10326163126227,15.7690540788999));
#4531=CARTESIAN_POINT('Ctrl Pts',(17.1990488721527,4.16251806412368,15.8164274721583));
#4532=CARTESIAN_POINT('Ctrl Pts',(17.2766438230403,4.22291250213587,15.8636790771316));
#4533=CARTESIAN_POINT('Ctrl Pts',(17.5315112525621,4.42128333680376,16.0188811226586));
#4534=CARTESIAN_POINT('Ctrl Pts',(17.7761614616901,4.63192850533778,16.1727698577025));
#4535=CARTESIAN_POINT('Ctrl Pts',(18.0093835097487,4.85488775451968,16.3231432353646));
#4536=CARTESIAN_POINT('Ctrl Pts',(18.2259523847083,5.06192664367748,16.4627792324552));
#4537=CARTESIAN_POINT('Ctrl Pts',(18.4326671749974,5.27958403968131,16.5993847506657));
#4538=CARTESIAN_POINT('Ctrl Pts',(18.6285304020814,5.50792444500024,16.7311830551122));
#4539=CARTESIAN_POINT('Ctrl Pts',(18.6877606224822,5.57697595984969,16.7710396567675));
#4540=CARTESIAN_POINT('Ctrl Pts',(18.7459982530008,5.64700466091307,16.8104565006307));
#4541=CARTESIAN_POINT('Ctrl Pts',(18.803215092164,5.71801295845619,16.8493840259296));
#4542=CARTESIAN_POINT('Ctrl Pts',(19.0061803100444,5.96990059840557,16.9874715849314));
#4543=CARTESIAN_POINT('Ctrl Pts',(19.1962332922635,6.23361908159868,17.1191297398249));
#4544=CARTESIAN_POINT('Ctrl Pts',(19.3718936641609,6.50909858270792,17.2421923384085));
#4545=CARTESIAN_POINT('Ctrl Pts',(19.4510050118641,6.63316500908478,17.2976154706758));
#4546=CARTESIAN_POINT('Ctrl Pts',(19.5271964779955,6.75961675661353,17.3512950977053));
#4547=CARTESIAN_POINT('Ctrl Pts',(19.6003300334265,6.88844524509646,17.4030328734907));
#4548=CARTESIAN_POINT('Ctrl Pts',(19.7457213223961,7.14455941712263,17.5058888315462));
#4549=CARTESIAN_POINT('Ctrl Pts',(19.8790272878531,7.41007011928224,17.6010705291517));
#4550=CARTESIAN_POINT('Ctrl Pts',(19.9986261306223,7.68306188756114,17.6871793578215));
#4551=CARTESIAN_POINT('Ctrl Pts',(20.0203554873683,7.73266049056011,17.7028240698757));
#4552=CARTESIAN_POINT('Ctrl Pts',(20.0416323662631,7.78250590197614,17.7181692812505));
#4553=CARTESIAN_POINT('Ctrl Pts',(20.0624470436252,7.83258643507984,17.7332066044511));
#4554=CARTESIAN_POINT('Ctrl Pts',(20.1733760292399,8.09948380944608,17.8133459686116));
#4555=CARTESIAN_POINT('Ctrl Pts',(20.2714142398615,8.37364995012681,17.8849207957984));
#4556=CARTESIAN_POINT('Ctrl Pts',(20.3552195989403,8.65351785498265,17.9465662462324));
#4557=CARTESIAN_POINT('Ctrl Pts',(20.4315101095808,8.90828993170926,18.0026839330243));
#4558=CARTESIAN_POINT('Ctrl Pts',(20.4960061045307,9.1677870376829,18.0505732829678));
#4559=CARTESIAN_POINT('Ctrl Pts',(20.5476616059102,9.43082928918192,18.0891776225857));
#4560=CARTESIAN_POINT('Ctrl Pts',(20.5682471668812,9.53565592258108,18.1045620824346));
#4561=CARTESIAN_POINT('Ctrl Pts',(20.5867930422446,9.64104560563107,18.1184716065387));
#4562=CARTESIAN_POINT('Ctrl Pts',(20.6032311596012,9.74692373801971,18.1308378182076));
#4563=CARTESIAN_POINT('Ctrl Pts',(20.6331336020732,9.93952576744443,18.153333090933));
#4564=CARTESIAN_POINT('Ctrl Pts',(20.6563776279761,10.133606528755,18.170703371243));
#4565=CARTESIAN_POINT('Ctrl Pts',(20.6725080713949,10.3285329756545,18.182549431237));
#4566=CARTESIAN_POINT('Ctrl Pts',(20.6744131918486,10.3515551797763,18.1839485354405));
#4567=CARTESIAN_POINT('Ctrl Pts',(20.6762191293077,10.3745891649436,18.1852706152998));
#4568=CARTESIAN_POINT('Ctrl Pts',(20.6779251722354,10.3976338764103,18.186515041687));
#4569=CARTESIAN_POINT('Ctrl Pts',(20.6921482234025,10.5897545464161,18.1968896576423));
#4570=CARTESIAN_POINT('Ctrl Pts',(20.6994248622966,10.7826213046041,18.2018645690699));
#4571=CARTESIAN_POINT('Ctrl Pts',(20.6999684941611,10.9754508701006,18.2016718570844));
#4572=CARTESIAN_POINT('Ctrl Pts',(20.7000492209813,11.0040851696543,18.2016432402449));
#4573=CARTESIAN_POINT('Ctrl Pts',(20.6999815539624,11.0327186388285,18.201500728174));
#4574=CARTESIAN_POINT('Ctrl Pts',(20.6997662704275,11.0613487042301,18.2012451387687));
#4575=CARTESIAN_POINT('Ctrl Pts',(20.698201881358,11.2693932321406,18.1993878612383));
#4576=CARTESIAN_POINT('Ctrl Pts',(20.688241470263,11.4772657893807,18.1915585920855));
#4577=CARTESIAN_POINT('Ctrl Pts',(20.6703783147091,11.6841794770232,18.1780687324288));
#4578=CARTESIAN_POINT('Ctrl Pts',(20.6529249745751,11.8863461635254,18.1648883563056));
#4579=CARTESIAN_POINT('Ctrl Pts',(20.6279281467648,12.0875977677942,18.1463049118678));
#4580=CARTESIAN_POINT('Ctrl Pts',(20.595832982468,12.2872470501747,18.1225982310492));
#4581=CARTESIAN_POINT('Ctrl Pts',(20.5898568953846,12.324421544333,18.1181840710928));
#4582=CARTESIAN_POINT('Ctrl Pts',(20.5836346477013,12.3615406096693,18.1135922410921));
#4583=CARTESIAN_POINT('Ctrl Pts',(20.5771690227391,12.3985999752274,18.1088244772487));
#4584=CARTESIAN_POINT('Ctrl Pts',(20.5404190834809,12.609241551436,18.0817250038537));
#4585=CARTESIAN_POINT('Ctrl Pts',(20.4956956716758,12.8180175168355,18.0489359472139));
#4586=CARTESIAN_POINT('Ctrl Pts',(20.4433427365192,13.0241904055383,18.0107429375078));
#4587=CARTESIAN_POINT('Ctrl Pts',(20.391038868803,13.2301700600717,17.9725857239461));
#4588=CARTESIAN_POINT('Ctrl Pts',(20.3311197583761,13.4335523628538,17.9290346356159));
#4589=CARTESIAN_POINT('Ctrl Pts',(20.2638866329029,13.6336018366506,17.8803440013144));
#4590=CARTESIAN_POINT('Ctrl Pts',(20.2153499970512,13.7780206539173,17.8451934773747));
#4591=CARTESIAN_POINT('Ctrl Pts',(20.1630006958951,13.920702593726,17.8073637669833));
#4592=CARTESIAN_POINT('Ctrl Pts',(20.1069386919135,14.0613668286269,17.7669410308533));
#4593=CARTESIAN_POINT('Ctrl Pts',(20.0650378632337,14.1664994958411,17.7367290152089));
#4594=CARTESIAN_POINT('Ctrl Pts',(20.0210628306764,14.2705049254442,17.7050683043877));
#4595=CARTESIAN_POINT('Ctrl Pts',(19.9750771557,14.3733789931313,17.6720388445938));
#4596=CARTESIAN_POINT('Ctrl Pts',(19.8708404619087,14.6065657996331,17.5971702754491));
#4597=CARTESIAN_POINT('Ctrl Pts',(19.7568044029372,14.833442435585,17.5154294302413));
#4598=CARTESIAN_POINT('Ctrl Pts',(19.6337002845941,15.0538018254756,17.427891991286));
#4599=CARTESIAN_POINT('Ctrl Pts',(19.4935243901027,15.3047201132083,17.3282150757432));
#4600=CARTESIAN_POINT('Ctrl Pts',(19.3415893277282,15.5471870508816,17.2210214399456));
#4601=CARTESIAN_POINT('Ctrl Pts',(19.1789877822152,15.7808340067743,17.1079101063618));
#4602=CARTESIAN_POINT('Ctrl Pts',(19.0104748590497,16.0229751955432,16.9906866113133));
#4603=CARTESIAN_POINT('Ctrl Pts',(18.8305045406851,16.2556413455479,16.8671068767512));
#4604=CARTESIAN_POINT('Ctrl Pts',(18.64033002748,16.4783873680092,16.7389733134521));
#4605=CARTESIAN_POINT('Ctrl Pts',(18.4766965488651,16.6700466281733,16.6287222585837));
#4606=CARTESIAN_POINT('Ctrl Pts',(18.3055089818548,16.8543605349576,16.5151004007997));
#4607=CARTESIAN_POINT('Ctrl Pts',(18.127593431329,17.0310405618206,16.3992689786567));
#4608=CARTESIAN_POINT('Origin',(18.1275934313289,17.5793169765316,17.2355661585345));
#4609=CARTESIAN_POINT('Origin',(11.0000000400862,8.8,7.2));
#4610=CARTESIAN_POINT('',(1.09999998496766,8.8,11.9947887240891));
#4611=CARTESIAN_POINT('Origin',(3.8,8.8,10.6871190720648));
#4612=CARTESIAN_POINT('Origin',(11.0000000400862,8.8,7.2));
#4613=CARTESIAN_POINT('Ctrl Pts',(3.33827309573802,6.87835702122223,15.6277906320408));
#4614=CARTESIAN_POINT('Ctrl Pts',(3.22543991409774,7.0881027531832,15.3781489203866));
#4615=CARTESIAN_POINT('Ctrl Pts',(2.84466244984433,7.78948779552051,14.7244108345792));
#4616=CARTESIAN_POINT('Ctrl Pts',(2.52921098748661,8.44769936639097,14.2229553938251));
#4617=CARTESIAN_POINT('Ctrl Pts',(2.35844587963747,8.71552111824387,14.0061399994439));
#4618=CARTESIAN_POINT('Ctrl Pts',(3.50775333233843,6.56331001322322,15.6277906320402));
#4619=CARTESIAN_POINT('Ctrl Pts',(3.39128411040689,6.71958096409416,15.3301031658562));
#4620=CARTESIAN_POINT('Ctrl Pts',(2.96348665310124,7.24358941262054,14.5904993536931));
#4621=CARTESIAN_POINT('Ctrl Pts',(2.51081212142129,7.72656289149529,14.0919249190462));
#4622=CARTESIAN_POINT('Ctrl Pts',(2.30072300768716,7.90573698858612,13.9328509803676));
#4623=CARTESIAN_POINT('Ctrl Pts',(3.90398060843142,6.06575972379197,15.6277906320391));
#4624=CARTESIAN_POINT('Ctrl Pts',(3.81130153209615,6.13460263160159,15.234982602231));
#4625=CARTESIAN_POINT('Ctrl Pts',(3.41987898153403,6.36671261667643,14.3076759470986));
#4626=CARTESIAN_POINT('Ctrl Pts',(2.90575024644813,6.50417666705008,13.645834541594));
#4627=CARTESIAN_POINT('Ctrl Pts',(2.6826325537181,6.49842522588444,13.4256795702819));
#4628=CARTESIAN_POINT('Ctrl Pts',(4.43064516558159,5.71683968931746,15.6277906320378));
#4629=CARTESIAN_POINT('Ctrl Pts',(4.40003186808286,5.73165643980379,15.1311757329119));
#4630=CARTESIAN_POINT('Ctrl Pts',(4.20060689822935,5.81273554462307,13.9822969840025));
#4631=CARTESIAN_POINT('Ctrl Pts',(3.88119094944939,5.86372338399852,12.9927908008677));
#4632=CARTESIAN_POINT('Ctrl Pts',(3.69703242420697,5.85354409418503,12.5321626603614));
#4633=CARTESIAN_POINT('Ctrl Pts',(4.67209915612481,5.59984528831964,15.6277906320373));
#4634=CARTESIAN_POINT('Ctrl Pts',(4.67209915612441,5.59984528831983,15.0866933852392));
#4635=CARTESIAN_POINT('Ctrl Pts',(4.57011441481045,5.65062923502781,13.8427559304707));
#4636=CARTESIAN_POINT('Ctrl Pts',(4.34347929134264,5.73318050797797,12.7129741717736));
#4637=CARTESIAN_POINT('Ctrl Pts',(4.16609335117667,5.76620844729755,12.1499199995956));
#4638=CARTESIAN_POINT('',(2.35844587963747,8.71552111824387,14.0061399994439));
#4639=CARTESIAN_POINT('Origin',(4.71523337794168,8.71552111824387,12.1499199995956));
#4640=CARTESIAN_POINT('Ctrl Pts',(3.33827309573802,6.87835702122223,15.6277906320408));
#4641=CARTESIAN_POINT('Ctrl Pts',(3.22543991409774,7.0881027531832,15.3781489203866));
#4642=CARTESIAN_POINT('Ctrl Pts',(2.84466244984433,7.78948779552051,14.7244108345792));
#4643=CARTESIAN_POINT('Ctrl Pts',(2.52921098748661,8.44769936639097,14.2229553938251));
#4644=CARTESIAN_POINT('Ctrl Pts',(2.35844587963747,8.71552111824387,14.0061399994439));
#4645=CARTESIAN_POINT('Ctrl Pts',(3.8,5.8,10.6871190720648));
#4646=CARTESIAN_POINT('Ctrl Pts',(3.9006553176443,5.8,11.2066871425098));
#4647=CARTESIAN_POINT('Ctrl Pts',(4.02416073952146,5.79263524121837,11.6994009275325));
#4648=CARTESIAN_POINT('Ctrl Pts',(4.16609335117668,5.76620844729755,12.1499199995956));
#4649=CARTESIAN_POINT('Ctrl Pts',(2.99216188457925,5.8,11.0783729170288));
#4650=CARTESIAN_POINT('Ctrl Pts',(3.1444833935003,5.84179491354684,11.6449625183067));
#4651=CARTESIAN_POINT('Ctrl Pts',(3.3297619151087,5.87428208752273,12.1764013368324));
#4652=CARTESIAN_POINT('Ctrl Pts',(3.54067878188374,5.88265597648086,12.6595768806167));
#4653=CARTESIAN_POINT('Ctrl Pts',(1.59273526695869,6.55208557754333,11.7561461421802));
#4654=CARTESIAN_POINT('Ctrl Pts',(1.87021646259224,6.61690179670115,12.4049556589171));
#4655=CARTESIAN_POINT('Ctrl Pts',(2.20117857673314,6.67298807221743,13.0042738598656));
#4656=CARTESIAN_POINT('Ctrl Pts',(2.56606499944286,6.68840663131577,13.5453489594374));
#4657=CARTESIAN_POINT('Ctrl Pts',(1.09999998496766,8.12680157423076,11.9947887240891));
#4658=CARTESIAN_POINT('Ctrl Pts',(1.43995709659707,8.14593169909825,12.6959360570536));
#4659=CARTESIAN_POINT('Ctrl Pts',(1.8504877196398,8.15007213354446,13.3534867314608));
#4660=CARTESIAN_POINT('Ctrl Pts',(2.31515372567474,8.10818302100056,13.9511732351367));
#4661=CARTESIAN_POINT('Ctrl Pts',(1.09999998496766,8.8,11.9947887240891));
#4662=CARTESIAN_POINT('Ctrl Pts',(1.44600263936998,8.8,12.709194820951));
#4663=CARTESIAN_POINT('Ctrl Pts',(1.87055252707268,8.78158810304593,13.3866762753571));
#4664=CARTESIAN_POINT('Ctrl Pts',(2.35844587963748,8.71552111824387,14.0061399994439));
#4665=CARTESIAN_POINT('Ctrl Pts',(2.35844587963748,8.71552111824387,14.0061399994439));
#4666=CARTESIAN_POINT('Ctrl Pts',(1.87055252707268,8.78158810304593,13.3866762753571));
#4667=CARTESIAN_POINT('Ctrl Pts',(1.44600263936998,8.8,12.709194820951));
#4668=CARTESIAN_POINT('Ctrl Pts',(1.09999998496766,8.8,11.9947887240891));
#4669=CARTESIAN_POINT('Origin',(11.0000000400862,38.2,7.2));
#4670=CARTESIAN_POINT('',(17.0310406031871,18.1275933930192,16.3992689777747));
#4671=CARTESIAN_POINT('Ctrl Pts',(17.0310406032059,18.1275933930181,16.399268977805));
#4672=CARTESIAN_POINT('Ctrl Pts',(16.8194924204368,18.3406209349994,16.5379599623183));
#4673=CARTESIAN_POINT('Ctrl Pts',(16.5969925074265,18.543994278989,16.6734682075944));
#4674=CARTESIAN_POINT('Ctrl Pts',(16.3640421766074,18.7363091496148,16.8038111478914));
#4675=CARTESIAN_POINT('Ctrl Pts',(16.135556017398,18.924938571147,16.9316562456159));
#4676=CARTESIAN_POINT('Ctrl Pts',(15.8970176087311,19.1029298567797,17.0545319030425));
#4677=CARTESIAN_POINT('Ctrl Pts',(15.6488848774132,19.2690000595731,17.1705879781489));
#4678=CARTESIAN_POINT('Ctrl Pts',(15.4285702224304,19.4164521882667,17.2736330460443));
#4679=CARTESIAN_POINT('Ctrl Pts',(15.2006929798535,19.5545076301275,17.3713025295274));
#4680=CARTESIAN_POINT('Ctrl Pts',(14.9655443662962,19.6822875945614,17.4623134265706));
#4681=CARTESIAN_POINT('Ctrl Pts',(14.7729647675515,19.7869355187231,17.5368485971966));
#4682=CARTESIAN_POINT('Ctrl Pts',(14.575508216296,19.8846922405539,17.6069181930408));
#4683=CARTESIAN_POINT('Ctrl Pts',(14.373308402255,19.9750770001896,17.6718195187601));
#4684=CARTESIAN_POINT('Ctrl Pts',(14.270580249215,20.0209972175963,17.7047928098217));
#4685=CARTESIAN_POINT('Ctrl Pts',(14.1667180049131,20.0649023010377,17.7364029201731));
#4686=CARTESIAN_POINT('Ctrl Pts',(14.0617301261707,20.1067309726226,17.7665681889177));
#4687=CARTESIAN_POINT('Ctrl Pts',(13.8587947784288,20.1875833159155,17.8248758657251));
#4688=CARTESIAN_POINT('Ctrl Pts',(13.6516552862288,20.2606801025013,17.8777870607437));
#4689=CARTESIAN_POINT('Ctrl Pts',(13.4411619983563,20.325733170229,17.925031993798));
#4690=CARTESIAN_POINT('Ctrl Pts',(13.2308440415353,20.3907320517976,17.9722375740355));
#4691=CARTESIAN_POINT('Ctrl Pts',(13.0171770249273,20.4477007770816,18.0137864982766));
#4692=CARTESIAN_POINT('Ctrl Pts',(12.8009930475764,20.4963119947189,18.0493812026546));
#4693=CARTESIAN_POINT('Ctrl Pts',(12.6677037428109,20.5262834823475,18.0713272943957));
#4694=CARTESIAN_POINT('Ctrl Pts',(12.5334573794154,20.5530771515589,18.0910093777794));
#4695=CARTESIAN_POINT('Ctrl Pts',(12.3984479797734,20.5766083091815,18.1083519165771));
#4696=CARTESIAN_POINT('Ctrl Pts',(12.1905005100614,20.6128520425807,18.1350636645809));
#4697=CARTESIAN_POINT('Ctrl Pts',(11.9806774093799,20.6414475649243,18.1562337983269));
#4698=CARTESIAN_POINT('Ctrl Pts',(11.7697514118912,20.6619218554006,18.1715526808392));
#4699=CARTESIAN_POINT('Ctrl Pts',(11.5545757123997,20.6828086584846,18.1871802056548));
#4700=CARTESIAN_POINT('Ctrl Pts',(11.3382518332207,20.6952428478641,18.1967175807679));
#4701=CARTESIAN_POINT('Ctrl Pts',(11.1216494096828,20.6987045522485,18.1998227407605));
#4702=CARTESIAN_POINT('Ctrl Pts',(11.1015484665571,20.6990258022225,18.2001109030229));
#4703=CARTESIAN_POINT('Ctrl Pts',(11.0814451607431,20.6992697741822,18.2003436667705));
#4704=CARTESIAN_POINT('Ctrl Pts',(11.0613402093229,20.6994360495447,18.2005207570771));
#4705=CARTESIAN_POINT('Ctrl Pts',(10.8705598741483,20.7010138732717,18.202201206204));
#4706=CARTESIAN_POINT('Ctrl Pts',(10.679629582272,20.6959709386282,18.1988667860221));
#4707=CARTESIAN_POINT('Ctrl Pts',(10.4893018044127,20.6841197300417,18.1902961286642));
#4708=CARTESIAN_POINT('Ctrl Pts',(10.4591986432394,20.6822452856165,18.1889405520757));
#4709=CARTESIAN_POINT('Ctrl Pts',(10.4291105307348,20.6802006078564,18.187454046321));
#4710=CARTESIAN_POINT('Ctrl Pts',(10.3990404147447,20.677985047832,18.185835804007));
#4711=CARTESIAN_POINT('Ctrl Pts',(10.20329041774,20.6635622279036,18.1753013940885));
#4712=CARTESIAN_POINT('Ctrl Pts',(10.0083046675573,20.6418946191376,18.1591819484273));
#4713=CARTESIAN_POINT('Ctrl Pts',(9.81473484509189,20.6134652462381,18.1378779162893));
#4714=CARTESIAN_POINT('Ctrl Pts',(9.79213628037247,20.6101462215305,18.1353907489048));
#4715=CARTESIAN_POINT('Ctrl Pts',(9.76955699110984,20.6067350788348,18.132832948626));
#4716=CARTESIAN_POINT('Ctrl Pts',(9.74699799518374,20.6032326195383,18.1302051767456));
#4717=CARTESIAN_POINT('Ctrl Pts',(9.52082547181622,20.5681175789727,18.1038595982911));
#4718=CARTESIAN_POINT('Ctrl Pts',(9.29688449273363,20.5232954134374,18.0705036535619));
#4719=CARTESIAN_POINT('Ctrl Pts',(9.07589887076964,20.4695110858102,18.0307933357341));
#4720=CARTESIAN_POINT('Ctrl Pts',(8.85174102610338,20.4149546904637,17.9905129809483));
#4721=CARTESIAN_POINT('Ctrl Pts',(8.63062347890197,20.351177166394,17.9436946503813));
#4722=CARTESIAN_POINT('Ctrl Pts',(8.41328104520793,20.2789161467625,17.8909923135943));
#4723=CARTESIAN_POINT('Ctrl Pts',(8.21641699653387,20.2134636870464,17.8432556833462));
#4724=CARTESIAN_POINT('Ctrl Pts',(8.02264955630773,20.141050548907,17.7906911711663));
#4725=CARTESIAN_POINT('Ctrl Pts',(7.83251652853865,20.0621962176585,17.733762991035));
#4726=CARTESIAN_POINT('Ctrl Pts',(7.58269804575778,19.9585883930509,17.6589642474672));
#4727=CARTESIAN_POINT('Ctrl Pts',(7.33870201285392,19.8433939944096,17.5764925965727));
#4728=CARTESIAN_POINT('Ctrl Pts',(7.10202418793268,19.7178719970962,17.4873699954799));
#4729=CARTESIAN_POINT('Ctrl Pts',(7.02943111661589,19.6793722884487,17.4600345941206));
#4730=CARTESIAN_POINT('Ctrl Pts',(6.95752611994458,19.6399009900021,17.4320734804025));
#4731=CARTESIAN_POINT('Ctrl Pts',(6.88635143978275,19.5994942765056,17.4035160192699));
#4732=CARTESIAN_POINT('Ctrl Pts',(6.62530619856904,19.4512957844666,17.2987766749855));
#4733=CARTESIAN_POINT('Ctrl Pts',(6.37408867791759,19.2905173314984,17.186016078595));
#4734=CARTESIAN_POINT('Ctrl Pts',(6.13271317043792,19.1183397311334,17.0668792289327));
#4735=CARTESIAN_POINT('Ctrl Pts',(5.99086595273372,19.017157495132,16.9968670274998));
#4736=CARTESIAN_POINT('Ctrl Pts',(5.85241666161292,18.9120378907693,16.9246526004729));
#4737=CARTESIAN_POINT('Ctrl Pts',(5.71736448723625,18.8032133875993,16.8505685377823));
#4738=CARTESIAN_POINT('Ctrl Pts',(5.46827525542656,18.6024982786291,16.7139284403525));
#4739=CARTESIAN_POINT('Ctrl Pts',(5.23126548857586,18.3893201475691,16.571218450501));
#4740=CARTESIAN_POINT('Ctrl Pts',(5.00622004543149,18.1647891551884,16.4246005938022));
#4741=CARTESIAN_POINT('Ctrl Pts',(4.74511620350819,17.9042821930286,16.2544905700501));
#4742=CARTESIAN_POINT('Ctrl Pts',(4.50011860069903,17.6284918161289,16.0791191496057));
#4743=CARTESIAN_POINT('Ctrl Pts',(4.27111136724685,17.3391387657576,15.9018507091691));
#4744=CARTESIAN_POINT('Ctrl Pts',(4.25480005265087,17.318529248046,15.8892245520984));
#4745=CARTESIAN_POINT('Ctrl Pts',(4.23856988111073,17.2978509239239,15.8765887704325));
#4746=CARTESIAN_POINT('Ctrl Pts',(4.22242082012447,17.2771044153099,15.8639445799698));
#4747=CARTESIAN_POINT('Ctrl Pts',(3.99960330414884,16.9908533745549,15.6894856988733));
#4748=CARTESIAN_POINT('Ctrl Pts',(3.79222301300991,16.6916216988716,15.5134248737388));
#4749=CARTESIAN_POINT('Ctrl Pts',(3.60093315139498,16.3789646170957,15.3397709442256));
#4750=CARTESIAN_POINT('Ctrl Pts',(3.57278307064253,16.3329542220569,15.3142161547688));
#4751=CARTESIAN_POINT('Ctrl Pts',(3.54498152753989,16.286653090647,15.2887135229224));
#4752=CARTESIAN_POINT('Ctrl Pts',(3.51753069331526,16.2400598066689,15.2632758685887));
#4753=CARTESIAN_POINT('Ctrl Pts',(3.42803989734478,16.088163873891,15.1803481180031));
#4754=CARTESIAN_POINT('Ctrl Pts',(3.34228866871568,15.9332717009584,15.0981223055018));
#4755=CARTESIAN_POINT('Ctrl Pts',(3.26034902979477,15.7753481044785,15.0170413252835));
#4756=CARTESIAN_POINT('Ctrl Pts',(3.06074466453698,15.3906473705027,14.8195286463888));
#4757=CARTESIAN_POINT('Ctrl Pts',(2.88375574896394,14.987957987321,14.6288085585891));
#4758=CARTESIAN_POINT('Ctrl Pts',(2.73123380425477,14.5661366980612,14.4549031941003));
#4759=CARTESIAN_POINT('Ctrl Pts',(2.67139020841635,14.4006306602341,14.3866695876743));
#4760=CARTESIAN_POINT('Ctrl Pts',(2.61531366047292,14.2321793208523,14.321024726917));
#4761=CARTESIAN_POINT('Ctrl Pts',(2.56311794520031,14.0607135175646,14.258575401609));
#4762=CARTESIAN_POINT('Ctrl Pts',(2.46616471668362,13.7422168148731,14.1425761538608));
#4763=CARTESIAN_POINT('Ctrl Pts',(2.38259990897384,13.4133190073961,14.037600212527));
#4764=CARTESIAN_POINT('Ctrl Pts',(2.31463477231937,13.0757809610588,13.9500439227038));
#4765=CARTESIAN_POINT('Ctrl Pts',(2.27875834150662,12.8976063709354,13.9038260038017));
#4766=CARTESIAN_POINT('Ctrl Pts',(2.24720196990572,12.7168540935059,13.8624273128425));
#4767=CARTESIAN_POINT('Ctrl Pts',(2.22030895286142,12.5339729750063,13.8268108184818));
#4768=CARTESIAN_POINT('Ctrl Pts',(2.20088240662495,12.4018662463912,13.8010827466429));
#4769=CARTESIAN_POINT('Ctrl Pts',(2.18388876166499,12.2686487689548,13.7783714260879));
#4770=CARTESIAN_POINT('Ctrl Pts',(2.16944671849349,12.1344893871038,13.7590262682144));
#4771=CARTESIAN_POINT('Ctrl Pts',(2.15699733222885,12.0188407945982,13.742350279931));
#4772=CARTESIAN_POINT('Ctrl Pts',(2.14644385963968,11.9024924099304,13.7281754157136));
#4773=CARTESIAN_POINT('Ctrl Pts',(2.13778610253449,11.7857205163778,13.716515825974));
#4774=CARTESIAN_POINT('Ctrl Pts',(2.12411607112846,11.6013453447474,13.6981060974513));
#4775=CARTESIAN_POINT('Ctrl Pts',(2.11526676887102,11.4157983355337,13.6860968064847));
#4776=CARTESIAN_POINT('Ctrl Pts',(2.11121992504591,11.2298987841216,13.6805226946775));
#4777=CARTESIAN_POINT('Ctrl Pts',(2.10912027897476,11.1334475051446,13.6776306478227));
#4778=CARTESIAN_POINT('Ctrl Pts',(2.10831388496211,11.036900799267,13.6764714472899));
#4779=CARTESIAN_POINT('Ctrl Pts',(2.10880112758883,10.940370301981,13.6770535963497));
#4780=CARTESIAN_POINT('Ctrl Pts',(2.10951875382441,10.798197155407,13.677911003759));
#4781=CARTESIAN_POINT('Ctrl Pts',(2.11318406819531,10.6560555802357,13.682740772007));
#4782=CARTESIAN_POINT('Ctrl Pts',(2.11971186227468,10.5143591803087,13.6914491068745));
#4783=CARTESIAN_POINT('Ctrl Pts',(2.12623965635405,10.3726627803818,13.700157441742));
#4784=CARTESIAN_POINT('Ctrl Pts',(2.13563035513984,10.2314114609198,13.7127444391783));
#4785=CARTESIAN_POINT('Ctrl Pts',(2.1478009344734,10.0909663254161,13.7291207238886));
#4786=CARTESIAN_POINT('Ctrl Pts',(2.14844395308154,10.083546067672,13.7299859461194));
#4787=CARTESIAN_POINT('Ctrl Pts',(2.14909473105479,10.0761280483608,13.7308617466861));
#4788=CARTESIAN_POINT('Ctrl Pts',(2.14975323319976,10.068712279418,13.7317480453234));
#4789=CARTESIAN_POINT('Ctrl Pts',(2.16490688423922,9.89805835580256,13.7521438183196));
#4790=CARTESIAN_POINT('Ctrl Pts',(2.18409278583293,9.72872064089698,13.7780195895809));
#4791=CARTESIAN_POINT('Ctrl Pts',(2.20713235203665,9.56101965888005,13.8087438454443));
#4792=CARTESIAN_POINT('Ctrl Pts',(2.23078204032834,9.38887770465042,13.8402817254433));
#4793=CARTESIAN_POINT('Ctrl Pts',(2.25849138973143,9.21846030176259,13.8769278849645));
#4794=CARTESIAN_POINT('Ctrl Pts',(2.29006182210236,9.05016792188074,13.9179888779663));
#4795=CARTESIAN_POINT('Ctrl Pts',(2.3111743763587,8.93762331180263,13.945448192821));
#4796=CARTESIAN_POINT('Ctrl Pts',(2.33401361150425,8.82603017273448,13.9748817072687));
#4797=CARTESIAN_POINT('Ctrl Pts',(2.35852128852776,8.71552112064299,14.0060807722971));
#4798=CARTESIAN_POINT('',(22.0000000400862,24.,7.2));
#4799=CARTESIAN_POINT('Origin',(11.0000000400862,11.,7.2));
#4800=CARTESIAN_POINT('',(22.0000000400862,38.1999999884568,7.2));
#4801=CARTESIAN_POINT('Ctrl Pts',(3.16948026498054,6.40460495469661,14.9254747460385));
#4802=CARTESIAN_POINT('Ctrl Pts',(2.90139250213047,6.94825803035552,14.6537417331854));
#4803=CARTESIAN_POINT('Ctrl Pts',(2.45234860207734,8.10472568581208,14.1414077371155));
#4804=CARTESIAN_POINT('Ctrl Pts',(2.08110385584998,10.0700091516934,13.6381191262509));
#4805=CARTESIAN_POINT('Ctrl Pts',(2.10502429865718,12.1596901220709,13.6740060525683));
#4806=CARTESIAN_POINT('Ctrl Pts',(2.51416617694853,14.0986018987772,14.2182407304697));
#4807=CARTESIAN_POINT('Ctrl Pts',(3.21649226403743,15.8106090831543,15.003851461027));
#4808=CARTESIAN_POINT('Ctrl Pts',(4.50294845871099,17.8121287081838,16.1560258343534));
#4809=CARTESIAN_POINT('Ctrl Pts',(6.7223006948693,19.8012283276111,17.5317449201286));
#4810=CARTESIAN_POINT('Ctrl Pts',(10.3673232195007,20.9832535552622,18.4122324322239));
#4811=CARTESIAN_POINT('Ctrl Pts',(14.2016907976609,20.3481176252785,17.9343380330728));
#4812=CARTESIAN_POINT('Ctrl Pts',(16.1999307879115,18.9645151701338,16.9441445565647));
#4813=CARTESIAN_POINT('Ctrl Pts',(17.0310406032059,18.1275933930181,16.399268977805));
#4814=CARTESIAN_POINT('Ctrl Pts',(3.2643397605606,6.50806187090121,15.0216240676549));
#4815=CARTESIAN_POINT('Ctrl Pts',(2.99111563818171,7.03766279676957,14.7514831635064));
#4816=CARTESIAN_POINT('Ctrl Pts',(2.53196419580819,8.16641855141589,14.2399929855776));
#4817=CARTESIAN_POINT('Ctrl Pts',(2.15078550869978,10.0893371405199,13.7350162881606));
#4818=CARTESIAN_POINT('Ctrl Pts',(2.1755394286519,12.1355838077902,13.7710946494085));
#4819=CARTESIAN_POINT('Ctrl Pts',(2.59502741985396,14.0323518275697,14.3170605756944));
#4820=CARTESIAN_POINT('Ctrl Pts',(3.31351105858712,15.7027078766345,15.1008271567358));
#4821=CARTESIAN_POINT('Ctrl Pts',(4.61862629892662,17.6472785321544,16.2411314929138));
#4822=CARTESIAN_POINT('Ctrl Pts',(6.85095890922303,19.5592423219383,17.5779988055009));
#4823=CARTESIAN_POINT('Ctrl Pts',(10.3928827019381,20.6641960890375,18.3947545460652));
#4824=CARTESIAN_POINT('Ctrl Pts',(14.0897551332653,20.074145877811,17.9559317510003));
#4825=CARTESIAN_POINT('Ctrl Pts',(16.0805342539808,18.7552138618904,17.006967870162));
#4826=CARTESIAN_POINT('Ctrl Pts',(16.9152292718272,17.9482060103105,16.4751948844068));
#4827=CARTESIAN_POINT('Ctrl Pts',(3.37481064728896,6.68890584761902,15.2442965306934));
#4828=CARTESIAN_POINT('Ctrl Pts',(3.09793858774025,7.19405025300532,14.9680021754946));
#4829=CARTESIAN_POINT('Ctrl Pts',(2.63138513208169,8.27436590566726,14.4440874561356));
#4830=CARTESIAN_POINT('Ctrl Pts',(2.24300539380834,10.1231205690812,13.9258984145776));
#4831=CARTESIAN_POINT('Ctrl Pts',(2.26838140719692,12.0933234704919,13.9629256572013));
#4832=CARTESIAN_POINT('Ctrl Pts',(2.69535323699214,13.9162993125076,14.522984874978));
#4833=CARTESIAN_POINT('Ctrl Pts',(3.42587958665148,15.5137401675629,15.3253601459783));
#4834=CARTESIAN_POINT('Ctrl Pts',(4.74365547554586,17.3594335531534,16.4893929340586));
#4835=CARTESIAN_POINT('Ctrl Pts',(6.98399478088033,19.1378597864407,17.8410589185095));
#4836=CARTESIAN_POINT('Ctrl Pts',(10.4191987691475,20.1146117303968,18.64277639627));
#4837=CARTESIAN_POINT('Ctrl Pts',(13.9740309921751,19.5987741155274,18.2145498494495));
#4838=CARTESIAN_POINT('Ctrl Pts',(15.9543423888205,18.391088556889,17.2642892959555));
#4839=CARTESIAN_POINT('Ctrl Pts',(16.7901951303055,17.635399315749,16.7249058456838));
#4840=CARTESIAN_POINT('Ctrl Pts',(3.36444105260722,6.82971337590731,15.5127630032969));
#4841=CARTESIAN_POINT('Ctrl Pts',(3.09637382415899,7.32057336551198,15.2223596350887));
#4842=CARTESIAN_POINT('Ctrl Pts',(2.64608553575161,8.36766383150909,14.6739393431702));
#4843=CARTESIAN_POINT('Ctrl Pts',(2.27254406341029,10.1537514259638,14.1341467516119));
#4844=CARTESIAN_POINT('Ctrl Pts',(2.29675349675081,12.0552260418776,14.1726593029576));
#4845=CARTESIAN_POINT('Ctrl Pts',(2.70799868493373,13.8168445032279,14.7562751024107));
#4846=CARTESIAN_POINT('Ctrl Pts',(3.41249867820717,15.3660240522455,15.596915802382));
#4847=CARTESIAN_POINT('Ctrl Pts',(4.69414124065598,17.1661933673531,16.8260179011328));
#4848=CARTESIAN_POINT('Ctrl Pts',(6.8892542876707,18.9286797349941,18.2821567860297));
#4849=CARTESIAN_POINT('Ctrl Pts',(10.3970705751536,19.9413771891507,19.1952579288613));
#4850=CARTESIAN_POINT('Ctrl Pts',(14.0645514415216,19.4011228154744,18.7017020250371));
#4851=CARTESIAN_POINT('Ctrl Pts',(16.0257239344254,18.1878849519609,17.6603985081287));
#4852=CARTESIAN_POINT('Ctrl Pts',(16.8468338408005,17.4428235559259,17.0824423898497));
#4853=CARTESIAN_POINT('Ctrl Pts',(3.33827309573775,6.87835702122273,15.627790632042));
#4854=CARTESIAN_POINT('Ctrl Pts',(3.07596416938772,7.36596338805082,15.3313546180205));
#4855=CARTESIAN_POINT('Ctrl Pts',(2.63659975359066,8.4032075738727,14.772444804126));
#4856=CARTESIAN_POINT('Ctrl Pts',(2.27335747143381,10.1658844968797,14.2234026831828));
#4857=CARTESIAN_POINT('Ctrl Pts',(2.2967622908253,12.0401344393832,14.2625520573472));
#4858=CARTESIAN_POINT('Ctrl Pts',(2.69708480341778,13.7791584040579,14.8562626150578));
#4859=CARTESIAN_POINT('Ctrl Pts',(3.38427171524609,15.3146700024167,15.7132925029385));
#4860=CARTESIAN_POINT('Ctrl Pts',(4.6429973640176,17.1098473980618,16.9702100011128));
#4861=CARTESIAN_POINT('Ctrl Pts',(6.81450976753144,18.8938852010532,18.4709944583221));
#4862=CARTESIAN_POINT('Ctrl Pts',(10.3809610474894,19.9540521578125,19.4315262896988));
#4863=CARTESIAN_POINT('Ctrl Pts',(14.1326759037211,19.3843941587549,18.9101869451704));
#4864=CARTESIAN_POINT('Ctrl Pts',(16.0878423046786,18.1434311319757,17.8299758798887));
#4865=CARTESIAN_POINT('Ctrl Pts',(16.901036913083,17.3927899504389,17.2355661576054));
#4866=CARTESIAN_POINT('Origin',(17.579317018035,18.1275933930181,17.2355661576054));
#4867=CARTESIAN_POINT('Ctrl Pts',(17.3927899848002,16.9010368758582,17.2355661585345));
#4868=CARTESIAN_POINT('Ctrl Pts',(17.2461142238148,17.0599356178194,17.1194181220435));
#4869=CARTESIAN_POINT('Ctrl Pts',(17.0599356544464,17.2461141882867,17.1194181215126));
#4870=CARTESIAN_POINT('Ctrl Pts',(16.9010369131903,17.3927899503398,17.2355661575269));
#4871=CARTESIAN_POINT('Ctrl Pts',(17.4511625245351,16.8377999574564,17.0569217625976));
#4872=CARTESIAN_POINT('Ctrl Pts',(17.2684150929973,17.0391702271532,16.9268766115428));
#4873=CARTESIAN_POINT('Ctrl Pts',(17.0391702643012,17.2684150572081,16.9268766110887));
#4874=CARTESIAN_POINT('Ctrl Pts',(16.8377999955287,17.4511624900754,17.0569217618145));
#4875=CARTESIAN_POINT('Ctrl Pts',(17.657112840095,16.7939763017347,16.7001010712449));
#4876=CARTESIAN_POINT('Ctrl Pts',(17.3892093507303,17.0718949181148,16.5420997821771));
#4877=CARTESIAN_POINT('Ctrl Pts',(17.0718949566109,17.3892093138462,16.5420997818787));
#4878=CARTESIAN_POINT('Ctrl Pts',(16.7939763414299,17.6571128047498,16.7001010709057));
#4879=CARTESIAN_POINT('Ctrl Pts',(17.9706294704358,16.9297056473681,16.4657041465825));
#4880=CARTESIAN_POINT('Ctrl Pts',(17.6292373666676,17.2413108167385,16.2755850207947));
#4881=CARTESIAN_POINT('Ctrl Pts',(17.2413108568508,17.6292373278543,16.2755850203608));
#4882=CARTESIAN_POINT('Ctrl Pts',(16.9297056883596,17.9706294330419,16.4657041460111));
#4883=CARTESIAN_POINT('Ctrl Pts',(18.127593431329,17.0310405618205,16.3992689786567));
#4884=CARTESIAN_POINT('Ctrl Pts',(17.7618245025453,17.3466676511018,16.1923438651198));
#4885=CARTESIAN_POINT('Ctrl Pts',(17.3466676920046,17.7618244627234,16.1923438645154));
#4886=CARTESIAN_POINT('Ctrl Pts',(17.0310406033157,18.1275933929076,16.399268977733));
#4887=CARTESIAN_POINT('Ctrl Pts',(18.127593431329,17.0310405618205,16.3992689786567));
#4888=CARTESIAN_POINT('Ctrl Pts',(17.7618245025453,17.3466676511018,16.1923438651198));
#4889=CARTESIAN_POINT('Ctrl Pts',(17.3466676920046,17.7618244627234,16.1923438645154));
#4890=CARTESIAN_POINT('Ctrl Pts',(17.0310406033157,18.1275933929076,16.399268977733));
#4891=CARTESIAN_POINT('Ctrl Pts',(24.0000000400862,22.,7.2));
#4892=CARTESIAN_POINT('Ctrl Pts',(24.0000000400862,22.,8.75649128941395));
#4893=CARTESIAN_POINT('Ctrl Pts',(23.338661085608,21.4404055000569,11.3491701862298));
#4894=CARTESIAN_POINT('Ctrl Pts',(21.0117945783812,19.4715184554803,14.4452489685687));
#4895=CARTESIAN_POINT('Ctrl Pts',(19.1531668001736,17.8988334123816,15.8303440028641));
#4896=CARTESIAN_POINT('Ctrl Pts',(18.1275934313289,17.0310405618207,16.3992689786566));
#4897=CARTESIAN_POINT('Ctrl Pts',(23.4016014394025,22.,7.2));
#4898=CARTESIAN_POINT('Ctrl Pts',(23.4016014394025,22.,8.67052011703561));
#4899=CARTESIAN_POINT('Ctrl Pts',(22.8156075128585,21.510257289288,11.1369850016191));
#4900=CARTESIAN_POINT('Ctrl Pts',(20.6518925467315,19.6388132719364,14.256044013151));
#4901=CARTESIAN_POINT('Ctrl Pts',(18.8791336428759,18.0701698831813,15.6957330421501));
#4902=CARTESIAN_POINT('Ctrl Pts',(17.8949062805426,17.1937803200047,16.2925767963859));
#4903=CARTESIAN_POINT('Ctrl Pts',(22.3653727723478,22.501845038797,7.2));
#4904=CARTESIAN_POINT('Ctrl Pts',(22.3653727723478,22.501845038797,8.59665158680739));
#4905=CARTESIAN_POINT('Ctrl Pts',(21.9074187286234,22.0305738954306,10.9535434129193));
#4906=CARTESIAN_POINT('Ctrl Pts',(20.021258964917,20.1095909199792,14.1028418331523));
#4907=CARTESIAN_POINT('Ctrl Pts',(18.4002536406109,18.4681189768265,15.5894045188714));
#4908=CARTESIAN_POINT('Ctrl Pts',(17.4879859808843,17.5457919366876,16.2088234641413));
#4909=CARTESIAN_POINT('Ctrl Pts',(22.0000000400862,23.5512010494872,7.2));
#4910=CARTESIAN_POINT('Ctrl Pts',(22.0000000400862,23.5512010494872,8.69292722557527));
#4911=CARTESIAN_POINT('Ctrl Pts',(21.4931938117707,22.9467393369609,11.1908897474551));
#4912=CARTESIAN_POINT('Ctrl Pts',(19.5961959817377,20.7411250618025,14.3036037466292));
#4913=CARTESIAN_POINT('Ctrl Pts',(18.0274098264782,18.9477101673824,15.7295452075444));
#4914=CARTESIAN_POINT('Ctrl Pts',(17.1530954205449,17.9530780281529,16.3192498419535));
#4915=CARTESIAN_POINT('Ctrl Pts',(22.0000000400862,24.,7.2));
#4916=CARTESIAN_POINT('Ctrl Pts',(22.0000000400862,24.,8.75649128941395));
#4917=CARTESIAN_POINT('Ctrl Pts',(21.4404055401431,23.3386610455218,11.3491701862298));
#4918=CARTESIAN_POINT('Ctrl Pts',(19.4715184955666,21.011794538295,14.4452489685687));
#4919=CARTESIAN_POINT('Ctrl Pts',(17.8988334524678,19.1531667600873,15.8303440028641));
#4920=CARTESIAN_POINT('Ctrl Pts',(17.0310406019069,18.1275933912426,16.3992689786566));
#4921=CARTESIAN_POINT('Origin',(11.0000000400862,11.,7.2));
#4922=CARTESIAN_POINT('Origin',(24.0000000400862,24.,7.2));
#4923=CARTESIAN_POINT('Origin',(24.0000000400862,24.,9.1));
#4924=CARTESIAN_POINT('',(22.0000000251851,24.,0.));
#4925=CARTESIAN_POINT('Origin',(38.2,11.,7.2));
#4926=CARTESIAN_POINT('Origin',(4.80000016391277,37.7,0.));
#4927=CARTESIAN_POINT('Origin',(17.1999994077991,37.7,0.));
#4928=CARTESIAN_POINT('Origin',(37.7,4.80000016391277,0.));
#4929=CARTESIAN_POINT('Origin',(22.0000000251851,24.,0.));
#4930=UNCERTAINTY_MEASURE_WITH_UNIT(LENGTH_MEASURE(0.01),#4934,
'DISTANCE_ACCURACY_VALUE',
'Maximum model space distance between geometric entities at asserted c
onnectivities');
#4931=UNCERTAINTY_MEASURE_WITH_UNIT(LENGTH_MEASURE(0.01),#4934,
'DISTANCE_ACCURACY_VALUE',
'Maximum model space distance between geometric entities at asserted c
onnectivities');
#4932=(
GEOMETRIC_REPRESENTATION_CONTEXT(3)
GLOBAL_UNCERTAINTY_ASSIGNED_CONTEXT((#4930))
GLOBAL_UNIT_ASSIGNED_CONTEXT((#4934,#4936,#4937))
REPRESENTATION_CONTEXT('','3D')
);
#4933=(
GEOMETRIC_REPRESENTATION_CONTEXT(3)
GLOBAL_UNCERTAINTY_ASSIGNED_CONTEXT((#4931))
GLOBAL_UNIT_ASSIGNED_CONTEXT((#4934,#4936,#4937))
REPRESENTATION_CONTEXT('','3D')
);
#4934=(
LENGTH_UNIT()
NAMED_UNIT(*)
SI_UNIT(.MILLI.,.METRE.)
);
#4935=(
LENGTH_UNIT()
NAMED_UNIT(*)
SI_UNIT($,.METRE.)
);
#4936=(
NAMED_UNIT(*)
PLANE_ANGLE_UNIT()
SI_UNIT($,.RADIAN.)
);
#4937=(
NAMED_UNIT(*)
SI_UNIT($,.STERADIAN.)
SOLID_ANGLE_UNIT()
);
#4938=SHAPE_DEFINITION_REPRESENTATION(#4939,#4940);
#4939=PRODUCT_DEFINITION_SHAPE('',$,#4942);
#4940=SHAPE_REPRESENTATION('',(#2405),#4932);
#4941=PRODUCT_DEFINITION_CONTEXT('part definition',#4946,'design');
#4942=PRODUCT_DEFINITION('2026-07-04-17-58-19-549','Three_axis_housing',
#4943,#4941);
#4943=PRODUCT_DEFINITION_FORMATION('',$,#4948);
#4944=PRODUCT_RELATED_PRODUCT_CATEGORY('Three_axis_housing',
'Three_axis_housing',(#4948));
#4945=APPLICATION_PROTOCOL_DEFINITION('international standard',
'automotive_design',2009,#4946);
#4946=APPLICATION_CONTEXT(
'Core Data for Automotive Mechanical Design Process');
#4947=PRODUCT_CONTEXT('part definition',#4946,'mechanical');
#4948=PRODUCT('2026-07-04-17-58-19-549','Three_axis_housing',$,(#4947));
#4949=PRESENTATION_STYLE_ASSIGNMENT((#4950));
#4950=SURFACE_STYLE_USAGE(.BOTH.,#4951);
#4951=SURFACE_SIDE_STYLE('',(#4952));
#4952=SURFACE_STYLE_FILL_AREA(#4953);
#4953=FILL_AREA_STYLE('Aluminum - Satin',(#4954));
#4954=FILL_AREA_STYLE_COLOUR('Aluminum - Satin',#4955);
#4955=COLOUR_RGB('Aluminum - Satin',0.96078431372549,0.96078431372549,0.964705882352941);
ENDSEC;
END-ISO-10303-21;
